[2026-06-24 16:25:14.187] [4998] [HailoRT] [info] [device.cpp:51] [Device] OS Version: Linux 6.18.33+rpt-rpi-2712 #1 SMP PREEMPT Debian 1:6.18.33-1+rpt1 (2026-06-01) aarch64
[2026-06-24 16:25:14.190] [4998] [HailoRT] [info] [control.cpp:113] [control__parse_identify_results] firmware_version is: 4.23.0
[2026-06-24 16:25:14.190] [4998] [HailoRT] [info] [control.cpp:113] [control__parse_identify_results] firmware_version is: 4.23.0
[2026-06-24 16:25:14.555] [4979] [HailoRT] [info] [vdevice.cpp:535] [create] Creating vdevice with params: device_count: 1, scheduling_algorithm: ROUND_ROBIN, multi_process_service: false
[2026-06-24 16:25:14.555] [4979] [HailoRT] [info] [device.cpp:51] [Device] OS Version: Linux 6.18.33+rpt-rpi-2712 #1 SMP PREEMPT Debian 1:6.18.33-1+rpt1 (2026-06-01) aarch64
[2026-06-24 16:25:14.556] [4979] [HailoRT] [info] [control.cpp:113] [control__parse_identify_results] firmware_version is: 4.23.0
[2026-06-24 16:25:14.556] [4979] [HailoRT] [info] [vdevice.cpp:682] [create] VDevice Infos: 0001:01:00.0
[2026-06-24 16:25:14.578] [4979] [HailoRT] [info] [hef.cpp:1994] [get_network_group_and_network_name] No name was given. Addressing all networks of default network_group: yolo26_landmark
[2026-06-24 16:25:14.578] [4979] [HailoRT] [info] [hef.cpp:1994] [get_network_group_and_network_name] No name was given. Addressing all networks of default network_group: yolo26_landmark
[2026-06-24 16:25:14.596] [4979] [HailoRT] [info] [vdevice.cpp:535] [create] Creating vdevice with params: device_count: 1, scheduling_algorithm: ROUND_ROBIN, multi_process_service: false
[2026-06-24 16:25:14.598] [4979] [HailoRT] [info] [hef.cpp:1994] [get_network_group_and_network_name] No name was given. Addressing all networks of default network_group: arcface_mobilefacenet
[2026-06-24 16:25:14.598] [4979] [HailoRT] [info] [hef.cpp:1994] [get_network_group_and_network_name] No name was given. Addressing all networks of default network_group: arcface_mobilefacenet
[2026-06-24 16:25:14.792] [4979] [HailoRT] [info] [internal_buffer_manager.cpp:75] [print_execution_results] Default Internal buffer planner failed to meet requirements
[2026-06-24 16:25:14.792] [4979] [HailoRT] [info] [internal_buffer_manager.cpp:86] [print_execution_results] Default Internal buffer planner executed successfully
[2026-06-24 16:25:14.802] [4979] [HailoRT] [info] [device_internal.cpp:57] [configure] Configuring HEF took 19.863177 milliseconds
[2026-06-24 16:25:14.802] [4979] [HailoRT] [info] [vdevice.cpp:780] [configure] Configuring HEF on VDevice took 20.478032 milliseconds
[2026-06-24 16:25:14.802] [4979] [HailoRT] [info] [infer_model.cpp:417] [configure] Configuring network group 'arcface_mobilefacenet' with params: batch size: 0, power mode: PERFORMANCE, latency: NONE
[2026-06-24 16:25:14.804] [4979] [HailoRT] [info] [multi_io_elements.cpp:754] [create] Created (AsyncHwEl)
[2026-06-24 16:25:14.805] [4979] [HailoRT] [info] [queue_elements.cpp:450] [create] Created (EntryPushQEl0arcface_mobilefacenet/input_layer1 | timeout: 10s)
[2026-06-24 16:25:14.805] [4979] [HailoRT] [info] [filter_elements.cpp:101] [create] Created (PreInferEl1arcface_mobilefacenet/input_layer1 | Reorder - src_order: RGB4, src_shape: (112, 112, 3), dst_order: NHWC, dst_shape: (112, 112, 3))
[2026-06-24 16:25:14.805] [4979] [HailoRT] [info] [queue_elements.cpp:450] [create] Created (PushQEl1arcface_mobilefacenet/input_layer1 | timeout: 10s)
[2026-06-24 16:25:14.805] [4979] [HailoRT] [info] [edge_elements.cpp:187] [create] Created (LastAsyncEl0AsyncHwEl)
[2026-06-24 16:25:14.805] [4979] [HailoRT] [info] [pipeline.cpp:891] [print_deep_description] EntryPushQEl0arcface_mobilefacenet/input_layer1 | inputs: user | outputs: PreInferEl1arcface_mobilefacenet/input_layer1(running in thread_id: 5026)
[2026-06-24 16:25:14.805] [4979] [HailoRT] [info] [pipeline.cpp:891] [print_deep_description] PreInferEl1arcface_mobilefacenet/input_layer1 | inputs: EntryPushQEl0arcface_mobilefacenet/input_layer1[0] | outputs: PushQEl1arcface_mobilefacenet/input_layer1
[2026-06-24 16:25:14.806] [4979] [HailoRT] [info] [pipeline.cpp:891] [print_deep_description] PushQEl1arcface_mobilefacenet/input_layer1 | inputs: PreInferEl1arcface_mobilefacenet/input_layer1[0] | outputs: AsyncHwEl(running in thread_id: 5027)
[2026-06-24 16:25:14.806] [4979] [HailoRT] [info] [pipeline.cpp:891] [print_deep_description] AsyncHwEl | inputs: PushQEl1arcface_mobilefacenet/input_layer1[0] | outputs: LastAsyncEl0AsyncHwEl
[2026-06-24 16:25:14.806] [4979] [HailoRT] [info] [pipeline.cpp:891] [print_deep_description] LastAsyncEl0AsyncHwEl | inputs: AsyncHwEl[0] | outputs: user
[2026-06-24 16:25:14.812] [4979] [HailoRT] [info] [internal_buffer_manager.cpp:77] [print_execution_results] Planned internal buffer memory: CMA=0 CMA-Desc=655360 Pinned=1436160. memory to edge layer usage factor is 0.84007186
[2026-06-24 16:25:14.812] [4979] [HailoRT] [info] [internal_buffer_manager.cpp:86] [print_execution_results] Default Internal buffer planner executed successfully
[2026-06-24 16:25:14.836] [4979] [HailoRT] [info] [device_internal.cpp:57] [configure] Configuring HEF took 24.972286 milliseconds
[2026-06-24 16:25:14.836] [4979] [HailoRT] [info] [vdevice.cpp:780] [configure] Configuring HEF on VDevice took 25.329095 milliseconds
[2026-06-24 16:25:14.836] [4979] [HailoRT] [info] [infer_model.cpp:417] [configure] Configuring network group 'yolo26_landmark' with params: batch size: 0, power mode: PERFORMANCE, latency: NONE
[2026-06-24 16:25:14.836] [4979] [HailoRT] [info] [multi_io_elements.cpp:754] [create] Created (AsyncHwEl)
[2026-06-24 16:25:14.836] [4979] [HailoRT] [info] [queue_elements.cpp:450] [create] Created (EntryPushQEl0yolo26_landmark/input_layer1 | timeout: 10s)
[2026-06-24 16:25:14.836] [4979] [HailoRT] [info] [filter_elements.cpp:101] [create] Created (PreInferEl3yolo26_landmark/input_layer1 | Reorder - src_order: RGB4, src_shape: (640, 640, 3), dst_order: NHCW, dst_shape: (640, 640, 3))
[2026-06-24 16:25:14.836] [4979] [HailoRT] [info] [queue_elements.cpp:450] [create] Created (PushQEl3yolo26_landmark/input_layer1 | timeout: 10s)
[2026-06-24 16:25:14.836] [4979] [HailoRT] [info] [edge_elements.cpp:187] [create] Created (LastAsyncEl6AsyncHwEl)
[2026-06-24 16:25:14.837] [4979] [HailoRT] [info] [edge_elements.cpp:187] [create] Created (LastAsyncEl4AsyncHwEl)
[2026-06-24 16:25:14.837] [4979] [HailoRT] [info] [edge_elements.cpp:187] [create] Created (LastAsyncEl5AsyncHwEl)
[2026-06-24 16:25:14.837] [4979] [HailoRT] [info] [queue_elements.cpp:450] [create] Created (PushQEl0AsyncHwEl | timeout: 10s)
[2026-06-24 16:25:14.837] [4979] [HailoRT] [info] [filter_elements.cpp:372] [create] Created (PostInferEl0AsyncHwEl | Reorder - src_order: FCR, src_shape: (20, 20, 8), dst_order: FCR, dst_shape: (20, 20, 4))
[2026-06-24 16:25:14.837] [4979] [HailoRT] [info] [edge_elements.cpp:187] [create] Created (LastAsyncEl0PostInferEl0AsyncHwEl)
[2026-06-24 16:25:14.837] [4979] [HailoRT] [info] [edge_elements.cpp:187] [create] Created (LastAsyncEl7AsyncHwEl)
[2026-06-24 16:25:14.837] [4979] [HailoRT] [info] [queue_elements.cpp:450] [create] Created (PushQEl8AsyncHwEl | timeout: 10s)
[2026-06-24 16:25:14.837] [4979] [HailoRT] [info] [filter_elements.cpp:372] [create] Created (PostInferEl8AsyncHwEl | Reorder - src_order: FCR, src_shape: (80, 80, 16), dst_order: FCR, dst_shape: (80, 80, 15))
[2026-06-24 16:25:14.837] [4979] [HailoRT] [info] [edge_elements.cpp:187] [create] Created (LastAsyncEl0PostInferEl8AsyncHwEl)
[2026-06-24 16:25:14.837] [4979] [HailoRT] [info] [edge_elements.cpp:187] [create] Created (LastAsyncEl3AsyncHwEl)
[2026-06-24 16:25:14.837] [4979] [HailoRT] [info] [queue_elements.cpp:450] [create] Created (PushQEl2AsyncHwEl | timeout: 10s)
[2026-06-24 16:25:14.837] [4979] [HailoRT] [info] [filter_elements.cpp:372] [create] Created (PostInferEl2AsyncHwEl | Reorder - src_order: FCR, src_shape: (40, 40, 16), dst_order: FCR, dst_shape: (40, 40, 15))
[2026-06-24 16:25:14.837] [4979] [HailoRT] [info] [edge_elements.cpp:187] [create] Created (LastAsyncEl0PostInferEl2AsyncHwEl)
[2026-06-24 16:25:14.837] [4979] [HailoRT] [info] [queue_elements.cpp:450] [create] Created (PushQEl1AsyncHwEl | timeout: 10s)
[2026-06-24 16:25:14.837] [4979] [HailoRT] [info] [filter_elements.cpp:372] [create] Created (PostInferEl1AsyncHwEl | Reorder - src_order: FCR, src_shape: (20, 20, 16), dst_order: FCR, dst_shape: (20, 20, 15))
[2026-06-24 16:25:14.837] [4979] [HailoRT] [info] [edge_elements.cpp:187] [create] Created (LastAsyncEl0PostInferEl1AsyncHwEl)
[2026-06-24 16:25:14.837] [4979] [HailoRT] [info] [pipeline.cpp:891] [print_deep_description] EntryPushQEl0yolo26_landmark/input_layer1 | inputs: user | outputs: PreInferEl3yolo26_landmark/input_layer1(running in thread_id: 5028)
[2026-06-24 16:25:14.837] [4979] [HailoRT] [info] [pipeline.cpp:891] [print_deep_description] PreInferEl3yolo26_landmark/input_layer1 | inputs: EntryPushQEl0yolo26_landmark/input_layer1[0] | outputs: PushQEl3yolo26_landmark/input_layer1
[2026-06-24 16:25:14.837] [4979] [HailoRT] [info] [pipeline.cpp:891] [print_deep_description] PushQEl3yolo26_landmark/input_layer1 | inputs: PreInferEl3yolo26_landmark/input_layer1[0] | outputs: AsyncHwEl(running in thread_id: 5029)
[2026-06-24 16:25:14.837] [4979] [HailoRT] [info] [pipeline.cpp:891] [print_deep_description] AsyncHwEl | inputs: PushQEl3yolo26_landmark/input_layer1[0] | outputs: PushQEl0AsyncHwEl PushQEl1AsyncHwEl PushQEl2AsyncHwEl LastAsyncEl3AsyncHwEl LastAsyncEl4AsyncHwEl LastAsyncEl5AsyncHwEl LastAsyncEl6AsyncHwEl LastAsyncEl7AsyncHwEl PushQEl8AsyncHwEl
[2026-06-24 16:25:14.837] [4979] [HailoRT] [info] [pipeline.cpp:891] [print_deep_description] PushQEl0AsyncHwEl | inputs: AsyncHwEl[0] | outputs: PostInferEl0AsyncHwEl(running in thread_id: 5030)
[2026-06-24 16:25:14.837] [4979] [HailoRT] [info] [pipeline.cpp:891] [print_deep_description] PostInferEl0AsyncHwEl | inputs: PushQEl0AsyncHwEl[0] | outputs: LastAsyncEl0PostInferEl0AsyncHwEl
[2026-06-24 16:25:14.837] [4979] [HailoRT] [info] [pipeline.cpp:891] [print_deep_description] LastAsyncEl0PostInferEl0AsyncHwEl | inputs: PostInferEl0AsyncHwEl[0] | outputs: user
[2026-06-24 16:25:14.837] [4979] [HailoRT] [info] [pipeline.cpp:891] [print_deep_description] PushQEl1AsyncHwEl | inputs: AsyncHwEl[0] | outputs: PostInferEl1AsyncHwEl(running in thread_id: 5033)
[2026-06-24 16:25:14.837] [4979] [HailoRT] [info] [pipeline.cpp:891] [print_deep_description] PostInferEl1AsyncHwEl | inputs: PushQEl1AsyncHwEl[0] | outputs: LastAsyncEl0PostInferEl1AsyncHwEl
[2026-06-24 16:25:14.837] [4979] [HailoRT] [info] [pipeline.cpp:891] [print_deep_description] LastAsyncEl0PostInferEl1AsyncHwEl | inputs: PostInferEl1AsyncHwEl[0] | outputs: user
[2026-06-24 16:25:14.837] [4979] [HailoRT] [info] [pipeline.cpp:891] [print_deep_description] PushQEl2AsyncHwEl | inputs: AsyncHwEl[0] | outputs: PostInferEl2AsyncHwEl(running in thread_id: 5032)
[2026-06-24 16:25:14.837] [4979] [HailoRT] [info] [pipeline.cpp:891] [print_deep_description] PostInferEl2AsyncHwEl | inputs: PushQEl2AsyncHwEl[0] | outputs: LastAsyncEl0PostInferEl2AsyncHwEl
[2026-06-24 16:25:14.837] [4979] [HailoRT] [info] [pipeline.cpp:891] [print_deep_description] LastAsyncEl0PostInferEl2AsyncHwEl | inputs: PostInferEl2AsyncHwEl[0] | outputs: user
[2026-06-24 16:25:14.837] [4979] [HailoRT] [info] [pipeline.cpp:891] [print_deep_description] LastAsyncEl3AsyncHwEl | inputs: AsyncHwEl[0] | outputs: user
[2026-06-24 16:25:14.837] [4979] [HailoRT] [info] [pipeline.cpp:891] [print_deep_description] LastAsyncEl4AsyncHwEl | inputs: AsyncHwEl[0] | outputs: user
[2026-06-24 16:25:14.837] [4979] [HailoRT] [info] [pipeline.cpp:891] [print_deep_description] LastAsyncEl5AsyncHwEl | inputs: AsyncHwEl[0] | outputs: user
[2026-06-24 16:25:14.837] [4979] [HailoRT] [info] [pipeline.cpp:891] [print_deep_description] LastAsyncEl6AsyncHwEl | inputs: AsyncHwEl[0] | outputs: user
[2026-06-24 16:25:14.837] [4979] [HailoRT] [info] [pipeline.cpp:891] [print_deep_description] LastAsyncEl7AsyncHwEl | inputs: AsyncHwEl[0] | outputs: user
[2026-06-24 16:25:14.837] [4979] [HailoRT] [info] [pipeline.cpp:891] [print_deep_description] PushQEl8AsyncHwEl | inputs: AsyncHwEl[0] | outputs: PostInferEl8AsyncHwEl(running in thread_id: 5031)
[2026-06-24 16:25:14.837] [4979] [HailoRT] [info] [pipeline.cpp:891] [print_deep_description] PostInferEl8AsyncHwEl | inputs: PushQEl8AsyncHwEl[0] | outputs: LastAsyncEl0PostInferEl8AsyncHwEl
[2026-06-24 16:25:14.837] [4979] [HailoRT] [info] [pipeline.cpp:891] [print_deep_description] LastAsyncEl0PostInferEl8AsyncHwEl | inputs: PostInferEl8AsyncHwEl[0] | outputs: user
[2026-06-24 16:25:15.016] [5022] [HailoRT] [info] [hef.cpp:1994] [get_network_group_and_network_name] No name was given. Addressing all networks of default network_group: yolo26_landmark
[2026-06-24 16:25:15.116] [5018] [HailoRT] [info] [hef.cpp:1994] [get_network_group_and_network_name] No name was given. Addressing all networks of default network_group: arcface_mobilefacenet
[2026-06-24 16:49:29.580] [7420] [HailoRT] [info] [device.cpp:51] [Device] OS Version: Linux 6.18.33+rpt-rpi-2712 #1 SMP PREEMPT Debian 1:6.18.33-1+rpt1 (2026-06-01) aarch64
[2026-06-24 16:49:29.580] [7420] [HailoRT] [info] [control.cpp:113] [control__parse_identify_results] firmware_version is: 4.23.0
[2026-06-24 16:49:29.581] [7420] [HailoRT] [info] [control.cpp:113] [control__parse_identify_results] firmware_version is: 4.23.0
[2026-06-24 16:49:29.623] [7418] [HailoRT] [info] [vdevice.cpp:535] [create] Creating vdevice with params: device_count: 1, scheduling_algorithm: ROUND_ROBIN, multi_process_service: false
[2026-06-24 16:49:29.624] [7418] [HailoRT] [info] [device.cpp:51] [Device] OS Version: Linux 6.18.33+rpt-rpi-2712 #1 SMP PREEMPT Debian 1:6.18.33-1+rpt1 (2026-06-01) aarch64
[2026-06-24 16:49:29.624] [7418] [HailoRT] [info] [control.cpp:113] [control__parse_identify_results] firmware_version is: 4.23.0
[2026-06-24 16:49:29.624] [7418] [HailoRT] [info] [vdevice.cpp:682] [create] VDevice Infos: 0001:01:00.0
[2026-06-24 16:49:29.632] [7418] [HailoRT] [info] [hef.cpp:1994] [get_network_group_and_network_name] No name was given. Addressing all networks of default network_group: yolo26_landmark
[2026-06-24 16:49:29.632] [7418] [HailoRT] [info] [hef.cpp:1994] [get_network_group_and_network_name] No name was given. Addressing all networks of default network_group: yolo26_landmark
[2026-06-24 16:49:29.652] [7418] [HailoRT] [info] [vdevice.cpp:535] [create] Creating vdevice with params: device_count: 1, scheduling_algorithm: ROUND_ROBIN, multi_process_service: false
[2026-06-24 16:49:29.654] [7418] [HailoRT] [info] [hef.cpp:1994] [get_network_group_and_network_name] No name was given. Addressing all networks of default network_group: arcface_mobilefacenet
[2026-06-24 16:49:29.654] [7418] [HailoRT] [info] [hef.cpp:1994] [get_network_group_and_network_name] No name was given. Addressing all networks of default network_group: arcface_mobilefacenet
[2026-06-24 16:49:29.844] [7418] [HailoRT] [info] [internal_buffer_manager.cpp:75] [print_execution_results] Default Internal buffer planner failed to meet requirements
[2026-06-24 16:49:29.844] [7418] [HailoRT] [info] [internal_buffer_manager.cpp:86] [print_execution_results] Default Internal buffer planner executed successfully
[2026-06-24 16:49:29.853] [7418] [HailoRT] [info] [device_internal.cpp:57] [configure] Configuring HEF took 15.409072 milliseconds
[2026-06-24 16:49:29.854] [7418] [HailoRT] [info] [vdevice.cpp:780] [configure] Configuring HEF on VDevice took 15.679756 milliseconds
[2026-06-24 16:49:29.854] [7418] [HailoRT] [info] [infer_model.cpp:417] [configure] Configuring network group 'arcface_mobilefacenet' with params: batch size: 0, power mode: PERFORMANCE, latency: NONE
[2026-06-24 16:49:29.854] [7418] [HailoRT] [info] [multi_io_elements.cpp:754] [create] Created (AsyncHwEl)
[2026-06-24 16:49:29.854] [7418] [HailoRT] [info] [queue_elements.cpp:450] [create] Created (EntryPushQEl0arcface_mobilefacenet/input_layer1 | timeout: 10s)
[2026-06-24 16:49:29.854] [7418] [HailoRT] [info] [filter_elements.cpp:101] [create] Created (PreInferEl1arcface_mobilefacenet/input_layer1 | Reorder - src_order: RGB4, src_shape: (112, 112, 3), dst_order: NHWC, dst_shape: (112, 112, 3))
[2026-06-24 16:49:29.854] [7418] [HailoRT] [info] [queue_elements.cpp:450] [create] Created (PushQEl1arcface_mobilefacenet/input_layer1 | timeout: 10s)
[2026-06-24 16:49:29.854] [7418] [HailoRT] [info] [edge_elements.cpp:187] [create] Created (LastAsyncEl0AsyncHwEl)
[2026-06-24 16:49:29.854] [7418] [HailoRT] [info] [pipeline.cpp:891] [print_deep_description] EntryPushQEl0arcface_mobilefacenet/input_layer1 | inputs: user | outputs: PreInferEl1arcface_mobilefacenet/input_layer1(running in thread_id: 7446)
[2026-06-24 16:49:29.854] [7418] [HailoRT] [info] [pipeline.cpp:891] [print_deep_description] PreInferEl1arcface_mobilefacenet/input_layer1 | inputs: EntryPushQEl0arcface_mobilefacenet/input_layer1[0] | outputs: PushQEl1arcface_mobilefacenet/input_layer1
[2026-06-24 16:49:29.854] [7418] [HailoRT] [info] [pipeline.cpp:891] [print_deep_description] PushQEl1arcface_mobilefacenet/input_layer1 | inputs: PreInferEl1arcface_mobilefacenet/input_layer1[0] | outputs: AsyncHwEl(running in thread_id: 7447)
[2026-06-24 16:49:29.854] [7418] [HailoRT] [info] [pipeline.cpp:891] [print_deep_description] AsyncHwEl | inputs: PushQEl1arcface_mobilefacenet/input_layer1[0] | outputs: LastAsyncEl0AsyncHwEl
[2026-06-24 16:49:29.854] [7418] [HailoRT] [info] [pipeline.cpp:891] [print_deep_description] LastAsyncEl0AsyncHwEl | inputs: AsyncHwEl[0] | outputs: user
[2026-06-24 16:49:29.859] [7418] [HailoRT] [info] [internal_buffer_manager.cpp:77] [print_execution_results] Planned internal buffer memory: CMA=0 CMA-Desc=655360 Pinned=1436160. memory to edge layer usage factor is 0.84007186
[2026-06-24 16:49:29.859] [7418] [HailoRT] [info] [internal_buffer_manager.cpp:86] [print_execution_results] Default Internal buffer planner executed successfully
[2026-06-24 16:49:29.882] [7418] [HailoRT] [info] [device_internal.cpp:57] [configure] Configuring HEF took 26.224623 milliseconds
[2026-06-24 16:49:29.883] [7418] [HailoRT] [info] [vdevice.cpp:780] [configure] Configuring HEF on VDevice took 26.661231 milliseconds
[2026-06-24 16:49:29.883] [7418] [HailoRT] [info] [infer_model.cpp:417] [configure] Configuring network group 'yolo26_landmark' with params: batch size: 0, power mode: PERFORMANCE, latency: NONE
[2026-06-24 16:49:29.883] [7418] [HailoRT] [info] [multi_io_elements.cpp:754] [create] Created (AsyncHwEl)
[2026-06-24 16:49:29.883] [7418] [HailoRT] [info] [queue_elements.cpp:450] [create] Created (EntryPushQEl0yolo26_landmark/input_layer1 | timeout: 10s)
[2026-06-24 16:49:29.883] [7418] [HailoRT] [info] [filter_elements.cpp:101] [create] Created (PreInferEl3yolo26_landmark/input_layer1 | Reorder - src_order: RGB4, src_shape: (640, 640, 3), dst_order: NHCW, dst_shape: (640, 640, 3))
[2026-06-24 16:49:29.883] [7418] [HailoRT] [info] [queue_elements.cpp:450] [create] Created (PushQEl3yolo26_landmark/input_layer1 | timeout: 10s)
[2026-06-24 16:49:29.883] [7418] [HailoRT] [info] [edge_elements.cpp:187] [create] Created (LastAsyncEl6AsyncHwEl)
[2026-06-24 16:49:29.883] [7418] [HailoRT] [info] [edge_elements.cpp:187] [create] Created (LastAsyncEl4AsyncHwEl)
[2026-06-24 16:49:29.883] [7418] [HailoRT] [info] [edge_elements.cpp:187] [create] Created (LastAsyncEl5AsyncHwEl)
[2026-06-24 16:49:29.883] [7418] [HailoRT] [info] [queue_elements.cpp:450] [create] Created (PushQEl0AsyncHwEl | timeout: 10s)
[2026-06-24 16:49:29.883] [7418] [HailoRT] [info] [filter_elements.cpp:372] [create] Created (PostInferEl0AsyncHwEl | Reorder - src_order: FCR, src_shape: (20, 20, 8), dst_order: FCR, dst_shape: (20, 20, 4))
[2026-06-24 16:49:29.883] [7418] [HailoRT] [info] [edge_elements.cpp:187] [create] Created (LastAsyncEl0PostInferEl0AsyncHwEl)
[2026-06-24 16:49:29.883] [7418] [HailoRT] [info] [edge_elements.cpp:187] [create] Created (LastAsyncEl7AsyncHwEl)
[2026-06-24 16:49:29.883] [7418] [HailoRT] [info] [queue_elements.cpp:450] [create] Created (PushQEl8AsyncHwEl | timeout: 10s)
[2026-06-24 16:49:29.883] [7418] [HailoRT] [info] [filter_elements.cpp:372] [create] Created (PostInferEl8AsyncHwEl | Reorder - src_order: FCR, src_shape: (80, 80, 16), dst_order: FCR, dst_shape: (80, 80, 15))
[2026-06-24 16:49:29.883] [7418] [HailoRT] [info] [edge_elements.cpp:187] [create] Created (LastAsyncEl0PostInferEl8AsyncHwEl)
[2026-06-24 16:49:29.884] [7418] [HailoRT] [info] [edge_elements.cpp:187] [create] Created (LastAsyncEl3AsyncHwEl)
[2026-06-24 16:49:29.884] [7418] [HailoRT] [info] [queue_elements.cpp:450] [create] Created (PushQEl2AsyncHwEl | timeout: 10s)
[2026-06-24 16:49:29.884] [7418] [HailoRT] [info] [filter_elements.cpp:372] [create] Created (PostInferEl2AsyncHwEl | Reorder - src_order: FCR, src_shape: (40, 40, 16), dst_order: FCR, dst_shape: (40, 40, 15))
[2026-06-24 16:49:29.884] [7418] [HailoRT] [info] [edge_elements.cpp:187] [create] Created (LastAsyncEl0PostInferEl2AsyncHwEl)
[2026-06-24 16:49:29.884] [7418] [HailoRT] [info] [queue_elements.cpp:450] [create] Created (PushQEl1AsyncHwEl | timeout: 10s)
[2026-06-24 16:49:29.884] [7418] [HailoRT] [info] [filter_elements.cpp:372] [create] Created (PostInferEl1AsyncHwEl | Reorder - src_order: FCR, src_shape: (20, 20, 16), dst_order: FCR, dst_shape: (20, 20, 15))
[2026-06-24 16:49:29.884] [7418] [HailoRT] [info] [edge_elements.cpp:187] [create] Created (LastAsyncEl0PostInferEl1AsyncHwEl)
[2026-06-24 16:49:29.884] [7418] [HailoRT] [info] [pipeline.cpp:891] [print_deep_description] EntryPushQEl0yolo26_landmark/input_layer1 | inputs: user | outputs: PreInferEl3yolo26_landmark/input_layer1(running in thread_id: 7448)
[2026-06-24 16:49:29.884] [7418] [HailoRT] [info] [pipeline.cpp:891] [print_deep_description] PreInferEl3yolo26_landmark/input_layer1 | inputs: EntryPushQEl0yolo26_landmark/input_layer1[0] | outputs: PushQEl3yolo26_landmark/input_layer1
[2026-06-24 16:49:29.884] [7418] [HailoRT] [info] [pipeline.cpp:891] [print_deep_description] PushQEl3yolo26_landmark/input_layer1 | inputs: PreInferEl3yolo26_landmark/input_layer1[0] | outputs: AsyncHwEl(running in thread_id: 7449)
[2026-06-24 16:49:29.884] [7418] [HailoRT] [info] [pipeline.cpp:891] [print_deep_description] AsyncHwEl | inputs: PushQEl3yolo26_landmark/input_layer1[0] | outputs: PushQEl0AsyncHwEl PushQEl1AsyncHwEl PushQEl2AsyncHwEl LastAsyncEl3AsyncHwEl LastAsyncEl4AsyncHwEl LastAsyncEl5AsyncHwEl LastAsyncEl6AsyncHwEl LastAsyncEl7AsyncHwEl PushQEl8AsyncHwEl
[2026-06-24 16:49:29.884] [7418] [HailoRT] [info] [pipeline.cpp:891] [print_deep_description] PushQEl0AsyncHwEl | inputs: AsyncHwEl[0] | outputs: PostInferEl0AsyncHwEl(running in thread_id: 7450)
[2026-06-24 16:49:29.884] [7418] [HailoRT] [info] [pipeline.cpp:891] [print_deep_description] PostInferEl0AsyncHwEl | inputs: PushQEl0AsyncHwEl[0] | outputs: LastAsyncEl0PostInferEl0AsyncHwEl
[2026-06-24 16:49:29.884] [7418] [HailoRT] [info] [pipeline.cpp:891] [print_deep_description] LastAsyncEl0PostInferEl0AsyncHwEl | inputs: PostInferEl0AsyncHwEl[0] | outputs: user
[2026-06-24 16:49:29.884] [7418] [HailoRT] [info] [pipeline.cpp:891] [print_deep_description] PushQEl1AsyncHwEl | inputs: AsyncHwEl[0] | outputs: PostInferEl1AsyncHwEl(running in thread_id: 7453)
[2026-06-24 16:49:29.884] [7418] [HailoRT] [info] [pipeline.cpp:891] [print_deep_description] PostInferEl1AsyncHwEl | inputs: PushQEl1AsyncHwEl[0] | outputs: LastAsyncEl0PostInferEl1AsyncHwEl
[2026-06-24 16:49:29.884] [7418] [HailoRT] [info] [pipeline.cpp:891] [print_deep_description] LastAsyncEl0PostInferEl1AsyncHwEl | inputs: PostInferEl1AsyncHwEl[0] | outputs: user
[2026-06-24 16:49:29.884] [7418] [HailoRT] [info] [pipeline.cpp:891] [print_deep_description] PushQEl2AsyncHwEl | inputs: AsyncHwEl[0] | outputs: PostInferEl2AsyncHwEl(running in thread_id: 7452)
[2026-06-24 16:49:29.884] [7418] [HailoRT] [info] [pipeline.cpp:891] [print_deep_description] PostInferEl2AsyncHwEl | inputs: PushQEl2AsyncHwEl[0] | outputs: LastAsyncEl0PostInferEl2AsyncHwEl
[2026-06-24 16:49:29.884] [7418] [HailoRT] [info] [pipeline.cpp:891] [print_deep_description] LastAsyncEl0PostInferEl2AsyncHwEl | inputs: PostInferEl2AsyncHwEl[0] | outputs: user
[2026-06-24 16:49:29.884] [7418] [HailoRT] [info] [pipeline.cpp:891] [print_deep_description] LastAsyncEl3AsyncHwEl | inputs: AsyncHwEl[0] | outputs: user
[2026-06-24 16:49:29.884] [7418] [HailoRT] [info] [pipeline.cpp:891] [print_deep_description] LastAsyncEl4AsyncHwEl | inputs: AsyncHwEl[0] | outputs: user
[2026-06-24 16:49:29.884] [7418] [HailoRT] [info] [pipeline.cpp:891] [print_deep_description] LastAsyncEl5AsyncHwEl | inputs: AsyncHwEl[0] | outputs: user
[2026-06-24 16:49:29.884] [7418] [HailoRT] [info] [pipeline.cpp:891] [print_deep_description] LastAsyncEl6AsyncHwEl | inputs: AsyncHwEl[0] | outputs: user
[2026-06-24 16:49:29.884] [7418] [HailoRT] [info] [pipeline.cpp:891] [print_deep_description] LastAsyncEl7AsyncHwEl | inputs: AsyncHwEl[0] | outputs: user
[2026-06-24 16:49:29.884] [7418] [HailoRT] [info] [pipeline.cpp:891] [print_deep_description] PushQEl8AsyncHwEl | inputs: AsyncHwEl[0] | outputs: PostInferEl8AsyncHwEl(running in thread_id: 7451)
[2026-06-24 16:49:29.884] [7418] [HailoRT] [info] [pipeline.cpp:891] [print_deep_description] PostInferEl8AsyncHwEl | inputs: PushQEl8AsyncHwEl[0] | outputs: LastAsyncEl0PostInferEl8AsyncHwEl
[2026-06-24 16:49:29.884] [7418] [HailoRT] [info] [pipeline.cpp:891] [print_deep_description] LastAsyncEl0PostInferEl8AsyncHwEl | inputs: PostInferEl8AsyncHwEl[0] | outputs: user
[2026-06-24 16:49:29.920] [7442] [HailoRT] [info] [hef.cpp:1994] [get_network_group_and_network_name] No name was given. Addressing all networks of default network_group: yolo26_landmark
[2026-06-24 16:49:30.046] [7437] [HailoRT] [info] [hef.cpp:1994] [get_network_group_and_network_name] No name was given. Addressing all networks of default network_group: arcface_mobilefacenet
[2026-06-24 16:52:30.421] [7888] [HailoRT] [info] [device.cpp:51] [Device] OS Version: Linux 6.18.33+rpt-rpi-2712 #1 SMP PREEMPT Debian 1:6.18.33-1+rpt1 (2026-06-01) aarch64
[2026-06-24 16:52:30.421] [7888] [HailoRT] [info] [control.cpp:113] [control__parse_identify_results] firmware_version is: 4.23.0
[2026-06-24 16:52:30.421] [7888] [HailoRT] [info] [control.cpp:113] [control__parse_identify_results] firmware_version is: 4.23.0
[2026-06-24 16:52:30.461] [7885] [HailoRT] [info] [vdevice.cpp:535] [create] Creating vdevice with params: device_count: 1, scheduling_algorithm: ROUND_ROBIN, multi_process_service: false
[2026-06-24 16:52:30.462] [7885] [HailoRT] [info] [device.cpp:51] [Device] OS Version: Linux 6.18.33+rpt-rpi-2712 #1 SMP PREEMPT Debian 1:6.18.33-1+rpt1 (2026-06-01) aarch64
[2026-06-24 16:52:30.462] [7885] [HailoRT] [info] [control.cpp:113] [control__parse_identify_results] firmware_version is: 4.23.0
[2026-06-24 16:52:30.462] [7885] [HailoRT] [info] [vdevice.cpp:682] [create] VDevice Infos: 0001:01:00.0
[2026-06-24 16:52:30.469] [7885] [HailoRT] [info] [hef.cpp:1994] [get_network_group_and_network_name] No name was given. Addressing all networks of default network_group: yolo26_landmark
[2026-06-24 16:52:30.469] [7885] [HailoRT] [info] [hef.cpp:1994] [get_network_group_and_network_name] No name was given. Addressing all networks of default network_group: yolo26_landmark
[2026-06-24 16:52:30.490] [7885] [HailoRT] [info] [vdevice.cpp:535] [create] Creating vdevice with params: device_count: 1, scheduling_algorithm: ROUND_ROBIN, multi_process_service: false
[2026-06-24 16:52:30.493] [7885] [HailoRT] [info] [hef.cpp:1994] [get_network_group_and_network_name] No name was given. Addressing all networks of default network_group: arcface_mobilefacenet
[2026-06-24 16:52:30.493] [7885] [HailoRT] [info] [hef.cpp:1994] [get_network_group_and_network_name] No name was given. Addressing all networks of default network_group: arcface_mobilefacenet
[2026-06-24 16:52:30.682] [7885] [HailoRT] [info] [internal_buffer_manager.cpp:75] [print_execution_results] Default Internal buffer planner failed to meet requirements
[2026-06-24 16:52:30.682] [7885] [HailoRT] [info] [internal_buffer_manager.cpp:86] [print_execution_results] Default Internal buffer planner executed successfully
[2026-06-24 16:52:30.692] [7885] [HailoRT] [info] [device_internal.cpp:57] [configure] Configuring HEF took 15.020514 milliseconds
[2026-06-24 16:52:30.692] [7885] [HailoRT] [info] [vdevice.cpp:780] [configure] Configuring HEF on VDevice took 15.285847 milliseconds
[2026-06-24 16:52:30.692] [7885] [HailoRT] [info] [infer_model.cpp:417] [configure] Configuring network group 'arcface_mobilefacenet' with params: batch size: 0, power mode: PERFORMANCE, latency: NONE
[2026-06-24 16:52:30.692] [7885] [HailoRT] [info] [multi_io_elements.cpp:754] [create] Created (AsyncHwEl)
[2026-06-24 16:52:30.692] [7885] [HailoRT] [info] [queue_elements.cpp:450] [create] Created (EntryPushQEl0arcface_mobilefacenet/input_layer1 | timeout: 10s)
[2026-06-24 16:52:30.692] [7885] [HailoRT] [info] [filter_elements.cpp:101] [create] Created (PreInferEl1arcface_mobilefacenet/input_layer1 | Reorder - src_order: RGB4, src_shape: (112, 112, 3), dst_order: NHWC, dst_shape: (112, 112, 3))
[2026-06-24 16:52:30.692] [7885] [HailoRT] [info] [queue_elements.cpp:450] [create] Created (PushQEl1arcface_mobilefacenet/input_layer1 | timeout: 10s)
[2026-06-24 16:52:30.692] [7885] [HailoRT] [info] [edge_elements.cpp:187] [create] Created (LastAsyncEl0AsyncHwEl)
[2026-06-24 16:52:30.692] [7885] [HailoRT] [info] [pipeline.cpp:891] [print_deep_description] EntryPushQEl0arcface_mobilefacenet/input_layer1 | inputs: user | outputs: PreInferEl1arcface_mobilefacenet/input_layer1(running in thread_id: 7913)
[2026-06-24 16:52:30.692] [7885] [HailoRT] [info] [pipeline.cpp:891] [print_deep_description] PreInferEl1arcface_mobilefacenet/input_layer1 | inputs: EntryPushQEl0arcface_mobilefacenet/input_layer1[0] | outputs: PushQEl1arcface_mobilefacenet/input_layer1
[2026-06-24 16:52:30.692] [7885] [HailoRT] [info] [pipeline.cpp:891] [print_deep_description] PushQEl1arcface_mobilefacenet/input_layer1 | inputs: PreInferEl1arcface_mobilefacenet/input_layer1[0] | outputs: AsyncHwEl(running in thread_id: 7914)
[2026-06-24 16:52:30.692] [7885] [HailoRT] [info] [pipeline.cpp:891] [print_deep_description] AsyncHwEl | inputs: PushQEl1arcface_mobilefacenet/input_layer1[0] | outputs: LastAsyncEl0AsyncHwEl
[2026-06-24 16:52:30.692] [7885] [HailoRT] [info] [pipeline.cpp:891] [print_deep_description] LastAsyncEl0AsyncHwEl | inputs: AsyncHwEl[0] | outputs: user
[2026-06-24 16:52:30.696] [7885] [HailoRT] [info] [internal_buffer_manager.cpp:77] [print_execution_results] Planned internal buffer memory: CMA=0 CMA-Desc=655360 Pinned=1436160. memory to edge layer usage factor is 0.84007186
[2026-06-24 16:52:30.696] [7885] [HailoRT] [info] [internal_buffer_manager.cpp:86] [print_execution_results] Default Internal buffer planner executed successfully
[2026-06-24 16:52:30.720] [7885] [HailoRT] [info] [device_internal.cpp:57] [configure] Configuring HEF took 25.812636 milliseconds
[2026-06-24 16:52:30.720] [7885] [HailoRT] [info] [vdevice.cpp:780] [configure] Configuring HEF on VDevice took 26.234302 milliseconds
[2026-06-24 16:52:30.720] [7885] [HailoRT] [info] [infer_model.cpp:417] [configure] Configuring network group 'yolo26_landmark' with params: batch size: 0, power mode: PERFORMANCE, latency: NONE
[2026-06-24 16:52:30.721] [7885] [HailoRT] [info] [multi_io_elements.cpp:754] [create] Created (AsyncHwEl)
[2026-06-24 16:52:30.721] [7885] [HailoRT] [info] [queue_elements.cpp:450] [create] Created (EntryPushQEl0yolo26_landmark/input_layer1 | timeout: 10s)
[2026-06-24 16:52:30.721] [7885] [HailoRT] [info] [filter_elements.cpp:101] [create] Created (PreInferEl3yolo26_landmark/input_layer1 | Reorder - src_order: RGB4, src_shape: (640, 640, 3), dst_order: NHCW, dst_shape: (640, 640, 3))
[2026-06-24 16:52:30.721] [7885] [HailoRT] [info] [queue_elements.cpp:450] [create] Created (PushQEl3yolo26_landmark/input_layer1 | timeout: 10s)
[2026-06-24 16:52:30.721] [7885] [HailoRT] [info] [edge_elements.cpp:187] [create] Created (LastAsyncEl6AsyncHwEl)
[2026-06-24 16:52:30.721] [7885] [HailoRT] [info] [edge_elements.cpp:187] [create] Created (LastAsyncEl4AsyncHwEl)
[2026-06-24 16:52:30.721] [7885] [HailoRT] [info] [edge_elements.cpp:187] [create] Created (LastAsyncEl5AsyncHwEl)
[2026-06-24 16:52:30.721] [7885] [HailoRT] [info] [queue_elements.cpp:450] [create] Created (PushQEl0AsyncHwEl | timeout: 10s)
[2026-06-24 16:52:30.722] [7885] [HailoRT] [info] [filter_elements.cpp:372] [create] Created (PostInferEl0AsyncHwEl | Reorder - src_order: FCR, src_shape: (20, 20, 8), dst_order: FCR, dst_shape: (20, 20, 4))
[2026-06-24 16:52:30.722] [7885] [HailoRT] [info] [edge_elements.cpp:187] [create] Created (LastAsyncEl0PostInferEl0AsyncHwEl)
[2026-06-24 16:52:30.722] [7885] [HailoRT] [info] [edge_elements.cpp:187] [create] Created (LastAsyncEl7AsyncHwEl)
[2026-06-24 16:52:30.722] [7885] [HailoRT] [info] [queue_elements.cpp:450] [create] Created (PushQEl8AsyncHwEl | timeout: 10s)
[2026-06-24 16:52:30.722] [7885] [HailoRT] [info] [filter_elements.cpp:372] [create] Created (PostInferEl8AsyncHwEl | Reorder - src_order: FCR, src_shape: (80, 80, 16), dst_order: FCR, dst_shape: (80, 80, 15))
[2026-06-24 16:52:30.722] [7885] [HailoRT] [info] [edge_elements.cpp:187] [create] Created (LastAsyncEl0PostInferEl8AsyncHwEl)
[2026-06-24 16:52:30.722] [7885] [HailoRT] [info] [edge_elements.cpp:187] [create] Created (LastAsyncEl3AsyncHwEl)
[2026-06-24 16:52:30.722] [7885] [HailoRT] [info] [queue_elements.cpp:450] [create] Created (PushQEl2AsyncHwEl | timeout: 10s)
[2026-06-24 16:52:30.722] [7885] [HailoRT] [info] [filter_elements.cpp:372] [create] Created (PostInferEl2AsyncHwEl | Reorder - src_order: FCR, src_shape: (40, 40, 16), dst_order: FCR, dst_shape: (40, 40, 15))
[2026-06-24 16:52:30.722] [7885] [HailoRT] [info] [edge_elements.cpp:187] [create] Created (LastAsyncEl0PostInferEl2AsyncHwEl)
[2026-06-24 16:52:30.723] [7885] [HailoRT] [info] [queue_elements.cpp:450] [create] Created (PushQEl1AsyncHwEl | timeout: 10s)
[2026-06-24 16:52:30.723] [7885] [HailoRT] [info] [filter_elements.cpp:372] [create] Created (PostInferEl1AsyncHwEl | Reorder - src_order: FCR, src_shape: (20, 20, 16), dst_order: FCR, dst_shape: (20, 20, 15))
[2026-06-24 16:52:30.723] [7885] [HailoRT] [info] [edge_elements.cpp:187] [create] Created (LastAsyncEl0PostInferEl1AsyncHwEl)
[2026-06-24 16:52:30.723] [7885] [HailoRT] [info] [pipeline.cpp:891] [print_deep_description] EntryPushQEl0yolo26_landmark/input_layer1 | inputs: user | outputs: PreInferEl3yolo26_landmark/input_layer1(running in thread_id: 7915)
[2026-06-24 16:52:30.723] [7885] [HailoRT] [info] [pipeline.cpp:891] [print_deep_description] PreInferEl3yolo26_landmark/input_layer1 | inputs: EntryPushQEl0yolo26_landmark/input_layer1[0] | outputs: PushQEl3yolo26_landmark/input_layer1
[2026-06-24 16:52:30.723] [7885] [HailoRT] [info] [pipeline.cpp:891] [print_deep_description] PushQEl3yolo26_landmark/input_layer1 | inputs: PreInferEl3yolo26_landmark/input_layer1[0] | outputs: AsyncHwEl(running in thread_id: 7916)
[2026-06-24 16:52:30.723] [7885] [HailoRT] [info] [pipeline.cpp:891] [print_deep_description] AsyncHwEl | inputs: PushQEl3yolo26_landmark/input_layer1[0] | outputs: PushQEl0AsyncHwEl PushQEl1AsyncHwEl PushQEl2AsyncHwEl LastAsyncEl3AsyncHwEl LastAsyncEl4AsyncHwEl LastAsyncEl5AsyncHwEl LastAsyncEl6AsyncHwEl LastAsyncEl7AsyncHwEl PushQEl8AsyncHwEl
[2026-06-24 16:52:30.723] [7885] [HailoRT] [info] [pipeline.cpp:891] [print_deep_description] PushQEl0AsyncHwEl | inputs: AsyncHwEl[0] | outputs: PostInferEl0AsyncHwEl(running in thread_id: 7917)
[2026-06-24 16:52:30.723] [7885] [HailoRT] [info] [pipeline.cpp:891] [print_deep_description] PostInferEl0AsyncHwEl | inputs: PushQEl0AsyncHwEl[0] | outputs: LastAsyncEl0PostInferEl0AsyncHwEl
[2026-06-24 16:52:30.723] [7885] [HailoRT] [info] [pipeline.cpp:891] [print_deep_description] LastAsyncEl0PostInferEl0AsyncHwEl | inputs: PostInferEl0AsyncHwEl[0] | outputs: user
[2026-06-24 16:52:30.723] [7885] [HailoRT] [info] [pipeline.cpp:891] [print_deep_description] PushQEl1AsyncHwEl | inputs: AsyncHwEl[0] | outputs: PostInferEl1AsyncHwEl(running in thread_id: 7920)
[2026-06-24 16:52:30.723] [7885] [HailoRT] [info] [pipeline.cpp:891] [print_deep_description] PostInferEl1AsyncHwEl | inputs: PushQEl1AsyncHwEl[0] | outputs: LastAsyncEl0PostInferEl1AsyncHwEl
[2026-06-24 16:52:30.723] [7885] [HailoRT] [info] [pipeline.cpp:891] [print_deep_description] LastAsyncEl0PostInferEl1AsyncHwEl | inputs: PostInferEl1AsyncHwEl[0] | outputs: user
[2026-06-24 16:52:30.723] [7885] [HailoRT] [info] [pipeline.cpp:891] [print_deep_description] PushQEl2AsyncHwEl | inputs: AsyncHwEl[0] | outputs: PostInferEl2AsyncHwEl(running in thread_id: 7919)
[2026-06-24 16:52:30.723] [7885] [HailoRT] [info] [pipeline.cpp:891] [print_deep_description] PostInferEl2AsyncHwEl | inputs: PushQEl2AsyncHwEl[0] | outputs: LastAsyncEl0PostInferEl2AsyncHwEl
[2026-06-24 16:52:30.723] [7885] [HailoRT] [info] [pipeline.cpp:891] [print_deep_description] LastAsyncEl0PostInferEl2AsyncHwEl | inputs: PostInferEl2AsyncHwEl[0] | outputs: user
[2026-06-24 16:52:30.723] [7885] [HailoRT] [info] [pipeline.cpp:891] [print_deep_description] LastAsyncEl3AsyncHwEl | inputs: AsyncHwEl[0] | outputs: user
[2026-06-24 16:52:30.723] [7885] [HailoRT] [info] [pipeline.cpp:891] [print_deep_description] LastAsyncEl4AsyncHwEl | inputs: AsyncHwEl[0] | outputs: user
[2026-06-24 16:52:30.723] [7885] [HailoRT] [info] [pipeline.cpp:891] [print_deep_description] LastAsyncEl5AsyncHwEl | inputs: AsyncHwEl[0] | outputs: user
[2026-06-24 16:52:30.723] [7885] [HailoRT] [info] [pipeline.cpp:891] [print_deep_description] LastAsyncEl6AsyncHwEl | inputs: AsyncHwEl[0] | outputs: user
[2026-06-24 16:52:30.723] [7885] [HailoRT] [info] [pipeline.cpp:891] [print_deep_description] LastAsyncEl7AsyncHwEl | inputs: AsyncHwEl[0] | outputs: user
[2026-06-24 16:52:30.723] [7885] [HailoRT] [info] [pipeline.cpp:891] [print_deep_description] PushQEl8AsyncHwEl | inputs: AsyncHwEl[0] | outputs: PostInferEl8AsyncHwEl(running in thread_id: 7918)
[2026-06-24 16:52:30.723] [7885] [HailoRT] [info] [pipeline.cpp:891] [print_deep_description] PostInferEl8AsyncHwEl | inputs: PushQEl8AsyncHwEl[0] | outputs: LastAsyncEl0PostInferEl8AsyncHwEl
[2026-06-24 16:52:30.723] [7885] [HailoRT] [info] [pipeline.cpp:891] [print_deep_description] LastAsyncEl0PostInferEl8AsyncHwEl | inputs: PostInferEl8AsyncHwEl[0] | outputs: user
[2026-06-24 16:52:30.792] [7909] [HailoRT] [info] [hef.cpp:1994] [get_network_group_and_network_name] No name was given. Addressing all networks of default network_group: yolo26_landmark
[2026-06-24 16:52:30.914] [7904] [HailoRT] [info] [hef.cpp:1994] [get_network_group_and_network_name] No name was given. Addressing all networks of default network_group: arcface_mobilefacenet
[2026-06-24 16:55:12.001] [8292] [HailoRT] [info] [device.cpp:51] [Device] OS Version: Linux 6.18.33+rpt-rpi-2712 #1 SMP PREEMPT Debian 1:6.18.33-1+rpt1 (2026-06-01) aarch64
[2026-06-24 16:55:12.001] [8292] [HailoRT] [info] [control.cpp:113] [control__parse_identify_results] firmware_version is: 4.23.0
[2026-06-24 16:55:12.001] [8292] [HailoRT] [info] [control.cpp:113] [control__parse_identify_results] firmware_version is: 4.23.0
[2026-06-24 16:55:12.037] [8290] [HailoRT] [info] [vdevice.cpp:535] [create] Creating vdevice with params: device_count: 1, scheduling_algorithm: ROUND_ROBIN, multi_process_service: false
[2026-06-24 16:55:12.038] [8290] [HailoRT] [info] [device.cpp:51] [Device] OS Version: Linux 6.18.33+rpt-rpi-2712 #1 SMP PREEMPT Debian 1:6.18.33-1+rpt1 (2026-06-01) aarch64
[2026-06-24 16:55:12.038] [8290] [HailoRT] [info] [control.cpp:113] [control__parse_identify_results] firmware_version is: 4.23.0
[2026-06-24 16:55:12.038] [8290] [HailoRT] [info] [vdevice.cpp:682] [create] VDevice Infos: 0001:01:00.0
[2026-06-24 16:55:12.047] [8290] [HailoRT] [info] [hef.cpp:1994] [get_network_group_and_network_name] No name was given. Addressing all networks of default network_group: yolo26_landmark
[2026-06-24 16:55:12.047] [8290] [HailoRT] [info] [hef.cpp:1994] [get_network_group_and_network_name] No name was given. Addressing all networks of default network_group: yolo26_landmark
[2026-06-24 16:55:12.066] [8290] [HailoRT] [info] [vdevice.cpp:535] [create] Creating vdevice with params: device_count: 1, scheduling_algorithm: ROUND_ROBIN, multi_process_service: false
[2026-06-24 16:55:12.068] [8290] [HailoRT] [info] [hef.cpp:1994] [get_network_group_and_network_name] No name was given. Addressing all networks of default network_group: arcface_mobilefacenet
[2026-06-24 16:55:12.068] [8290] [HailoRT] [info] [hef.cpp:1994] [get_network_group_and_network_name] No name was given. Addressing all networks of default network_group: arcface_mobilefacenet
[2026-06-24 16:55:12.250] [8290] [HailoRT] [info] [internal_buffer_manager.cpp:75] [print_execution_results] Default Internal buffer planner failed to meet requirements
[2026-06-24 16:55:12.250] [8290] [HailoRT] [info] [internal_buffer_manager.cpp:86] [print_execution_results] Default Internal buffer planner executed successfully
[2026-06-24 16:55:12.262] [8290] [HailoRT] [info] [device_internal.cpp:57] [configure] Configuring HEF took 17.535331 milliseconds
[2026-06-24 16:55:12.262] [8290] [HailoRT] [info] [vdevice.cpp:780] [configure] Configuring HEF on VDevice took 17.953111 milliseconds
[2026-06-24 16:55:12.263] [8290] [HailoRT] [info] [infer_model.cpp:417] [configure] Configuring network group 'arcface_mobilefacenet' with params: batch size: 0, power mode: PERFORMANCE, latency: NONE
[2026-06-24 16:55:12.263] [8290] [HailoRT] [info] [multi_io_elements.cpp:754] [create] Created (AsyncHwEl)
[2026-06-24 16:55:12.263] [8290] [HailoRT] [info] [queue_elements.cpp:450] [create] Created (EntryPushQEl0arcface_mobilefacenet/input_layer1 | timeout: 10s)
[2026-06-24 16:55:12.263] [8290] [HailoRT] [info] [filter_elements.cpp:101] [create] Created (PreInferEl1arcface_mobilefacenet/input_layer1 | Reorder - src_order: RGB4, src_shape: (112, 112, 3), dst_order: NHWC, dst_shape: (112, 112, 3))
[2026-06-24 16:55:12.264] [8290] [HailoRT] [info] [queue_elements.cpp:450] [create] Created (PushQEl1arcface_mobilefacenet/input_layer1 | timeout: 10s)
[2026-06-24 16:55:12.264] [8290] [HailoRT] [info] [edge_elements.cpp:187] [create] Created (LastAsyncEl0AsyncHwEl)
[2026-06-24 16:55:12.264] [8290] [HailoRT] [info] [pipeline.cpp:891] [print_deep_description] EntryPushQEl0arcface_mobilefacenet/input_layer1 | inputs: user | outputs: PreInferEl1arcface_mobilefacenet/input_layer1(running in thread_id: 8318)
[2026-06-24 16:55:12.264] [8290] [HailoRT] [info] [pipeline.cpp:891] [print_deep_description] PreInferEl1arcface_mobilefacenet/input_layer1 | inputs: EntryPushQEl0arcface_mobilefacenet/input_layer1[0] | outputs: PushQEl1arcface_mobilefacenet/input_layer1
[2026-06-24 16:55:12.264] [8290] [HailoRT] [info] [pipeline.cpp:891] [print_deep_description] PushQEl1arcface_mobilefacenet/input_layer1 | inputs: PreInferEl1arcface_mobilefacenet/input_layer1[0] | outputs: AsyncHwEl(running in thread_id: 8319)
[2026-06-24 16:55:12.264] [8290] [HailoRT] [info] [pipeline.cpp:891] [print_deep_description] AsyncHwEl | inputs: PushQEl1arcface_mobilefacenet/input_layer1[0] | outputs: LastAsyncEl0AsyncHwEl
[2026-06-24 16:55:12.264] [8290] [HailoRT] [info] [pipeline.cpp:891] [print_deep_description] LastAsyncEl0AsyncHwEl | inputs: AsyncHwEl[0] | outputs: user
[2026-06-24 16:55:12.269] [8290] [HailoRT] [info] [internal_buffer_manager.cpp:77] [print_execution_results] Planned internal buffer memory: CMA=0 CMA-Desc=655360 Pinned=1436160. memory to edge layer usage factor is 0.84007186
[2026-06-24 16:55:12.269] [8290] [HailoRT] [info] [internal_buffer_manager.cpp:86] [print_execution_results] Default Internal buffer planner executed successfully
[2026-06-24 16:55:12.300] [8290] [HailoRT] [info] [device_internal.cpp:57] [configure] Configuring HEF took 33.567264 milliseconds
[2026-06-24 16:55:12.300] [8290] [HailoRT] [info] [vdevice.cpp:780] [configure] Configuring HEF on VDevice took 33.935303 milliseconds
[2026-06-24 16:55:12.300] [8290] [HailoRT] [info] [infer_model.cpp:417] [configure] Configuring network group 'yolo26_landmark' with params: batch size: 0, power mode: PERFORMANCE, latency: NONE
[2026-06-24 16:55:12.300] [8290] [HailoRT] [info] [multi_io_elements.cpp:754] [create] Created (AsyncHwEl)
[2026-06-24 16:55:12.301] [8290] [HailoRT] [info] [queue_elements.cpp:450] [create] Created (EntryPushQEl0yolo26_landmark/input_layer1 | timeout: 10s)
[2026-06-24 16:55:12.301] [8290] [HailoRT] [info] [filter_elements.cpp:101] [create] Created (PreInferEl3yolo26_landmark/input_layer1 | Reorder - src_order: RGB4, src_shape: (640, 640, 3), dst_order: NHCW, dst_shape: (640, 640, 3))
[2026-06-24 16:55:12.301] [8290] [HailoRT] [info] [queue_elements.cpp:450] [create] Created (PushQEl3yolo26_landmark/input_layer1 | timeout: 10s)
[2026-06-24 16:55:12.301] [8290] [HailoRT] [info] [edge_elements.cpp:187] [create] Created (LastAsyncEl6AsyncHwEl)
[2026-06-24 16:55:12.301] [8290] [HailoRT] [info] [edge_elements.cpp:187] [create] Created (LastAsyncEl4AsyncHwEl)
[2026-06-24 16:55:12.301] [8290] [HailoRT] [info] [edge_elements.cpp:187] [create] Created (LastAsyncEl5AsyncHwEl)
[2026-06-24 16:55:12.301] [8290] [HailoRT] [info] [queue_elements.cpp:450] [create] Created (PushQEl0AsyncHwEl | timeout: 10s)
[2026-06-24 16:55:12.301] [8290] [HailoRT] [info] [filter_elements.cpp:372] [create] Created (PostInferEl0AsyncHwEl | Reorder - src_order: FCR, src_shape: (20, 20, 8), dst_order: FCR, dst_shape: (20, 20, 4))
[2026-06-24 16:55:12.301] [8290] [HailoRT] [info] [edge_elements.cpp:187] [create] Created (LastAsyncEl0PostInferEl0AsyncHwEl)
[2026-06-24 16:55:12.301] [8290] [HailoRT] [info] [edge_elements.cpp:187] [create] Created (LastAsyncEl7AsyncHwEl)
[2026-06-24 16:55:12.301] [8290] [HailoRT] [info] [queue_elements.cpp:450] [create] Created (PushQEl8AsyncHwEl | timeout: 10s)
[2026-06-24 16:55:12.301] [8290] [HailoRT] [info] [filter_elements.cpp:372] [create] Created (PostInferEl8AsyncHwEl | Reorder - src_order: FCR, src_shape: (80, 80, 16), dst_order: FCR, dst_shape: (80, 80, 15))
[2026-06-24 16:55:12.301] [8290] [HailoRT] [info] [edge_elements.cpp:187] [create] Created (LastAsyncEl0PostInferEl8AsyncHwEl)
[2026-06-24 16:55:12.301] [8290] [HailoRT] [info] [edge_elements.cpp:187] [create] Created (LastAsyncEl3AsyncHwEl)
[2026-06-24 16:55:12.302] [8290] [HailoRT] [info] [queue_elements.cpp:450] [create] Created (PushQEl2AsyncHwEl | timeout: 10s)
[2026-06-24 16:55:12.302] [8290] [HailoRT] [info] [filter_elements.cpp:372] [create] Created (PostInferEl2AsyncHwEl | Reorder - src_order: FCR, src_shape: (40, 40, 16), dst_order: FCR, dst_shape: (40, 40, 15))
[2026-06-24 16:55:12.302] [8290] [HailoRT] [info] [edge_elements.cpp:187] [create] Created (LastAsyncEl0PostInferEl2AsyncHwEl)
[2026-06-24 16:55:12.302] [8290] [HailoRT] [info] [queue_elements.cpp:450] [create] Created (PushQEl1AsyncHwEl | timeout: 10s)
[2026-06-24 16:55:12.302] [8290] [HailoRT] [info] [filter_elements.cpp:372] [create] Created (PostInferEl1AsyncHwEl | Reorder - src_order: FCR, src_shape: (20, 20, 16), dst_order: FCR, dst_shape: (20, 20, 15))
[2026-06-24 16:55:12.302] [8290] [HailoRT] [info] [edge_elements.cpp:187] [create] Created (LastAsyncEl0PostInferEl1AsyncHwEl)
[2026-06-24 16:55:12.302] [8290] [HailoRT] [info] [pipeline.cpp:891] [print_deep_description] EntryPushQEl0yolo26_landmark/input_layer1 | inputs: user | outputs: PreInferEl3yolo26_landmark/input_layer1(running in thread_id: 8320)
[2026-06-24 16:55:12.302] [8290] [HailoRT] [info] [pipeline.cpp:891] [print_deep_description] PreInferEl3yolo26_landmark/input_layer1 | inputs: EntryPushQEl0yolo26_landmark/input_layer1[0] | outputs: PushQEl3yolo26_landmark/input_layer1
[2026-06-24 16:55:12.302] [8290] [HailoRT] [info] [pipeline.cpp:891] [print_deep_description] PushQEl3yolo26_landmark/input_layer1 | inputs: PreInferEl3yolo26_landmark/input_layer1[0] | outputs: AsyncHwEl(running in thread_id: 8321)
[2026-06-24 16:55:12.302] [8290] [HailoRT] [info] [pipeline.cpp:891] [print_deep_description] AsyncHwEl | inputs: PushQEl3yolo26_landmark/input_layer1[0] | outputs: PushQEl0AsyncHwEl PushQEl1AsyncHwEl PushQEl2AsyncHwEl LastAsyncEl3AsyncHwEl LastAsyncEl4AsyncHwEl LastAsyncEl5AsyncHwEl LastAsyncEl6AsyncHwEl LastAsyncEl7AsyncHwEl PushQEl8AsyncHwEl
[2026-06-24 16:55:12.302] [8290] [HailoRT] [info] [pipeline.cpp:891] [print_deep_description] PushQEl0AsyncHwEl | inputs: AsyncHwEl[0] | outputs: PostInferEl0AsyncHwEl(running in thread_id: 8322)
[2026-06-24 16:55:12.302] [8290] [HailoRT] [info] [pipeline.cpp:891] [print_deep_description] PostInferEl0AsyncHwEl | inputs: PushQEl0AsyncHwEl[0] | outputs: LastAsyncEl0PostInferEl0AsyncHwEl
[2026-06-24 16:55:12.302] [8290] [HailoRT] [info] [pipeline.cpp:891] [print_deep_description] LastAsyncEl0PostInferEl0AsyncHwEl | inputs: PostInferEl0AsyncHwEl[0] | outputs: user
[2026-06-24 16:55:12.302] [8290] [HailoRT] [info] [pipeline.cpp:891] [print_deep_description] PushQEl1AsyncHwEl | inputs: AsyncHwEl[0] | outputs: PostInferEl1AsyncHwEl(running in thread_id: 8325)
[2026-06-24 16:55:12.302] [8290] [HailoRT] [info] [pipeline.cpp:891] [print_deep_description] PostInferEl1AsyncHwEl | inputs: PushQEl1AsyncHwEl[0] | outputs: LastAsyncEl0PostInferEl1AsyncHwEl
[2026-06-24 16:55:12.302] [8290] [HailoRT] [info] [pipeline.cpp:891] [print_deep_description] LastAsyncEl0PostInferEl1AsyncHwEl | inputs: PostInferEl1AsyncHwEl[0] | outputs: user
[2026-06-24 16:55:12.302] [8290] [HailoRT] [info] [pipeline.cpp:891] [print_deep_description] PushQEl2AsyncHwEl | inputs: AsyncHwEl[0] | outputs: PostInferEl2AsyncHwEl(running in thread_id: 8324)
[2026-06-24 16:55:12.302] [8290] [HailoRT] [info] [pipeline.cpp:891] [print_deep_description] PostInferEl2AsyncHwEl | inputs: PushQEl2AsyncHwEl[0] | outputs: LastAsyncEl0PostInferEl2AsyncHwEl
[2026-06-24 16:55:12.302] [8290] [HailoRT] [info] [pipeline.cpp:891] [print_deep_description] LastAsyncEl0PostInferEl2AsyncHwEl | inputs: PostInferEl2AsyncHwEl[0] | outputs: user
[2026-06-24 16:55:12.302] [8290] [HailoRT] [info] [pipeline.cpp:891] [print_deep_description] LastAsyncEl3AsyncHwEl | inputs: AsyncHwEl[0] | outputs: user
[2026-06-24 16:55:12.302] [8290] [HailoRT] [info] [pipeline.cpp:891] [print_deep_description] LastAsyncEl4AsyncHwEl | inputs: AsyncHwEl[0] | outputs: user
[2026-06-24 16:55:12.302] [8290] [HailoRT] [info] [pipeline.cpp:891] [print_deep_description] LastAsyncEl5AsyncHwEl | inputs: AsyncHwEl[0] | outputs: user
[2026-06-24 16:55:12.302] [8290] [HailoRT] [info] [pipeline.cpp:891] [print_deep_description] LastAsyncEl6AsyncHwEl | inputs: AsyncHwEl[0] | outputs: user
[2026-06-24 16:55:12.302] [8290] [HailoRT] [info] [pipeline.cpp:891] [print_deep_description] LastAsyncEl7AsyncHwEl | inputs: AsyncHwEl[0] | outputs: user
[2026-06-24 16:55:12.302] [8290] [HailoRT] [info] [pipeline.cpp:891] [print_deep_description] PushQEl8AsyncHwEl | inputs: AsyncHwEl[0] | outputs: PostInferEl8AsyncHwEl(running in thread_id: 8323)
[2026-06-24 16:55:12.302] [8290] [HailoRT] [info] [pipeline.cpp:891] [print_deep_description] PostInferEl8AsyncHwEl | inputs: PushQEl8AsyncHwEl[0] | outputs: LastAsyncEl0PostInferEl8AsyncHwEl
[2026-06-24 16:55:12.302] [8290] [HailoRT] [info] [pipeline.cpp:891] [print_deep_description] LastAsyncEl0PostInferEl8AsyncHwEl | inputs: PostInferEl8AsyncHwEl[0] | outputs: user
[2026-06-24 16:55:12.350] [8313] [HailoRT] [info] [hef.cpp:1994] [get_network_group_and_network_name] No name was given. Addressing all networks of default network_group: yolo26_landmark
[2026-06-24 16:55:12.431] [8308] [HailoRT] [info] [hef.cpp:1994] [get_network_group_and_network_name] No name was given. Addressing all networks of default network_group: arcface_mobilefacenet
[2026-06-24 17:03:36.150] [9280] [HailoRT] [info] [device.cpp:51] [Device] OS Version: Linux 6.18.33+rpt-rpi-2712 #1 SMP PREEMPT Debian 1:6.18.33-1+rpt1 (2026-06-01) aarch64
[2026-06-24 17:03:36.151] [9280] [HailoRT] [info] [control.cpp:113] [control__parse_identify_results] firmware_version is: 4.23.0
[2026-06-24 17:03:36.151] [9280] [HailoRT] [info] [control.cpp:113] [control__parse_identify_results] firmware_version is: 4.23.0
[2026-06-24 17:03:36.188] [9277] [HailoRT] [info] [vdevice.cpp:535] [create] Creating vdevice with params: device_count: 1, scheduling_algorithm: ROUND_ROBIN, multi_process_service: false
[2026-06-24 17:03:36.188] [9277] [HailoRT] [info] [device.cpp:51] [Device] OS Version: Linux 6.18.33+rpt-rpi-2712 #1 SMP PREEMPT Debian 1:6.18.33-1+rpt1 (2026-06-01) aarch64
[2026-06-24 17:03:36.188] [9277] [HailoRT] [info] [control.cpp:113] [control__parse_identify_results] firmware_version is: 4.23.0
[2026-06-24 17:03:36.188] [9277] [HailoRT] [info] [vdevice.cpp:682] [create] VDevice Infos: 0001:01:00.0
[2026-06-24 17:03:36.197] [9277] [HailoRT] [info] [hef.cpp:1994] [get_network_group_and_network_name] No name was given. Addressing all networks of default network_group: yolo26_landmark
[2026-06-24 17:03:36.197] [9277] [HailoRT] [info] [hef.cpp:1994] [get_network_group_and_network_name] No name was given. Addressing all networks of default network_group: yolo26_landmark
[2026-06-24 17:03:36.216] [9277] [HailoRT] [info] [vdevice.cpp:535] [create] Creating vdevice with params: device_count: 1, scheduling_algorithm: ROUND_ROBIN, multi_process_service: false
[2026-06-24 17:03:36.219] [9277] [HailoRT] [info] [hef.cpp:1994] [get_network_group_and_network_name] No name was given. Addressing all networks of default network_group: arcface_mobilefacenet
[2026-06-24 17:03:36.219] [9277] [HailoRT] [info] [hef.cpp:1994] [get_network_group_and_network_name] No name was given. Addressing all networks of default network_group: arcface_mobilefacenet
[2026-06-24 17:03:36.393] [9277] [HailoRT] [info] [internal_buffer_manager.cpp:75] [print_execution_results] Default Internal buffer planner failed to meet requirements
[2026-06-24 17:03:36.393] [9277] [HailoRT] [info] [internal_buffer_manager.cpp:86] [print_execution_results] Default Internal buffer planner executed successfully
[2026-06-24 17:03:36.405] [9277] [HailoRT] [info] [device_internal.cpp:57] [configure] Configuring HEF took 17.962512 milliseconds
[2026-06-24 17:03:36.405] [9277] [HailoRT] [info] [vdevice.cpp:780] [configure] Configuring HEF on VDevice took 18.233923 milliseconds
[2026-06-24 17:03:36.405] [9277] [HailoRT] [info] [infer_model.cpp:417] [configure] Configuring network group 'arcface_mobilefacenet' with params: batch size: 0, power mode: PERFORMANCE, latency: NONE
[2026-06-24 17:03:36.405] [9277] [HailoRT] [info] [multi_io_elements.cpp:754] [create] Created (AsyncHwEl)
[2026-06-24 17:03:36.405] [9277] [HailoRT] [info] [queue_elements.cpp:450] [create] Created (EntryPushQEl0arcface_mobilefacenet/input_layer1 | timeout: 10s)
[2026-06-24 17:03:36.405] [9277] [HailoRT] [info] [filter_elements.cpp:101] [create] Created (PreInferEl1arcface_mobilefacenet/input_layer1 | Reorder - src_order: RGB4, src_shape: (112, 112, 3), dst_order: NHWC, dst_shape: (112, 112, 3))
[2026-06-24 17:03:36.406] [9277] [HailoRT] [info] [queue_elements.cpp:450] [create] Created (PushQEl1arcface_mobilefacenet/input_layer1 | timeout: 10s)
[2026-06-24 17:03:36.406] [9277] [HailoRT] [info] [edge_elements.cpp:187] [create] Created (LastAsyncEl0AsyncHwEl)
[2026-06-24 17:03:36.406] [9277] [HailoRT] [info] [pipeline.cpp:891] [print_deep_description] EntryPushQEl0arcface_mobilefacenet/input_layer1 | inputs: user | outputs: PreInferEl1arcface_mobilefacenet/input_layer1(running in thread_id: 9305)
[2026-06-24 17:03:36.406] [9277] [HailoRT] [info] [pipeline.cpp:891] [print_deep_description] PreInferEl1arcface_mobilefacenet/input_layer1 | inputs: EntryPushQEl0arcface_mobilefacenet/input_layer1[0] | outputs: PushQEl1arcface_mobilefacenet/input_layer1
[2026-06-24 17:03:36.406] [9277] [HailoRT] [info] [pipeline.cpp:891] [print_deep_description] PushQEl1arcface_mobilefacenet/input_layer1 | inputs: PreInferEl1arcface_mobilefacenet/input_layer1[0] | outputs: AsyncHwEl(running in thread_id: 9306)
[2026-06-24 17:03:36.406] [9277] [HailoRT] [info] [pipeline.cpp:891] [print_deep_description] AsyncHwEl | inputs: PushQEl1arcface_mobilefacenet/input_layer1[0] | outputs: LastAsyncEl0AsyncHwEl
[2026-06-24 17:03:36.406] [9277] [HailoRT] [info] [pipeline.cpp:891] [print_deep_description] LastAsyncEl0AsyncHwEl | inputs: AsyncHwEl[0] | outputs: user
[2026-06-24 17:03:36.412] [9277] [HailoRT] [info] [internal_buffer_manager.cpp:77] [print_execution_results] Planned internal buffer memory: CMA=0 CMA-Desc=655360 Pinned=1436160. memory to edge layer usage factor is 0.84007186
[2026-06-24 17:03:36.412] [9277] [HailoRT] [info] [internal_buffer_manager.cpp:86] [print_execution_results] Default Internal buffer planner executed successfully
[2026-06-24 17:03:36.439] [9277] [HailoRT] [info] [device_internal.cpp:57] [configure] Configuring HEF took 31.070709 milliseconds
[2026-06-24 17:03:36.439] [9277] [HailoRT] [info] [vdevice.cpp:780] [configure] Configuring HEF on VDevice took 31.4624 milliseconds
[2026-06-24 17:03:36.439] [9277] [HailoRT] [info] [infer_model.cpp:417] [configure] Configuring network group 'yolo26_landmark' with params: batch size: 0, power mode: PERFORMANCE, latency: NONE
[2026-06-24 17:03:36.439] [9277] [HailoRT] [info] [multi_io_elements.cpp:754] [create] Created (AsyncHwEl)
[2026-06-24 17:03:36.439] [9277] [HailoRT] [info] [queue_elements.cpp:450] [create] Created (EntryPushQEl0yolo26_landmark/input_layer1 | timeout: 10s)
[2026-06-24 17:03:36.439] [9277] [HailoRT] [info] [filter_elements.cpp:101] [create] Created (PreInferEl3yolo26_landmark/input_layer1 | Reorder - src_order: RGB4, src_shape: (640, 640, 3), dst_order: NHCW, dst_shape: (640, 640, 3))
[2026-06-24 17:03:36.440] [9277] [HailoRT] [info] [queue_elements.cpp:450] [create] Created (PushQEl3yolo26_landmark/input_layer1 | timeout: 10s)
[2026-06-24 17:03:36.440] [9277] [HailoRT] [info] [edge_elements.cpp:187] [create] Created (LastAsyncEl6AsyncHwEl)
[2026-06-24 17:03:36.440] [9277] [HailoRT] [info] [edge_elements.cpp:187] [create] Created (LastAsyncEl4AsyncHwEl)
[2026-06-24 17:03:36.440] [9277] [HailoRT] [info] [edge_elements.cpp:187] [create] Created (LastAsyncEl5AsyncHwEl)
[2026-06-24 17:03:36.440] [9277] [HailoRT] [info] [queue_elements.cpp:450] [create] Created (PushQEl0AsyncHwEl | timeout: 10s)
[2026-06-24 17:03:36.440] [9277] [HailoRT] [info] [filter_elements.cpp:372] [create] Created (PostInferEl0AsyncHwEl | Reorder - src_order: FCR, src_shape: (20, 20, 8), dst_order: FCR, dst_shape: (20, 20, 4))
[2026-06-24 17:03:36.440] [9277] [HailoRT] [info] [edge_elements.cpp:187] [create] Created (LastAsyncEl0PostInferEl0AsyncHwEl)
[2026-06-24 17:03:36.440] [9277] [HailoRT] [info] [edge_elements.cpp:187] [create] Created (LastAsyncEl7AsyncHwEl)
[2026-06-24 17:03:36.440] [9277] [HailoRT] [info] [queue_elements.cpp:450] [create] Created (PushQEl8AsyncHwEl | timeout: 10s)
[2026-06-24 17:03:36.440] [9277] [HailoRT] [info] [filter_elements.cpp:372] [create] Created (PostInferEl8AsyncHwEl | Reorder - src_order: FCR, src_shape: (80, 80, 16), dst_order: FCR, dst_shape: (80, 80, 15))
[2026-06-24 17:03:36.440] [9277] [HailoRT] [info] [edge_elements.cpp:187] [create] Created (LastAsyncEl0PostInferEl8AsyncHwEl)
[2026-06-24 17:03:36.440] [9277] [HailoRT] [info] [edge_elements.cpp:187] [create] Created (LastAsyncEl3AsyncHwEl)
[2026-06-24 17:03:36.440] [9277] [HailoRT] [info] [queue_elements.cpp:450] [create] Created (PushQEl2AsyncHwEl | timeout: 10s)
[2026-06-24 17:03:36.440] [9277] [HailoRT] [info] [filter_elements.cpp:372] [create] Created (PostInferEl2AsyncHwEl | Reorder - src_order: FCR, src_shape: (40, 40, 16), dst_order: FCR, dst_shape: (40, 40, 15))
[2026-06-24 17:03:36.440] [9277] [HailoRT] [info] [edge_elements.cpp:187] [create] Created (LastAsyncEl0PostInferEl2AsyncHwEl)
[2026-06-24 17:03:36.440] [9277] [HailoRT] [info] [queue_elements.cpp:450] [create] Created (PushQEl1AsyncHwEl | timeout: 10s)
[2026-06-24 17:03:36.440] [9277] [HailoRT] [info] [filter_elements.cpp:372] [create] Created (PostInferEl1AsyncHwEl | Reorder - src_order: FCR, src_shape: (20, 20, 16), dst_order: FCR, dst_shape: (20, 20, 15))
[2026-06-24 17:03:36.440] [9277] [HailoRT] [info] [edge_elements.cpp:187] [create] Created (LastAsyncEl0PostInferEl1AsyncHwEl)
[2026-06-24 17:03:36.440] [9277] [HailoRT] [info] [pipeline.cpp:891] [print_deep_description] EntryPushQEl0yolo26_landmark/input_layer1 | inputs: user | outputs: PreInferEl3yolo26_landmark/input_layer1(running in thread_id: 9307)
[2026-06-24 17:03:36.440] [9277] [HailoRT] [info] [pipeline.cpp:891] [print_deep_description] PreInferEl3yolo26_landmark/input_layer1 | inputs: EntryPushQEl0yolo26_landmark/input_layer1[0] | outputs: PushQEl3yolo26_landmark/input_layer1
[2026-06-24 17:03:36.440] [9277] [HailoRT] [info] [pipeline.cpp:891] [print_deep_description] PushQEl3yolo26_landmark/input_layer1 | inputs: PreInferEl3yolo26_landmark/input_layer1[0] | outputs: AsyncHwEl(running in thread_id: 9308)
[2026-06-24 17:03:36.440] [9277] [HailoRT] [info] [pipeline.cpp:891] [print_deep_description] AsyncHwEl | inputs: PushQEl3yolo26_landmark/input_layer1[0] | outputs: PushQEl0AsyncHwEl PushQEl1AsyncHwEl PushQEl2AsyncHwEl LastAsyncEl3AsyncHwEl LastAsyncEl4AsyncHwEl LastAsyncEl5AsyncHwEl LastAsyncEl6AsyncHwEl LastAsyncEl7AsyncHwEl PushQEl8AsyncHwEl
[2026-06-24 17:03:36.440] [9277] [HailoRT] [info] [pipeline.cpp:891] [print_deep_description] PushQEl0AsyncHwEl | inputs: AsyncHwEl[0] | outputs: PostInferEl0AsyncHwEl(running in thread_id: 9309)
[2026-06-24 17:03:36.440] [9277] [HailoRT] [info] [pipeline.cpp:891] [print_deep_description] PostInferEl0AsyncHwEl | inputs: PushQEl0AsyncHwEl[0] | outputs: LastAsyncEl0PostInferEl0AsyncHwEl
[2026-06-24 17:03:36.440] [9277] [HailoRT] [info] [pipeline.cpp:891] [print_deep_description] LastAsyncEl0PostInferEl0AsyncHwEl | inputs: PostInferEl0AsyncHwEl[0] | outputs: user
[2026-06-24 17:03:36.440] [9277] [HailoRT] [info] [pipeline.cpp:891] [print_deep_description] PushQEl1AsyncHwEl | inputs: AsyncHwEl[0] | outputs: PostInferEl1AsyncHwEl(running in thread_id: 9312)
[2026-06-24 17:03:36.440] [9277] [HailoRT] [info] [pipeline.cpp:891] [print_deep_description] PostInferEl1AsyncHwEl | inputs: PushQEl1AsyncHwEl[0] | outputs: LastAsyncEl0PostInferEl1AsyncHwEl
[2026-06-24 17:03:36.440] [9277] [HailoRT] [info] [pipeline.cpp:891] [print_deep_description] LastAsyncEl0PostInferEl1AsyncHwEl | inputs: PostInferEl1AsyncHwEl[0] | outputs: user
[2026-06-24 17:03:36.440] [9277] [HailoRT] [info] [pipeline.cpp:891] [print_deep_description] PushQEl2AsyncHwEl | inputs: AsyncHwEl[0] | outputs: PostInferEl2AsyncHwEl(running in thread_id: 9311)
[2026-06-24 17:03:36.440] [9277] [HailoRT] [info] [pipeline.cpp:891] [print_deep_description] PostInferEl2AsyncHwEl | inputs: PushQEl2AsyncHwEl[0] | outputs: LastAsyncEl0PostInferEl2AsyncHwEl
[2026-06-24 17:03:36.440] [9277] [HailoRT] [info] [pipeline.cpp:891] [print_deep_description] LastAsyncEl0PostInferEl2AsyncHwEl | inputs: PostInferEl2AsyncHwEl[0] | outputs: user
[2026-06-24 17:03:36.440] [9277] [HailoRT] [info] [pipeline.cpp:891] [print_deep_description] LastAsyncEl3AsyncHwEl | inputs: AsyncHwEl[0] | outputs: user
[2026-06-24 17:03:36.440] [9277] [HailoRT] [info] [pipeline.cpp:891] [print_deep_description] LastAsyncEl4AsyncHwEl | inputs: AsyncHwEl[0] | outputs: user
[2026-06-24 17:03:36.440] [9277] [HailoRT] [info] [pipeline.cpp:891] [print_deep_description] LastAsyncEl5AsyncHwEl | inputs: AsyncHwEl[0] | outputs: user
[2026-06-24 17:03:36.440] [9277] [HailoRT] [info] [pipeline.cpp:891] [print_deep_description] LastAsyncEl6AsyncHwEl | inputs: AsyncHwEl[0] | outputs: user
[2026-06-24 17:03:36.440] [9277] [HailoRT] [info] [pipeline.cpp:891] [print_deep_description] LastAsyncEl7AsyncHwEl | inputs: AsyncHwEl[0] | outputs: user
[2026-06-24 17:03:36.440] [9277] [HailoRT] [info] [pipeline.cpp:891] [print_deep_description] PushQEl8AsyncHwEl | inputs: AsyncHwEl[0] | outputs: PostInferEl8AsyncHwEl(running in thread_id: 9310)
[2026-06-24 17:03:36.440] [9277] [HailoRT] [info] [pipeline.cpp:891] [print_deep_description] PostInferEl8AsyncHwEl | inputs: PushQEl8AsyncHwEl[0] | outputs: LastAsyncEl0PostInferEl8AsyncHwEl
[2026-06-24 17:03:36.440] [9277] [HailoRT] [info] [pipeline.cpp:891] [print_deep_description] LastAsyncEl0PostInferEl8AsyncHwEl | inputs: PostInferEl8AsyncHwEl[0] | outputs: user
[2026-06-24 17:03:36.487] [9301] [HailoRT] [info] [hef.cpp:1994] [get_network_group_and_network_name] No name was given. Addressing all networks of default network_group: yolo26_landmark
[2026-06-24 17:03:36.614] [9296] [HailoRT] [info] [hef.cpp:1994] [get_network_group_and_network_name] No name was given. Addressing all networks of default network_group: arcface_mobilefacenet
[2026-06-24 17:06:28.250] [9686] [HailoRT] [info] [device.cpp:51] [Device] OS Version: Linux 6.18.33+rpt-rpi-2712 #1 SMP PREEMPT Debian 1:6.18.33-1+rpt1 (2026-06-01) aarch64
[2026-06-24 17:06:28.250] [9686] [HailoRT] [info] [control.cpp:113] [control__parse_identify_results] firmware_version is: 4.23.0
[2026-06-24 17:06:28.250] [9686] [HailoRT] [info] [control.cpp:113] [control__parse_identify_results] firmware_version is: 4.23.0
[2026-06-24 17:06:28.287] [9683] [HailoRT] [info] [vdevice.cpp:535] [create] Creating vdevice with params: device_count: 1, scheduling_algorithm: ROUND_ROBIN, multi_process_service: false
[2026-06-24 17:06:28.287] [9683] [HailoRT] [info] [device.cpp:51] [Device] OS Version: Linux 6.18.33+rpt-rpi-2712 #1 SMP PREEMPT Debian 1:6.18.33-1+rpt1 (2026-06-01) aarch64
[2026-06-24 17:06:28.288] [9683] [HailoRT] [info] [control.cpp:113] [control__parse_identify_results] firmware_version is: 4.23.0
[2026-06-24 17:06:28.288] [9683] [HailoRT] [info] [vdevice.cpp:682] [create] VDevice Infos: 0001:01:00.0
[2026-06-24 17:06:28.294] [9683] [HailoRT] [info] [hef.cpp:1994] [get_network_group_and_network_name] No name was given. Addressing all networks of default network_group: yolo26_landmark
[2026-06-24 17:06:28.294] [9683] [HailoRT] [info] [hef.cpp:1994] [get_network_group_and_network_name] No name was given. Addressing all networks of default network_group: yolo26_landmark
[2026-06-24 17:06:28.314] [9683] [HailoRT] [info] [vdevice.cpp:535] [create] Creating vdevice with params: device_count: 1, scheduling_algorithm: ROUND_ROBIN, multi_process_service: false
[2026-06-24 17:06:28.317] [9683] [HailoRT] [info] [hef.cpp:1994] [get_network_group_and_network_name] No name was given. Addressing all networks of default network_group: arcface_mobilefacenet
[2026-06-24 17:06:28.317] [9683] [HailoRT] [info] [hef.cpp:1994] [get_network_group_and_network_name] No name was given. Addressing all networks of default network_group: arcface_mobilefacenet
[2026-06-24 17:06:28.497] [9683] [HailoRT] [info] [internal_buffer_manager.cpp:75] [print_execution_results] Default Internal buffer planner failed to meet requirements
[2026-06-24 17:06:28.497] [9683] [HailoRT] [info] [internal_buffer_manager.cpp:86] [print_execution_results] Default Internal buffer planner executed successfully
[2026-06-24 17:06:28.510] [9683] [HailoRT] [info] [device_internal.cpp:57] [configure] Configuring HEF took 20.897513 milliseconds
[2026-06-24 17:06:28.510] [9683] [HailoRT] [info] [vdevice.cpp:780] [configure] Configuring HEF on VDevice took 21.195963 milliseconds
[2026-06-24 17:06:28.510] [9683] [HailoRT] [info] [infer_model.cpp:417] [configure] Configuring network group 'arcface_mobilefacenet' with params: batch size: 0, power mode: PERFORMANCE, latency: NONE
[2026-06-24 17:06:28.510] [9683] [HailoRT] [info] [multi_io_elements.cpp:754] [create] Created (AsyncHwEl)
[2026-06-24 17:06:28.513] [9683] [HailoRT] [info] [queue_elements.cpp:450] [create] Created (EntryPushQEl0arcface_mobilefacenet/input_layer1 | timeout: 10s)
[2026-06-24 17:06:28.513] [9683] [HailoRT] [info] [filter_elements.cpp:101] [create] Created (PreInferEl1arcface_mobilefacenet/input_layer1 | Reorder - src_order: RGB4, src_shape: (112, 112, 3), dst_order: NHWC, dst_shape: (112, 112, 3))
[2026-06-24 17:06:28.513] [9683] [HailoRT] [info] [queue_elements.cpp:450] [create] Created (PushQEl1arcface_mobilefacenet/input_layer1 | timeout: 10s)
[2026-06-24 17:06:28.513] [9683] [HailoRT] [info] [edge_elements.cpp:187] [create] Created (LastAsyncEl0AsyncHwEl)
[2026-06-24 17:06:28.513] [9683] [HailoRT] [info] [pipeline.cpp:891] [print_deep_description] EntryPushQEl0arcface_mobilefacenet/input_layer1 | inputs: user | outputs: PreInferEl1arcface_mobilefacenet/input_layer1(running in thread_id: 9711)
[2026-06-24 17:06:28.513] [9683] [HailoRT] [info] [pipeline.cpp:891] [print_deep_description] PreInferEl1arcface_mobilefacenet/input_layer1 | inputs: EntryPushQEl0arcface_mobilefacenet/input_layer1[0] | outputs: PushQEl1arcface_mobilefacenet/input_layer1
[2026-06-24 17:06:28.513] [9683] [HailoRT] [info] [pipeline.cpp:891] [print_deep_description] PushQEl1arcface_mobilefacenet/input_layer1 | inputs: PreInferEl1arcface_mobilefacenet/input_layer1[0] | outputs: AsyncHwEl(running in thread_id: 9712)
[2026-06-24 17:06:28.513] [9683] [HailoRT] [info] [pipeline.cpp:891] [print_deep_description] AsyncHwEl | inputs: PushQEl1arcface_mobilefacenet/input_layer1[0] | outputs: LastAsyncEl0AsyncHwEl
[2026-06-24 17:06:28.513] [9683] [HailoRT] [info] [pipeline.cpp:891] [print_deep_description] LastAsyncEl0AsyncHwEl | inputs: AsyncHwEl[0] | outputs: user
[2026-06-24 17:06:28.520] [9683] [HailoRT] [info] [internal_buffer_manager.cpp:77] [print_execution_results] Planned internal buffer memory: CMA=0 CMA-Desc=655360 Pinned=1436160. memory to edge layer usage factor is 0.84007186
[2026-06-24 17:06:28.520] [9683] [HailoRT] [info] [internal_buffer_manager.cpp:86] [print_execution_results] Default Internal buffer planner executed successfully
[2026-06-24 17:06:28.545] [9683] [HailoRT] [info] [device_internal.cpp:57] [configure] Configuring HEF took 29.604157 milliseconds
[2026-06-24 17:06:28.545] [9683] [HailoRT] [info] [vdevice.cpp:780] [configure] Configuring HEF on VDevice took 30.05098 milliseconds
[2026-06-24 17:06:28.545] [9683] [HailoRT] [info] [infer_model.cpp:417] [configure] Configuring network group 'yolo26_landmark' with params: batch size: 0, power mode: PERFORMANCE, latency: NONE
[2026-06-24 17:06:28.545] [9683] [HailoRT] [info] [multi_io_elements.cpp:754] [create] Created (AsyncHwEl)
[2026-06-24 17:06:28.546] [9683] [HailoRT] [info] [queue_elements.cpp:450] [create] Created (EntryPushQEl0yolo26_landmark/input_layer1 | timeout: 10s)
[2026-06-24 17:06:28.546] [9683] [HailoRT] [info] [filter_elements.cpp:101] [create] Created (PreInferEl3yolo26_landmark/input_layer1 | Reorder - src_order: RGB4, src_shape: (640, 640, 3), dst_order: NHCW, dst_shape: (640, 640, 3))
[2026-06-24 17:06:28.546] [9683] [HailoRT] [info] [queue_elements.cpp:450] [create] Created (PushQEl3yolo26_landmark/input_layer1 | timeout: 10s)
[2026-06-24 17:06:28.546] [9683] [HailoRT] [info] [edge_elements.cpp:187] [create] Created (LastAsyncEl6AsyncHwEl)
[2026-06-24 17:06:28.546] [9683] [HailoRT] [info] [edge_elements.cpp:187] [create] Created (LastAsyncEl4AsyncHwEl)
[2026-06-24 17:06:28.546] [9683] [HailoRT] [info] [edge_elements.cpp:187] [create] Created (LastAsyncEl5AsyncHwEl)
[2026-06-24 17:06:28.546] [9683] [HailoRT] [info] [queue_elements.cpp:450] [create] Created (PushQEl0AsyncHwEl | timeout: 10s)
[2026-06-24 17:06:28.546] [9683] [HailoRT] [info] [filter_elements.cpp:372] [create] Created (PostInferEl0AsyncHwEl | Reorder - src_order: FCR, src_shape: (20, 20, 8), dst_order: FCR, dst_shape: (20, 20, 4))
[2026-06-24 17:06:28.546] [9683] [HailoRT] [info] [edge_elements.cpp:187] [create] Created (LastAsyncEl0PostInferEl0AsyncHwEl)
[2026-06-24 17:06:28.546] [9683] [HailoRT] [info] [edge_elements.cpp:187] [create] Created (LastAsyncEl7AsyncHwEl)
[2026-06-24 17:06:28.546] [9683] [HailoRT] [info] [queue_elements.cpp:450] [create] Created (PushQEl8AsyncHwEl | timeout: 10s)
[2026-06-24 17:06:28.546] [9683] [HailoRT] [info] [filter_elements.cpp:372] [create] Created (PostInferEl8AsyncHwEl | Reorder - src_order: FCR, src_shape: (80, 80, 16), dst_order: FCR, dst_shape: (80, 80, 15))
[2026-06-24 17:06:28.546] [9683] [HailoRT] [info] [edge_elements.cpp:187] [create] Created (LastAsyncEl0PostInferEl8AsyncHwEl)
[2026-06-24 17:06:28.546] [9683] [HailoRT] [info] [edge_elements.cpp:187] [create] Created (LastAsyncEl3AsyncHwEl)
[2026-06-24 17:06:28.546] [9683] [HailoRT] [info] [queue_elements.cpp:450] [create] Created (PushQEl2AsyncHwEl | timeout: 10s)
[2026-06-24 17:06:28.546] [9683] [HailoRT] [info] [filter_elements.cpp:372] [create] Created (PostInferEl2AsyncHwEl | Reorder - src_order: FCR, src_shape: (40, 40, 16), dst_order: FCR, dst_shape: (40, 40, 15))
[2026-06-24 17:06:28.547] [9683] [HailoRT] [info] [edge_elements.cpp:187] [create] Created (LastAsyncEl0PostInferEl2AsyncHwEl)
[2026-06-24 17:06:28.547] [9683] [HailoRT] [info] [queue_elements.cpp:450] [create] Created (PushQEl1AsyncHwEl | timeout: 10s)
[2026-06-24 17:06:28.547] [9683] [HailoRT] [info] [filter_elements.cpp:372] [create] Created (PostInferEl1AsyncHwEl | Reorder - src_order: FCR, src_shape: (20, 20, 16), dst_order: FCR, dst_shape: (20, 20, 15))
[2026-06-24 17:06:28.547] [9683] [HailoRT] [info] [edge_elements.cpp:187] [create] Created (LastAsyncEl0PostInferEl1AsyncHwEl)
[2026-06-24 17:06:28.547] [9683] [HailoRT] [info] [pipeline.cpp:891] [print_deep_description] EntryPushQEl0yolo26_landmark/input_layer1 | inputs: user | outputs: PreInferEl3yolo26_landmark/input_layer1(running in thread_id: 9713)
[2026-06-24 17:06:28.547] [9683] [HailoRT] [info] [pipeline.cpp:891] [print_deep_description] PreInferEl3yolo26_landmark/input_layer1 | inputs: EntryPushQEl0yolo26_landmark/input_layer1[0] | outputs: PushQEl3yolo26_landmark/input_layer1
[2026-06-24 17:06:28.547] [9683] [HailoRT] [info] [pipeline.cpp:891] [print_deep_description] PushQEl3yolo26_landmark/input_layer1 | inputs: PreInferEl3yolo26_landmark/input_layer1[0] | outputs: AsyncHwEl(running in thread_id: 9714)
[2026-06-24 17:06:28.547] [9683] [HailoRT] [info] [pipeline.cpp:891] [print_deep_description] AsyncHwEl | inputs: PushQEl3yolo26_landmark/input_layer1[0] | outputs: PushQEl0AsyncHwEl PushQEl1AsyncHwEl PushQEl2AsyncHwEl LastAsyncEl3AsyncHwEl LastAsyncEl4AsyncHwEl LastAsyncEl5AsyncHwEl LastAsyncEl6AsyncHwEl LastAsyncEl7AsyncHwEl PushQEl8AsyncHwEl
[2026-06-24 17:06:28.547] [9683] [HailoRT] [info] [pipeline.cpp:891] [print_deep_description] PushQEl0AsyncHwEl | inputs: AsyncHwEl[0] | outputs: PostInferEl0AsyncHwEl(running in thread_id: 9715)
[2026-06-24 17:06:28.547] [9683] [HailoRT] [info] [pipeline.cpp:891] [print_deep_description] PostInferEl0AsyncHwEl | inputs: PushQEl0AsyncHwEl[0] | outputs: LastAsyncEl0PostInferEl0AsyncHwEl
[2026-06-24 17:06:28.547] [9683] [HailoRT] [info] [pipeline.cpp:891] [print_deep_description] LastAsyncEl0PostInferEl0AsyncHwEl | inputs: PostInferEl0AsyncHwEl[0] | outputs: user
[2026-06-24 17:06:28.547] [9683] [HailoRT] [info] [pipeline.cpp:891] [print_deep_description] PushQEl1AsyncHwEl | inputs: AsyncHwEl[0] | outputs: PostInferEl1AsyncHwEl(running in thread_id: 9718)
[2026-06-24 17:06:28.547] [9683] [HailoRT] [info] [pipeline.cpp:891] [print_deep_description] PostInferEl1AsyncHwEl | inputs: PushQEl1AsyncHwEl[0] | outputs: LastAsyncEl0PostInferEl1AsyncHwEl
[2026-06-24 17:06:28.547] [9683] [HailoRT] [info] [pipeline.cpp:891] [print_deep_description] LastAsyncEl0PostInferEl1AsyncHwEl | inputs: PostInferEl1AsyncHwEl[0] | outputs: user
[2026-06-24 17:06:28.547] [9683] [HailoRT] [info] [pipeline.cpp:891] [print_deep_description] PushQEl2AsyncHwEl | inputs: AsyncHwEl[0] | outputs: PostInferEl2AsyncHwEl(running in thread_id: 9717)
[2026-06-24 17:06:28.547] [9683] [HailoRT] [info] [pipeline.cpp:891] [print_deep_description] PostInferEl2AsyncHwEl | inputs: PushQEl2AsyncHwEl[0] | outputs: LastAsyncEl0PostInferEl2AsyncHwEl
[2026-06-24 17:06:28.547] [9683] [HailoRT] [info] [pipeline.cpp:891] [print_deep_description] LastAsyncEl0PostInferEl2AsyncHwEl | inputs: PostInferEl2AsyncHwEl[0] | outputs: user
[2026-06-24 17:06:28.547] [9683] [HailoRT] [info] [pipeline.cpp:891] [print_deep_description] LastAsyncEl3AsyncHwEl | inputs: AsyncHwEl[0] | outputs: user
[2026-06-24 17:06:28.547] [9683] [HailoRT] [info] [pipeline.cpp:891] [print_deep_description] LastAsyncEl4AsyncHwEl | inputs: AsyncHwEl[0] | outputs: user
[2026-06-24 17:06:28.547] [9683] [HailoRT] [info] [pipeline.cpp:891] [print_deep_description] LastAsyncEl5AsyncHwEl | inputs: AsyncHwEl[0] | outputs: user
[2026-06-24 17:06:28.547] [9683] [HailoRT] [info] [pipeline.cpp:891] [print_deep_description] LastAsyncEl6AsyncHwEl | inputs: AsyncHwEl[0] | outputs: user
[2026-06-24 17:06:28.547] [9683] [HailoRT] [info] [pipeline.cpp:891] [print_deep_description] LastAsyncEl7AsyncHwEl | inputs: AsyncHwEl[0] | outputs: user
[2026-06-24 17:06:28.547] [9683] [HailoRT] [info] [pipeline.cpp:891] [print_deep_description] PushQEl8AsyncHwEl | inputs: AsyncHwEl[0] | outputs: PostInferEl8AsyncHwEl(running in thread_id: 9716)
[2026-06-24 17:06:28.547] [9683] [HailoRT] [info] [pipeline.cpp:891] [print_deep_description] PostInferEl8AsyncHwEl | inputs: PushQEl8AsyncHwEl[0] | outputs: LastAsyncEl0PostInferEl8AsyncHwEl
[2026-06-24 17:06:28.548] [9683] [HailoRT] [info] [pipeline.cpp:891] [print_deep_description] LastAsyncEl0PostInferEl8AsyncHwEl | inputs: PostInferEl8AsyncHwEl[0] | outputs: user
[2026-06-24 17:06:28.605] [9707] [HailoRT] [info] [hef.cpp:1994] [get_network_group_and_network_name] No name was given. Addressing all networks of default network_group: yolo26_landmark
[2026-06-24 17:06:28.694] [9702] [HailoRT] [info] [hef.cpp:1994] [get_network_group_and_network_name] No name was given. Addressing all networks of default network_group: arcface_mobilefacenet
[2026-06-24 17:08:36.582] [10028] [HailoRT] [info] [device.cpp:51] [Device] OS Version: Linux 6.18.33+rpt-rpi-2712 #1 SMP PREEMPT Debian 1:6.18.33-1+rpt1 (2026-06-01) aarch64
[2026-06-24 17:08:36.583] [10028] [HailoRT] [info] [control.cpp:113] [control__parse_identify_results] firmware_version is: 4.23.0
[2026-06-24 17:08:36.583] [10028] [HailoRT] [info] [control.cpp:113] [control__parse_identify_results] firmware_version is: 4.23.0
[2026-06-24 17:08:36.623] [10026] [HailoRT] [info] [vdevice.cpp:535] [create] Creating vdevice with params: device_count: 1, scheduling_algorithm: ROUND_ROBIN, multi_process_service: false
[2026-06-24 17:08:36.623] [10026] [HailoRT] [info] [device.cpp:51] [Device] OS Version: Linux 6.18.33+rpt-rpi-2712 #1 SMP PREEMPT Debian 1:6.18.33-1+rpt1 (2026-06-01) aarch64
[2026-06-24 17:08:36.624] [10026] [HailoRT] [info] [control.cpp:113] [control__parse_identify_results] firmware_version is: 4.23.0
[2026-06-24 17:08:36.624] [10026] [HailoRT] [info] [vdevice.cpp:682] [create] VDevice Infos: 0001:01:00.0
[2026-06-24 17:08:36.631] [10026] [HailoRT] [info] [hef.cpp:1994] [get_network_group_and_network_name] No name was given. Addressing all networks of default network_group: yolo26_landmark
[2026-06-24 17:08:36.631] [10026] [HailoRT] [info] [hef.cpp:1994] [get_network_group_and_network_name] No name was given. Addressing all networks of default network_group: yolo26_landmark
[2026-06-24 17:08:36.651] [10026] [HailoRT] [info] [vdevice.cpp:535] [create] Creating vdevice with params: device_count: 1, scheduling_algorithm: ROUND_ROBIN, multi_process_service: false
[2026-06-24 17:08:36.654] [10026] [HailoRT] [info] [hef.cpp:1994] [get_network_group_and_network_name] No name was given. Addressing all networks of default network_group: arcface_mobilefacenet
[2026-06-24 17:08:36.654] [10026] [HailoRT] [info] [hef.cpp:1994] [get_network_group_and_network_name] No name was given. Addressing all networks of default network_group: arcface_mobilefacenet
[2026-06-24 17:08:36.829] [10026] [HailoRT] [info] [internal_buffer_manager.cpp:75] [print_execution_results] Default Internal buffer planner failed to meet requirements
[2026-06-24 17:08:36.829] [10026] [HailoRT] [info] [internal_buffer_manager.cpp:86] [print_execution_results] Default Internal buffer planner executed successfully
[2026-06-24 17:08:36.842] [10026] [HailoRT] [info] [device_internal.cpp:57] [configure] Configuring HEF took 18.058407 milliseconds
[2026-06-24 17:08:36.842] [10026] [HailoRT] [info] [vdevice.cpp:780] [configure] Configuring HEF on VDevice took 18.321412 milliseconds
[2026-06-24 17:08:36.842] [10026] [HailoRT] [info] [infer_model.cpp:417] [configure] Configuring network group 'arcface_mobilefacenet' with params: batch size: 0, power mode: PERFORMANCE, latency: NONE
[2026-06-24 17:08:36.842] [10026] [HailoRT] [info] [multi_io_elements.cpp:754] [create] Created (AsyncHwEl)
[2026-06-24 17:08:36.843] [10026] [HailoRT] [info] [queue_elements.cpp:450] [create] Created (EntryPushQEl0arcface_mobilefacenet/input_layer1 | timeout: 10s)
[2026-06-24 17:08:36.843] [10026] [HailoRT] [info] [filter_elements.cpp:101] [create] Created (PreInferEl1arcface_mobilefacenet/input_layer1 | Reorder - src_order: RGB4, src_shape: (112, 112, 3), dst_order: NHWC, dst_shape: (112, 112, 3))
[2026-06-24 17:08:36.843] [10026] [HailoRT] [info] [queue_elements.cpp:450] [create] Created (PushQEl1arcface_mobilefacenet/input_layer1 | timeout: 10s)
[2026-06-24 17:08:36.843] [10026] [HailoRT] [info] [edge_elements.cpp:187] [create] Created (LastAsyncEl0AsyncHwEl)
[2026-06-24 17:08:36.843] [10026] [HailoRT] [info] [pipeline.cpp:891] [print_deep_description] EntryPushQEl0arcface_mobilefacenet/input_layer1 | inputs: user | outputs: PreInferEl1arcface_mobilefacenet/input_layer1(running in thread_id: 10054)
[2026-06-24 17:08:36.843] [10026] [HailoRT] [info] [pipeline.cpp:891] [print_deep_description] PreInferEl1arcface_mobilefacenet/input_layer1 | inputs: EntryPushQEl0arcface_mobilefacenet/input_layer1[0] | outputs: PushQEl1arcface_mobilefacenet/input_layer1
[2026-06-24 17:08:36.843] [10026] [HailoRT] [info] [pipeline.cpp:891] [print_deep_description] PushQEl1arcface_mobilefacenet/input_layer1 | inputs: PreInferEl1arcface_mobilefacenet/input_layer1[0] | outputs: AsyncHwEl(running in thread_id: 10055)
[2026-06-24 17:08:36.843] [10026] [HailoRT] [info] [pipeline.cpp:891] [print_deep_description] AsyncHwEl | inputs: PushQEl1arcface_mobilefacenet/input_layer1[0] | outputs: LastAsyncEl0AsyncHwEl
[2026-06-24 17:08:36.843] [10026] [HailoRT] [info] [pipeline.cpp:891] [print_deep_description] LastAsyncEl0AsyncHwEl | inputs: AsyncHwEl[0] | outputs: user
[2026-06-24 17:08:36.848] [10026] [HailoRT] [info] [internal_buffer_manager.cpp:77] [print_execution_results] Planned internal buffer memory: CMA=0 CMA-Desc=655360 Pinned=1436160. memory to edge layer usage factor is 0.84007186
[2026-06-24 17:08:36.848] [10026] [HailoRT] [info] [internal_buffer_manager.cpp:86] [print_execution_results] Default Internal buffer planner executed successfully
[2026-06-24 17:08:36.872] [10026] [HailoRT] [info] [device_internal.cpp:57] [configure] Configuring HEF took 26.706891 milliseconds
[2026-06-24 17:08:36.873] [10026] [HailoRT] [info] [vdevice.cpp:780] [configure] Configuring HEF on VDevice took 27.155769 milliseconds
[2026-06-24 17:08:36.873] [10026] [HailoRT] [info] [infer_model.cpp:417] [configure] Configuring network group 'yolo26_landmark' with params: batch size: 0, power mode: PERFORMANCE, latency: NONE
[2026-06-24 17:08:36.873] [10026] [HailoRT] [info] [multi_io_elements.cpp:754] [create] Created (AsyncHwEl)
[2026-06-24 17:08:36.873] [10026] [HailoRT] [info] [queue_elements.cpp:450] [create] Created (EntryPushQEl0yolo26_landmark/input_layer1 | timeout: 10s)
[2026-06-24 17:08:36.873] [10026] [HailoRT] [info] [filter_elements.cpp:101] [create] Created (PreInferEl3yolo26_landmark/input_layer1 | Reorder - src_order: RGB4, src_shape: (640, 640, 3), dst_order: NHCW, dst_shape: (640, 640, 3))
[2026-06-24 17:08:36.873] [10026] [HailoRT] [info] [queue_elements.cpp:450] [create] Created (PushQEl3yolo26_landmark/input_layer1 | timeout: 10s)
[2026-06-24 17:08:36.873] [10026] [HailoRT] [info] [edge_elements.cpp:187] [create] Created (LastAsyncEl6AsyncHwEl)
[2026-06-24 17:08:36.873] [10026] [HailoRT] [info] [edge_elements.cpp:187] [create] Created (LastAsyncEl4AsyncHwEl)
[2026-06-24 17:08:36.873] [10026] [HailoRT] [info] [edge_elements.cpp:187] [create] Created (LastAsyncEl5AsyncHwEl)
[2026-06-24 17:08:36.873] [10026] [HailoRT] [info] [queue_elements.cpp:450] [create] Created (PushQEl0AsyncHwEl | timeout: 10s)
[2026-06-24 17:08:36.873] [10026] [HailoRT] [info] [filter_elements.cpp:372] [create] Created (PostInferEl0AsyncHwEl | Reorder - src_order: FCR, src_shape: (20, 20, 8), dst_order: FCR, dst_shape: (20, 20, 4))
[2026-06-24 17:08:36.873] [10026] [HailoRT] [info] [edge_elements.cpp:187] [create] Created (LastAsyncEl0PostInferEl0AsyncHwEl)
[2026-06-24 17:08:36.874] [10026] [HailoRT] [info] [edge_elements.cpp:187] [create] Created (LastAsyncEl7AsyncHwEl)
[2026-06-24 17:08:36.874] [10026] [HailoRT] [info] [queue_elements.cpp:450] [create] Created (PushQEl8AsyncHwEl | timeout: 10s)
[2026-06-24 17:08:36.874] [10026] [HailoRT] [info] [filter_elements.cpp:372] [create] Created (PostInferEl8AsyncHwEl | Reorder - src_order: FCR, src_shape: (80, 80, 16), dst_order: FCR, dst_shape: (80, 80, 15))
[2026-06-24 17:08:36.874] [10026] [HailoRT] [info] [edge_elements.cpp:187] [create] Created (LastAsyncEl0PostInferEl8AsyncHwEl)
[2026-06-24 17:08:36.874] [10026] [HailoRT] [info] [edge_elements.cpp:187] [create] Created (LastAsyncEl3AsyncHwEl)
[2026-06-24 17:08:36.874] [10026] [HailoRT] [info] [queue_elements.cpp:450] [create] Created (PushQEl2AsyncHwEl | timeout: 10s)
[2026-06-24 17:08:36.874] [10026] [HailoRT] [info] [filter_elements.cpp:372] [create] Created (PostInferEl2AsyncHwEl | Reorder - src_order: FCR, src_shape: (40, 40, 16), dst_order: FCR, dst_shape: (40, 40, 15))
[2026-06-24 17:08:36.874] [10026] [HailoRT] [info] [edge_elements.cpp:187] [create] Created (LastAsyncEl0PostInferEl2AsyncHwEl)
[2026-06-24 17:08:36.874] [10026] [HailoRT] [info] [queue_elements.cpp:450] [create] Created (PushQEl1AsyncHwEl | timeout: 10s)
[2026-06-24 17:08:36.874] [10026] [HailoRT] [info] [filter_elements.cpp:372] [create] Created (PostInferEl1AsyncHwEl | Reorder - src_order: FCR, src_shape: (20, 20, 16), dst_order: FCR, dst_shape: (20, 20, 15))
[2026-06-24 17:08:36.874] [10026] [HailoRT] [info] [edge_elements.cpp:187] [create] Created (LastAsyncEl0PostInferEl1AsyncHwEl)
[2026-06-24 17:08:36.874] [10026] [HailoRT] [info] [pipeline.cpp:891] [print_deep_description] EntryPushQEl0yolo26_landmark/input_layer1 | inputs: user | outputs: PreInferEl3yolo26_landmark/input_layer1(running in thread_id: 10056)
[2026-06-24 17:08:36.874] [10026] [HailoRT] [info] [pipeline.cpp:891] [print_deep_description] PreInferEl3yolo26_landmark/input_layer1 | inputs: EntryPushQEl0yolo26_landmark/input_layer1[0] | outputs: PushQEl3yolo26_landmark/input_layer1
[2026-06-24 17:08:36.874] [10026] [HailoRT] [info] [pipeline.cpp:891] [print_deep_description] PushQEl3yolo26_landmark/input_layer1 | inputs: PreInferEl3yolo26_landmark/input_layer1[0] | outputs: AsyncHwEl(running in thread_id: 10057)
[2026-06-24 17:08:36.874] [10026] [HailoRT] [info] [pipeline.cpp:891] [print_deep_description] AsyncHwEl | inputs: PushQEl3yolo26_landmark/input_layer1[0] | outputs: PushQEl0AsyncHwEl PushQEl1AsyncHwEl PushQEl2AsyncHwEl LastAsyncEl3AsyncHwEl LastAsyncEl4AsyncHwEl LastAsyncEl5AsyncHwEl LastAsyncEl6AsyncHwEl LastAsyncEl7AsyncHwEl PushQEl8AsyncHwEl
[2026-06-24 17:08:36.874] [10026] [HailoRT] [info] [pipeline.cpp:891] [print_deep_description] PushQEl0AsyncHwEl | inputs: AsyncHwEl[0] | outputs: PostInferEl0AsyncHwEl(running in thread_id: 10058)
[2026-06-24 17:08:36.874] [10026] [HailoRT] [info] [pipeline.cpp:891] [print_deep_description] PostInferEl0AsyncHwEl | inputs: PushQEl0AsyncHwEl[0] | outputs: LastAsyncEl0PostInferEl0AsyncHwEl
[2026-06-24 17:08:36.874] [10026] [HailoRT] [info] [pipeline.cpp:891] [print_deep_description] LastAsyncEl0PostInferEl0AsyncHwEl | inputs: PostInferEl0AsyncHwEl[0] | outputs: user
[2026-06-24 17:08:36.874] [10026] [HailoRT] [info] [pipeline.cpp:891] [print_deep_description] PushQEl1AsyncHwEl | inputs: AsyncHwEl[0] | outputs: PostInferEl1AsyncHwEl(running in thread_id: 10061)
[2026-06-24 17:08:36.874] [10026] [HailoRT] [info] [pipeline.cpp:891] [print_deep_description] PostInferEl1AsyncHwEl | inputs: PushQEl1AsyncHwEl[0] | outputs: LastAsyncEl0PostInferEl1AsyncHwEl
[2026-06-24 17:08:36.874] [10026] [HailoRT] [info] [pipeline.cpp:891] [print_deep_description] LastAsyncEl0PostInferEl1AsyncHwEl | inputs: PostInferEl1AsyncHwEl[0] | outputs: user
[2026-06-24 17:08:36.874] [10026] [HailoRT] [info] [pipeline.cpp:891] [print_deep_description] PushQEl2AsyncHwEl | inputs: AsyncHwEl[0] | outputs: PostInferEl2AsyncHwEl(running in thread_id: 10060)
[2026-06-24 17:08:36.874] [10026] [HailoRT] [info] [pipeline.cpp:891] [print_deep_description] PostInferEl2AsyncHwEl | inputs: PushQEl2AsyncHwEl[0] | outputs: LastAsyncEl0PostInferEl2AsyncHwEl
[2026-06-24 17:08:36.874] [10026] [HailoRT] [info] [pipeline.cpp:891] [print_deep_description] LastAsyncEl0PostInferEl2AsyncHwEl | inputs: PostInferEl2AsyncHwEl[0] | outputs: user
[2026-06-24 17:08:36.874] [10026] [HailoRT] [info] [pipeline.cpp:891] [print_deep_description] LastAsyncEl3AsyncHwEl | inputs: AsyncHwEl[0] | outputs: user
[2026-06-24 17:08:36.874] [10026] [HailoRT] [info] [pipeline.cpp:891] [print_deep_description] LastAsyncEl4AsyncHwEl | inputs: AsyncHwEl[0] | outputs: user
[2026-06-24 17:08:36.874] [10026] [HailoRT] [info] [pipeline.cpp:891] [print_deep_description] LastAsyncEl5AsyncHwEl | inputs: AsyncHwEl[0] | outputs: user
[2026-06-24 17:08:36.874] [10026] [HailoRT] [info] [pipeline.cpp:891] [print_deep_description] LastAsyncEl6AsyncHwEl | inputs: AsyncHwEl[0] | outputs: user
[2026-06-24 17:08:36.874] [10026] [HailoRT] [info] [pipeline.cpp:891] [print_deep_description] LastAsyncEl7AsyncHwEl | inputs: AsyncHwEl[0] | outputs: user
[2026-06-24 17:08:36.874] [10026] [HailoRT] [info] [pipeline.cpp:891] [print_deep_description] PushQEl8AsyncHwEl | inputs: AsyncHwEl[0] | outputs: PostInferEl8AsyncHwEl(running in thread_id: 10059)
[2026-06-24 17:08:36.874] [10026] [HailoRT] [info] [pipeline.cpp:891] [print_deep_description] PostInferEl8AsyncHwEl | inputs: PushQEl8AsyncHwEl[0] | outputs: LastAsyncEl0PostInferEl8AsyncHwEl
[2026-06-24 17:08:36.874] [10026] [HailoRT] [info] [pipeline.cpp:891] [print_deep_description] LastAsyncEl0PostInferEl8AsyncHwEl | inputs: PostInferEl8AsyncHwEl[0] | outputs: user
[2026-06-24 17:08:36.922] [10050] [HailoRT] [info] [hef.cpp:1994] [get_network_group_and_network_name] No name was given. Addressing all networks of default network_group: yolo26_landmark
[2026-06-24 17:08:37.004] [10045] [HailoRT] [info] [hef.cpp:1994] [get_network_group_and_network_name] No name was given. Addressing all networks of default network_group: arcface_mobilefacenet
[2026-06-24 17:16:11.013] [10797] [HailoRT] [info] [device.cpp:51] [Device] OS Version: Linux 6.18.33+rpt-rpi-2712 #1 SMP PREEMPT Debian 1:6.18.33-1+rpt1 (2026-06-01) aarch64
[2026-06-24 17:16:11.013] [10797] [HailoRT] [info] [control.cpp:113] [control__parse_identify_results] firmware_version is: 4.23.0
[2026-06-24 17:16:11.014] [10797] [HailoRT] [info] [control.cpp:113] [control__parse_identify_results] firmware_version is: 4.23.0
[2026-06-24 17:16:11.052] [10795] [HailoRT] [info] [vdevice.cpp:535] [create] Creating vdevice with params: device_count: 1, scheduling_algorithm: ROUND_ROBIN, multi_process_service: false
[2026-06-24 17:16:11.052] [10795] [HailoRT] [info] [device.cpp:51] [Device] OS Version: Linux 6.18.33+rpt-rpi-2712 #1 SMP PREEMPT Debian 1:6.18.33-1+rpt1 (2026-06-01) aarch64
[2026-06-24 17:16:11.052] [10795] [HailoRT] [info] [control.cpp:113] [control__parse_identify_results] firmware_version is: 4.23.0
[2026-06-24 17:16:11.052] [10795] [HailoRT] [info] [vdevice.cpp:682] [create] VDevice Infos: 0001:01:00.0
[2026-06-24 17:16:11.059] [10795] [HailoRT] [info] [hef.cpp:1994] [get_network_group_and_network_name] No name was given. Addressing all networks of default network_group: yolo26_landmark
[2026-06-24 17:16:11.059] [10795] [HailoRT] [info] [hef.cpp:1994] [get_network_group_and_network_name] No name was given. Addressing all networks of default network_group: yolo26_landmark
[2026-06-24 17:16:11.079] [10795] [HailoRT] [info] [vdevice.cpp:535] [create] Creating vdevice with params: device_count: 1, scheduling_algorithm: ROUND_ROBIN, multi_process_service: false
[2026-06-24 17:16:11.082] [10795] [HailoRT] [info] [hef.cpp:1994] [get_network_group_and_network_name] No name was given. Addressing all networks of default network_group: arcface_mobilefacenet
[2026-06-24 17:16:11.082] [10795] [HailoRT] [info] [hef.cpp:1994] [get_network_group_and_network_name] No name was given. Addressing all networks of default network_group: arcface_mobilefacenet
[2026-06-24 17:16:11.267] [10795] [HailoRT] [info] [internal_buffer_manager.cpp:75] [print_execution_results] Default Internal buffer planner failed to meet requirements
[2026-06-24 17:16:11.267] [10795] [HailoRT] [info] [internal_buffer_manager.cpp:86] [print_execution_results] Default Internal buffer planner executed successfully
[2026-06-24 17:16:11.281] [10795] [HailoRT] [info] [device_internal.cpp:57] [configure] Configuring HEF took 20.516282 milliseconds
[2026-06-24 17:16:11.281] [10795] [HailoRT] [info] [vdevice.cpp:780] [configure] Configuring HEF on VDevice took 21.317112 milliseconds
[2026-06-24 17:16:11.281] [10795] [HailoRT] [info] [infer_model.cpp:417] [configure] Configuring network group 'arcface_mobilefacenet' with params: batch size: 0, power mode: PERFORMANCE, latency: NONE
[2026-06-24 17:16:11.281] [10795] [HailoRT] [info] [multi_io_elements.cpp:754] [create] Created (AsyncHwEl)
[2026-06-24 17:16:11.281] [10795] [HailoRT] [info] [queue_elements.cpp:450] [create] Created (EntryPushQEl0arcface_mobilefacenet/input_layer1 | timeout: 10s)
[2026-06-24 17:16:11.281] [10795] [HailoRT] [info] [filter_elements.cpp:101] [create] Created (PreInferEl1arcface_mobilefacenet/input_layer1 | Reorder - src_order: RGB4, src_shape: (112, 112, 3), dst_order: NHWC, dst_shape: (112, 112, 3))
[2026-06-24 17:16:11.281] [10795] [HailoRT] [info] [queue_elements.cpp:450] [create] Created (PushQEl1arcface_mobilefacenet/input_layer1 | timeout: 10s)
[2026-06-24 17:16:11.281] [10795] [HailoRT] [info] [edge_elements.cpp:187] [create] Created (LastAsyncEl0AsyncHwEl)
[2026-06-24 17:16:11.281] [10795] [HailoRT] [info] [pipeline.cpp:891] [print_deep_description] EntryPushQEl0arcface_mobilefacenet/input_layer1 | inputs: user | outputs: PreInferEl1arcface_mobilefacenet/input_layer1(running in thread_id: 10823)
[2026-06-24 17:16:11.281] [10795] [HailoRT] [info] [pipeline.cpp:891] [print_deep_description] PreInferEl1arcface_mobilefacenet/input_layer1 | inputs: EntryPushQEl0arcface_mobilefacenet/input_layer1[0] | outputs: PushQEl1arcface_mobilefacenet/input_layer1
[2026-06-24 17:16:11.282] [10795] [HailoRT] [info] [pipeline.cpp:891] [print_deep_description] PushQEl1arcface_mobilefacenet/input_layer1 | inputs: PreInferEl1arcface_mobilefacenet/input_layer1[0] | outputs: AsyncHwEl(running in thread_id: 10824)
[2026-06-24 17:16:11.282] [10795] [HailoRT] [info] [pipeline.cpp:891] [print_deep_description] AsyncHwEl | inputs: PushQEl1arcface_mobilefacenet/input_layer1[0] | outputs: LastAsyncEl0AsyncHwEl
[2026-06-24 17:16:11.282] [10795] [HailoRT] [info] [pipeline.cpp:891] [print_deep_description] LastAsyncEl0AsyncHwEl | inputs: AsyncHwEl[0] | outputs: user
[2026-06-24 17:16:11.289] [10795] [HailoRT] [info] [internal_buffer_manager.cpp:77] [print_execution_results] Planned internal buffer memory: CMA=0 CMA-Desc=655360 Pinned=1436160. memory to edge layer usage factor is 0.84007186
[2026-06-24 17:16:11.289] [10795] [HailoRT] [info] [internal_buffer_manager.cpp:86] [print_execution_results] Default Internal buffer planner executed successfully
[2026-06-24 17:16:11.317] [10795] [HailoRT] [info] [device_internal.cpp:57] [configure] Configuring HEF took 30.489806 milliseconds
[2026-06-24 17:16:11.317] [10795] [HailoRT] [info] [vdevice.cpp:780] [configure] Configuring HEF on VDevice took 30.856053 milliseconds
[2026-06-24 17:16:11.317] [10795] [HailoRT] [info] [infer_model.cpp:417] [configure] Configuring network group 'yolo26_landmark' with params: batch size: 0, power mode: PERFORMANCE, latency: NONE
[2026-06-24 17:16:11.318] [10795] [HailoRT] [info] [multi_io_elements.cpp:754] [create] Created (AsyncHwEl)
[2026-06-24 17:16:11.318] [10795] [HailoRT] [info] [queue_elements.cpp:450] [create] Created (EntryPushQEl0yolo26_landmark/input_layer1 | timeout: 10s)
[2026-06-24 17:16:11.318] [10795] [HailoRT] [info] [filter_elements.cpp:101] [create] Created (PreInferEl3yolo26_landmark/input_layer1 | Reorder - src_order: RGB4, src_shape: (640, 640, 3), dst_order: NHCW, dst_shape: (640, 640, 3))
[2026-06-24 17:16:11.318] [10795] [HailoRT] [info] [queue_elements.cpp:450] [create] Created (PushQEl3yolo26_landmark/input_layer1 | timeout: 10s)
[2026-06-24 17:16:11.318] [10795] [HailoRT] [info] [edge_elements.cpp:187] [create] Created (LastAsyncEl6AsyncHwEl)
[2026-06-24 17:16:11.318] [10795] [HailoRT] [info] [edge_elements.cpp:187] [create] Created (LastAsyncEl4AsyncHwEl)
[2026-06-24 17:16:11.318] [10795] [HailoRT] [info] [edge_elements.cpp:187] [create] Created (LastAsyncEl5AsyncHwEl)
[2026-06-24 17:16:11.318] [10795] [HailoRT] [info] [queue_elements.cpp:450] [create] Created (PushQEl0AsyncHwEl | timeout: 10s)
[2026-06-24 17:16:11.318] [10795] [HailoRT] [info] [filter_elements.cpp:372] [create] Created (PostInferEl0AsyncHwEl | Reorder - src_order: FCR, src_shape: (20, 20, 8), dst_order: FCR, dst_shape: (20, 20, 4))
[2026-06-24 17:16:11.318] [10795] [HailoRT] [info] [edge_elements.cpp:187] [create] Created (LastAsyncEl0PostInferEl0AsyncHwEl)
[2026-06-24 17:16:11.318] [10795] [HailoRT] [info] [edge_elements.cpp:187] [create] Created (LastAsyncEl7AsyncHwEl)
[2026-06-24 17:16:11.318] [10795] [HailoRT] [info] [queue_elements.cpp:450] [create] Created (PushQEl8AsyncHwEl | timeout: 10s)
[2026-06-24 17:16:11.318] [10795] [HailoRT] [info] [filter_elements.cpp:372] [create] Created (PostInferEl8AsyncHwEl | Reorder - src_order: FCR, src_shape: (80, 80, 16), dst_order: FCR, dst_shape: (80, 80, 15))
[2026-06-24 17:16:11.318] [10795] [HailoRT] [info] [edge_elements.cpp:187] [create] Created (LastAsyncEl0PostInferEl8AsyncHwEl)
[2026-06-24 17:16:11.319] [10795] [HailoRT] [info] [edge_elements.cpp:187] [create] Created (LastAsyncEl3AsyncHwEl)
[2026-06-24 17:16:11.319] [10795] [HailoRT] [info] [queue_elements.cpp:450] [create] Created (PushQEl2AsyncHwEl | timeout: 10s)
[2026-06-24 17:16:11.319] [10795] [HailoRT] [info] [filter_elements.cpp:372] [create] Created (PostInferEl2AsyncHwEl | Reorder - src_order: FCR, src_shape: (40, 40, 16), dst_order: FCR, dst_shape: (40, 40, 15))
[2026-06-24 17:16:11.319] [10795] [HailoRT] [info] [edge_elements.cpp:187] [create] Created (LastAsyncEl0PostInferEl2AsyncHwEl)
[2026-06-24 17:16:11.319] [10795] [HailoRT] [info] [queue_elements.cpp:450] [create] Created (PushQEl1AsyncHwEl | timeout: 10s)
[2026-06-24 17:16:11.319] [10795] [HailoRT] [info] [filter_elements.cpp:372] [create] Created (PostInferEl1AsyncHwEl | Reorder - src_order: FCR, src_shape: (20, 20, 16), dst_order: FCR, dst_shape: (20, 20, 15))
[2026-06-24 17:16:11.319] [10795] [HailoRT] [info] [edge_elements.cpp:187] [create] Created (LastAsyncEl0PostInferEl1AsyncHwEl)
[2026-06-24 17:16:11.319] [10795] [HailoRT] [info] [pipeline.cpp:891] [print_deep_description] EntryPushQEl0yolo26_landmark/input_layer1 | inputs: user | outputs: PreInferEl3yolo26_landmark/input_layer1(running in thread_id: 10825)
[2026-06-24 17:16:11.319] [10795] [HailoRT] [info] [pipeline.cpp:891] [print_deep_description] PreInferEl3yolo26_landmark/input_layer1 | inputs: EntryPushQEl0yolo26_landmark/input_layer1[0] | outputs: PushQEl3yolo26_landmark/input_layer1
[2026-06-24 17:16:11.319] [10795] [HailoRT] [info] [pipeline.cpp:891] [print_deep_description] PushQEl3yolo26_landmark/input_layer1 | inputs: PreInferEl3yolo26_landmark/input_layer1[0] | outputs: AsyncHwEl(running in thread_id: 10826)
[2026-06-24 17:16:11.319] [10795] [HailoRT] [info] [pipeline.cpp:891] [print_deep_description] AsyncHwEl | inputs: PushQEl3yolo26_landmark/input_layer1[0] | outputs: PushQEl0AsyncHwEl PushQEl1AsyncHwEl PushQEl2AsyncHwEl LastAsyncEl3AsyncHwEl LastAsyncEl4AsyncHwEl LastAsyncEl5AsyncHwEl LastAsyncEl6AsyncHwEl LastAsyncEl7AsyncHwEl PushQEl8AsyncHwEl
[2026-06-24 17:16:11.319] [10795] [HailoRT] [info] [pipeline.cpp:891] [print_deep_description] PushQEl0AsyncHwEl | inputs: AsyncHwEl[0] | outputs: PostInferEl0AsyncHwEl(running in thread_id: 10827)
[2026-06-24 17:16:11.319] [10795] [HailoRT] [info] [pipeline.cpp:891] [print_deep_description] PostInferEl0AsyncHwEl | inputs: PushQEl0AsyncHwEl[0] | outputs: LastAsyncEl0PostInferEl0AsyncHwEl
[2026-06-24 17:16:11.319] [10795] [HailoRT] [info] [pipeline.cpp:891] [print_deep_description] LastAsyncEl0PostInferEl0AsyncHwEl | inputs: PostInferEl0AsyncHwEl[0] | outputs: user
[2026-06-24 17:16:11.319] [10795] [HailoRT] [info] [pipeline.cpp:891] [print_deep_description] PushQEl1AsyncHwEl | inputs: AsyncHwEl[0] | outputs: PostInferEl1AsyncHwEl(running in thread_id: 10830)
[2026-06-24 17:16:11.319] [10795] [HailoRT] [info] [pipeline.cpp:891] [print_deep_description] PostInferEl1AsyncHwEl | inputs: PushQEl1AsyncHwEl[0] | outputs: LastAsyncEl0PostInferEl1AsyncHwEl
[2026-06-24 17:16:11.319] [10795] [HailoRT] [info] [pipeline.cpp:891] [print_deep_description] LastAsyncEl0PostInferEl1AsyncHwEl | inputs: PostInferEl1AsyncHwEl[0] | outputs: user
[2026-06-24 17:16:11.319] [10795] [HailoRT] [info] [pipeline.cpp:891] [print_deep_description] PushQEl2AsyncHwEl | inputs: AsyncHwEl[0] | outputs: PostInferEl2AsyncHwEl(running in thread_id: 10829)
[2026-06-24 17:16:11.319] [10795] [HailoRT] [info] [pipeline.cpp:891] [print_deep_description] PostInferEl2AsyncHwEl | inputs: PushQEl2AsyncHwEl[0] | outputs: LastAsyncEl0PostInferEl2AsyncHwEl
[2026-06-24 17:16:11.319] [10795] [HailoRT] [info] [pipeline.cpp:891] [print_deep_description] LastAsyncEl0PostInferEl2AsyncHwEl | inputs: PostInferEl2AsyncHwEl[0] | outputs: user
[2026-06-24 17:16:11.319] [10795] [HailoRT] [info] [pipeline.cpp:891] [print_deep_description] LastAsyncEl3AsyncHwEl | inputs: AsyncHwEl[0] | outputs: user
[2026-06-24 17:16:11.319] [10795] [HailoRT] [info] [pipeline.cpp:891] [print_deep_description] LastAsyncEl4AsyncHwEl | inputs: AsyncHwEl[0] | outputs: user
[2026-06-24 17:16:11.319] [10795] [HailoRT] [info] [pipeline.cpp:891] [print_deep_description] LastAsyncEl5AsyncHwEl | inputs: AsyncHwEl[0] | outputs: user
[2026-06-24 17:16:11.319] [10795] [HailoRT] [info] [pipeline.cpp:891] [print_deep_description] LastAsyncEl6AsyncHwEl | inputs: AsyncHwEl[0] | outputs: user
[2026-06-24 17:16:11.319] [10795] [HailoRT] [info] [pipeline.cpp:891] [print_deep_description] LastAsyncEl7AsyncHwEl | inputs: AsyncHwEl[0] | outputs: user
[2026-06-24 17:16:11.319] [10795] [HailoRT] [info] [pipeline.cpp:891] [print_deep_description] PushQEl8AsyncHwEl | inputs: AsyncHwEl[0] | outputs: PostInferEl8AsyncHwEl(running in thread_id: 10828)
[2026-06-24 17:16:11.319] [10795] [HailoRT] [info] [pipeline.cpp:891] [print_deep_description] PostInferEl8AsyncHwEl | inputs: PushQEl8AsyncHwEl[0] | outputs: LastAsyncEl0PostInferEl8AsyncHwEl
[2026-06-24 17:16:11.319] [10795] [HailoRT] [info] [pipeline.cpp:891] [print_deep_description] LastAsyncEl0PostInferEl8AsyncHwEl | inputs: PostInferEl8AsyncHwEl[0] | outputs: user
[2026-06-24 17:16:11.387] [10819] [HailoRT] [info] [hef.cpp:1994] [get_network_group_and_network_name] No name was given. Addressing all networks of default network_group: yolo26_landmark
[2026-06-24 17:16:11.464] [10814] [HailoRT] [info] [hef.cpp:1994] [get_network_group_and_network_name] No name was given. Addressing all networks of default network_group: arcface_mobilefacenet
[2026-06-24 17:22:03.297] [11439] [HailoRT] [info] [device.cpp:51] [Device] OS Version: Linux 6.18.33+rpt-rpi-2712 #1 SMP PREEMPT Debian 1:6.18.33-1+rpt1 (2026-06-01) aarch64
[2026-06-24 17:22:03.297] [11439] [HailoRT] [info] [control.cpp:113] [control__parse_identify_results] firmware_version is: 4.23.0
[2026-06-24 17:22:03.297] [11439] [HailoRT] [info] [control.cpp:113] [control__parse_identify_results] firmware_version is: 4.23.0
[2026-06-24 17:22:03.333] [11437] [HailoRT] [info] [vdevice.cpp:535] [create] Creating vdevice with params: device_count: 1, scheduling_algorithm: ROUND_ROBIN, multi_process_service: false
[2026-06-24 17:22:03.334] [11437] [HailoRT] [info] [device.cpp:51] [Device] OS Version: Linux 6.18.33+rpt-rpi-2712 #1 SMP PREEMPT Debian 1:6.18.33-1+rpt1 (2026-06-01) aarch64
[2026-06-24 17:22:03.334] [11437] [HailoRT] [info] [control.cpp:113] [control__parse_identify_results] firmware_version is: 4.23.0
[2026-06-24 17:22:03.334] [11437] [HailoRT] [info] [vdevice.cpp:682] [create] VDevice Infos: 0001:01:00.0
[2026-06-24 17:22:03.341] [11437] [HailoRT] [info] [hef.cpp:1994] [get_network_group_and_network_name] No name was given. Addressing all networks of default network_group: yolo26_landmark
[2026-06-24 17:22:03.341] [11437] [HailoRT] [info] [hef.cpp:1994] [get_network_group_and_network_name] No name was given. Addressing all networks of default network_group: yolo26_landmark
[2026-06-24 17:22:03.361] [11437] [HailoRT] [info] [vdevice.cpp:535] [create] Creating vdevice with params: device_count: 1, scheduling_algorithm: ROUND_ROBIN, multi_process_service: false
[2026-06-24 17:22:03.363] [11437] [HailoRT] [info] [hef.cpp:1994] [get_network_group_and_network_name] No name was given. Addressing all networks of default network_group: arcface_mobilefacenet
[2026-06-24 17:22:03.363] [11437] [HailoRT] [info] [hef.cpp:1994] [get_network_group_and_network_name] No name was given. Addressing all networks of default network_group: arcface_mobilefacenet
[2026-06-24 17:22:03.539] [11437] [HailoRT] [info] [internal_buffer_manager.cpp:75] [print_execution_results] Default Internal buffer planner failed to meet requirements
[2026-06-24 17:22:03.539] [11437] [HailoRT] [info] [internal_buffer_manager.cpp:86] [print_execution_results] Default Internal buffer planner executed successfully
[2026-06-24 17:22:03.549] [11437] [HailoRT] [info] [device_internal.cpp:57] [configure] Configuring HEF took 15.845399 milliseconds
[2026-06-24 17:22:03.549] [11437] [HailoRT] [info] [vdevice.cpp:780] [configure] Configuring HEF on VDevice took 16.190904 milliseconds
[2026-06-24 17:22:03.549] [11437] [HailoRT] [info] [infer_model.cpp:417] [configure] Configuring network group 'arcface_mobilefacenet' with params: batch size: 0, power mode: PERFORMANCE, latency: NONE
[2026-06-24 17:22:03.549] [11437] [HailoRT] [info] [multi_io_elements.cpp:754] [create] Created (AsyncHwEl)
[2026-06-24 17:22:03.550] [11437] [HailoRT] [info] [queue_elements.cpp:450] [create] Created (EntryPushQEl0arcface_mobilefacenet/input_layer1 | timeout: 10s)
[2026-06-24 17:22:03.550] [11437] [HailoRT] [info] [filter_elements.cpp:101] [create] Created (PreInferEl1arcface_mobilefacenet/input_layer1 | Reorder - src_order: RGB4, src_shape: (112, 112, 3), dst_order: NHWC, dst_shape: (112, 112, 3))
[2026-06-24 17:22:03.550] [11437] [HailoRT] [info] [queue_elements.cpp:450] [create] Created (PushQEl1arcface_mobilefacenet/input_layer1 | timeout: 10s)
[2026-06-24 17:22:03.550] [11437] [HailoRT] [info] [edge_elements.cpp:187] [create] Created (LastAsyncEl0AsyncHwEl)
[2026-06-24 17:22:03.550] [11437] [HailoRT] [info] [pipeline.cpp:891] [print_deep_description] EntryPushQEl0arcface_mobilefacenet/input_layer1 | inputs: user | outputs: PreInferEl1arcface_mobilefacenet/input_layer1(running in thread_id: 11466)
[2026-06-24 17:22:03.550] [11437] [HailoRT] [info] [pipeline.cpp:891] [print_deep_description] PreInferEl1arcface_mobilefacenet/input_layer1 | inputs: EntryPushQEl0arcface_mobilefacenet/input_layer1[0] | outputs: PushQEl1arcface_mobilefacenet/input_layer1
[2026-06-24 17:22:03.550] [11437] [HailoRT] [info] [pipeline.cpp:891] [print_deep_description] PushQEl1arcface_mobilefacenet/input_layer1 | inputs: PreInferEl1arcface_mobilefacenet/input_layer1[0] | outputs: AsyncHwEl(running in thread_id: 11467)
[2026-06-24 17:22:03.550] [11437] [HailoRT] [info] [pipeline.cpp:891] [print_deep_description] AsyncHwEl | inputs: PushQEl1arcface_mobilefacenet/input_layer1[0] | outputs: LastAsyncEl0AsyncHwEl
[2026-06-24 17:22:03.550] [11437] [HailoRT] [info] [pipeline.cpp:891] [print_deep_description] LastAsyncEl0AsyncHwEl | inputs: AsyncHwEl[0] | outputs: user
[2026-06-24 17:22:03.555] [11437] [HailoRT] [info] [internal_buffer_manager.cpp:77] [print_execution_results] Planned internal buffer memory: CMA=0 CMA-Desc=655360 Pinned=1436160. memory to edge layer usage factor is 0.84007186
[2026-06-24 17:22:03.555] [11437] [HailoRT] [info] [internal_buffer_manager.cpp:86] [print_execution_results] Default Internal buffer planner executed successfully
[2026-06-24 17:22:03.580] [11437] [HailoRT] [info] [device_internal.cpp:57] [configure] Configuring HEF took 27.849834 milliseconds
[2026-06-24 17:22:03.580] [11437] [HailoRT] [info] [vdevice.cpp:780] [configure] Configuring HEF on VDevice took 28.239039 milliseconds
[2026-06-24 17:22:03.581] [11437] [HailoRT] [info] [infer_model.cpp:417] [configure] Configuring network group 'yolo26_landmark' with params: batch size: 0, power mode: PERFORMANCE, latency: NONE
[2026-06-24 17:22:03.581] [11437] [HailoRT] [info] [multi_io_elements.cpp:754] [create] Created (AsyncHwEl)
[2026-06-24 17:22:03.581] [11437] [HailoRT] [info] [queue_elements.cpp:450] [create] Created (EntryPushQEl0yolo26_landmark/input_layer1 | timeout: 10s)
[2026-06-24 17:22:03.581] [11437] [HailoRT] [info] [filter_elements.cpp:101] [create] Created (PreInferEl3yolo26_landmark/input_layer1 | Reorder - src_order: RGB4, src_shape: (640, 640, 3), dst_order: NHCW, dst_shape: (640, 640, 3))
[2026-06-24 17:22:03.581] [11437] [HailoRT] [info] [queue_elements.cpp:450] [create] Created (PushQEl3yolo26_landmark/input_layer1 | timeout: 10s)
[2026-06-24 17:22:03.581] [11437] [HailoRT] [info] [edge_elements.cpp:187] [create] Created (LastAsyncEl6AsyncHwEl)
[2026-06-24 17:22:03.581] [11437] [HailoRT] [info] [edge_elements.cpp:187] [create] Created (LastAsyncEl4AsyncHwEl)
[2026-06-24 17:22:03.581] [11437] [HailoRT] [info] [edge_elements.cpp:187] [create] Created (LastAsyncEl5AsyncHwEl)
[2026-06-24 17:22:03.581] [11437] [HailoRT] [info] [queue_elements.cpp:450] [create] Created (PushQEl0AsyncHwEl | timeout: 10s)
[2026-06-24 17:22:03.581] [11437] [HailoRT] [info] [filter_elements.cpp:372] [create] Created (PostInferEl0AsyncHwEl | Reorder - src_order: FCR, src_shape: (20, 20, 8), dst_order: FCR, dst_shape: (20, 20, 4))
[2026-06-24 17:22:03.581] [11437] [HailoRT] [info] [edge_elements.cpp:187] [create] Created (LastAsyncEl0PostInferEl0AsyncHwEl)
[2026-06-24 17:22:03.581] [11437] [HailoRT] [info] [edge_elements.cpp:187] [create] Created (LastAsyncEl7AsyncHwEl)
[2026-06-24 17:22:03.581] [11437] [HailoRT] [info] [queue_elements.cpp:450] [create] Created (PushQEl8AsyncHwEl | timeout: 10s)
[2026-06-24 17:22:03.581] [11437] [HailoRT] [info] [filter_elements.cpp:372] [create] Created (PostInferEl8AsyncHwEl | Reorder - src_order: FCR, src_shape: (80, 80, 16), dst_order: FCR, dst_shape: (80, 80, 15))
[2026-06-24 17:22:03.581] [11437] [HailoRT] [info] [edge_elements.cpp:187] [create] Created (LastAsyncEl0PostInferEl8AsyncHwEl)
[2026-06-24 17:22:03.581] [11437] [HailoRT] [info] [edge_elements.cpp:187] [create] Created (LastAsyncEl3AsyncHwEl)
[2026-06-24 17:22:03.582] [11437] [HailoRT] [info] [queue_elements.cpp:450] [create] Created (PushQEl2AsyncHwEl | timeout: 10s)
[2026-06-24 17:22:03.582] [11437] [HailoRT] [info] [filter_elements.cpp:372] [create] Created (PostInferEl2AsyncHwEl | Reorder - src_order: FCR, src_shape: (40, 40, 16), dst_order: FCR, dst_shape: (40, 40, 15))
[2026-06-24 17:22:03.582] [11437] [HailoRT] [info] [edge_elements.cpp:187] [create] Created (LastAsyncEl0PostInferEl2AsyncHwEl)
[2026-06-24 17:22:03.582] [11437] [HailoRT] [info] [queue_elements.cpp:450] [create] Created (PushQEl1AsyncHwEl | timeout: 10s)
[2026-06-24 17:22:03.582] [11437] [HailoRT] [info] [filter_elements.cpp:372] [create] Created (PostInferEl1AsyncHwEl | Reorder - src_order: FCR, src_shape: (20, 20, 16), dst_order: FCR, dst_shape: (20, 20, 15))
[2026-06-24 17:22:03.582] [11437] [HailoRT] [info] [edge_elements.cpp:187] [create] Created (LastAsyncEl0PostInferEl1AsyncHwEl)
[2026-06-24 17:22:03.582] [11437] [HailoRT] [info] [pipeline.cpp:891] [print_deep_description] EntryPushQEl0yolo26_landmark/input_layer1 | inputs: user | outputs: PreInferEl3yolo26_landmark/input_layer1(running in thread_id: 11468)
[2026-06-24 17:22:03.582] [11437] [HailoRT] [info] [pipeline.cpp:891] [print_deep_description] PreInferEl3yolo26_landmark/input_layer1 | inputs: EntryPushQEl0yolo26_landmark/input_layer1[0] | outputs: PushQEl3yolo26_landmark/input_layer1
[2026-06-24 17:22:03.582] [11437] [HailoRT] [info] [pipeline.cpp:891] [print_deep_description] PushQEl3yolo26_landmark/input_layer1 | inputs: PreInferEl3yolo26_landmark/input_layer1[0] | outputs: AsyncHwEl(running in thread_id: 11469)
[2026-06-24 17:22:03.582] [11437] [HailoRT] [info] [pipeline.cpp:891] [print_deep_description] AsyncHwEl | inputs: PushQEl3yolo26_landmark/input_layer1[0] | outputs: PushQEl0AsyncHwEl PushQEl1AsyncHwEl PushQEl2AsyncHwEl LastAsyncEl3AsyncHwEl LastAsyncEl4AsyncHwEl LastAsyncEl5AsyncHwEl LastAsyncEl6AsyncHwEl LastAsyncEl7AsyncHwEl PushQEl8AsyncHwEl
[2026-06-24 17:22:03.582] [11437] [HailoRT] [info] [pipeline.cpp:891] [print_deep_description] PushQEl0AsyncHwEl | inputs: AsyncHwEl[0] | outputs: PostInferEl0AsyncHwEl(running in thread_id: 11470)
[2026-06-24 17:22:03.582] [11437] [HailoRT] [info] [pipeline.cpp:891] [print_deep_description] PostInferEl0AsyncHwEl | inputs: PushQEl0AsyncHwEl[0] | outputs: LastAsyncEl0PostInferEl0AsyncHwEl
[2026-06-24 17:22:03.582] [11437] [HailoRT] [info] [pipeline.cpp:891] [print_deep_description] LastAsyncEl0PostInferEl0AsyncHwEl | inputs: PostInferEl0AsyncHwEl[0] | outputs: user
[2026-06-24 17:22:03.582] [11437] [HailoRT] [info] [pipeline.cpp:891] [print_deep_description] PushQEl1AsyncHwEl | inputs: AsyncHwEl[0] | outputs: PostInferEl1AsyncHwEl(running in thread_id: 11473)
[2026-06-24 17:22:03.582] [11437] [HailoRT] [info] [pipeline.cpp:891] [print_deep_description] PostInferEl1AsyncHwEl | inputs: PushQEl1AsyncHwEl[0] | outputs: LastAsyncEl0PostInferEl1AsyncHwEl
[2026-06-24 17:22:03.582] [11437] [HailoRT] [info] [pipeline.cpp:891] [print_deep_description] LastAsyncEl0PostInferEl1AsyncHwEl | inputs: PostInferEl1AsyncHwEl[0] | outputs: user
[2026-06-24 17:22:03.582] [11437] [HailoRT] [info] [pipeline.cpp:891] [print_deep_description] PushQEl2AsyncHwEl | inputs: AsyncHwEl[0] | outputs: PostInferEl2AsyncHwEl(running in thread_id: 11472)
[2026-06-24 17:22:03.582] [11437] [HailoRT] [info] [pipeline.cpp:891] [print_deep_description] PostInferEl2AsyncHwEl | inputs: PushQEl2AsyncHwEl[0] | outputs: LastAsyncEl0PostInferEl2AsyncHwEl
[2026-06-24 17:22:03.582] [11437] [HailoRT] [info] [pipeline.cpp:891] [print_deep_description] LastAsyncEl0PostInferEl2AsyncHwEl | inputs: PostInferEl2AsyncHwEl[0] | outputs: user
[2026-06-24 17:22:03.582] [11437] [HailoRT] [info] [pipeline.cpp:891] [print_deep_description] LastAsyncEl3AsyncHwEl | inputs: AsyncHwEl[0] | outputs: user
[2026-06-24 17:22:03.582] [11437] [HailoRT] [info] [pipeline.cpp:891] [print_deep_description] LastAsyncEl4AsyncHwEl | inputs: AsyncHwEl[0] | outputs: user
[2026-06-24 17:22:03.582] [11437] [HailoRT] [info] [pipeline.cpp:891] [print_deep_description] LastAsyncEl5AsyncHwEl | inputs: AsyncHwEl[0] | outputs: user
[2026-06-24 17:22:03.582] [11437] [HailoRT] [info] [pipeline.cpp:891] [print_deep_description] LastAsyncEl6AsyncHwEl | inputs: AsyncHwEl[0] | outputs: user
[2026-06-24 17:22:03.582] [11437] [HailoRT] [info] [pipeline.cpp:891] [print_deep_description] LastAsyncEl7AsyncHwEl | inputs: AsyncHwEl[0] | outputs: user
[2026-06-24 17:22:03.582] [11437] [HailoRT] [info] [pipeline.cpp:891] [print_deep_description] PushQEl8AsyncHwEl | inputs: AsyncHwEl[0] | outputs: PostInferEl8AsyncHwEl(running in thread_id: 11471)
[2026-06-24 17:22:03.582] [11437] [HailoRT] [info] [pipeline.cpp:891] [print_deep_description] PostInferEl8AsyncHwEl | inputs: PushQEl8AsyncHwEl[0] | outputs: LastAsyncEl0PostInferEl8AsyncHwEl
[2026-06-24 17:22:03.582] [11437] [HailoRT] [info] [pipeline.cpp:891] [print_deep_description] LastAsyncEl0PostInferEl8AsyncHwEl | inputs: PostInferEl8AsyncHwEl[0] | outputs: user
[2026-06-24 17:22:03.648] [11462] [HailoRT] [info] [hef.cpp:1994] [get_network_group_and_network_name] No name was given. Addressing all networks of default network_group: yolo26_landmark
[2026-06-24 17:22:03.796] [11457] [HailoRT] [info] [hef.cpp:1994] [get_network_group_and_network_name] No name was given. Addressing all networks of default network_group: arcface_mobilefacenet
