[2026-04-23 16:18:02.529] [1139845] [HailoRT] [info] [queue_elements.cpp:738] [run_in_thread] run_pull of queue element PullQEl_hw_read0arcface_mobilefacenet/fc1 was aborted!
[2026-04-23 16:18:02.529] [1139845] [HailoRT] [info] [queue_elements.cpp:68] [operator()] Thread in element PullQEl_hw_read0arcface_mobilefacenet/fc1 is not running anymore, exiting..
[2026-04-23 16:18:02.529] [772335] [HailoRT] [info] [queue_elements.cpp:46] [~BaseQueueElement] Queue element PullQEl_hw_read0arcface_mobilefacenet/fc1 has 0 frames in his Queue on destruction
[2026-04-23 16:18:02.529] [1139846] [HailoRT] [info] [queue_elements.cpp:68] [operator()] Thread in element UserBuffQEl0arcface_mobilefacenet/fc1 is not running anymore, exiting..
[2026-04-23 16:18:02.529] [772335] [HailoRT] [info] [queue_elements.cpp:46] [~BaseQueueElement] Queue element UserBuffQEl0arcface_mobilefacenet/fc1 has 0 frames in his Queue on destruction
[2026-04-23 16:18:02.530] [772335] [HailoRT] [info] [core_op.cpp:186] [deactivate] Deactivating took 0.376018 ms
[2026-04-23 16:18:02.530] [772335] [HailoRT] [info] [core_op.cpp:186] [deactivate] Deactivating took 0.387166 ms
[2026-04-23 16:18:02.539] [772335] [HailoRT] [info] [core_op.cpp:156] [activate] Activating yolo26n took 0.544036 milliseconds. Note that the function is asynchronous and thus the network is not fully activated yet.
[2026-04-23 16:18:02.539] [772335] [HailoRT] [info] [core_op.cpp:156] [activate] Activating yolo26n took 0.570092 milliseconds. Note that the function is asynchronous and thus the network is not fully activated yet.
[2026-04-23 16:18:02.539] [772335] [HailoRT] [info] [edge_elements.cpp:52] [create] Created (HwWriteEl2yolo26n/input_layer1 | hw_frame_size: 1228800)
[2026-04-23 16:18:02.540] [772335] [HailoRT] [info] [queue_elements.cpp:284] [create] Created (PushQEl2yolo26n/input_layer1 | timeout: 10s)
[2026-04-23 16:18:02.540] [772335] [HailoRT] [info] [filter_elements.cpp:101] [create] Created (PreInferEl2yolo26n/input_layer1 | Reorder - src_order: NHWC, src_shape: (640, 640, 3), dst_order: NHCW, dst_shape: (640, 640, 3))
[2026-04-23 16:18:02.540] [772335] [HailoRT] [info] [vstream.cpp:754] [InputVStreamImpl] Creating yolo26n/input_layer1...
[2026-04-23 16:18:02.540] [772335] [HailoRT] [info] [vstream_builder.cpp:102] [create_inputs] Input pipeline 'yolo26n/input_layer1': (PreInferEl2yolo26n/input_layer1 | Reorder - src_order: NHWC, src_shape: (640, 640, 3), dst_order: NHCW, dst_shape: (640, 640, 3)) >> (PushQEl2yolo26n/input_layer1 | timeout: 10s) >> (HwWriteEl2yolo26n/input_layer1 | hw_frame_size: 1228800) >> HW
[2026-04-23 16:18:02.540] [772335] [HailoRT] [info] [edge_elements.cpp:287] [create] Created (HwReadEl3yolo26n/conv61 | hw_frame_size: 25600)
[2026-04-23 16:18:02.540] [772335] [HailoRT] [info] [queue_elements.cpp:657] [create] Created (PullQEl_hw_read3yolo26n/conv61)
[2026-04-23 16:18:02.540] [772335] [HailoRT] [info] [filter_elements.cpp:372] [create] Created (PostInferEl3yolo26n/conv61 | Quantization - src_type: UINT8, dst_type FLOAT32, limvals_min: -0.468035, limvals_max: 6.99127)
[2026-04-23 16:18:02.540] [772335] [HailoRT] [info] [queue_elements.cpp:800] [create] Created (UserBuffQEl3yolo26n/conv61 | timeout: 10s)
[2026-04-23 16:18:02.540] [772335] [HailoRT] [info] [vstream.cpp:1114] [OutputVStreamImpl] Creating yolo26n/conv61...
[2026-04-23 16:18:02.540] [772335] [HailoRT] [info] [vstream_builder.cpp:220] [create_outputs] Output pipeline 'yolo26n/conv61': HW >> (HwReadEl3yolo26n/conv61 | hw_frame_size: 25600) >> (PullQEl_hw_read3yolo26n/conv61) >> (PostInferEl3yolo26n/conv61 | Quantization - src_type: UINT8, dst_type FLOAT32, limvals_min: -0.468035, limvals_max: 6.99127) >> (UserBuffQEl3yolo26n/conv61 | timeout: 10s)
[2026-04-23 16:18:02.540] [772335] [HailoRT] [info] [edge_elements.cpp:287] [create] Created (HwReadEl2yolo26n/conv64 | hw_frame_size: 6400)
[2026-04-23 16:18:02.540] [772335] [HailoRT] [info] [queue_elements.cpp:657] [create] Created (PullQEl_hw_read2yolo26n/conv64)
[2026-04-23 16:18:02.540] [772335] [HailoRT] [info] [filter_elements.cpp:372] [create] Created (PostInferEl2yolo26n/conv64 | Quantization - src_type: UINT8, dst_type FLOAT32, limvals_min: -161.763, limvals_max: 2.5779)
[2026-04-23 16:18:02.540] [772335] [HailoRT] [info] [queue_elements.cpp:800] [create] Created (UserBuffQEl2yolo26n/conv64 | timeout: 10s)
[2026-04-23 16:18:02.540] [772335] [HailoRT] [info] [vstream.cpp:1114] [OutputVStreamImpl] Creating yolo26n/conv64...
[2026-04-23 16:18:02.540] [772335] [HailoRT] [info] [vstream_builder.cpp:220] [create_outputs] Output pipeline 'yolo26n/conv64': HW >> (HwReadEl2yolo26n/conv64 | hw_frame_size: 6400) >> (PullQEl_hw_read2yolo26n/conv64) >> (PostInferEl2yolo26n/conv64 | Quantization - src_type: UINT8, dst_type FLOAT32, limvals_min: -161.763, limvals_max: 2.5779) >> (UserBuffQEl2yolo26n/conv64 | timeout: 10s)
[2026-04-23 16:18:02.540] [772335] [HailoRT] [info] [edge_elements.cpp:287] [create] Created (HwReadEl1yolo26n/conv77 | hw_frame_size: 6400)
[2026-04-23 16:18:02.540] [772335] [HailoRT] [info] [queue_elements.cpp:657] [create] Created (PullQEl_hw_read1yolo26n/conv77)
[2026-04-23 16:18:02.540] [772335] [HailoRT] [info] [filter_elements.cpp:372] [create] Created (PostInferEl1yolo26n/conv77 | Quantization - src_type: UINT8, dst_type FLOAT32, limvals_min: -0.560223, limvals_max: 15.3127)
[2026-04-23 16:18:02.540] [772335] [HailoRT] [info] [queue_elements.cpp:800] [create] Created (UserBuffQEl1yolo26n/conv77 | timeout: 10s)
[2026-04-23 16:18:02.540] [772335] [HailoRT] [info] [vstream.cpp:1114] [OutputVStreamImpl] Creating yolo26n/conv77...
[2026-04-23 16:18:02.540] [772335] [HailoRT] [info] [vstream_builder.cpp:220] [create_outputs] Output pipeline 'yolo26n/conv77': HW >> (HwReadEl1yolo26n/conv77 | hw_frame_size: 6400) >> (PullQEl_hw_read1yolo26n/conv77) >> (PostInferEl1yolo26n/conv77 | Quantization - src_type: UINT8, dst_type FLOAT32, limvals_min: -0.560223, limvals_max: 15.3127) >> (UserBuffQEl1yolo26n/conv77 | timeout: 10s)
[2026-04-23 16:18:02.540] [772335] [HailoRT] [info] [edge_elements.cpp:287] [create] Created (HwReadEl0yolo26n/conv80 | hw_frame_size: 1600)
[2026-04-23 16:18:02.540] [772335] [HailoRT] [info] [queue_elements.cpp:657] [create] Created (PullQEl_hw_read0yolo26n/conv80)
[2026-04-23 16:18:02.540] [772335] [HailoRT] [info] [filter_elements.cpp:372] [create] Created (PostInferEl0yolo26n/conv80 | Quantization - src_type: UINT8, dst_type FLOAT32, limvals_min: -204.998, limvals_max: 2.44045)
[2026-04-23 16:18:02.540] [772335] [HailoRT] [info] [queue_elements.cpp:800] [create] Created (UserBuffQEl0yolo26n/conv80 | timeout: 10s)
[2026-04-23 16:18:02.541] [772335] [HailoRT] [info] [vstream.cpp:1114] [OutputVStreamImpl] Creating yolo26n/conv80...
[2026-04-23 16:18:02.541] [772335] [HailoRT] [info] [vstream_builder.cpp:220] [create_outputs] Output pipeline 'yolo26n/conv80': HW >> (HwReadEl0yolo26n/conv80 | hw_frame_size: 1600) >> (PullQEl_hw_read0yolo26n/conv80) >> (PostInferEl0yolo26n/conv80 | Quantization - src_type: UINT8, dst_type FLOAT32, limvals_min: -204.998, limvals_max: 2.44045) >> (UserBuffQEl0yolo26n/conv80 | timeout: 10s)
[2026-04-23 16:18:02.541] [772335] [HailoRT] [info] [edge_elements.cpp:287] [create] Created (HwReadEl1yolo26n/conv91 | hw_frame_size: 3200)
[2026-04-23 16:18:02.541] [772335] [HailoRT] [info] [queue_elements.cpp:657] [create] Created (PullQEl_hw_read1yolo26n/conv91)
[2026-04-23 16:18:02.541] [772335] [HailoRT] [info] [filter_elements.cpp:372] [create] Created (PostInferEl1yolo26n/conv91 | Quantization - src_type: UINT8, dst_type FLOAT32, limvals_min: 0, limvals_max: 14.2269 | Reorder - src_order: FCR, src_shape: (20, 20, 8), dst_order: FCR, dst_shape: (20, 20, 4))
[2026-04-23 16:18:02.541] [772335] [HailoRT] [info] [queue_elements.cpp:800] [create] Created (UserBuffQEl1yolo26n/conv91 | timeout: 10s)
[2026-04-23 16:18:02.541] [772335] [HailoRT] [info] [vstream.cpp:1114] [OutputVStreamImpl] Creating yolo26n/conv91...
[2026-04-23 16:18:02.541] [772335] [HailoRT] [info] [vstream_builder.cpp:220] [create_outputs] Output pipeline 'yolo26n/conv91': HW >> (HwReadEl1yolo26n/conv91 | hw_frame_size: 3200) >> (PullQEl_hw_read1yolo26n/conv91) >> (PostInferEl1yolo26n/conv91 | Quantization - src_type: UINT8, dst_type FLOAT32, limvals_min: 0, limvals_max: 14.2269 | Reorder - src_order: FCR, src_shape: (20, 20, 8), dst_order: FCR, dst_shape: (20, 20, 4)) >> (UserBuffQEl1yolo26n/conv91 | timeout: 10s)
[2026-04-23 16:18:02.541] [772335] [HailoRT] [info] [edge_elements.cpp:287] [create] Created (HwReadEl0yolo26n/conv94 | hw_frame_size: 3200)
[2026-04-23 16:18:02.541] [772335] [HailoRT] [info] [queue_elements.cpp:657] [create] Created (PullQEl_hw_read0yolo26n/conv94)
[2026-04-23 16:18:02.541] [772335] [HailoRT] [info] [filter_elements.cpp:372] [create] Created (PostInferEl0yolo26n/conv94 | Quantization - src_type: UINT8, dst_type FLOAT32, limvals_min: -155.797, limvals_max: 3.11594 | Reorder - src_order: FCR, src_shape: (20, 20, 8), dst_order: FCR, dst_shape: (20, 20, 1))
[2026-04-23 16:18:02.541] [772335] [HailoRT] [info] [queue_elements.cpp:800] [create] Created (UserBuffQEl0yolo26n/conv94 | timeout: 10s)
[2026-04-23 16:18:02.541] [772335] [HailoRT] [info] [vstream.cpp:1114] [OutputVStreamImpl] Creating yolo26n/conv94...
[2026-04-23 16:18:02.541] [772335] [HailoRT] [info] [vstream_builder.cpp:220] [create_outputs] Output pipeline 'yolo26n/conv94': HW >> (HwReadEl0yolo26n/conv94 | hw_frame_size: 3200) >> (PullQEl_hw_read0yolo26n/conv94) >> (PostInferEl0yolo26n/conv94 | Quantization - src_type: UINT8, dst_type FLOAT32, limvals_min: -155.797, limvals_max: 3.11594 | Reorder - src_order: FCR, src_shape: (20, 20, 8), dst_order: FCR, dst_shape: (20, 20, 1)) >> (UserBuffQEl0yolo26n/conv94 | timeout: 10s)
[2026-04-23 16:18:02.553] [1139851] [HailoRT] [info] [queue_elements.cpp:855] [run_in_thread] Shutdown event was signaled in dequeue of UserBuffQEl3yolo26n/conv61!
[2026-04-23 16:18:02.553] [1139850] [HailoRT] [info] [vdevice_native_stream.cpp:331] [read_impl] Failed read from stream HAILO_STREAM_ABORT(63) (device: 0001:01:00.0)
[2026-04-23 16:18:02.553] [1139850] [HailoRT] [info] [edge_elements.cpp:396] [run_pull] Reading from stream was aborted!
[2026-04-23 16:18:02.553] [1139850] [HailoRT] [info] [queue_elements.cpp:738] [run_in_thread] run_pull of queue element PullQEl_hw_read3yolo26n/conv61 was aborted!
[2026-04-23 16:18:02.553] [1139850] [HailoRT] [info] [queue_elements.cpp:68] [operator()] Thread in element PullQEl_hw_read3yolo26n/conv61 is not running anymore, exiting..
[2026-04-23 16:18:02.553] [772335] [HailoRT] [info] [queue_elements.cpp:46] [~BaseQueueElement] Queue element PullQEl_hw_read3yolo26n/conv61 has 0 frames in his Queue on destruction
[2026-04-23 16:18:02.553] [1139851] [HailoRT] [info] [queue_elements.cpp:68] [operator()] Thread in element UserBuffQEl3yolo26n/conv61 is not running anymore, exiting..
[2026-04-23 16:18:02.553] [772335] [HailoRT] [info] [queue_elements.cpp:46] [~BaseQueueElement] Queue element UserBuffQEl3yolo26n/conv61 has 0 frames in his Queue on destruction
[2026-04-23 16:18:02.553] [1139853] [HailoRT] [info] [queue_elements.cpp:855] [run_in_thread] Shutdown event was signaled in dequeue of UserBuffQEl2yolo26n/conv64!
[2026-04-23 16:18:02.553] [1139852] [HailoRT] [info] [vdevice_native_stream.cpp:331] [read_impl] Failed read from stream HAILO_STREAM_ABORT(63) (device: 0001:01:00.0)
[2026-04-23 16:18:02.553] [1139852] [HailoRT] [info] [edge_elements.cpp:396] [run_pull] Reading from stream was aborted!
[2026-04-23 16:18:02.553] [1139852] [HailoRT] [info] [queue_elements.cpp:738] [run_in_thread] run_pull of queue element PullQEl_hw_read2yolo26n/conv64 was aborted!
[2026-04-23 16:18:02.553] [1139852] [HailoRT] [info] [queue_elements.cpp:68] [operator()] Thread in element PullQEl_hw_read2yolo26n/conv64 is not running anymore, exiting..
[2026-04-23 16:18:02.553] [772335] [HailoRT] [info] [queue_elements.cpp:46] [~BaseQueueElement] Queue element PullQEl_hw_read2yolo26n/conv64 has 0 frames in his Queue on destruction
[2026-04-23 16:18:02.553] [1139853] [HailoRT] [info] [queue_elements.cpp:68] [operator()] Thread in element UserBuffQEl2yolo26n/conv64 is not running anymore, exiting..
[2026-04-23 16:18:02.553] [772335] [HailoRT] [info] [queue_elements.cpp:46] [~BaseQueueElement] Queue element UserBuffQEl2yolo26n/conv64 has 0 frames in his Queue on destruction
[2026-04-23 16:18:02.553] [1139854] [HailoRT] [info] [vdevice_native_stream.cpp:331] [read_impl] Failed read from stream HAILO_STREAM_ABORT(63) (device: 0001:01:00.0)
[2026-04-23 16:18:02.553] [1139855] [HailoRT] [info] [queue_elements.cpp:855] [run_in_thread] Shutdown event was signaled in dequeue of UserBuffQEl1yolo26n/conv77!
[2026-04-23 16:18:02.553] [1139854] [HailoRT] [info] [edge_elements.cpp:396] [run_pull] Reading from stream was aborted!
[2026-04-23 16:18:02.554] [1139854] [HailoRT] [info] [queue_elements.cpp:738] [run_in_thread] run_pull of queue element PullQEl_hw_read1yolo26n/conv77 was aborted!
[2026-04-23 16:18:02.554] [1139854] [HailoRT] [info] [queue_elements.cpp:68] [operator()] Thread in element PullQEl_hw_read1yolo26n/conv77 is not running anymore, exiting..
[2026-04-23 16:18:02.554] [772335] [HailoRT] [info] [queue_elements.cpp:46] [~BaseQueueElement] Queue element PullQEl_hw_read1yolo26n/conv77 has 0 frames in his Queue on destruction
[2026-04-23 16:18:02.554] [1139855] [HailoRT] [info] [queue_elements.cpp:68] [operator()] Thread in element UserBuffQEl1yolo26n/conv77 is not running anymore, exiting..
[2026-04-23 16:18:02.554] [772335] [HailoRT] [info] [queue_elements.cpp:46] [~BaseQueueElement] Queue element UserBuffQEl1yolo26n/conv77 has 0 frames in his Queue on destruction
[2026-04-23 16:18:02.554] [1139856] [HailoRT] [info] [vdevice_native_stream.cpp:331] [read_impl] Failed read from stream HAILO_STREAM_ABORT(63) (device: 0001:01:00.0)
[2026-04-23 16:18:02.554] [1139857] [HailoRT] [info] [queue_elements.cpp:855] [run_in_thread] Shutdown event was signaled in dequeue of UserBuffQEl0yolo26n/conv80!
[2026-04-23 16:18:02.554] [1139856] [HailoRT] [info] [edge_elements.cpp:396] [run_pull] Reading from stream was aborted!
[2026-04-23 16:18:02.554] [1139856] [HailoRT] [info] [queue_elements.cpp:738] [run_in_thread] run_pull of queue element PullQEl_hw_read0yolo26n/conv80 was aborted!
[2026-04-23 16:18:02.554] [1139856] [HailoRT] [info] [queue_elements.cpp:68] [operator()] Thread in element PullQEl_hw_read0yolo26n/conv80 is not running anymore, exiting..
[2026-04-23 16:18:02.554] [772335] [HailoRT] [info] [queue_elements.cpp:46] [~BaseQueueElement] Queue element PullQEl_hw_read0yolo26n/conv80 has 0 frames in his Queue on destruction
[2026-04-23 16:18:02.554] [1139857] [HailoRT] [info] [queue_elements.cpp:68] [operator()] Thread in element UserBuffQEl0yolo26n/conv80 is not running anymore, exiting..
[2026-04-23 16:18:02.554] [772335] [HailoRT] [info] [queue_elements.cpp:46] [~BaseQueueElement] Queue element UserBuffQEl0yolo26n/conv80 has 0 frames in his Queue on destruction
[2026-04-23 16:18:02.554] [1139858] [HailoRT] [info] [vdevice_native_stream.cpp:331] [read_impl] Failed read from stream HAILO_STREAM_ABORT(63) (device: 0001:01:00.0)
[2026-04-23 16:18:02.554] [1139859] [HailoRT] [info] [queue_elements.cpp:855] [run_in_thread] Shutdown event was signaled in dequeue of UserBuffQEl1yolo26n/conv91!
[2026-04-23 16:18:02.554] [1139858] [HailoRT] [info] [edge_elements.cpp:396] [run_pull] Reading from stream was aborted!
[2026-04-23 16:18:02.554] [1139858] [HailoRT] [info] [queue_elements.cpp:738] [run_in_thread] run_pull of queue element PullQEl_hw_read1yolo26n/conv91 was aborted!
[2026-04-23 16:18:02.554] [1139858] [HailoRT] [info] [queue_elements.cpp:68] [operator()] Thread in element PullQEl_hw_read1yolo26n/conv91 is not running anymore, exiting..
[2026-04-23 16:18:02.554] [772335] [HailoRT] [info] [queue_elements.cpp:46] [~BaseQueueElement] Queue element PullQEl_hw_read1yolo26n/conv91 has 0 frames in his Queue on destruction
[2026-04-23 16:18:02.554] [1139859] [HailoRT] [info] [queue_elements.cpp:68] [operator()] Thread in element UserBuffQEl1yolo26n/conv91 is not running anymore, exiting..
[2026-04-23 16:18:02.554] [772335] [HailoRT] [info] [queue_elements.cpp:46] [~BaseQueueElement] Queue element UserBuffQEl1yolo26n/conv91 has 0 frames in his Queue on destruction
[2026-04-23 16:18:02.554] [1139860] [HailoRT] [info] [vdevice_native_stream.cpp:331] [read_impl] Failed read from stream HAILO_STREAM_ABORT(63) (device: 0001:01:00.0)
[2026-04-23 16:18:02.554] [1139860] [HailoRT] [info] [edge_elements.cpp:396] [run_pull] Reading from stream was aborted!
[2026-04-23 16:18:02.554] [1139860] [HailoRT] [info] [queue_elements.cpp:738] [run_in_thread] run_pull of queue element PullQEl_hw_read0yolo26n/conv94 was aborted!
[2026-04-23 16:18:02.554] [1139861] [HailoRT] [info] [queue_elements.cpp:855] [run_in_thread] Shutdown event was signaled in dequeue of UserBuffQEl0yolo26n/conv94!
[2026-04-23 16:18:02.554] [1139860] [HailoRT] [info] [queue_elements.cpp:68] [operator()] Thread in element PullQEl_hw_read0yolo26n/conv94 is not running anymore, exiting..
[2026-04-23 16:18:02.554] [772335] [HailoRT] [info] [queue_elements.cpp:46] [~BaseQueueElement] Queue element PullQEl_hw_read0yolo26n/conv94 has 0 frames in his Queue on destruction
[2026-04-23 16:18:02.554] [1139861] [HailoRT] [info] [queue_elements.cpp:68] [operator()] Thread in element UserBuffQEl0yolo26n/conv94 is not running anymore, exiting..
[2026-04-23 16:18:02.554] [772335] [HailoRT] [info] [queue_elements.cpp:46] [~BaseQueueElement] Queue element UserBuffQEl0yolo26n/conv94 has 0 frames in his Queue on destruction
[2026-04-23 16:18:02.554] [1139849] [HailoRT] [info] [queue_elements.cpp:68] [operator()] Thread in element PushQEl2yolo26n/input_layer1 is not running anymore, exiting..
[2026-04-23 16:18:02.554] [772335] [HailoRT] [info] [queue_elements.cpp:46] [~BaseQueueElement] Queue element PushQEl2yolo26n/input_layer1 has 0 frames in his Queue on destruction
[2026-04-23 16:18:02.555] [772335] [HailoRT] [info] [core_op.cpp:186] [deactivate] Deactivating took 0.453721 ms
[2026-04-23 16:18:02.555] [772335] [HailoRT] [info] [core_op.cpp:186] [deactivate] Deactivating took 0.46498 ms
[2026-04-23 16:18:02.561] [772335] [HailoRT] [info] [core_op.cpp:156] [activate] Activating arcface_mobilefacenet took 0.307333 milliseconds. Note that the function is asynchronous and thus the network is not fully activated yet.
[2026-04-23 16:18:02.561] [772335] [HailoRT] [info] [core_op.cpp:156] [activate] Activating arcface_mobilefacenet took 0.339814 milliseconds. Note that the function is asynchronous and thus the network is not fully activated yet.
[2026-04-23 16:18:02.561] [772335] [HailoRT] [info] [edge_elements.cpp:52] [create] Created (HwWriteEl1arcface_mobilefacenet/input_layer1 | hw_frame_size: 37632)
[2026-04-23 16:18:02.561] [772335] [HailoRT] [info] [vstream.cpp:754] [InputVStreamImpl] Creating arcface_mobilefacenet/input_layer1...
[2026-04-23 16:18:02.561] [772335] [HailoRT] [info] [vstream_builder.cpp:102] [create_inputs] Input pipeline 'arcface_mobilefacenet/input_layer1': (HwWriteEl1arcface_mobilefacenet/input_layer1 | hw_frame_size: 37632) >> HW
[2026-04-23 16:18:02.561] [772335] [HailoRT] [info] [edge_elements.cpp:287] [create] Created (HwReadEl0arcface_mobilefacenet/fc1 | hw_frame_size: 512)
[2026-04-23 16:18:02.562] [772335] [HailoRT] [info] [queue_elements.cpp:657] [create] Created (PullQEl_hw_read0arcface_mobilefacenet/fc1)
[2026-04-23 16:18:02.562] [772335] [HailoRT] [info] [filter_elements.cpp:372] [create] Created (PostInferEl0arcface_mobilefacenet/fc1 | Quantization - src_type: UINT8, dst_type FLOAT32, limvals_min: -2.41025, limvals_max: 1.8579)
[2026-04-23 16:18:02.562] [772335] [HailoRT] [info] [queue_elements.cpp:800] [create] Created (UserBuffQEl0arcface_mobilefacenet/fc1 | timeout: 10s)
[2026-04-23 16:18:02.562] [772335] [HailoRT] [info] [vstream.cpp:1114] [OutputVStreamImpl] Creating arcface_mobilefacenet/fc1...
[2026-04-23 16:18:02.562] [772335] [HailoRT] [info] [vstream_builder.cpp:220] [create_outputs] Output pipeline 'arcface_mobilefacenet/fc1': HW >> (HwReadEl0arcface_mobilefacenet/fc1 | hw_frame_size: 512) >> (PullQEl_hw_read0arcface_mobilefacenet/fc1) >> (PostInferEl0arcface_mobilefacenet/fc1 | Quantization - src_type: UINT8, dst_type FLOAT32, limvals_min: -2.41025, limvals_max: 1.8579) >> (UserBuffQEl0arcface_mobilefacenet/fc1 | timeout: 10s)
[2026-04-23 16:18:02.568] [1139870] [HailoRT] [info] [queue_elements.cpp:855] [run_in_thread] Shutdown event was signaled in dequeue of UserBuffQEl0arcface_mobilefacenet/fc1!
[2026-04-23 16:18:02.568] [1139869] [HailoRT] [info] [vdevice_native_stream.cpp:331] [read_impl] Failed read from stream HAILO_STREAM_ABORT(63) (device: 0001:01:00.0)
[2026-04-23 16:18:02.568] [1139869] [HailoRT] [info] [edge_elements.cpp:396] [run_pull] Reading from stream was aborted!
[2026-04-23 16:18:02.568] [1139869] [HailoRT] [info] [queue_elements.cpp:738] [run_in_thread] run_pull of queue element PullQEl_hw_read0arcface_mobilefacenet/fc1 was aborted!
[2026-04-23 16:18:02.568] [1139869] [HailoRT] [info] [queue_elements.cpp:68] [operator()] Thread in element PullQEl_hw_read0arcface_mobilefacenet/fc1 is not running anymore, exiting..
[2026-04-23 16:18:02.568] [772335] [HailoRT] [info] [queue_elements.cpp:46] [~BaseQueueElement] Queue element PullQEl_hw_read0arcface_mobilefacenet/fc1 has 0 frames in his Queue on destruction
[2026-04-23 16:18:02.568] [1139870] [HailoRT] [info] [queue_elements.cpp:68] [operator()] Thread in element UserBuffQEl0arcface_mobilefacenet/fc1 is not running anymore, exiting..
[2026-04-23 16:18:02.568] [772335] [HailoRT] [info] [queue_elements.cpp:46] [~BaseQueueElement] Queue element UserBuffQEl0arcface_mobilefacenet/fc1 has 0 frames in his Queue on destruction
[2026-04-23 16:18:02.568] [772335] [HailoRT] [info] [core_op.cpp:186] [deactivate] Deactivating took 0.373018 ms
[2026-04-23 16:18:02.568] [772335] [HailoRT] [info] [core_op.cpp:186] [deactivate] Deactivating took 0.382759 ms
[2026-04-23 16:18:02.579] [772335] [HailoRT] [info] [core_op.cpp:156] [activate] Activating yolo26n took 0.624351 milliseconds. Note that the function is asynchronous and thus the network is not fully activated yet.
[2026-04-23 16:18:02.579] [772335] [HailoRT] [info] [core_op.cpp:156] [activate] Activating yolo26n took 0.665906 milliseconds. Note that the function is asynchronous and thus the network is not fully activated yet.
[2026-04-23 16:18:02.580] [772335] [HailoRT] [info] [edge_elements.cpp:52] [create] Created (HwWriteEl2yolo26n/input_layer1 | hw_frame_size: 1228800)
[2026-04-23 16:18:02.580] [772335] [HailoRT] [info] [queue_elements.cpp:284] [create] Created (PushQEl2yolo26n/input_layer1 | timeout: 10s)
[2026-04-23 16:18:02.580] [772335] [HailoRT] [info] [filter_elements.cpp:101] [create] Created (PreInferEl2yolo26n/input_layer1 | Reorder - src_order: NHWC, src_shape: (640, 640, 3), dst_order: NHCW, dst_shape: (640, 640, 3))
[2026-04-23 16:18:02.580] [772335] [HailoRT] [info] [vstream.cpp:754] [InputVStreamImpl] Creating yolo26n/input_layer1...
[2026-04-23 16:18:02.580] [772335] [HailoRT] [info] [vstream_builder.cpp:102] [create_inputs] Input pipeline 'yolo26n/input_layer1': (PreInferEl2yolo26n/input_layer1 | Reorder - src_order: NHWC, src_shape: (640, 640, 3), dst_order: NHCW, dst_shape: (640, 640, 3)) >> (PushQEl2yolo26n/input_layer1 | timeout: 10s) >> (HwWriteEl2yolo26n/input_layer1 | hw_frame_size: 1228800) >> HW
[2026-04-23 16:18:02.580] [772335] [HailoRT] [info] [edge_elements.cpp:287] [create] Created (HwReadEl3yolo26n/conv61 | hw_frame_size: 25600)
[2026-04-23 16:18:02.580] [772335] [HailoRT] [info] [queue_elements.cpp:657] [create] Created (PullQEl_hw_read3yolo26n/conv61)
[2026-04-23 16:18:02.580] [772335] [HailoRT] [info] [filter_elements.cpp:372] [create] Created (PostInferEl3yolo26n/conv61 | Quantization - src_type: UINT8, dst_type FLOAT32, limvals_min: -0.468035, limvals_max: 6.99127)
[2026-04-23 16:18:02.580] [772335] [HailoRT] [info] [queue_elements.cpp:800] [create] Created (UserBuffQEl3yolo26n/conv61 | timeout: 10s)
[2026-04-23 16:18:02.580] [772335] [HailoRT] [info] [vstream.cpp:1114] [OutputVStreamImpl] Creating yolo26n/conv61...
[2026-04-23 16:18:02.580] [772335] [HailoRT] [info] [vstream_builder.cpp:220] [create_outputs] Output pipeline 'yolo26n/conv61': HW >> (HwReadEl3yolo26n/conv61 | hw_frame_size: 25600) >> (PullQEl_hw_read3yolo26n/conv61) >> (PostInferEl3yolo26n/conv61 | Quantization - src_type: UINT8, dst_type FLOAT32, limvals_min: -0.468035, limvals_max: 6.99127) >> (UserBuffQEl3yolo26n/conv61 | timeout: 10s)
[2026-04-23 16:18:02.580] [772335] [HailoRT] [info] [edge_elements.cpp:287] [create] Created (HwReadEl2yolo26n/conv64 | hw_frame_size: 6400)
[2026-04-23 16:18:02.580] [772335] [HailoRT] [info] [queue_elements.cpp:657] [create] Created (PullQEl_hw_read2yolo26n/conv64)
[2026-04-23 16:18:02.580] [772335] [HailoRT] [info] [filter_elements.cpp:372] [create] Created (PostInferEl2yolo26n/conv64 | Quantization - src_type: UINT8, dst_type FLOAT32, limvals_min: -161.763, limvals_max: 2.5779)
[2026-04-23 16:18:02.580] [772335] [HailoRT] [info] [queue_elements.cpp:800] [create] Created (UserBuffQEl2yolo26n/conv64 | timeout: 10s)
[2026-04-23 16:18:02.581] [772335] [HailoRT] [info] [vstream.cpp:1114] [OutputVStreamImpl] Creating yolo26n/conv64...
[2026-04-23 16:18:02.581] [772335] [HailoRT] [info] [vstream_builder.cpp:220] [create_outputs] Output pipeline 'yolo26n/conv64': HW >> (HwReadEl2yolo26n/conv64 | hw_frame_size: 6400) >> (PullQEl_hw_read2yolo26n/conv64) >> (PostInferEl2yolo26n/conv64 | Quantization - src_type: UINT8, dst_type FLOAT32, limvals_min: -161.763, limvals_max: 2.5779) >> (UserBuffQEl2yolo26n/conv64 | timeout: 10s)
[2026-04-23 16:18:02.581] [772335] [HailoRT] [info] [edge_elements.cpp:287] [create] Created (HwReadEl1yolo26n/conv77 | hw_frame_size: 6400)
[2026-04-23 16:18:02.581] [772335] [HailoRT] [info] [queue_elements.cpp:657] [create] Created (PullQEl_hw_read1yolo26n/conv77)
[2026-04-23 16:18:02.581] [772335] [HailoRT] [info] [filter_elements.cpp:372] [create] Created (PostInferEl1yolo26n/conv77 | Quantization - src_type: UINT8, dst_type FLOAT32, limvals_min: -0.560223, limvals_max: 15.3127)
[2026-04-23 16:18:02.581] [772335] [HailoRT] [info] [queue_elements.cpp:800] [create] Created (UserBuffQEl1yolo26n/conv77 | timeout: 10s)
[2026-04-23 16:18:02.581] [772335] [HailoRT] [info] [vstream.cpp:1114] [OutputVStreamImpl] Creating yolo26n/conv77...
[2026-04-23 16:18:02.581] [772335] [HailoRT] [info] [vstream_builder.cpp:220] [create_outputs] Output pipeline 'yolo26n/conv77': HW >> (HwReadEl1yolo26n/conv77 | hw_frame_size: 6400) >> (PullQEl_hw_read1yolo26n/conv77) >> (PostInferEl1yolo26n/conv77 | Quantization - src_type: UINT8, dst_type FLOAT32, limvals_min: -0.560223, limvals_max: 15.3127) >> (UserBuffQEl1yolo26n/conv77 | timeout: 10s)
[2026-04-23 16:18:02.581] [772335] [HailoRT] [info] [edge_elements.cpp:287] [create] Created (HwReadEl0yolo26n/conv80 | hw_frame_size: 1600)
[2026-04-23 16:18:02.581] [772335] [HailoRT] [info] [queue_elements.cpp:657] [create] Created (PullQEl_hw_read0yolo26n/conv80)
[2026-04-23 16:18:02.581] [772335] [HailoRT] [info] [filter_elements.cpp:372] [create] Created (PostInferEl0yolo26n/conv80 | Quantization - src_type: UINT8, dst_type FLOAT32, limvals_min: -204.998, limvals_max: 2.44045)
[2026-04-23 16:18:02.581] [772335] [HailoRT] [info] [queue_elements.cpp:800] [create] Created (UserBuffQEl0yolo26n/conv80 | timeout: 10s)
[2026-04-23 16:18:02.581] [772335] [HailoRT] [info] [vstream.cpp:1114] [OutputVStreamImpl] Creating yolo26n/conv80...
[2026-04-23 16:18:02.581] [772335] [HailoRT] [info] [vstream_builder.cpp:220] [create_outputs] Output pipeline 'yolo26n/conv80': HW >> (HwReadEl0yolo26n/conv80 | hw_frame_size: 1600) >> (PullQEl_hw_read0yolo26n/conv80) >> (PostInferEl0yolo26n/conv80 | Quantization - src_type: UINT8, dst_type FLOAT32, limvals_min: -204.998, limvals_max: 2.44045) >> (UserBuffQEl0yolo26n/conv80 | timeout: 10s)
[2026-04-23 16:18:02.581] [772335] [HailoRT] [info] [edge_elements.cpp:287] [create] Created (HwReadEl1yolo26n/conv91 | hw_frame_size: 3200)
[2026-04-23 16:18:02.581] [772335] [HailoRT] [info] [queue_elements.cpp:657] [create] Created (PullQEl_hw_read1yolo26n/conv91)
[2026-04-23 16:18:02.581] [772335] [HailoRT] [info] [filter_elements.cpp:372] [create] Created (PostInferEl1yolo26n/conv91 | Quantization - src_type: UINT8, dst_type FLOAT32, limvals_min: 0, limvals_max: 14.2269 | Reorder - src_order: FCR, src_shape: (20, 20, 8), dst_order: FCR, dst_shape: (20, 20, 4))
[2026-04-23 16:18:02.581] [772335] [HailoRT] [info] [queue_elements.cpp:800] [create] Created (UserBuffQEl1yolo26n/conv91 | timeout: 10s)
[2026-04-23 16:18:02.581] [772335] [HailoRT] [info] [vstream.cpp:1114] [OutputVStreamImpl] Creating yolo26n/conv91...
[2026-04-23 16:18:02.581] [772335] [HailoRT] [info] [vstream_builder.cpp:220] [create_outputs] Output pipeline 'yolo26n/conv91': HW >> (HwReadEl1yolo26n/conv91 | hw_frame_size: 3200) >> (PullQEl_hw_read1yolo26n/conv91) >> (PostInferEl1yolo26n/conv91 | Quantization - src_type: UINT8, dst_type FLOAT32, limvals_min: 0, limvals_max: 14.2269 | Reorder - src_order: FCR, src_shape: (20, 20, 8), dst_order: FCR, dst_shape: (20, 20, 4)) >> (UserBuffQEl1yolo26n/conv91 | timeout: 10s)
[2026-04-23 16:18:02.581] [772335] [HailoRT] [info] [edge_elements.cpp:287] [create] Created (HwReadEl0yolo26n/conv94 | hw_frame_size: 3200)
[2026-04-23 16:18:02.581] [772335] [HailoRT] [info] [queue_elements.cpp:657] [create] Created (PullQEl_hw_read0yolo26n/conv94)
[2026-04-23 16:18:02.581] [772335] [HailoRT] [info] [filter_elements.cpp:372] [create] Created (PostInferEl0yolo26n/conv94 | Quantization - src_type: UINT8, dst_type FLOAT32, limvals_min: -155.797, limvals_max: 3.11594 | Reorder - src_order: FCR, src_shape: (20, 20, 8), dst_order: FCR, dst_shape: (20, 20, 1))
[2026-04-23 16:18:02.581] [772335] [HailoRT] [info] [queue_elements.cpp:800] [create] Created (UserBuffQEl0yolo26n/conv94 | timeout: 10s)
[2026-04-23 16:18:02.581] [772335] [HailoRT] [info] [vstream.cpp:1114] [OutputVStreamImpl] Creating yolo26n/conv94...
[2026-04-23 16:18:02.581] [772335] [HailoRT] [info] [vstream_builder.cpp:220] [create_outputs] Output pipeline 'yolo26n/conv94': HW >> (HwReadEl0yolo26n/conv94 | hw_frame_size: 3200) >> (PullQEl_hw_read0yolo26n/conv94) >> (PostInferEl0yolo26n/conv94 | Quantization - src_type: UINT8, dst_type FLOAT32, limvals_min: -155.797, limvals_max: 3.11594 | Reorder - src_order: FCR, src_shape: (20, 20, 8), dst_order: FCR, dst_shape: (20, 20, 1)) >> (UserBuffQEl0yolo26n/conv94 | timeout: 10s)
[2026-04-23 16:18:02.593] [1139875] [HailoRT] [info] [queue_elements.cpp:855] [run_in_thread] Shutdown event was signaled in dequeue of UserBuffQEl3yolo26n/conv61!
[2026-04-23 16:18:02.593] [1139874] [HailoRT] [info] [vdevice_native_stream.cpp:331] [read_impl] Failed read from stream HAILO_STREAM_ABORT(63) (device: 0001:01:00.0)
[2026-04-23 16:18:02.593] [1139874] [HailoRT] [info] [edge_elements.cpp:396] [run_pull] Reading from stream was aborted!
[2026-04-23 16:18:02.593] [1139874] [HailoRT] [info] [queue_elements.cpp:738] [run_in_thread] run_pull of queue element PullQEl_hw_read3yolo26n/conv61 was aborted!
[2026-04-23 16:18:02.593] [1139874] [HailoRT] [info] [queue_elements.cpp:68] [operator()] Thread in element PullQEl_hw_read3yolo26n/conv61 is not running anymore, exiting..
[2026-04-23 16:18:02.593] [772335] [HailoRT] [info] [queue_elements.cpp:46] [~BaseQueueElement] Queue element PullQEl_hw_read3yolo26n/conv61 has 0 frames in his Queue on destruction
[2026-04-23 16:18:02.593] [1139875] [HailoRT] [info] [queue_elements.cpp:68] [operator()] Thread in element UserBuffQEl3yolo26n/conv61 is not running anymore, exiting..
[2026-04-23 16:18:02.593] [772335] [HailoRT] [info] [queue_elements.cpp:46] [~BaseQueueElement] Queue element UserBuffQEl3yolo26n/conv61 has 0 frames in his Queue on destruction
[2026-04-23 16:18:02.593] [1139877] [HailoRT] [info] [queue_elements.cpp:855] [run_in_thread] Shutdown event was signaled in dequeue of UserBuffQEl2yolo26n/conv64!
[2026-04-23 16:18:02.593] [1139876] [HailoRT] [info] [vdevice_native_stream.cpp:331] [read_impl] Failed read from stream HAILO_STREAM_ABORT(63) (device: 0001:01:00.0)
[2026-04-23 16:18:02.593] [1139876] [HailoRT] [info] [edge_elements.cpp:396] [run_pull] Reading from stream was aborted!
[2026-04-23 16:18:02.593] [1139876] [HailoRT] [info] [queue_elements.cpp:738] [run_in_thread] run_pull of queue element PullQEl_hw_read2yolo26n/conv64 was aborted!
[2026-04-23 16:18:02.593] [1139876] [HailoRT] [info] [queue_elements.cpp:68] [operator()] Thread in element PullQEl_hw_read2yolo26n/conv64 is not running anymore, exiting..
[2026-04-23 16:18:02.594] [772335] [HailoRT] [info] [queue_elements.cpp:46] [~BaseQueueElement] Queue element PullQEl_hw_read2yolo26n/conv64 has 0 frames in his Queue on destruction
[2026-04-23 16:18:02.594] [1139877] [HailoRT] [info] [queue_elements.cpp:68] [operator()] Thread in element UserBuffQEl2yolo26n/conv64 is not running anymore, exiting..
[2026-04-23 16:18:02.594] [772335] [HailoRT] [info] [queue_elements.cpp:46] [~BaseQueueElement] Queue element UserBuffQEl2yolo26n/conv64 has 0 frames in his Queue on destruction
[2026-04-23 16:18:02.594] [1139879] [HailoRT] [info] [queue_elements.cpp:855] [run_in_thread] Shutdown event was signaled in dequeue of UserBuffQEl1yolo26n/conv77!
[2026-04-23 16:18:02.594] [1139878] [HailoRT] [info] [vdevice_native_stream.cpp:331] [read_impl] Failed read from stream HAILO_STREAM_ABORT(63) (device: 0001:01:00.0)
[2026-04-23 16:18:02.594] [1139878] [HailoRT] [info] [edge_elements.cpp:396] [run_pull] Reading from stream was aborted!
[2026-04-23 16:18:02.594] [1139878] [HailoRT] [info] [queue_elements.cpp:738] [run_in_thread] run_pull of queue element PullQEl_hw_read1yolo26n/conv77 was aborted!
[2026-04-23 16:18:02.594] [1139878] [HailoRT] [info] [queue_elements.cpp:68] [operator()] Thread in element PullQEl_hw_read1yolo26n/conv77 is not running anymore, exiting..
[2026-04-23 16:18:02.594] [772335] [HailoRT] [info] [queue_elements.cpp:46] [~BaseQueueElement] Queue element PullQEl_hw_read1yolo26n/conv77 has 0 frames in his Queue on destruction
[2026-04-23 16:18:02.594] [1139879] [HailoRT] [info] [queue_elements.cpp:68] [operator()] Thread in element UserBuffQEl1yolo26n/conv77 is not running anymore, exiting..
[2026-04-23 16:18:02.594] [772335] [HailoRT] [info] [queue_elements.cpp:46] [~BaseQueueElement] Queue element UserBuffQEl1yolo26n/conv77 has 0 frames in his Queue on destruction
[2026-04-23 16:18:02.594] [1139880] [HailoRT] [info] [vdevice_native_stream.cpp:331] [read_impl] Failed read from stream HAILO_STREAM_ABORT(63) (device: 0001:01:00.0)
[2026-04-23 16:18:02.594] [1139880] [HailoRT] [info] [edge_elements.cpp:396] [run_pull] Reading from stream was aborted!
[2026-04-23 16:18:02.594] [1139881] [HailoRT] [info] [queue_elements.cpp:855] [run_in_thread] Shutdown event was signaled in dequeue of UserBuffQEl0yolo26n/conv80!
[2026-04-23 16:18:02.594] [1139880] [HailoRT] [info] [queue_elements.cpp:738] [run_in_thread] run_pull of queue element PullQEl_hw_read0yolo26n/conv80 was aborted!
[2026-04-23 16:18:02.594] [1139880] [HailoRT] [info] [queue_elements.cpp:68] [operator()] Thread in element PullQEl_hw_read0yolo26n/conv80 is not running anymore, exiting..
[2026-04-23 16:18:02.594] [772335] [HailoRT] [info] [queue_elements.cpp:46] [~BaseQueueElement] Queue element PullQEl_hw_read0yolo26n/conv80 has 0 frames in his Queue on destruction
[2026-04-23 16:18:02.595] [1139881] [HailoRT] [info] [queue_elements.cpp:68] [operator()] Thread in element UserBuffQEl0yolo26n/conv80 is not running anymore, exiting..
[2026-04-23 16:18:02.595] [772335] [HailoRT] [info] [queue_elements.cpp:46] [~BaseQueueElement] Queue element UserBuffQEl0yolo26n/conv80 has 0 frames in his Queue on destruction
[2026-04-23 16:18:02.595] [1139882] [HailoRT] [info] [vdevice_native_stream.cpp:331] [read_impl] Failed read from stream HAILO_STREAM_ABORT(63) (device: 0001:01:00.0)
[2026-04-23 16:18:02.595] [1139883] [HailoRT] [info] [queue_elements.cpp:855] [run_in_thread] Shutdown event was signaled in dequeue of UserBuffQEl1yolo26n/conv91!
[2026-04-23 16:18:02.595] [1139882] [HailoRT] [info] [edge_elements.cpp:396] [run_pull] Reading from stream was aborted!
[2026-04-23 16:18:02.595] [1139882] [HailoRT] [info] [queue_elements.cpp:738] [run_in_thread] run_pull of queue element PullQEl_hw_read1yolo26n/conv91 was aborted!
[2026-04-23 16:18:02.595] [1139882] [HailoRT] [info] [queue_elements.cpp:68] [operator()] Thread in element PullQEl_hw_read1yolo26n/conv91 is not running anymore, exiting..
[2026-04-23 16:18:02.595] [772335] [HailoRT] [info] [queue_elements.cpp:46] [~BaseQueueElement] Queue element PullQEl_hw_read1yolo26n/conv91 has 0 frames in his Queue on destruction
[2026-04-23 16:18:02.595] [1139883] [HailoRT] [info] [queue_elements.cpp:68] [operator()] Thread in element UserBuffQEl1yolo26n/conv91 is not running anymore, exiting..
[2026-04-23 16:18:02.595] [772335] [HailoRT] [info] [queue_elements.cpp:46] [~BaseQueueElement] Queue element UserBuffQEl1yolo26n/conv91 has 0 frames in his Queue on destruction
[2026-04-23 16:18:02.595] [1139885] [HailoRT] [info] [queue_elements.cpp:855] [run_in_thread] Shutdown event was signaled in dequeue of UserBuffQEl0yolo26n/conv94!
[2026-04-23 16:18:02.595] [1139884] [HailoRT] [info] [vdevice_native_stream.cpp:331] [read_impl] Failed read from stream HAILO_STREAM_ABORT(63) (device: 0001:01:00.0)
[2026-04-23 16:18:02.595] [1139884] [HailoRT] [info] [edge_elements.cpp:396] [run_pull] Reading from stream was aborted!
[2026-04-23 16:18:02.595] [1139884] [HailoRT] [info] [queue_elements.cpp:738] [run_in_thread] run_pull of queue element PullQEl_hw_read0yolo26n/conv94 was aborted!
[2026-04-23 16:18:02.596] [1139884] [HailoRT] [info] [queue_elements.cpp:68] [operator()] Thread in element PullQEl_hw_read0yolo26n/conv94 is not running anymore, exiting..
[2026-04-23 16:18:02.596] [772335] [HailoRT] [info] [queue_elements.cpp:46] [~BaseQueueElement] Queue element PullQEl_hw_read0yolo26n/conv94 has 0 frames in his Queue on destruction
[2026-04-23 16:18:02.596] [1139885] [HailoRT] [info] [queue_elements.cpp:68] [operator()] Thread in element UserBuffQEl0yolo26n/conv94 is not running anymore, exiting..
[2026-04-23 16:18:02.596] [772335] [HailoRT] [info] [queue_elements.cpp:46] [~BaseQueueElement] Queue element UserBuffQEl0yolo26n/conv94 has 0 frames in his Queue on destruction
[2026-04-23 16:18:02.596] [1139873] [HailoRT] [info] [queue_elements.cpp:68] [operator()] Thread in element PushQEl2yolo26n/input_layer1 is not running anymore, exiting..
[2026-04-23 16:18:02.596] [772335] [HailoRT] [info] [queue_elements.cpp:46] [~BaseQueueElement] Queue element PushQEl2yolo26n/input_layer1 has 0 frames in his Queue on destruction
[2026-04-23 16:18:02.596] [772335] [HailoRT] [info] [core_op.cpp:186] [deactivate] Deactivating took 0.576573 ms
[2026-04-23 16:18:02.596] [772335] [HailoRT] [info] [core_op.cpp:186] [deactivate] Deactivating took 0.592147 ms
[2026-04-23 16:18:02.603] [772335] [HailoRT] [info] [core_op.cpp:156] [activate] Activating arcface_mobilefacenet took 0.243759 milliseconds. Note that the function is asynchronous and thus the network is not fully activated yet.
[2026-04-23 16:18:02.603] [772335] [HailoRT] [info] [core_op.cpp:156] [activate] Activating arcface_mobilefacenet took 0.291277 milliseconds. Note that the function is asynchronous and thus the network is not fully activated yet.
[2026-04-23 16:18:02.603] [772335] [HailoRT] [info] [edge_elements.cpp:52] [create] Created (HwWriteEl1arcface_mobilefacenet/input_layer1 | hw_frame_size: 37632)
[2026-04-23 16:18:02.603] [772335] [HailoRT] [info] [vstream.cpp:754] [InputVStreamImpl] Creating arcface_mobilefacenet/input_layer1...
[2026-04-23 16:18:02.603] [772335] [HailoRT] [info] [vstream_builder.cpp:102] [create_inputs] Input pipeline 'arcface_mobilefacenet/input_layer1': (HwWriteEl1arcface_mobilefacenet/input_layer1 | hw_frame_size: 37632) >> HW
[2026-04-23 16:18:02.603] [772335] [HailoRT] [info] [edge_elements.cpp:287] [create] Created (HwReadEl0arcface_mobilefacenet/fc1 | hw_frame_size: 512)
[2026-04-23 16:18:02.603] [772335] [HailoRT] [info] [queue_elements.cpp:657] [create] Created (PullQEl_hw_read0arcface_mobilefacenet/fc1)
[2026-04-23 16:18:02.603] [772335] [HailoRT] [info] [filter_elements.cpp:372] [create] Created (PostInferEl0arcface_mobilefacenet/fc1 | Quantization - src_type: UINT8, dst_type FLOAT32, limvals_min: -2.41025, limvals_max: 1.8579)
[2026-04-23 16:18:02.603] [772335] [HailoRT] [info] [queue_elements.cpp:800] [create] Created (UserBuffQEl0arcface_mobilefacenet/fc1 | timeout: 10s)
[2026-04-23 16:18:02.603] [772335] [HailoRT] [info] [vstream.cpp:1114] [OutputVStreamImpl] Creating arcface_mobilefacenet/fc1...
[2026-04-23 16:18:02.603] [772335] [HailoRT] [info] [vstream_builder.cpp:220] [create_outputs] Output pipeline 'arcface_mobilefacenet/fc1': HW >> (HwReadEl0arcface_mobilefacenet/fc1 | hw_frame_size: 512) >> (PullQEl_hw_read0arcface_mobilefacenet/fc1) >> (PostInferEl0arcface_mobilefacenet/fc1 | Quantization - src_type: UINT8, dst_type FLOAT32, limvals_min: -2.41025, limvals_max: 1.8579) >> (UserBuffQEl0arcface_mobilefacenet/fc1 | timeout: 10s)
[2026-04-23 16:18:02.609] [1139894] [HailoRT] [info] [queue_elements.cpp:855] [run_in_thread] Shutdown event was signaled in dequeue of UserBuffQEl0arcface_mobilefacenet/fc1!
[2026-04-23 16:18:02.609] [1139893] [HailoRT] [info] [vdevice_native_stream.cpp:331] [read_impl] Failed read from stream HAILO_STREAM_ABORT(63) (device: 0001:01:00.0)
[2026-04-23 16:18:02.609] [1139893] [HailoRT] [info] [edge_elements.cpp:396] [run_pull] Reading from stream was aborted!
[2026-04-23 16:18:02.609] [1139893] [HailoRT] [info] [queue_elements.cpp:738] [run_in_thread] run_pull of queue element PullQEl_hw_read0arcface_mobilefacenet/fc1 was aborted!
[2026-04-23 16:18:02.609] [1139893] [HailoRT] [info] [queue_elements.cpp:68] [operator()] Thread in element PullQEl_hw_read0arcface_mobilefacenet/fc1 is not running anymore, exiting..
[2026-04-23 16:18:02.609] [772335] [HailoRT] [info] [queue_elements.cpp:46] [~BaseQueueElement] Queue element PullQEl_hw_read0arcface_mobilefacenet/fc1 has 0 frames in his Queue on destruction
[2026-04-23 16:18:02.609] [1139894] [HailoRT] [info] [queue_elements.cpp:68] [operator()] Thread in element UserBuffQEl0arcface_mobilefacenet/fc1 is not running anymore, exiting..
[2026-04-23 16:18:02.609] [772335] [HailoRT] [info] [queue_elements.cpp:46] [~BaseQueueElement] Queue element UserBuffQEl0arcface_mobilefacenet/fc1 has 0 frames in his Queue on destruction
[2026-04-23 16:18:02.610] [772335] [HailoRT] [info] [core_op.cpp:186] [deactivate] Deactivating took 0.36561 ms
[2026-04-23 16:18:02.610] [772335] [HailoRT] [info] [core_op.cpp:186] [deactivate] Deactivating took 0.373907 ms
[2026-04-23 16:18:02.622] [772335] [HailoRT] [info] [core_op.cpp:156] [activate] Activating yolo26n took 0.54211 milliseconds. Note that the function is asynchronous and thus the network is not fully activated yet.
[2026-04-23 16:18:02.622] [772335] [HailoRT] [info] [core_op.cpp:156] [activate] Activating yolo26n took 0.60774 milliseconds. Note that the function is asynchronous and thus the network is not fully activated yet.
[2026-04-23 16:18:02.622] [772335] [HailoRT] [info] [edge_elements.cpp:52] [create] Created (HwWriteEl2yolo26n/input_layer1 | hw_frame_size: 1228800)
[2026-04-23 16:18:02.622] [772335] [HailoRT] [info] [queue_elements.cpp:284] [create] Created (PushQEl2yolo26n/input_layer1 | timeout: 10s)
[2026-04-23 16:18:02.622] [772335] [HailoRT] [info] [filter_elements.cpp:101] [create] Created (PreInferEl2yolo26n/input_layer1 | Reorder - src_order: NHWC, src_shape: (640, 640, 3), dst_order: NHCW, dst_shape: (640, 640, 3))
[2026-04-23 16:18:02.622] [772335] [HailoRT] [info] [vstream.cpp:754] [InputVStreamImpl] Creating yolo26n/input_layer1...
[2026-04-23 16:18:02.622] [772335] [HailoRT] [info] [vstream_builder.cpp:102] [create_inputs] Input pipeline 'yolo26n/input_layer1': (PreInferEl2yolo26n/input_layer1 | Reorder - src_order: NHWC, src_shape: (640, 640, 3), dst_order: NHCW, dst_shape: (640, 640, 3)) >> (PushQEl2yolo26n/input_layer1 | timeout: 10s) >> (HwWriteEl2yolo26n/input_layer1 | hw_frame_size: 1228800) >> HW
[2026-04-23 16:18:02.623] [772335] [HailoRT] [info] [edge_elements.cpp:287] [create] Created (HwReadEl3yolo26n/conv61 | hw_frame_size: 25600)
[2026-04-23 16:18:02.623] [772335] [HailoRT] [info] [queue_elements.cpp:657] [create] Created (PullQEl_hw_read3yolo26n/conv61)
[2026-04-23 16:18:02.623] [772335] [HailoRT] [info] [filter_elements.cpp:372] [create] Created (PostInferEl3yolo26n/conv61 | Quantization - src_type: UINT8, dst_type FLOAT32, limvals_min: -0.468035, limvals_max: 6.99127)
[2026-04-23 16:18:02.623] [772335] [HailoRT] [info] [queue_elements.cpp:800] [create] Created (UserBuffQEl3yolo26n/conv61 | timeout: 10s)
[2026-04-23 16:18:02.623] [772335] [HailoRT] [info] [vstream.cpp:1114] [OutputVStreamImpl] Creating yolo26n/conv61...
[2026-04-23 16:18:02.623] [772335] [HailoRT] [info] [vstream_builder.cpp:220] [create_outputs] Output pipeline 'yolo26n/conv61': HW >> (HwReadEl3yolo26n/conv61 | hw_frame_size: 25600) >> (PullQEl_hw_read3yolo26n/conv61) >> (PostInferEl3yolo26n/conv61 | Quantization - src_type: UINT8, dst_type FLOAT32, limvals_min: -0.468035, limvals_max: 6.99127) >> (UserBuffQEl3yolo26n/conv61 | timeout: 10s)
[2026-04-23 16:18:02.623] [772335] [HailoRT] [info] [edge_elements.cpp:287] [create] Created (HwReadEl2yolo26n/conv64 | hw_frame_size: 6400)
[2026-04-23 16:18:02.623] [772335] [HailoRT] [info] [queue_elements.cpp:657] [create] Created (PullQEl_hw_read2yolo26n/conv64)
[2026-04-23 16:18:02.623] [772335] [HailoRT] [info] [filter_elements.cpp:372] [create] Created (PostInferEl2yolo26n/conv64 | Quantization - src_type: UINT8, dst_type FLOAT32, limvals_min: -161.763, limvals_max: 2.5779)
[2026-04-23 16:18:02.623] [772335] [HailoRT] [info] [queue_elements.cpp:800] [create] Created (UserBuffQEl2yolo26n/conv64 | timeout: 10s)
[2026-04-23 16:18:02.623] [772335] [HailoRT] [info] [vstream.cpp:1114] [OutputVStreamImpl] Creating yolo26n/conv64...
[2026-04-23 16:18:02.623] [772335] [HailoRT] [info] [vstream_builder.cpp:220] [create_outputs] Output pipeline 'yolo26n/conv64': HW >> (HwReadEl2yolo26n/conv64 | hw_frame_size: 6400) >> (PullQEl_hw_read2yolo26n/conv64) >> (PostInferEl2yolo26n/conv64 | Quantization - src_type: UINT8, dst_type FLOAT32, limvals_min: -161.763, limvals_max: 2.5779) >> (UserBuffQEl2yolo26n/conv64 | timeout: 10s)
[2026-04-23 16:18:02.623] [772335] [HailoRT] [info] [edge_elements.cpp:287] [create] Created (HwReadEl1yolo26n/conv77 | hw_frame_size: 6400)
[2026-04-23 16:18:02.623] [772335] [HailoRT] [info] [queue_elements.cpp:657] [create] Created (PullQEl_hw_read1yolo26n/conv77)
[2026-04-23 16:18:02.623] [772335] [HailoRT] [info] [filter_elements.cpp:372] [create] Created (PostInferEl1yolo26n/conv77 | Quantization - src_type: UINT8, dst_type FLOAT32, limvals_min: -0.560223, limvals_max: 15.3127)
[2026-04-23 16:18:02.623] [772335] [HailoRT] [info] [queue_elements.cpp:800] [create] Created (UserBuffQEl1yolo26n/conv77 | timeout: 10s)
[2026-04-23 16:18:02.623] [772335] [HailoRT] [info] [vstream.cpp:1114] [OutputVStreamImpl] Creating yolo26n/conv77...
[2026-04-23 16:18:02.623] [772335] [HailoRT] [info] [vstream_builder.cpp:220] [create_outputs] Output pipeline 'yolo26n/conv77': HW >> (HwReadEl1yolo26n/conv77 | hw_frame_size: 6400) >> (PullQEl_hw_read1yolo26n/conv77) >> (PostInferEl1yolo26n/conv77 | Quantization - src_type: UINT8, dst_type FLOAT32, limvals_min: -0.560223, limvals_max: 15.3127) >> (UserBuffQEl1yolo26n/conv77 | timeout: 10s)
[2026-04-23 16:18:02.623] [772335] [HailoRT] [info] [edge_elements.cpp:287] [create] Created (HwReadEl0yolo26n/conv80 | hw_frame_size: 1600)
[2026-04-23 16:18:02.623] [772335] [HailoRT] [info] [queue_elements.cpp:657] [create] Created (PullQEl_hw_read0yolo26n/conv80)
[2026-04-23 16:18:02.623] [772335] [HailoRT] [info] [filter_elements.cpp:372] [create] Created (PostInferEl0yolo26n/conv80 | Quantization - src_type: UINT8, dst_type FLOAT32, limvals_min: -204.998, limvals_max: 2.44045)
[2026-04-23 16:18:02.623] [772335] [HailoRT] [info] [queue_elements.cpp:800] [create] Created (UserBuffQEl0yolo26n/conv80 | timeout: 10s)
[2026-04-23 16:18:02.623] [772335] [HailoRT] [info] [vstream.cpp:1114] [OutputVStreamImpl] Creating yolo26n/conv80...
[2026-04-23 16:18:02.623] [772335] [HailoRT] [info] [vstream_builder.cpp:220] [create_outputs] Output pipeline 'yolo26n/conv80': HW >> (HwReadEl0yolo26n/conv80 | hw_frame_size: 1600) >> (PullQEl_hw_read0yolo26n/conv80) >> (PostInferEl0yolo26n/conv80 | Quantization - src_type: UINT8, dst_type FLOAT32, limvals_min: -204.998, limvals_max: 2.44045) >> (UserBuffQEl0yolo26n/conv80 | timeout: 10s)
[2026-04-23 16:18:02.623] [772335] [HailoRT] [info] [edge_elements.cpp:287] [create] Created (HwReadEl1yolo26n/conv91 | hw_frame_size: 3200)
[2026-04-23 16:18:02.623] [772335] [HailoRT] [info] [queue_elements.cpp:657] [create] Created (PullQEl_hw_read1yolo26n/conv91)
[2026-04-23 16:18:02.623] [772335] [HailoRT] [info] [filter_elements.cpp:372] [create] Created (PostInferEl1yolo26n/conv91 | Quantization - src_type: UINT8, dst_type FLOAT32, limvals_min: 0, limvals_max: 14.2269 | Reorder - src_order: FCR, src_shape: (20, 20, 8), dst_order: FCR, dst_shape: (20, 20, 4))
[2026-04-23 16:18:02.624] [772335] [HailoRT] [info] [queue_elements.cpp:800] [create] Created (UserBuffQEl1yolo26n/conv91 | timeout: 10s)
[2026-04-23 16:18:02.624] [772335] [HailoRT] [info] [vstream.cpp:1114] [OutputVStreamImpl] Creating yolo26n/conv91...
[2026-04-23 16:18:02.624] [772335] [HailoRT] [info] [vstream_builder.cpp:220] [create_outputs] Output pipeline 'yolo26n/conv91': HW >> (HwReadEl1yolo26n/conv91 | hw_frame_size: 3200) >> (PullQEl_hw_read1yolo26n/conv91) >> (PostInferEl1yolo26n/conv91 | Quantization - src_type: UINT8, dst_type FLOAT32, limvals_min: 0, limvals_max: 14.2269 | Reorder - src_order: FCR, src_shape: (20, 20, 8), dst_order: FCR, dst_shape: (20, 20, 4)) >> (UserBuffQEl1yolo26n/conv91 | timeout: 10s)
[2026-04-23 16:18:02.624] [772335] [HailoRT] [info] [edge_elements.cpp:287] [create] Created (HwReadEl0yolo26n/conv94 | hw_frame_size: 3200)
[2026-04-23 16:18:02.624] [772335] [HailoRT] [info] [queue_elements.cpp:657] [create] Created (PullQEl_hw_read0yolo26n/conv94)
[2026-04-23 16:18:02.624] [772335] [HailoRT] [info] [filter_elements.cpp:372] [create] Created (PostInferEl0yolo26n/conv94 | Quantization - src_type: UINT8, dst_type FLOAT32, limvals_min: -155.797, limvals_max: 3.11594 | Reorder - src_order: FCR, src_shape: (20, 20, 8), dst_order: FCR, dst_shape: (20, 20, 1))
[2026-04-23 16:18:02.624] [772335] [HailoRT] [info] [queue_elements.cpp:800] [create] Created (UserBuffQEl0yolo26n/conv94 | timeout: 10s)
[2026-04-23 16:18:02.624] [772335] [HailoRT] [info] [vstream.cpp:1114] [OutputVStreamImpl] Creating yolo26n/conv94...
[2026-04-23 16:18:02.624] [772335] [HailoRT] [info] [vstream_builder.cpp:220] [create_outputs] Output pipeline 'yolo26n/conv94': HW >> (HwReadEl0yolo26n/conv94 | hw_frame_size: 3200) >> (PullQEl_hw_read0yolo26n/conv94) >> (PostInferEl0yolo26n/conv94 | Quantization - src_type: UINT8, dst_type FLOAT32, limvals_min: -155.797, limvals_max: 3.11594 | Reorder - src_order: FCR, src_shape: (20, 20, 8), dst_order: FCR, dst_shape: (20, 20, 1)) >> (UserBuffQEl0yolo26n/conv94 | timeout: 10s)
[2026-04-23 16:18:02.635] [1139899] [HailoRT] [info] [queue_elements.cpp:855] [run_in_thread] Shutdown event was signaled in dequeue of UserBuffQEl3yolo26n/conv61!
[2026-04-23 16:18:02.635] [1139898] [HailoRT] [info] [vdevice_native_stream.cpp:331] [read_impl] Failed read from stream HAILO_STREAM_ABORT(63) (device: 0001:01:00.0)
[2026-04-23 16:18:02.635] [1139898] [HailoRT] [info] [edge_elements.cpp:396] [run_pull] Reading from stream was aborted!
[2026-04-23 16:18:02.635] [1139898] [HailoRT] [info] [queue_elements.cpp:738] [run_in_thread] run_pull of queue element PullQEl_hw_read3yolo26n/conv61 was aborted!
[2026-04-23 16:18:02.635] [1139898] [HailoRT] [info] [queue_elements.cpp:68] [operator()] Thread in element PullQEl_hw_read3yolo26n/conv61 is not running anymore, exiting..
[2026-04-23 16:18:02.635] [772335] [HailoRT] [info] [queue_elements.cpp:46] [~BaseQueueElement] Queue element PullQEl_hw_read3yolo26n/conv61 has 0 frames in his Queue on destruction
[2026-04-23 16:18:02.636] [1139899] [HailoRT] [info] [queue_elements.cpp:68] [operator()] Thread in element UserBuffQEl3yolo26n/conv61 is not running anymore, exiting..
[2026-04-23 16:18:02.636] [772335] [HailoRT] [info] [queue_elements.cpp:46] [~BaseQueueElement] Queue element UserBuffQEl3yolo26n/conv61 has 0 frames in his Queue on destruction
[2026-04-23 16:18:02.636] [1139901] [HailoRT] [info] [queue_elements.cpp:855] [run_in_thread] Shutdown event was signaled in dequeue of UserBuffQEl2yolo26n/conv64!
[2026-04-23 16:18:02.636] [1139900] [HailoRT] [info] [vdevice_native_stream.cpp:331] [read_impl] Failed read from stream HAILO_STREAM_ABORT(63) (device: 0001:01:00.0)
[2026-04-23 16:18:02.636] [1139900] [HailoRT] [info] [edge_elements.cpp:396] [run_pull] Reading from stream was aborted!
[2026-04-23 16:18:02.636] [1139900] [HailoRT] [info] [queue_elements.cpp:738] [run_in_thread] run_pull of queue element PullQEl_hw_read2yolo26n/conv64 was aborted!
[2026-04-23 16:18:02.636] [1139900] [HailoRT] [info] [queue_elements.cpp:68] [operator()] Thread in element PullQEl_hw_read2yolo26n/conv64 is not running anymore, exiting..
[2026-04-23 16:18:02.636] [772335] [HailoRT] [info] [queue_elements.cpp:46] [~BaseQueueElement] Queue element PullQEl_hw_read2yolo26n/conv64 has 0 frames in his Queue on destruction
[2026-04-23 16:18:02.636] [1139901] [HailoRT] [info] [queue_elements.cpp:68] [operator()] Thread in element UserBuffQEl2yolo26n/conv64 is not running anymore, exiting..
[2026-04-23 16:18:02.636] [772335] [HailoRT] [info] [queue_elements.cpp:46] [~BaseQueueElement] Queue element UserBuffQEl2yolo26n/conv64 has 0 frames in his Queue on destruction
[2026-04-23 16:18:02.636] [1139903] [HailoRT] [info] [queue_elements.cpp:855] [run_in_thread] Shutdown event was signaled in dequeue of UserBuffQEl1yolo26n/conv77!
[2026-04-23 16:18:02.636] [1139902] [HailoRT] [info] [vdevice_native_stream.cpp:331] [read_impl] Failed read from stream HAILO_STREAM_ABORT(63) (device: 0001:01:00.0)
[2026-04-23 16:18:02.636] [1139902] [HailoRT] [info] [edge_elements.cpp:396] [run_pull] Reading from stream was aborted!
[2026-04-23 16:18:02.636] [1139902] [HailoRT] [info] [queue_elements.cpp:738] [run_in_thread] run_pull of queue element PullQEl_hw_read1yolo26n/conv77 was aborted!
[2026-04-23 16:18:02.636] [1139902] [HailoRT] [info] [queue_elements.cpp:68] [operator()] Thread in element PullQEl_hw_read1yolo26n/conv77 is not running anymore, exiting..
[2026-04-23 16:18:02.636] [772335] [HailoRT] [info] [queue_elements.cpp:46] [~BaseQueueElement] Queue element PullQEl_hw_read1yolo26n/conv77 has 0 frames in his Queue on destruction
[2026-04-23 16:18:02.636] [1139903] [HailoRT] [info] [queue_elements.cpp:68] [operator()] Thread in element UserBuffQEl1yolo26n/conv77 is not running anymore, exiting..
[2026-04-23 16:18:02.636] [772335] [HailoRT] [info] [queue_elements.cpp:46] [~BaseQueueElement] Queue element UserBuffQEl1yolo26n/conv77 has 0 frames in his Queue on destruction
[2026-04-23 16:18:02.636] [1139904] [HailoRT] [info] [vdevice_native_stream.cpp:331] [read_impl] Failed read from stream HAILO_STREAM_ABORT(63) (device: 0001:01:00.0)
[2026-04-23 16:18:02.636] [1139904] [HailoRT] [info] [edge_elements.cpp:396] [run_pull] Reading from stream was aborted!
[2026-04-23 16:18:02.636] [1139905] [HailoRT] [info] [queue_elements.cpp:855] [run_in_thread] Shutdown event was signaled in dequeue of UserBuffQEl0yolo26n/conv80!
[2026-04-23 16:18:02.636] [1139904] [HailoRT] [info] [queue_elements.cpp:738] [run_in_thread] run_pull of queue element PullQEl_hw_read0yolo26n/conv80 was aborted!
[2026-04-23 16:18:02.636] [1139904] [HailoRT] [info] [queue_elements.cpp:68] [operator()] Thread in element PullQEl_hw_read0yolo26n/conv80 is not running anymore, exiting..
[2026-04-23 16:18:02.636] [772335] [HailoRT] [info] [queue_elements.cpp:46] [~BaseQueueElement] Queue element PullQEl_hw_read0yolo26n/conv80 has 0 frames in his Queue on destruction
[2026-04-23 16:18:02.636] [1139905] [HailoRT] [info] [queue_elements.cpp:68] [operator()] Thread in element UserBuffQEl0yolo26n/conv80 is not running anymore, exiting..
[2026-04-23 16:18:02.636] [772335] [HailoRT] [info] [queue_elements.cpp:46] [~BaseQueueElement] Queue element UserBuffQEl0yolo26n/conv80 has 0 frames in his Queue on destruction
[2026-04-23 16:18:02.636] [1139906] [HailoRT] [info] [vdevice_native_stream.cpp:331] [read_impl] Failed read from stream HAILO_STREAM_ABORT(63) (device: 0001:01:00.0)
[2026-04-23 16:18:02.636] [1139907] [HailoRT] [info] [queue_elements.cpp:855] [run_in_thread] Shutdown event was signaled in dequeue of UserBuffQEl1yolo26n/conv91!
[2026-04-23 16:18:02.636] [1139906] [HailoRT] [info] [edge_elements.cpp:396] [run_pull] Reading from stream was aborted!
[2026-04-23 16:18:02.636] [1139906] [HailoRT] [info] [queue_elements.cpp:738] [run_in_thread] run_pull of queue element PullQEl_hw_read1yolo26n/conv91 was aborted!
[2026-04-23 16:18:02.636] [1139906] [HailoRT] [info] [queue_elements.cpp:68] [operator()] Thread in element PullQEl_hw_read1yolo26n/conv91 is not running anymore, exiting..
[2026-04-23 16:18:02.636] [772335] [HailoRT] [info] [queue_elements.cpp:46] [~BaseQueueElement] Queue element PullQEl_hw_read1yolo26n/conv91 has 0 frames in his Queue on destruction
[2026-04-23 16:18:02.636] [1139907] [HailoRT] [info] [queue_elements.cpp:68] [operator()] Thread in element UserBuffQEl1yolo26n/conv91 is not running anymore, exiting..
[2026-04-23 16:18:02.636] [772335] [HailoRT] [info] [queue_elements.cpp:46] [~BaseQueueElement] Queue element UserBuffQEl1yolo26n/conv91 has 0 frames in his Queue on destruction
[2026-04-23 16:18:02.636] [1139909] [HailoRT] [info] [queue_elements.cpp:855] [run_in_thread] Shutdown event was signaled in dequeue of UserBuffQEl0yolo26n/conv94!
[2026-04-23 16:18:02.636] [1139908] [HailoRT] [info] [vdevice_native_stream.cpp:331] [read_impl] Failed read from stream HAILO_STREAM_ABORT(63) (device: 0001:01:00.0)
[2026-04-23 16:18:02.636] [1139908] [HailoRT] [info] [edge_elements.cpp:396] [run_pull] Reading from stream was aborted!
[2026-04-23 16:18:02.636] [1139908] [HailoRT] [info] [queue_elements.cpp:738] [run_in_thread] run_pull of queue element PullQEl_hw_read0yolo26n/conv94 was aborted!
[2026-04-23 16:18:02.636] [1139908] [HailoRT] [info] [queue_elements.cpp:68] [operator()] Thread in element PullQEl_hw_read0yolo26n/conv94 is not running anymore, exiting..
[2026-04-23 16:18:02.636] [772335] [HailoRT] [info] [queue_elements.cpp:46] [~BaseQueueElement] Queue element PullQEl_hw_read0yolo26n/conv94 has 0 frames in his Queue on destruction
[2026-04-23 16:18:02.636] [1139909] [HailoRT] [info] [queue_elements.cpp:68] [operator()] Thread in element UserBuffQEl0yolo26n/conv94 is not running anymore, exiting..
[2026-04-23 16:18:02.636] [772335] [HailoRT] [info] [queue_elements.cpp:46] [~BaseQueueElement] Queue element UserBuffQEl0yolo26n/conv94 has 0 frames in his Queue on destruction
[2026-04-23 16:18:02.636] [1139897] [HailoRT] [info] [queue_elements.cpp:68] [operator()] Thread in element PushQEl2yolo26n/input_layer1 is not running anymore, exiting..
[2026-04-23 16:18:02.636] [772335] [HailoRT] [info] [queue_elements.cpp:46] [~BaseQueueElement] Queue element PushQEl2yolo26n/input_layer1 has 0 frames in his Queue on destruction
[2026-04-23 16:18:02.637] [772335] [HailoRT] [info] [core_op.cpp:186] [deactivate] Deactivating took 0.446795 ms
[2026-04-23 16:18:02.637] [772335] [HailoRT] [info] [core_op.cpp:186] [deactivate] Deactivating took 0.458573 ms
[2026-04-23 16:18:02.643] [772335] [HailoRT] [info] [core_op.cpp:156] [activate] Activating arcface_mobilefacenet took 0.248777 milliseconds. Note that the function is asynchronous and thus the network is not fully activated yet.
[2026-04-23 16:18:02.643] [772335] [HailoRT] [info] [core_op.cpp:156] [activate] Activating arcface_mobilefacenet took 0.268684 milliseconds. Note that the function is asynchronous and thus the network is not fully activated yet.
[2026-04-23 16:18:02.643] [772335] [HailoRT] [info] [edge_elements.cpp:52] [create] Created (HwWriteEl1arcface_mobilefacenet/input_layer1 | hw_frame_size: 37632)
[2026-04-23 16:18:02.643] [772335] [HailoRT] [info] [vstream.cpp:754] [InputVStreamImpl] Creating arcface_mobilefacenet/input_layer1...
[2026-04-23 16:18:02.643] [772335] [HailoRT] [info] [vstream_builder.cpp:102] [create_inputs] Input pipeline 'arcface_mobilefacenet/input_layer1': (HwWriteEl1arcface_mobilefacenet/input_layer1 | hw_frame_size: 37632) >> HW
[2026-04-23 16:18:02.643] [772335] [HailoRT] [info] [edge_elements.cpp:287] [create] Created (HwReadEl0arcface_mobilefacenet/fc1 | hw_frame_size: 512)
[2026-04-23 16:18:02.643] [772335] [HailoRT] [info] [queue_elements.cpp:657] [create] Created (PullQEl_hw_read0arcface_mobilefacenet/fc1)
[2026-04-23 16:18:02.643] [772335] [HailoRT] [info] [filter_elements.cpp:372] [create] Created (PostInferEl0arcface_mobilefacenet/fc1 | Quantization - src_type: UINT8, dst_type FLOAT32, limvals_min: -2.41025, limvals_max: 1.8579)
[2026-04-23 16:18:02.643] [772335] [HailoRT] [info] [queue_elements.cpp:800] [create] Created (UserBuffQEl0arcface_mobilefacenet/fc1 | timeout: 10s)
[2026-04-23 16:18:02.643] [772335] [HailoRT] [info] [vstream.cpp:1114] [OutputVStreamImpl] Creating arcface_mobilefacenet/fc1...
[2026-04-23 16:18:02.643] [772335] [HailoRT] [info] [vstream_builder.cpp:220] [create_outputs] Output pipeline 'arcface_mobilefacenet/fc1': HW >> (HwReadEl0arcface_mobilefacenet/fc1 | hw_frame_size: 512) >> (PullQEl_hw_read0arcface_mobilefacenet/fc1) >> (PostInferEl0arcface_mobilefacenet/fc1 | Quantization - src_type: UINT8, dst_type FLOAT32, limvals_min: -2.41025, limvals_max: 1.8579) >> (UserBuffQEl0arcface_mobilefacenet/fc1 | timeout: 10s)
[2026-04-23 16:18:02.649] [1139918] [HailoRT] [info] [queue_elements.cpp:855] [run_in_thread] Shutdown event was signaled in dequeue of UserBuffQEl0arcface_mobilefacenet/fc1!
[2026-04-23 16:18:02.649] [1139917] [HailoRT] [info] [vdevice_native_stream.cpp:331] [read_impl] Failed read from stream HAILO_STREAM_ABORT(63) (device: 0001:01:00.0)
[2026-04-23 16:18:02.649] [1139917] [HailoRT] [info] [edge_elements.cpp:396] [run_pull] Reading from stream was aborted!
[2026-04-23 16:18:02.649] [1139917] [HailoRT] [info] [queue_elements.cpp:738] [run_in_thread] run_pull of queue element PullQEl_hw_read0arcface_mobilefacenet/fc1 was aborted!
[2026-04-23 16:18:02.649] [1139917] [HailoRT] [info] [queue_elements.cpp:68] [operator()] Thread in element PullQEl_hw_read0arcface_mobilefacenet/fc1 is not running anymore, exiting..
[2026-04-23 16:18:02.649] [772335] [HailoRT] [info] [queue_elements.cpp:46] [~BaseQueueElement] Queue element PullQEl_hw_read0arcface_mobilefacenet/fc1 has 0 frames in his Queue on destruction
[2026-04-23 16:18:02.649] [1139918] [HailoRT] [info] [queue_elements.cpp:68] [operator()] Thread in element UserBuffQEl0arcface_mobilefacenet/fc1 is not running anymore, exiting..
[2026-04-23 16:18:02.649] [772335] [HailoRT] [info] [queue_elements.cpp:46] [~BaseQueueElement] Queue element UserBuffQEl0arcface_mobilefacenet/fc1 has 0 frames in his Queue on destruction
[2026-04-23 16:18:02.650] [772335] [HailoRT] [info] [core_op.cpp:186] [deactivate] Deactivating took 0.368832 ms
[2026-04-23 16:18:02.650] [772335] [HailoRT] [info] [core_op.cpp:186] [deactivate] Deactivating took 0.379277 ms
[2026-04-23 16:18:02.659] [772335] [HailoRT] [info] [core_op.cpp:156] [activate] Activating yolo26n took 0.541777 milliseconds. Note that the function is asynchronous and thus the network is not fully activated yet.
[2026-04-23 16:18:02.659] [772335] [HailoRT] [info] [core_op.cpp:156] [activate] Activating yolo26n took 0.56898 milliseconds. Note that the function is asynchronous and thus the network is not fully activated yet.
[2026-04-23 16:18:02.659] [772335] [HailoRT] [info] [edge_elements.cpp:52] [create] Created (HwWriteEl2yolo26n/input_layer1 | hw_frame_size: 1228800)
[2026-04-23 16:18:02.659] [772335] [HailoRT] [info] [queue_elements.cpp:284] [create] Created (PushQEl2yolo26n/input_layer1 | timeout: 10s)
[2026-04-23 16:18:02.659] [772335] [HailoRT] [info] [filter_elements.cpp:101] [create] Created (PreInferEl2yolo26n/input_layer1 | Reorder - src_order: NHWC, src_shape: (640, 640, 3), dst_order: NHCW, dst_shape: (640, 640, 3))
[2026-04-23 16:18:02.659] [772335] [HailoRT] [info] [vstream.cpp:754] [InputVStreamImpl] Creating yolo26n/input_layer1...
[2026-04-23 16:18:02.659] [772335] [HailoRT] [info] [vstream_builder.cpp:102] [create_inputs] Input pipeline 'yolo26n/input_layer1': (PreInferEl2yolo26n/input_layer1 | Reorder - src_order: NHWC, src_shape: (640, 640, 3), dst_order: NHCW, dst_shape: (640, 640, 3)) >> (PushQEl2yolo26n/input_layer1 | timeout: 10s) >> (HwWriteEl2yolo26n/input_layer1 | hw_frame_size: 1228800) >> HW
[2026-04-23 16:18:02.660] [772335] [HailoRT] [info] [edge_elements.cpp:287] [create] Created (HwReadEl3yolo26n/conv61 | hw_frame_size: 25600)
[2026-04-23 16:18:02.660] [772335] [HailoRT] [info] [queue_elements.cpp:657] [create] Created (PullQEl_hw_read3yolo26n/conv61)
[2026-04-23 16:18:02.660] [772335] [HailoRT] [info] [filter_elements.cpp:372] [create] Created (PostInferEl3yolo26n/conv61 | Quantization - src_type: UINT8, dst_type FLOAT32, limvals_min: -0.468035, limvals_max: 6.99127)
[2026-04-23 16:18:02.660] [772335] [HailoRT] [info] [queue_elements.cpp:800] [create] Created (UserBuffQEl3yolo26n/conv61 | timeout: 10s)
[2026-04-23 16:18:02.660] [772335] [HailoRT] [info] [vstream.cpp:1114] [OutputVStreamImpl] Creating yolo26n/conv61...
[2026-04-23 16:18:02.660] [772335] [HailoRT] [info] [vstream_builder.cpp:220] [create_outputs] Output pipeline 'yolo26n/conv61': HW >> (HwReadEl3yolo26n/conv61 | hw_frame_size: 25600) >> (PullQEl_hw_read3yolo26n/conv61) >> (PostInferEl3yolo26n/conv61 | Quantization - src_type: UINT8, dst_type FLOAT32, limvals_min: -0.468035, limvals_max: 6.99127) >> (UserBuffQEl3yolo26n/conv61 | timeout: 10s)
[2026-04-23 16:18:02.660] [772335] [HailoRT] [info] [edge_elements.cpp:287] [create] Created (HwReadEl2yolo26n/conv64 | hw_frame_size: 6400)
[2026-04-23 16:18:02.660] [772335] [HailoRT] [info] [queue_elements.cpp:657] [create] Created (PullQEl_hw_read2yolo26n/conv64)
[2026-04-23 16:18:02.660] [772335] [HailoRT] [info] [filter_elements.cpp:372] [create] Created (PostInferEl2yolo26n/conv64 | Quantization - src_type: UINT8, dst_type FLOAT32, limvals_min: -161.763, limvals_max: 2.5779)
[2026-04-23 16:18:02.660] [772335] [HailoRT] [info] [queue_elements.cpp:800] [create] Created (UserBuffQEl2yolo26n/conv64 | timeout: 10s)
[2026-04-23 16:18:02.660] [772335] [HailoRT] [info] [vstream.cpp:1114] [OutputVStreamImpl] Creating yolo26n/conv64...
[2026-04-23 16:18:02.660] [772335] [HailoRT] [info] [vstream_builder.cpp:220] [create_outputs] Output pipeline 'yolo26n/conv64': HW >> (HwReadEl2yolo26n/conv64 | hw_frame_size: 6400) >> (PullQEl_hw_read2yolo26n/conv64) >> (PostInferEl2yolo26n/conv64 | Quantization - src_type: UINT8, dst_type FLOAT32, limvals_min: -161.763, limvals_max: 2.5779) >> (UserBuffQEl2yolo26n/conv64 | timeout: 10s)
[2026-04-23 16:18:02.660] [772335] [HailoRT] [info] [edge_elements.cpp:287] [create] Created (HwReadEl1yolo26n/conv77 | hw_frame_size: 6400)
[2026-04-23 16:18:02.660] [772335] [HailoRT] [info] [queue_elements.cpp:657] [create] Created (PullQEl_hw_read1yolo26n/conv77)
[2026-04-23 16:18:02.660] [772335] [HailoRT] [info] [filter_elements.cpp:372] [create] Created (PostInferEl1yolo26n/conv77 | Quantization - src_type: UINT8, dst_type FLOAT32, limvals_min: -0.560223, limvals_max: 15.3127)
[2026-04-23 16:18:02.660] [772335] [HailoRT] [info] [queue_elements.cpp:800] [create] Created (UserBuffQEl1yolo26n/conv77 | timeout: 10s)
[2026-04-23 16:18:02.660] [772335] [HailoRT] [info] [vstream.cpp:1114] [OutputVStreamImpl] Creating yolo26n/conv77...
[2026-04-23 16:18:02.660] [772335] [HailoRT] [info] [vstream_builder.cpp:220] [create_outputs] Output pipeline 'yolo26n/conv77': HW >> (HwReadEl1yolo26n/conv77 | hw_frame_size: 6400) >> (PullQEl_hw_read1yolo26n/conv77) >> (PostInferEl1yolo26n/conv77 | Quantization - src_type: UINT8, dst_type FLOAT32, limvals_min: -0.560223, limvals_max: 15.3127) >> (UserBuffQEl1yolo26n/conv77 | timeout: 10s)
[2026-04-23 16:18:02.660] [772335] [HailoRT] [info] [edge_elements.cpp:287] [create] Created (HwReadEl0yolo26n/conv80 | hw_frame_size: 1600)
[2026-04-23 16:18:02.660] [772335] [HailoRT] [info] [queue_elements.cpp:657] [create] Created (PullQEl_hw_read0yolo26n/conv80)
[2026-04-23 16:18:02.660] [772335] [HailoRT] [info] [filter_elements.cpp:372] [create] Created (PostInferEl0yolo26n/conv80 | Quantization - src_type: UINT8, dst_type FLOAT32, limvals_min: -204.998, limvals_max: 2.44045)
[2026-04-23 16:18:02.661] [772335] [HailoRT] [info] [queue_elements.cpp:800] [create] Created (UserBuffQEl0yolo26n/conv80 | timeout: 10s)
[2026-04-23 16:18:02.661] [772335] [HailoRT] [info] [vstream.cpp:1114] [OutputVStreamImpl] Creating yolo26n/conv80...
[2026-04-23 16:18:02.661] [772335] [HailoRT] [info] [vstream_builder.cpp:220] [create_outputs] Output pipeline 'yolo26n/conv80': HW >> (HwReadEl0yolo26n/conv80 | hw_frame_size: 1600) >> (PullQEl_hw_read0yolo26n/conv80) >> (PostInferEl0yolo26n/conv80 | Quantization - src_type: UINT8, dst_type FLOAT32, limvals_min: -204.998, limvals_max: 2.44045) >> (UserBuffQEl0yolo26n/conv80 | timeout: 10s)
[2026-04-23 16:18:02.661] [772335] [HailoRT] [info] [edge_elements.cpp:287] [create] Created (HwReadEl1yolo26n/conv91 | hw_frame_size: 3200)
[2026-04-23 16:18:02.661] [772335] [HailoRT] [info] [queue_elements.cpp:657] [create] Created (PullQEl_hw_read1yolo26n/conv91)
[2026-04-23 16:18:02.661] [772335] [HailoRT] [info] [filter_elements.cpp:372] [create] Created (PostInferEl1yolo26n/conv91 | Quantization - src_type: UINT8, dst_type FLOAT32, limvals_min: 0, limvals_max: 14.2269 | Reorder - src_order: FCR, src_shape: (20, 20, 8), dst_order: FCR, dst_shape: (20, 20, 4))
[2026-04-23 16:18:02.661] [772335] [HailoRT] [info] [queue_elements.cpp:800] [create] Created (UserBuffQEl1yolo26n/conv91 | timeout: 10s)
[2026-04-23 16:18:02.661] [772335] [HailoRT] [info] [vstream.cpp:1114] [OutputVStreamImpl] Creating yolo26n/conv91...
[2026-04-23 16:18:02.661] [772335] [HailoRT] [info] [vstream_builder.cpp:220] [create_outputs] Output pipeline 'yolo26n/conv91': HW >> (HwReadEl1yolo26n/conv91 | hw_frame_size: 3200) >> (PullQEl_hw_read1yolo26n/conv91) >> (PostInferEl1yolo26n/conv91 | Quantization - src_type: UINT8, dst_type FLOAT32, limvals_min: 0, limvals_max: 14.2269 | Reorder - src_order: FCR, src_shape: (20, 20, 8), dst_order: FCR, dst_shape: (20, 20, 4)) >> (UserBuffQEl1yolo26n/conv91 | timeout: 10s)
[2026-04-23 16:18:02.661] [772335] [HailoRT] [info] [edge_elements.cpp:287] [create] Created (HwReadEl0yolo26n/conv94 | hw_frame_size: 3200)
[2026-04-23 16:18:02.661] [772335] [HailoRT] [info] [queue_elements.cpp:657] [create] Created (PullQEl_hw_read0yolo26n/conv94)
[2026-04-23 16:18:02.661] [772335] [HailoRT] [info] [filter_elements.cpp:372] [create] Created (PostInferEl0yolo26n/conv94 | Quantization - src_type: UINT8, dst_type FLOAT32, limvals_min: -155.797, limvals_max: 3.11594 | Reorder - src_order: FCR, src_shape: (20, 20, 8), dst_order: FCR, dst_shape: (20, 20, 1))
[2026-04-23 16:18:02.661] [772335] [HailoRT] [info] [queue_elements.cpp:800] [create] Created (UserBuffQEl0yolo26n/conv94 | timeout: 10s)
[2026-04-23 16:18:02.661] [772335] [HailoRT] [info] [vstream.cpp:1114] [OutputVStreamImpl] Creating yolo26n/conv94...
[2026-04-23 16:18:02.661] [772335] [HailoRT] [info] [vstream_builder.cpp:220] [create_outputs] Output pipeline 'yolo26n/conv94': HW >> (HwReadEl0yolo26n/conv94 | hw_frame_size: 3200) >> (PullQEl_hw_read0yolo26n/conv94) >> (PostInferEl0yolo26n/conv94 | Quantization - src_type: UINT8, dst_type FLOAT32, limvals_min: -155.797, limvals_max: 3.11594 | Reorder - src_order: FCR, src_shape: (20, 20, 8), dst_order: FCR, dst_shape: (20, 20, 1)) >> (UserBuffQEl0yolo26n/conv94 | timeout: 10s)
[2026-04-23 16:18:02.673] [1139923] [HailoRT] [info] [queue_elements.cpp:855] [run_in_thread] Shutdown event was signaled in dequeue of UserBuffQEl3yolo26n/conv61!
[2026-04-23 16:18:02.673] [1139922] [HailoRT] [info] [vdevice_native_stream.cpp:331] [read_impl] Failed read from stream HAILO_STREAM_ABORT(63) (device: 0001:01:00.0)
[2026-04-23 16:18:02.673] [1139922] [HailoRT] [info] [edge_elements.cpp:396] [run_pull] Reading from stream was aborted!
[2026-04-23 16:18:02.673] [1139922] [HailoRT] [info] [queue_elements.cpp:738] [run_in_thread] run_pull of queue element PullQEl_hw_read3yolo26n/conv61 was aborted!
[2026-04-23 16:18:02.673] [1139922] [HailoRT] [info] [queue_elements.cpp:68] [operator()] Thread in element PullQEl_hw_read3yolo26n/conv61 is not running anymore, exiting..
[2026-04-23 16:18:02.673] [772335] [HailoRT] [info] [queue_elements.cpp:46] [~BaseQueueElement] Queue element PullQEl_hw_read3yolo26n/conv61 has 0 frames in his Queue on destruction
[2026-04-23 16:18:02.673] [1139923] [HailoRT] [info] [queue_elements.cpp:68] [operator()] Thread in element UserBuffQEl3yolo26n/conv61 is not running anymore, exiting..
[2026-04-23 16:18:02.673] [772335] [HailoRT] [info] [queue_elements.cpp:46] [~BaseQueueElement] Queue element UserBuffQEl3yolo26n/conv61 has 0 frames in his Queue on destruction
[2026-04-23 16:18:02.673] [1139925] [HailoRT] [info] [queue_elements.cpp:855] [run_in_thread] Shutdown event was signaled in dequeue of UserBuffQEl2yolo26n/conv64!
[2026-04-23 16:18:02.673] [1139924] [HailoRT] [info] [vdevice_native_stream.cpp:331] [read_impl] Failed read from stream HAILO_STREAM_ABORT(63) (device: 0001:01:00.0)
[2026-04-23 16:18:02.673] [1139924] [HailoRT] [info] [edge_elements.cpp:396] [run_pull] Reading from stream was aborted!
[2026-04-23 16:18:02.673] [1139924] [HailoRT] [info] [queue_elements.cpp:738] [run_in_thread] run_pull of queue element PullQEl_hw_read2yolo26n/conv64 was aborted!
[2026-04-23 16:18:02.673] [1139924] [HailoRT] [info] [queue_elements.cpp:68] [operator()] Thread in element PullQEl_hw_read2yolo26n/conv64 is not running anymore, exiting..
[2026-04-23 16:18:02.673] [772335] [HailoRT] [info] [queue_elements.cpp:46] [~BaseQueueElement] Queue element PullQEl_hw_read2yolo26n/conv64 has 0 frames in his Queue on destruction
[2026-04-23 16:18:02.673] [1139925] [HailoRT] [info] [queue_elements.cpp:68] [operator()] Thread in element UserBuffQEl2yolo26n/conv64 is not running anymore, exiting..
[2026-04-23 16:18:02.673] [772335] [HailoRT] [info] [queue_elements.cpp:46] [~BaseQueueElement] Queue element UserBuffQEl2yolo26n/conv64 has 0 frames in his Queue on destruction
[2026-04-23 16:18:02.673] [1139927] [HailoRT] [info] [queue_elements.cpp:855] [run_in_thread] Shutdown event was signaled in dequeue of UserBuffQEl1yolo26n/conv77!
[2026-04-23 16:18:02.673] [1139926] [HailoRT] [info] [vdevice_native_stream.cpp:331] [read_impl] Failed read from stream HAILO_STREAM_ABORT(63) (device: 0001:01:00.0)
[2026-04-23 16:18:02.673] [1139926] [HailoRT] [info] [edge_elements.cpp:396] [run_pull] Reading from stream was aborted!
[2026-04-23 16:18:02.673] [1139926] [HailoRT] [info] [queue_elements.cpp:738] [run_in_thread] run_pull of queue element PullQEl_hw_read1yolo26n/conv77 was aborted!
[2026-04-23 16:18:02.673] [1139926] [HailoRT] [info] [queue_elements.cpp:68] [operator()] Thread in element PullQEl_hw_read1yolo26n/conv77 is not running anymore, exiting..
[2026-04-23 16:18:02.673] [772335] [HailoRT] [info] [queue_elements.cpp:46] [~BaseQueueElement] Queue element PullQEl_hw_read1yolo26n/conv77 has 0 frames in his Queue on destruction
[2026-04-23 16:18:02.673] [1139927] [HailoRT] [info] [queue_elements.cpp:68] [operator()] Thread in element UserBuffQEl1yolo26n/conv77 is not running anymore, exiting..
[2026-04-23 16:18:02.673] [772335] [HailoRT] [info] [queue_elements.cpp:46] [~BaseQueueElement] Queue element UserBuffQEl1yolo26n/conv77 has 0 frames in his Queue on destruction
[2026-04-23 16:18:02.673] [1139928] [HailoRT] [info] [vdevice_native_stream.cpp:331] [read_impl] Failed read from stream HAILO_STREAM_ABORT(63) (device: 0001:01:00.0)
[2026-04-23 16:18:02.673] [1139928] [HailoRT] [info] [edge_elements.cpp:396] [run_pull] Reading from stream was aborted!
[2026-04-23 16:18:02.673] [1139928] [HailoRT] [info] [queue_elements.cpp:738] [run_in_thread] run_pull of queue element PullQEl_hw_read0yolo26n/conv80 was aborted!
[2026-04-23 16:18:02.673] [1139929] [HailoRT] [info] [queue_elements.cpp:855] [run_in_thread] Shutdown event was signaled in dequeue of UserBuffQEl0yolo26n/conv80!
[2026-04-23 16:18:02.673] [1139928] [HailoRT] [info] [queue_elements.cpp:68] [operator()] Thread in element PullQEl_hw_read0yolo26n/conv80 is not running anymore, exiting..
[2026-04-23 16:18:02.673] [772335] [HailoRT] [info] [queue_elements.cpp:46] [~BaseQueueElement] Queue element PullQEl_hw_read0yolo26n/conv80 has 0 frames in his Queue on destruction
[2026-04-23 16:18:02.673] [1139929] [HailoRT] [info] [queue_elements.cpp:68] [operator()] Thread in element UserBuffQEl0yolo26n/conv80 is not running anymore, exiting..
[2026-04-23 16:18:02.673] [772335] [HailoRT] [info] [queue_elements.cpp:46] [~BaseQueueElement] Queue element UserBuffQEl0yolo26n/conv80 has 0 frames in his Queue on destruction
[2026-04-23 16:18:02.673] [1139931] [HailoRT] [info] [queue_elements.cpp:855] [run_in_thread] Shutdown event was signaled in dequeue of UserBuffQEl1yolo26n/conv91!
[2026-04-23 16:18:02.673] [1139930] [HailoRT] [info] [vdevice_native_stream.cpp:331] [read_impl] Failed read from stream HAILO_STREAM_ABORT(63) (device: 0001:01:00.0)
[2026-04-23 16:18:02.673] [1139930] [HailoRT] [info] [edge_elements.cpp:396] [run_pull] Reading from stream was aborted!
[2026-04-23 16:18:02.673] [1139930] [HailoRT] [info] [queue_elements.cpp:738] [run_in_thread] run_pull of queue element PullQEl_hw_read1yolo26n/conv91 was aborted!
[2026-04-23 16:18:02.673] [1139930] [HailoRT] [info] [queue_elements.cpp:68] [operator()] Thread in element PullQEl_hw_read1yolo26n/conv91 is not running anymore, exiting..
[2026-04-23 16:18:02.673] [772335] [HailoRT] [info] [queue_elements.cpp:46] [~BaseQueueElement] Queue element PullQEl_hw_read1yolo26n/conv91 has 0 frames in his Queue on destruction
[2026-04-23 16:18:02.674] [1139931] [HailoRT] [info] [queue_elements.cpp:68] [operator()] Thread in element UserBuffQEl1yolo26n/conv91 is not running anymore, exiting..
[2026-04-23 16:18:02.674] [772335] [HailoRT] [info] [queue_elements.cpp:46] [~BaseQueueElement] Queue element UserBuffQEl1yolo26n/conv91 has 0 frames in his Queue on destruction
[2026-04-23 16:18:02.674] [1139932] [HailoRT] [info] [vdevice_native_stream.cpp:331] [read_impl] Failed read from stream HAILO_STREAM_ABORT(63) (device: 0001:01:00.0)
[2026-04-23 16:18:02.674] [1139932] [HailoRT] [info] [edge_elements.cpp:396] [run_pull] Reading from stream was aborted!
[2026-04-23 16:18:02.674] [1139932] [HailoRT] [info] [queue_elements.cpp:738] [run_in_thread] run_pull of queue element PullQEl_hw_read0yolo26n/conv94 was aborted!
[2026-04-23 16:18:02.674] [1139933] [HailoRT] [info] [queue_elements.cpp:855] [run_in_thread] Shutdown event was signaled in dequeue of UserBuffQEl0yolo26n/conv94!
[2026-04-23 16:18:02.674] [1139932] [HailoRT] [info] [queue_elements.cpp:68] [operator()] Thread in element PullQEl_hw_read0yolo26n/conv94 is not running anymore, exiting..
[2026-04-23 16:18:02.674] [772335] [HailoRT] [info] [queue_elements.cpp:46] [~BaseQueueElement] Queue element PullQEl_hw_read0yolo26n/conv94 has 0 frames in his Queue on destruction
[2026-04-23 16:18:02.674] [1139933] [HailoRT] [info] [queue_elements.cpp:68] [operator()] Thread in element UserBuffQEl0yolo26n/conv94 is not running anymore, exiting..
[2026-04-23 16:18:02.674] [772335] [HailoRT] [info] [queue_elements.cpp:46] [~BaseQueueElement] Queue element UserBuffQEl0yolo26n/conv94 has 0 frames in his Queue on destruction
[2026-04-23 16:18:02.674] [1139921] [HailoRT] [info] [queue_elements.cpp:68] [operator()] Thread in element PushQEl2yolo26n/input_layer1 is not running anymore, exiting..
[2026-04-23 16:18:02.674] [772335] [HailoRT] [info] [queue_elements.cpp:46] [~BaseQueueElement] Queue element PushQEl2yolo26n/input_layer1 has 0 frames in his Queue on destruction
[2026-04-23 16:18:02.674] [772335] [HailoRT] [info] [core_op.cpp:186] [deactivate] Deactivating took 0.448722 ms
[2026-04-23 16:18:02.674] [772335] [HailoRT] [info] [core_op.cpp:186] [deactivate] Deactivating took 0.459776 ms
[2026-04-23 16:18:02.682] [772335] [HailoRT] [info] [core_op.cpp:156] [activate] Activating arcface_mobilefacenet took 0.245277 milliseconds. Note that the function is asynchronous and thus the network is not fully activated yet.
[2026-04-23 16:18:02.682] [772335] [HailoRT] [info] [core_op.cpp:156] [activate] Activating arcface_mobilefacenet took 0.26737 milliseconds. Note that the function is asynchronous and thus the network is not fully activated yet.
[2026-04-23 16:18:02.682] [772335] [HailoRT] [info] [edge_elements.cpp:52] [create] Created (HwWriteEl1arcface_mobilefacenet/input_layer1 | hw_frame_size: 37632)
[2026-04-23 16:18:02.682] [772335] [HailoRT] [info] [vstream.cpp:754] [InputVStreamImpl] Creating arcface_mobilefacenet/input_layer1...
[2026-04-23 16:18:02.682] [772335] [HailoRT] [info] [vstream_builder.cpp:102] [create_inputs] Input pipeline 'arcface_mobilefacenet/input_layer1': (HwWriteEl1arcface_mobilefacenet/input_layer1 | hw_frame_size: 37632) >> HW
[2026-04-23 16:18:02.682] [772335] [HailoRT] [info] [edge_elements.cpp:287] [create] Created (HwReadEl0arcface_mobilefacenet/fc1 | hw_frame_size: 512)
[2026-04-23 16:18:02.682] [772335] [HailoRT] [info] [queue_elements.cpp:657] [create] Created (PullQEl_hw_read0arcface_mobilefacenet/fc1)
[2026-04-23 16:18:02.682] [772335] [HailoRT] [info] [filter_elements.cpp:372] [create] Created (PostInferEl0arcface_mobilefacenet/fc1 | Quantization - src_type: UINT8, dst_type FLOAT32, limvals_min: -2.41025, limvals_max: 1.8579)
[2026-04-23 16:18:02.682] [772335] [HailoRT] [info] [queue_elements.cpp:800] [create] Created (UserBuffQEl0arcface_mobilefacenet/fc1 | timeout: 10s)
[2026-04-23 16:18:02.682] [772335] [HailoRT] [info] [vstream.cpp:1114] [OutputVStreamImpl] Creating arcface_mobilefacenet/fc1...
[2026-04-23 16:18:02.682] [772335] [HailoRT] [info] [vstream_builder.cpp:220] [create_outputs] Output pipeline 'arcface_mobilefacenet/fc1': HW >> (HwReadEl0arcface_mobilefacenet/fc1 | hw_frame_size: 512) >> (PullQEl_hw_read0arcface_mobilefacenet/fc1) >> (PostInferEl0arcface_mobilefacenet/fc1 | Quantization - src_type: UINT8, dst_type FLOAT32, limvals_min: -2.41025, limvals_max: 1.8579) >> (UserBuffQEl0arcface_mobilefacenet/fc1 | timeout: 10s)
[2026-04-23 16:18:02.688] [1139942] [HailoRT] [info] [queue_elements.cpp:855] [run_in_thread] Shutdown event was signaled in dequeue of UserBuffQEl0arcface_mobilefacenet/fc1!
[2026-04-23 16:18:02.688] [1139941] [HailoRT] [info] [vdevice_native_stream.cpp:331] [read_impl] Failed read from stream HAILO_STREAM_ABORT(63) (device: 0001:01:00.0)
[2026-04-23 16:18:02.688] [1139941] [HailoRT] [info] [edge_elements.cpp:396] [run_pull] Reading from stream was aborted!
[2026-04-23 16:18:02.688] [1139941] [HailoRT] [info] [queue_elements.cpp:738] [run_in_thread] run_pull of queue element PullQEl_hw_read0arcface_mobilefacenet/fc1 was aborted!
[2026-04-23 16:18:02.688] [1139941] [HailoRT] [info] [queue_elements.cpp:68] [operator()] Thread in element PullQEl_hw_read0arcface_mobilefacenet/fc1 is not running anymore, exiting..
[2026-04-23 16:18:02.688] [772335] [HailoRT] [info] [queue_elements.cpp:46] [~BaseQueueElement] Queue element PullQEl_hw_read0arcface_mobilefacenet/fc1 has 0 frames in his Queue on destruction
[2026-04-23 16:18:02.688] [1139942] [HailoRT] [info] [queue_elements.cpp:68] [operator()] Thread in element UserBuffQEl0arcface_mobilefacenet/fc1 is not running anymore, exiting..
[2026-04-23 16:18:02.688] [772335] [HailoRT] [info] [queue_elements.cpp:46] [~BaseQueueElement] Queue element UserBuffQEl0arcface_mobilefacenet/fc1 has 0 frames in his Queue on destruction
[2026-04-23 16:18:02.689] [772335] [HailoRT] [info] [core_op.cpp:186] [deactivate] Deactivating took 0.36411 ms
[2026-04-23 16:18:02.689] [772335] [HailoRT] [info] [core_op.cpp:186] [deactivate] Deactivating took 0.37324 ms
[2026-04-23 16:18:02.699] [772335] [HailoRT] [info] [core_op.cpp:156] [activate] Activating yolo26n took 0.540776 milliseconds. Note that the function is asynchronous and thus the network is not fully activated yet.
[2026-04-23 16:18:02.700] [772335] [HailoRT] [info] [core_op.cpp:156] [activate] Activating yolo26n took 0.565832 milliseconds. Note that the function is asynchronous and thus the network is not fully activated yet.
[2026-04-23 16:18:02.700] [772335] [HailoRT] [info] [edge_elements.cpp:52] [create] Created (HwWriteEl2yolo26n/input_layer1 | hw_frame_size: 1228800)
[2026-04-23 16:18:02.700] [772335] [HailoRT] [info] [queue_elements.cpp:284] [create] Created (PushQEl2yolo26n/input_layer1 | timeout: 10s)
[2026-04-23 16:18:02.700] [772335] [HailoRT] [info] [filter_elements.cpp:101] [create] Created (PreInferEl2yolo26n/input_layer1 | Reorder - src_order: NHWC, src_shape: (640, 640, 3), dst_order: NHCW, dst_shape: (640, 640, 3))
[2026-04-23 16:18:02.700] [772335] [HailoRT] [info] [vstream.cpp:754] [InputVStreamImpl] Creating yolo26n/input_layer1...
[2026-04-23 16:18:02.700] [772335] [HailoRT] [info] [vstream_builder.cpp:102] [create_inputs] Input pipeline 'yolo26n/input_layer1': (PreInferEl2yolo26n/input_layer1 | Reorder - src_order: NHWC, src_shape: (640, 640, 3), dst_order: NHCW, dst_shape: (640, 640, 3)) >> (PushQEl2yolo26n/input_layer1 | timeout: 10s) >> (HwWriteEl2yolo26n/input_layer1 | hw_frame_size: 1228800) >> HW
[2026-04-23 16:18:02.700] [772335] [HailoRT] [info] [edge_elements.cpp:287] [create] Created (HwReadEl3yolo26n/conv61 | hw_frame_size: 25600)
[2026-04-23 16:18:02.700] [772335] [HailoRT] [info] [queue_elements.cpp:657] [create] Created (PullQEl_hw_read3yolo26n/conv61)
[2026-04-23 16:18:02.700] [772335] [HailoRT] [info] [filter_elements.cpp:372] [create] Created (PostInferEl3yolo26n/conv61 | Quantization - src_type: UINT8, dst_type FLOAT32, limvals_min: -0.468035, limvals_max: 6.99127)
[2026-04-23 16:18:02.700] [772335] [HailoRT] [info] [queue_elements.cpp:800] [create] Created (UserBuffQEl3yolo26n/conv61 | timeout: 10s)
[2026-04-23 16:18:02.700] [772335] [HailoRT] [info] [vstream.cpp:1114] [OutputVStreamImpl] Creating yolo26n/conv61...
[2026-04-23 16:18:02.700] [772335] [HailoRT] [info] [vstream_builder.cpp:220] [create_outputs] Output pipeline 'yolo26n/conv61': HW >> (HwReadEl3yolo26n/conv61 | hw_frame_size: 25600) >> (PullQEl_hw_read3yolo26n/conv61) >> (PostInferEl3yolo26n/conv61 | Quantization - src_type: UINT8, dst_type FLOAT32, limvals_min: -0.468035, limvals_max: 6.99127) >> (UserBuffQEl3yolo26n/conv61 | timeout: 10s)
[2026-04-23 16:18:02.700] [772335] [HailoRT] [info] [edge_elements.cpp:287] [create] Created (HwReadEl2yolo26n/conv64 | hw_frame_size: 6400)
[2026-04-23 16:18:02.700] [772335] [HailoRT] [info] [queue_elements.cpp:657] [create] Created (PullQEl_hw_read2yolo26n/conv64)
[2026-04-23 16:18:02.700] [772335] [HailoRT] [info] [filter_elements.cpp:372] [create] Created (PostInferEl2yolo26n/conv64 | Quantization - src_type: UINT8, dst_type FLOAT32, limvals_min: -161.763, limvals_max: 2.5779)
[2026-04-23 16:18:02.700] [772335] [HailoRT] [info] [queue_elements.cpp:800] [create] Created (UserBuffQEl2yolo26n/conv64 | timeout: 10s)
[2026-04-23 16:18:02.700] [772335] [HailoRT] [info] [vstream.cpp:1114] [OutputVStreamImpl] Creating yolo26n/conv64...
[2026-04-23 16:18:02.700] [772335] [HailoRT] [info] [vstream_builder.cpp:220] [create_outputs] Output pipeline 'yolo26n/conv64': HW >> (HwReadEl2yolo26n/conv64 | hw_frame_size: 6400) >> (PullQEl_hw_read2yolo26n/conv64) >> (PostInferEl2yolo26n/conv64 | Quantization - src_type: UINT8, dst_type FLOAT32, limvals_min: -161.763, limvals_max: 2.5779) >> (UserBuffQEl2yolo26n/conv64 | timeout: 10s)
[2026-04-23 16:18:02.700] [772335] [HailoRT] [info] [edge_elements.cpp:287] [create] Created (HwReadEl1yolo26n/conv77 | hw_frame_size: 6400)
[2026-04-23 16:18:02.700] [772335] [HailoRT] [info] [queue_elements.cpp:657] [create] Created (PullQEl_hw_read1yolo26n/conv77)
[2026-04-23 16:18:02.700] [772335] [HailoRT] [info] [filter_elements.cpp:372] [create] Created (PostInferEl1yolo26n/conv77 | Quantization - src_type: UINT8, dst_type FLOAT32, limvals_min: -0.560223, limvals_max: 15.3127)
[2026-04-23 16:18:02.700] [772335] [HailoRT] [info] [queue_elements.cpp:800] [create] Created (UserBuffQEl1yolo26n/conv77 | timeout: 10s)
[2026-04-23 16:18:02.700] [772335] [HailoRT] [info] [vstream.cpp:1114] [OutputVStreamImpl] Creating yolo26n/conv77...
[2026-04-23 16:18:02.700] [772335] [HailoRT] [info] [vstream_builder.cpp:220] [create_outputs] Output pipeline 'yolo26n/conv77': HW >> (HwReadEl1yolo26n/conv77 | hw_frame_size: 6400) >> (PullQEl_hw_read1yolo26n/conv77) >> (PostInferEl1yolo26n/conv77 | Quantization - src_type: UINT8, dst_type FLOAT32, limvals_min: -0.560223, limvals_max: 15.3127) >> (UserBuffQEl1yolo26n/conv77 | timeout: 10s)
[2026-04-23 16:18:02.701] [772335] [HailoRT] [info] [edge_elements.cpp:287] [create] Created (HwReadEl0yolo26n/conv80 | hw_frame_size: 1600)
[2026-04-23 16:18:02.701] [772335] [HailoRT] [info] [queue_elements.cpp:657] [create] Created (PullQEl_hw_read0yolo26n/conv80)
[2026-04-23 16:18:02.701] [772335] [HailoRT] [info] [filter_elements.cpp:372] [create] Created (PostInferEl0yolo26n/conv80 | Quantization - src_type: UINT8, dst_type FLOAT32, limvals_min: -204.998, limvals_max: 2.44045)
[2026-04-23 16:18:02.701] [772335] [HailoRT] [info] [queue_elements.cpp:800] [create] Created (UserBuffQEl0yolo26n/conv80 | timeout: 10s)
[2026-04-23 16:18:02.701] [772335] [HailoRT] [info] [vstream.cpp:1114] [OutputVStreamImpl] Creating yolo26n/conv80...
[2026-04-23 16:18:02.701] [772335] [HailoRT] [info] [vstream_builder.cpp:220] [create_outputs] Output pipeline 'yolo26n/conv80': HW >> (HwReadEl0yolo26n/conv80 | hw_frame_size: 1600) >> (PullQEl_hw_read0yolo26n/conv80) >> (PostInferEl0yolo26n/conv80 | Quantization - src_type: UINT8, dst_type FLOAT32, limvals_min: -204.998, limvals_max: 2.44045) >> (UserBuffQEl0yolo26n/conv80 | timeout: 10s)
[2026-04-23 16:18:02.701] [772335] [HailoRT] [info] [edge_elements.cpp:287] [create] Created (HwReadEl1yolo26n/conv91 | hw_frame_size: 3200)
[2026-04-23 16:18:02.701] [772335] [HailoRT] [info] [queue_elements.cpp:657] [create] Created (PullQEl_hw_read1yolo26n/conv91)
[2026-04-23 16:18:02.701] [772335] [HailoRT] [info] [filter_elements.cpp:372] [create] Created (PostInferEl1yolo26n/conv91 | Quantization - src_type: UINT8, dst_type FLOAT32, limvals_min: 0, limvals_max: 14.2269 | Reorder - src_order: FCR, src_shape: (20, 20, 8), dst_order: FCR, dst_shape: (20, 20, 4))
[2026-04-23 16:18:02.701] [772335] [HailoRT] [info] [queue_elements.cpp:800] [create] Created (UserBuffQEl1yolo26n/conv91 | timeout: 10s)
[2026-04-23 16:18:02.701] [772335] [HailoRT] [info] [vstream.cpp:1114] [OutputVStreamImpl] Creating yolo26n/conv91...
[2026-04-23 16:18:02.701] [772335] [HailoRT] [info] [vstream_builder.cpp:220] [create_outputs] Output pipeline 'yolo26n/conv91': HW >> (HwReadEl1yolo26n/conv91 | hw_frame_size: 3200) >> (PullQEl_hw_read1yolo26n/conv91) >> (PostInferEl1yolo26n/conv91 | Quantization - src_type: UINT8, dst_type FLOAT32, limvals_min: 0, limvals_max: 14.2269 | Reorder - src_order: FCR, src_shape: (20, 20, 8), dst_order: FCR, dst_shape: (20, 20, 4)) >> (UserBuffQEl1yolo26n/conv91 | timeout: 10s)
[2026-04-23 16:18:02.701] [772335] [HailoRT] [info] [edge_elements.cpp:287] [create] Created (HwReadEl0yolo26n/conv94 | hw_frame_size: 3200)
[2026-04-23 16:18:02.701] [772335] [HailoRT] [info] [queue_elements.cpp:657] [create] Created (PullQEl_hw_read0yolo26n/conv94)
[2026-04-23 16:18:02.701] [772335] [HailoRT] [info] [filter_elements.cpp:372] [create] Created (PostInferEl0yolo26n/conv94 | Quantization - src_type: UINT8, dst_type FLOAT32, limvals_min: -155.797, limvals_max: 3.11594 | Reorder - src_order: FCR, src_shape: (20, 20, 8), dst_order: FCR, dst_shape: (20, 20, 1))
[2026-04-23 16:18:02.701] [772335] [HailoRT] [info] [queue_elements.cpp:800] [create] Created (UserBuffQEl0yolo26n/conv94 | timeout: 10s)
[2026-04-23 16:18:02.701] [772335] [HailoRT] [info] [vstream.cpp:1114] [OutputVStreamImpl] Creating yolo26n/conv94...
[2026-04-23 16:18:02.701] [772335] [HailoRT] [info] [vstream_builder.cpp:220] [create_outputs] Output pipeline 'yolo26n/conv94': HW >> (HwReadEl0yolo26n/conv94 | hw_frame_size: 3200) >> (PullQEl_hw_read0yolo26n/conv94) >> (PostInferEl0yolo26n/conv94 | Quantization - src_type: UINT8, dst_type FLOAT32, limvals_min: -155.797, limvals_max: 3.11594 | Reorder - src_order: FCR, src_shape: (20, 20, 8), dst_order: FCR, dst_shape: (20, 20, 1)) >> (UserBuffQEl0yolo26n/conv94 | timeout: 10s)
[2026-04-23 16:18:02.713] [1139946] [HailoRT] [info] [vdevice_native_stream.cpp:331] [read_impl] Failed read from stream HAILO_STREAM_ABORT(63) (device: 0001:01:00.0)
[2026-04-23 16:18:02.713] [1139947] [HailoRT] [info] [queue_elements.cpp:855] [run_in_thread] Shutdown event was signaled in dequeue of UserBuffQEl3yolo26n/conv61!
[2026-04-23 16:18:02.713] [1139946] [HailoRT] [info] [edge_elements.cpp:396] [run_pull] Reading from stream was aborted!
[2026-04-23 16:18:02.713] [1139946] [HailoRT] [info] [queue_elements.cpp:738] [run_in_thread] run_pull of queue element PullQEl_hw_read3yolo26n/conv61 was aborted!
[2026-04-23 16:18:02.713] [1139946] [HailoRT] [info] [queue_elements.cpp:68] [operator()] Thread in element PullQEl_hw_read3yolo26n/conv61 is not running anymore, exiting..
[2026-04-23 16:18:02.713] [772335] [HailoRT] [info] [queue_elements.cpp:46] [~BaseQueueElement] Queue element PullQEl_hw_read3yolo26n/conv61 has 0 frames in his Queue on destruction
[2026-04-23 16:18:02.713] [1139947] [HailoRT] [info] [queue_elements.cpp:68] [operator()] Thread in element UserBuffQEl3yolo26n/conv61 is not running anymore, exiting..
[2026-04-23 16:18:02.713] [772335] [HailoRT] [info] [queue_elements.cpp:46] [~BaseQueueElement] Queue element UserBuffQEl3yolo26n/conv61 has 0 frames in his Queue on destruction
[2026-04-23 16:18:02.713] [1139948] [HailoRT] [info] [vdevice_native_stream.cpp:331] [read_impl] Failed read from stream HAILO_STREAM_ABORT(63) (device: 0001:01:00.0)
[2026-04-23 16:18:02.713] [1139948] [HailoRT] [info] [edge_elements.cpp:396] [run_pull] Reading from stream was aborted!
[2026-04-23 16:18:02.713] [1139949] [HailoRT] [info] [queue_elements.cpp:855] [run_in_thread] Shutdown event was signaled in dequeue of UserBuffQEl2yolo26n/conv64!
[2026-04-23 16:18:02.713] [1139948] [HailoRT] [info] [queue_elements.cpp:738] [run_in_thread] run_pull of queue element PullQEl_hw_read2yolo26n/conv64 was aborted!
[2026-04-23 16:18:02.713] [1139948] [HailoRT] [info] [queue_elements.cpp:68] [operator()] Thread in element PullQEl_hw_read2yolo26n/conv64 is not running anymore, exiting..
[2026-04-23 16:18:02.713] [772335] [HailoRT] [info] [queue_elements.cpp:46] [~BaseQueueElement] Queue element PullQEl_hw_read2yolo26n/conv64 has 0 frames in his Queue on destruction
[2026-04-23 16:18:02.713] [1139949] [HailoRT] [info] [queue_elements.cpp:68] [operator()] Thread in element UserBuffQEl2yolo26n/conv64 is not running anymore, exiting..
[2026-04-23 16:18:02.713] [772335] [HailoRT] [info] [queue_elements.cpp:46] [~BaseQueueElement] Queue element UserBuffQEl2yolo26n/conv64 has 0 frames in his Queue on destruction
[2026-04-23 16:18:02.713] [1139951] [HailoRT] [info] [queue_elements.cpp:855] [run_in_thread] Shutdown event was signaled in dequeue of UserBuffQEl1yolo26n/conv77!
[2026-04-23 16:18:02.713] [1139950] [HailoRT] [info] [vdevice_native_stream.cpp:331] [read_impl] Failed read from stream HAILO_STREAM_ABORT(63) (device: 0001:01:00.0)
[2026-04-23 16:18:02.713] [1139950] [HailoRT] [info] [edge_elements.cpp:396] [run_pull] Reading from stream was aborted!
[2026-04-23 16:18:02.713] [1139950] [HailoRT] [info] [queue_elements.cpp:738] [run_in_thread] run_pull of queue element PullQEl_hw_read1yolo26n/conv77 was aborted!
[2026-04-23 16:18:02.713] [1139950] [HailoRT] [info] [queue_elements.cpp:68] [operator()] Thread in element PullQEl_hw_read1yolo26n/conv77 is not running anymore, exiting..
[2026-04-23 16:18:02.713] [772335] [HailoRT] [info] [queue_elements.cpp:46] [~BaseQueueElement] Queue element PullQEl_hw_read1yolo26n/conv77 has 0 frames in his Queue on destruction
[2026-04-23 16:18:02.713] [1139951] [HailoRT] [info] [queue_elements.cpp:68] [operator()] Thread in element UserBuffQEl1yolo26n/conv77 is not running anymore, exiting..
[2026-04-23 16:18:02.713] [772335] [HailoRT] [info] [queue_elements.cpp:46] [~BaseQueueElement] Queue element UserBuffQEl1yolo26n/conv77 has 0 frames in his Queue on destruction
[2026-04-23 16:18:02.713] [1139953] [HailoRT] [info] [queue_elements.cpp:855] [run_in_thread] Shutdown event was signaled in dequeue of UserBuffQEl0yolo26n/conv80!
[2026-04-23 16:18:02.713] [1139952] [HailoRT] [info] [vdevice_native_stream.cpp:331] [read_impl] Failed read from stream HAILO_STREAM_ABORT(63) (device: 0001:01:00.0)
[2026-04-23 16:18:02.713] [1139952] [HailoRT] [info] [edge_elements.cpp:396] [run_pull] Reading from stream was aborted!
[2026-04-23 16:18:02.713] [1139952] [HailoRT] [info] [queue_elements.cpp:738] [run_in_thread] run_pull of queue element PullQEl_hw_read0yolo26n/conv80 was aborted!
[2026-04-23 16:18:02.713] [1139952] [HailoRT] [info] [queue_elements.cpp:68] [operator()] Thread in element PullQEl_hw_read0yolo26n/conv80 is not running anymore, exiting..
[2026-04-23 16:18:02.713] [772335] [HailoRT] [info] [queue_elements.cpp:46] [~BaseQueueElement] Queue element PullQEl_hw_read0yolo26n/conv80 has 0 frames in his Queue on destruction
[2026-04-23 16:18:02.713] [1139953] [HailoRT] [info] [queue_elements.cpp:68] [operator()] Thread in element UserBuffQEl0yolo26n/conv80 is not running anymore, exiting..
[2026-04-23 16:18:02.713] [772335] [HailoRT] [info] [queue_elements.cpp:46] [~BaseQueueElement] Queue element UserBuffQEl0yolo26n/conv80 has 0 frames in his Queue on destruction
[2026-04-23 16:18:02.713] [1139954] [HailoRT] [info] [vdevice_native_stream.cpp:331] [read_impl] Failed read from stream HAILO_STREAM_ABORT(63) (device: 0001:01:00.0)
[2026-04-23 16:18:02.713] [1139955] [HailoRT] [info] [queue_elements.cpp:855] [run_in_thread] Shutdown event was signaled in dequeue of UserBuffQEl1yolo26n/conv91!
[2026-04-23 16:18:02.713] [1139954] [HailoRT] [info] [edge_elements.cpp:396] [run_pull] Reading from stream was aborted!
[2026-04-23 16:18:02.713] [1139954] [HailoRT] [info] [queue_elements.cpp:738] [run_in_thread] run_pull of queue element PullQEl_hw_read1yolo26n/conv91 was aborted!
[2026-04-23 16:18:02.713] [1139954] [HailoRT] [info] [queue_elements.cpp:68] [operator()] Thread in element PullQEl_hw_read1yolo26n/conv91 is not running anymore, exiting..
[2026-04-23 16:18:02.713] [772335] [HailoRT] [info] [queue_elements.cpp:46] [~BaseQueueElement] Queue element PullQEl_hw_read1yolo26n/conv91 has 0 frames in his Queue on destruction
[2026-04-23 16:18:02.713] [1139955] [HailoRT] [info] [queue_elements.cpp:68] [operator()] Thread in element UserBuffQEl1yolo26n/conv91 is not running anymore, exiting..
[2026-04-23 16:18:02.713] [772335] [HailoRT] [info] [queue_elements.cpp:46] [~BaseQueueElement] Queue element UserBuffQEl1yolo26n/conv91 has 0 frames in his Queue on destruction
[2026-04-23 16:18:02.714] [1139957] [HailoRT] [info] [queue_elements.cpp:855] [run_in_thread] Shutdown event was signaled in dequeue of UserBuffQEl0yolo26n/conv94!
[2026-04-23 16:18:02.714] [1139956] [HailoRT] [info] [vdevice_native_stream.cpp:331] [read_impl] Failed read from stream HAILO_STREAM_ABORT(63) (device: 0001:01:00.0)
[2026-04-23 16:18:02.714] [1139956] [HailoRT] [info] [edge_elements.cpp:396] [run_pull] Reading from stream was aborted!
[2026-04-23 16:18:02.714] [1139956] [HailoRT] [info] [queue_elements.cpp:738] [run_in_thread] run_pull of queue element PullQEl_hw_read0yolo26n/conv94 was aborted!
[2026-04-23 16:18:02.714] [1139956] [HailoRT] [info] [queue_elements.cpp:68] [operator()] Thread in element PullQEl_hw_read0yolo26n/conv94 is not running anymore, exiting..
[2026-04-23 16:18:02.714] [772335] [HailoRT] [info] [queue_elements.cpp:46] [~BaseQueueElement] Queue element PullQEl_hw_read0yolo26n/conv94 has 0 frames in his Queue on destruction
[2026-04-23 16:18:02.714] [1139957] [HailoRT] [info] [queue_elements.cpp:68] [operator()] Thread in element UserBuffQEl0yolo26n/conv94 is not running anymore, exiting..
[2026-04-23 16:18:02.714] [772335] [HailoRT] [info] [queue_elements.cpp:46] [~BaseQueueElement] Queue element UserBuffQEl0yolo26n/conv94 has 0 frames in his Queue on destruction
[2026-04-23 16:18:02.714] [1139945] [HailoRT] [info] [queue_elements.cpp:68] [operator()] Thread in element PushQEl2yolo26n/input_layer1 is not running anymore, exiting..
[2026-04-23 16:18:02.714] [772335] [HailoRT] [info] [queue_elements.cpp:46] [~BaseQueueElement] Queue element PushQEl2yolo26n/input_layer1 has 0 frames in his Queue on destruction
[2026-04-23 16:18:02.714] [772335] [HailoRT] [info] [core_op.cpp:186] [deactivate] Deactivating took 0.441407 ms
[2026-04-23 16:18:02.714] [772335] [HailoRT] [info] [core_op.cpp:186] [deactivate] Deactivating took 0.452888 ms
[2026-04-23 16:18:02.720] [772335] [HailoRT] [info] [core_op.cpp:156] [activate] Activating arcface_mobilefacenet took 0.248629 milliseconds. Note that the function is asynchronous and thus the network is not fully activated yet.
[2026-04-23 16:18:02.720] [772335] [HailoRT] [info] [core_op.cpp:156] [activate] Activating arcface_mobilefacenet took 0.268296 milliseconds. Note that the function is asynchronous and thus the network is not fully activated yet.
[2026-04-23 16:18:02.720] [772335] [HailoRT] [info] [edge_elements.cpp:52] [create] Created (HwWriteEl1arcface_mobilefacenet/input_layer1 | hw_frame_size: 37632)
[2026-04-23 16:18:02.720] [772335] [HailoRT] [info] [vstream.cpp:754] [InputVStreamImpl] Creating arcface_mobilefacenet/input_layer1...
[2026-04-23 16:18:02.720] [772335] [HailoRT] [info] [vstream_builder.cpp:102] [create_inputs] Input pipeline 'arcface_mobilefacenet/input_layer1': (HwWriteEl1arcface_mobilefacenet/input_layer1 | hw_frame_size: 37632) >> HW
[2026-04-23 16:18:02.720] [772335] [HailoRT] [info] [edge_elements.cpp:287] [create] Created (HwReadEl0arcface_mobilefacenet/fc1 | hw_frame_size: 512)
[2026-04-23 16:18:02.720] [772335] [HailoRT] [info] [queue_elements.cpp:657] [create] Created (PullQEl_hw_read0arcface_mobilefacenet/fc1)
[2026-04-23 16:18:02.720] [772335] [HailoRT] [info] [filter_elements.cpp:372] [create] Created (PostInferEl0arcface_mobilefacenet/fc1 | Quantization - src_type: UINT8, dst_type FLOAT32, limvals_min: -2.41025, limvals_max: 1.8579)
[2026-04-23 16:18:02.720] [772335] [HailoRT] [info] [queue_elements.cpp:800] [create] Created (UserBuffQEl0arcface_mobilefacenet/fc1 | timeout: 10s)
[2026-04-23 16:18:02.720] [772335] [HailoRT] [info] [vstream.cpp:1114] [OutputVStreamImpl] Creating arcface_mobilefacenet/fc1...
[2026-04-23 16:18:02.720] [772335] [HailoRT] [info] [vstream_builder.cpp:220] [create_outputs] Output pipeline 'arcface_mobilefacenet/fc1': HW >> (HwReadEl0arcface_mobilefacenet/fc1 | hw_frame_size: 512) >> (PullQEl_hw_read0arcface_mobilefacenet/fc1) >> (PostInferEl0arcface_mobilefacenet/fc1 | Quantization - src_type: UINT8, dst_type FLOAT32, limvals_min: -2.41025, limvals_max: 1.8579) >> (UserBuffQEl0arcface_mobilefacenet/fc1 | timeout: 10s)
[2026-04-23 16:18:02.727] [1139966] [HailoRT] [info] [queue_elements.cpp:855] [run_in_thread] Shutdown event was signaled in dequeue of UserBuffQEl0arcface_mobilefacenet/fc1!
[2026-04-23 16:18:02.727] [1139965] [HailoRT] [info] [vdevice_native_stream.cpp:331] [read_impl] Failed read from stream HAILO_STREAM_ABORT(63) (device: 0001:01:00.0)
[2026-04-23 16:18:02.727] [1139965] [HailoRT] [info] [edge_elements.cpp:396] [run_pull] Reading from stream was aborted!
[2026-04-23 16:18:02.727] [1139965] [HailoRT] [info] [queue_elements.cpp:738] [run_in_thread] run_pull of queue element PullQEl_hw_read0arcface_mobilefacenet/fc1 was aborted!
[2026-04-23 16:18:02.727] [1139965] [HailoRT] [info] [queue_elements.cpp:68] [operator()] Thread in element PullQEl_hw_read0arcface_mobilefacenet/fc1 is not running anymore, exiting..
[2026-04-23 16:18:02.727] [772335] [HailoRT] [info] [queue_elements.cpp:46] [~BaseQueueElement] Queue element PullQEl_hw_read0arcface_mobilefacenet/fc1 has 0 frames in his Queue on destruction
[2026-04-23 16:18:02.727] [1139966] [HailoRT] [info] [queue_elements.cpp:68] [operator()] Thread in element UserBuffQEl0arcface_mobilefacenet/fc1 is not running anymore, exiting..
[2026-04-23 16:18:02.727] [772335] [HailoRT] [info] [queue_elements.cpp:46] [~BaseQueueElement] Queue element UserBuffQEl0arcface_mobilefacenet/fc1 has 0 frames in his Queue on destruction
[2026-04-23 16:18:02.728] [772335] [HailoRT] [info] [core_op.cpp:186] [deactivate] Deactivating took 0.40298 ms
[2026-04-23 16:18:02.728] [772335] [HailoRT] [info] [core_op.cpp:186] [deactivate] Deactivating took 0.41698 ms
[2026-04-23 16:18:02.738] [772335] [HailoRT] [info] [core_op.cpp:156] [activate] Activating yolo26n took 0.538444 milliseconds. Note that the function is asynchronous and thus the network is not fully activated yet.
[2026-04-23 16:18:02.738] [772335] [HailoRT] [info] [core_op.cpp:156] [activate] Activating yolo26n took 0.567425 milliseconds. Note that the function is asynchronous and thus the network is not fully activated yet.
[2026-04-23 16:18:02.738] [772335] [HailoRT] [info] [edge_elements.cpp:52] [create] Created (HwWriteEl2yolo26n/input_layer1 | hw_frame_size: 1228800)
[2026-04-23 16:18:02.738] [772335] [HailoRT] [info] [queue_elements.cpp:284] [create] Created (PushQEl2yolo26n/input_layer1 | timeout: 10s)
[2026-04-23 16:18:02.738] [772335] [HailoRT] [info] [filter_elements.cpp:101] [create] Created (PreInferEl2yolo26n/input_layer1 | Reorder - src_order: NHWC, src_shape: (640, 640, 3), dst_order: NHCW, dst_shape: (640, 640, 3))
[2026-04-23 16:18:02.738] [772335] [HailoRT] [info] [vstream.cpp:754] [InputVStreamImpl] Creating yolo26n/input_layer1...
[2026-04-23 16:18:02.738] [772335] [HailoRT] [info] [vstream_builder.cpp:102] [create_inputs] Input pipeline 'yolo26n/input_layer1': (PreInferEl2yolo26n/input_layer1 | Reorder - src_order: NHWC, src_shape: (640, 640, 3), dst_order: NHCW, dst_shape: (640, 640, 3)) >> (PushQEl2yolo26n/input_layer1 | timeout: 10s) >> (HwWriteEl2yolo26n/input_layer1 | hw_frame_size: 1228800) >> HW
[2026-04-23 16:18:02.738] [772335] [HailoRT] [info] [edge_elements.cpp:287] [create] Created (HwReadEl3yolo26n/conv61 | hw_frame_size: 25600)
[2026-04-23 16:18:02.738] [772335] [HailoRT] [info] [queue_elements.cpp:657] [create] Created (PullQEl_hw_read3yolo26n/conv61)
[2026-04-23 16:18:02.738] [772335] [HailoRT] [info] [filter_elements.cpp:372] [create] Created (PostInferEl3yolo26n/conv61 | Quantization - src_type: UINT8, dst_type FLOAT32, limvals_min: -0.468035, limvals_max: 6.99127)
[2026-04-23 16:18:02.738] [772335] [HailoRT] [info] [queue_elements.cpp:800] [create] Created (UserBuffQEl3yolo26n/conv61 | timeout: 10s)
[2026-04-23 16:18:02.738] [772335] [HailoRT] [info] [vstream.cpp:1114] [OutputVStreamImpl] Creating yolo26n/conv61...
[2026-04-23 16:18:02.738] [772335] [HailoRT] [info] [vstream_builder.cpp:220] [create_outputs] Output pipeline 'yolo26n/conv61': HW >> (HwReadEl3yolo26n/conv61 | hw_frame_size: 25600) >> (PullQEl_hw_read3yolo26n/conv61) >> (PostInferEl3yolo26n/conv61 | Quantization - src_type: UINT8, dst_type FLOAT32, limvals_min: -0.468035, limvals_max: 6.99127) >> (UserBuffQEl3yolo26n/conv61 | timeout: 10s)
[2026-04-23 16:18:02.738] [772335] [HailoRT] [info] [edge_elements.cpp:287] [create] Created (HwReadEl2yolo26n/conv64 | hw_frame_size: 6400)
[2026-04-23 16:18:02.738] [772335] [HailoRT] [info] [queue_elements.cpp:657] [create] Created (PullQEl_hw_read2yolo26n/conv64)
[2026-04-23 16:18:02.738] [772335] [HailoRT] [info] [filter_elements.cpp:372] [create] Created (PostInferEl2yolo26n/conv64 | Quantization - src_type: UINT8, dst_type FLOAT32, limvals_min: -161.763, limvals_max: 2.5779)
[2026-04-23 16:18:02.739] [772335] [HailoRT] [info] [queue_elements.cpp:800] [create] Created (UserBuffQEl2yolo26n/conv64 | timeout: 10s)
[2026-04-23 16:18:02.739] [772335] [HailoRT] [info] [vstream.cpp:1114] [OutputVStreamImpl] Creating yolo26n/conv64...
[2026-04-23 16:18:02.739] [772335] [HailoRT] [info] [vstream_builder.cpp:220] [create_outputs] Output pipeline 'yolo26n/conv64': HW >> (HwReadEl2yolo26n/conv64 | hw_frame_size: 6400) >> (PullQEl_hw_read2yolo26n/conv64) >> (PostInferEl2yolo26n/conv64 | Quantization - src_type: UINT8, dst_type FLOAT32, limvals_min: -161.763, limvals_max: 2.5779) >> (UserBuffQEl2yolo26n/conv64 | timeout: 10s)
[2026-04-23 16:18:02.739] [772335] [HailoRT] [info] [edge_elements.cpp:287] [create] Created (HwReadEl1yolo26n/conv77 | hw_frame_size: 6400)
[2026-04-23 16:18:02.739] [772335] [HailoRT] [info] [queue_elements.cpp:657] [create] Created (PullQEl_hw_read1yolo26n/conv77)
[2026-04-23 16:18:02.739] [772335] [HailoRT] [info] [filter_elements.cpp:372] [create] Created (PostInferEl1yolo26n/conv77 | Quantization - src_type: UINT8, dst_type FLOAT32, limvals_min: -0.560223, limvals_max: 15.3127)
[2026-04-23 16:18:02.739] [772335] [HailoRT] [info] [queue_elements.cpp:800] [create] Created (UserBuffQEl1yolo26n/conv77 | timeout: 10s)
[2026-04-23 16:18:02.739] [772335] [HailoRT] [info] [vstream.cpp:1114] [OutputVStreamImpl] Creating yolo26n/conv77...
[2026-04-23 16:18:02.739] [772335] [HailoRT] [info] [vstream_builder.cpp:220] [create_outputs] Output pipeline 'yolo26n/conv77': HW >> (HwReadEl1yolo26n/conv77 | hw_frame_size: 6400) >> (PullQEl_hw_read1yolo26n/conv77) >> (PostInferEl1yolo26n/conv77 | Quantization - src_type: UINT8, dst_type FLOAT32, limvals_min: -0.560223, limvals_max: 15.3127) >> (UserBuffQEl1yolo26n/conv77 | timeout: 10s)
[2026-04-23 16:18:02.739] [772335] [HailoRT] [info] [edge_elements.cpp:287] [create] Created (HwReadEl0yolo26n/conv80 | hw_frame_size: 1600)
[2026-04-23 16:18:02.739] [772335] [HailoRT] [info] [queue_elements.cpp:657] [create] Created (PullQEl_hw_read0yolo26n/conv80)
[2026-04-23 16:18:02.739] [772335] [HailoRT] [info] [filter_elements.cpp:372] [create] Created (PostInferEl0yolo26n/conv80 | Quantization - src_type: UINT8, dst_type FLOAT32, limvals_min: -204.998, limvals_max: 2.44045)
[2026-04-23 16:18:02.739] [772335] [HailoRT] [info] [queue_elements.cpp:800] [create] Created (UserBuffQEl0yolo26n/conv80 | timeout: 10s)
[2026-04-23 16:18:02.739] [772335] [HailoRT] [info] [vstream.cpp:1114] [OutputVStreamImpl] Creating yolo26n/conv80...
[2026-04-23 16:18:02.739] [772335] [HailoRT] [info] [vstream_builder.cpp:220] [create_outputs] Output pipeline 'yolo26n/conv80': HW >> (HwReadEl0yolo26n/conv80 | hw_frame_size: 1600) >> (PullQEl_hw_read0yolo26n/conv80) >> (PostInferEl0yolo26n/conv80 | Quantization - src_type: UINT8, dst_type FLOAT32, limvals_min: -204.998, limvals_max: 2.44045) >> (UserBuffQEl0yolo26n/conv80 | timeout: 10s)
[2026-04-23 16:18:02.739] [772335] [HailoRT] [info] [edge_elements.cpp:287] [create] Created (HwReadEl1yolo26n/conv91 | hw_frame_size: 3200)
[2026-04-23 16:18:02.739] [772335] [HailoRT] [info] [queue_elements.cpp:657] [create] Created (PullQEl_hw_read1yolo26n/conv91)
[2026-04-23 16:18:02.739] [772335] [HailoRT] [info] [filter_elements.cpp:372] [create] Created (PostInferEl1yolo26n/conv91 | Quantization - src_type: UINT8, dst_type FLOAT32, limvals_min: 0, limvals_max: 14.2269 | Reorder - src_order: FCR, src_shape: (20, 20, 8), dst_order: FCR, dst_shape: (20, 20, 4))
[2026-04-23 16:18:02.739] [772335] [HailoRT] [info] [queue_elements.cpp:800] [create] Created (UserBuffQEl1yolo26n/conv91 | timeout: 10s)
[2026-04-23 16:18:02.739] [772335] [HailoRT] [info] [vstream.cpp:1114] [OutputVStreamImpl] Creating yolo26n/conv91...
[2026-04-23 16:18:02.739] [772335] [HailoRT] [info] [vstream_builder.cpp:220] [create_outputs] Output pipeline 'yolo26n/conv91': HW >> (HwReadEl1yolo26n/conv91 | hw_frame_size: 3200) >> (PullQEl_hw_read1yolo26n/conv91) >> (PostInferEl1yolo26n/conv91 | Quantization - src_type: UINT8, dst_type FLOAT32, limvals_min: 0, limvals_max: 14.2269 | Reorder - src_order: FCR, src_shape: (20, 20, 8), dst_order: FCR, dst_shape: (20, 20, 4)) >> (UserBuffQEl1yolo26n/conv91 | timeout: 10s)
[2026-04-23 16:18:02.739] [772335] [HailoRT] [info] [edge_elements.cpp:287] [create] Created (HwReadEl0yolo26n/conv94 | hw_frame_size: 3200)
[2026-04-23 16:18:02.739] [772335] [HailoRT] [info] [queue_elements.cpp:657] [create] Created (PullQEl_hw_read0yolo26n/conv94)
[2026-04-23 16:18:02.739] [772335] [HailoRT] [info] [filter_elements.cpp:372] [create] Created (PostInferEl0yolo26n/conv94 | Quantization - src_type: UINT8, dst_type FLOAT32, limvals_min: -155.797, limvals_max: 3.11594 | Reorder - src_order: FCR, src_shape: (20, 20, 8), dst_order: FCR, dst_shape: (20, 20, 1))
[2026-04-23 16:18:02.739] [772335] [HailoRT] [info] [queue_elements.cpp:800] [create] Created (UserBuffQEl0yolo26n/conv94 | timeout: 10s)
[2026-04-23 16:18:02.739] [772335] [HailoRT] [info] [vstream.cpp:1114] [OutputVStreamImpl] Creating yolo26n/conv94...
[2026-04-23 16:18:02.739] [772335] [HailoRT] [info] [vstream_builder.cpp:220] [create_outputs] Output pipeline 'yolo26n/conv94': HW >> (HwReadEl0yolo26n/conv94 | hw_frame_size: 3200) >> (PullQEl_hw_read0yolo26n/conv94) >> (PostInferEl0yolo26n/conv94 | Quantization - src_type: UINT8, dst_type FLOAT32, limvals_min: -155.797, limvals_max: 3.11594 | Reorder - src_order: FCR, src_shape: (20, 20, 8), dst_order: FCR, dst_shape: (20, 20, 1)) >> (UserBuffQEl0yolo26n/conv94 | timeout: 10s)
[2026-04-23 16:18:02.751] [1139971] [HailoRT] [info] [queue_elements.cpp:855] [run_in_thread] Shutdown event was signaled in dequeue of UserBuffQEl3yolo26n/conv61!
[2026-04-23 16:18:02.751] [1139970] [HailoRT] [info] [vdevice_native_stream.cpp:331] [read_impl] Failed read from stream HAILO_STREAM_ABORT(63) (device: 0001:01:00.0)
[2026-04-23 16:18:02.751] [1139970] [HailoRT] [info] [edge_elements.cpp:396] [run_pull] Reading from stream was aborted!
[2026-04-23 16:18:02.751] [1139970] [HailoRT] [info] [queue_elements.cpp:738] [run_in_thread] run_pull of queue element PullQEl_hw_read3yolo26n/conv61 was aborted!
[2026-04-23 16:18:02.751] [1139970] [HailoRT] [info] [queue_elements.cpp:68] [operator()] Thread in element PullQEl_hw_read3yolo26n/conv61 is not running anymore, exiting..
[2026-04-23 16:18:02.751] [772335] [HailoRT] [info] [queue_elements.cpp:46] [~BaseQueueElement] Queue element PullQEl_hw_read3yolo26n/conv61 has 0 frames in his Queue on destruction
[2026-04-23 16:18:02.751] [1139971] [HailoRT] [info] [queue_elements.cpp:68] [operator()] Thread in element UserBuffQEl3yolo26n/conv61 is not running anymore, exiting..
[2026-04-23 16:18:02.751] [772335] [HailoRT] [info] [queue_elements.cpp:46] [~BaseQueueElement] Queue element UserBuffQEl3yolo26n/conv61 has 0 frames in his Queue on destruction
[2026-04-23 16:18:02.751] [1139973] [HailoRT] [info] [queue_elements.cpp:855] [run_in_thread] Shutdown event was signaled in dequeue of UserBuffQEl2yolo26n/conv64!
[2026-04-23 16:18:02.751] [1139972] [HailoRT] [info] [vdevice_native_stream.cpp:331] [read_impl] Failed read from stream HAILO_STREAM_ABORT(63) (device: 0001:01:00.0)
[2026-04-23 16:18:02.751] [1139972] [HailoRT] [info] [edge_elements.cpp:396] [run_pull] Reading from stream was aborted!
[2026-04-23 16:18:02.751] [1139972] [HailoRT] [info] [queue_elements.cpp:738] [run_in_thread] run_pull of queue element PullQEl_hw_read2yolo26n/conv64 was aborted!
[2026-04-23 16:18:02.751] [1139972] [HailoRT] [info] [queue_elements.cpp:68] [operator()] Thread in element PullQEl_hw_read2yolo26n/conv64 is not running anymore, exiting..
[2026-04-23 16:18:02.751] [772335] [HailoRT] [info] [queue_elements.cpp:46] [~BaseQueueElement] Queue element PullQEl_hw_read2yolo26n/conv64 has 0 frames in his Queue on destruction
[2026-04-23 16:18:02.751] [1139973] [HailoRT] [info] [queue_elements.cpp:68] [operator()] Thread in element UserBuffQEl2yolo26n/conv64 is not running anymore, exiting..
[2026-04-23 16:18:02.751] [772335] [HailoRT] [info] [queue_elements.cpp:46] [~BaseQueueElement] Queue element UserBuffQEl2yolo26n/conv64 has 0 frames in his Queue on destruction
[2026-04-23 16:18:02.751] [1139975] [HailoRT] [info] [queue_elements.cpp:855] [run_in_thread] Shutdown event was signaled in dequeue of UserBuffQEl1yolo26n/conv77!
[2026-04-23 16:18:02.751] [1139974] [HailoRT] [info] [vdevice_native_stream.cpp:331] [read_impl] Failed read from stream HAILO_STREAM_ABORT(63) (device: 0001:01:00.0)
[2026-04-23 16:18:02.751] [1139974] [HailoRT] [info] [edge_elements.cpp:396] [run_pull] Reading from stream was aborted!
[2026-04-23 16:18:02.751] [1139974] [HailoRT] [info] [queue_elements.cpp:738] [run_in_thread] run_pull of queue element PullQEl_hw_read1yolo26n/conv77 was aborted!
[2026-04-23 16:18:02.751] [1139974] [HailoRT] [info] [queue_elements.cpp:68] [operator()] Thread in element PullQEl_hw_read1yolo26n/conv77 is not running anymore, exiting..
[2026-04-23 16:18:02.751] [772335] [HailoRT] [info] [queue_elements.cpp:46] [~BaseQueueElement] Queue element PullQEl_hw_read1yolo26n/conv77 has 0 frames in his Queue on destruction
[2026-04-23 16:18:02.751] [1139975] [HailoRT] [info] [queue_elements.cpp:68] [operator()] Thread in element UserBuffQEl1yolo26n/conv77 is not running anymore, exiting..
[2026-04-23 16:18:02.751] [772335] [HailoRT] [info] [queue_elements.cpp:46] [~BaseQueueElement] Queue element UserBuffQEl1yolo26n/conv77 has 0 frames in his Queue on destruction
[2026-04-23 16:18:02.751] [1139976] [HailoRT] [info] [vdevice_native_stream.cpp:331] [read_impl] Failed read from stream HAILO_STREAM_ABORT(63) (device: 0001:01:00.0)
[2026-04-23 16:18:02.751] [1139977] [HailoRT] [info] [queue_elements.cpp:855] [run_in_thread] Shutdown event was signaled in dequeue of UserBuffQEl0yolo26n/conv80!
[2026-04-23 16:18:02.751] [1139976] [HailoRT] [info] [edge_elements.cpp:396] [run_pull] Reading from stream was aborted!
[2026-04-23 16:18:02.751] [1139976] [HailoRT] [info] [queue_elements.cpp:738] [run_in_thread] run_pull of queue element PullQEl_hw_read0yolo26n/conv80 was aborted!
[2026-04-23 16:18:02.751] [1139976] [HailoRT] [info] [queue_elements.cpp:68] [operator()] Thread in element PullQEl_hw_read0yolo26n/conv80 is not running anymore, exiting..
[2026-04-23 16:18:02.751] [772335] [HailoRT] [info] [queue_elements.cpp:46] [~BaseQueueElement] Queue element PullQEl_hw_read0yolo26n/conv80 has 0 frames in his Queue on destruction
[2026-04-23 16:18:02.751] [1139977] [HailoRT] [info] [queue_elements.cpp:68] [operator()] Thread in element UserBuffQEl0yolo26n/conv80 is not running anymore, exiting..
[2026-04-23 16:18:02.751] [772335] [HailoRT] [info] [queue_elements.cpp:46] [~BaseQueueElement] Queue element UserBuffQEl0yolo26n/conv80 has 0 frames in his Queue on destruction
[2026-04-23 16:18:02.751] [1139978] [HailoRT] [info] [vdevice_native_stream.cpp:331] [read_impl] Failed read from stream HAILO_STREAM_ABORT(63) (device: 0001:01:00.0)
[2026-04-23 16:18:02.751] [1139979] [HailoRT] [info] [queue_elements.cpp:855] [run_in_thread] Shutdown event was signaled in dequeue of UserBuffQEl1yolo26n/conv91!
[2026-04-23 16:18:02.751] [1139978] [HailoRT] [info] [edge_elements.cpp:396] [run_pull] Reading from stream was aborted!
[2026-04-23 16:18:02.751] [1139978] [HailoRT] [info] [queue_elements.cpp:738] [run_in_thread] run_pull of queue element PullQEl_hw_read1yolo26n/conv91 was aborted!
[2026-04-23 16:18:02.751] [1139978] [HailoRT] [info] [queue_elements.cpp:68] [operator()] Thread in element PullQEl_hw_read1yolo26n/conv91 is not running anymore, exiting..
[2026-04-23 16:18:02.751] [772335] [HailoRT] [info] [queue_elements.cpp:46] [~BaseQueueElement] Queue element PullQEl_hw_read1yolo26n/conv91 has 0 frames in his Queue on destruction
[2026-04-23 16:18:02.751] [1139979] [HailoRT] [info] [queue_elements.cpp:68] [operator()] Thread in element UserBuffQEl1yolo26n/conv91 is not running anymore, exiting..
[2026-04-23 16:18:02.751] [772335] [HailoRT] [info] [queue_elements.cpp:46] [~BaseQueueElement] Queue element UserBuffQEl1yolo26n/conv91 has 0 frames in his Queue on destruction
[2026-04-23 16:18:02.751] [1139980] [HailoRT] [info] [vdevice_native_stream.cpp:331] [read_impl] Failed read from stream HAILO_STREAM_ABORT(63) (device: 0001:01:00.0)
[2026-04-23 16:18:02.751] [1139980] [HailoRT] [info] [edge_elements.cpp:396] [run_pull] Reading from stream was aborted!
[2026-04-23 16:18:02.751] [1139981] [HailoRT] [info] [queue_elements.cpp:855] [run_in_thread] Shutdown event was signaled in dequeue of UserBuffQEl0yolo26n/conv94!
[2026-04-23 16:18:02.751] [1139980] [HailoRT] [info] [queue_elements.cpp:738] [run_in_thread] run_pull of queue element PullQEl_hw_read0yolo26n/conv94 was aborted!
[2026-04-23 16:18:02.752] [1139980] [HailoRT] [info] [queue_elements.cpp:68] [operator()] Thread in element PullQEl_hw_read0yolo26n/conv94 is not running anymore, exiting..
[2026-04-23 16:18:02.752] [772335] [HailoRT] [info] [queue_elements.cpp:46] [~BaseQueueElement] Queue element PullQEl_hw_read0yolo26n/conv94 has 0 frames in his Queue on destruction
[2026-04-23 16:18:02.752] [1139981] [HailoRT] [info] [queue_elements.cpp:68] [operator()] Thread in element UserBuffQEl0yolo26n/conv94 is not running anymore, exiting..
[2026-04-23 16:18:02.752] [772335] [HailoRT] [info] [queue_elements.cpp:46] [~BaseQueueElement] Queue element UserBuffQEl0yolo26n/conv94 has 0 frames in his Queue on destruction
[2026-04-23 16:18:02.752] [1139969] [HailoRT] [info] [queue_elements.cpp:68] [operator()] Thread in element PushQEl2yolo26n/input_layer1 is not running anymore, exiting..
[2026-04-23 16:18:02.752] [772335] [HailoRT] [info] [queue_elements.cpp:46] [~BaseQueueElement] Queue element PushQEl2yolo26n/input_layer1 has 0 frames in his Queue on destruction
[2026-04-23 16:18:02.752] [772335] [HailoRT] [info] [core_op.cpp:186] [deactivate] Deactivating took 0.50624 ms
[2026-04-23 16:18:02.752] [772335] [HailoRT] [info] [core_op.cpp:186] [deactivate] Deactivating took 0.526777 ms
[2026-04-23 16:18:02.758] [772335] [HailoRT] [info] [core_op.cpp:156] [activate] Activating arcface_mobilefacenet took 0.262481 milliseconds. Note that the function is asynchronous and thus the network is not fully activated yet.
[2026-04-23 16:18:02.758] [772335] [HailoRT] [info] [core_op.cpp:156] [activate] Activating arcface_mobilefacenet took 0.282314 milliseconds. Note that the function is asynchronous and thus the network is not fully activated yet.
[2026-04-23 16:18:02.758] [772335] [HailoRT] [info] [edge_elements.cpp:52] [create] Created (HwWriteEl1arcface_mobilefacenet/input_layer1 | hw_frame_size: 37632)
[2026-04-23 16:18:02.758] [772335] [HailoRT] [info] [vstream.cpp:754] [InputVStreamImpl] Creating arcface_mobilefacenet/input_layer1...
[2026-04-23 16:18:02.758] [772335] [HailoRT] [info] [vstream_builder.cpp:102] [create_inputs] Input pipeline 'arcface_mobilefacenet/input_layer1': (HwWriteEl1arcface_mobilefacenet/input_layer1 | hw_frame_size: 37632) >> HW
[2026-04-23 16:18:02.758] [772335] [HailoRT] [info] [edge_elements.cpp:287] [create] Created (HwReadEl0arcface_mobilefacenet/fc1 | hw_frame_size: 512)
[2026-04-23 16:18:02.758] [772335] [HailoRT] [info] [queue_elements.cpp:657] [create] Created (PullQEl_hw_read0arcface_mobilefacenet/fc1)
[2026-04-23 16:18:02.758] [772335] [HailoRT] [info] [filter_elements.cpp:372] [create] Created (PostInferEl0arcface_mobilefacenet/fc1 | Quantization - src_type: UINT8, dst_type FLOAT32, limvals_min: -2.41025, limvals_max: 1.8579)
[2026-04-23 16:18:02.758] [772335] [HailoRT] [info] [queue_elements.cpp:800] [create] Created (UserBuffQEl0arcface_mobilefacenet/fc1 | timeout: 10s)
[2026-04-23 16:18:02.758] [772335] [HailoRT] [info] [vstream.cpp:1114] [OutputVStreamImpl] Creating arcface_mobilefacenet/fc1...
[2026-04-23 16:18:02.759] [772335] [HailoRT] [info] [vstream_builder.cpp:220] [create_outputs] Output pipeline 'arcface_mobilefacenet/fc1': HW >> (HwReadEl0arcface_mobilefacenet/fc1 | hw_frame_size: 512) >> (PullQEl_hw_read0arcface_mobilefacenet/fc1) >> (PostInferEl0arcface_mobilefacenet/fc1 | Quantization - src_type: UINT8, dst_type FLOAT32, limvals_min: -2.41025, limvals_max: 1.8579) >> (UserBuffQEl0arcface_mobilefacenet/fc1 | timeout: 10s)
[2026-04-23 16:18:02.765] [1139990] [HailoRT] [info] [queue_elements.cpp:855] [run_in_thread] Shutdown event was signaled in dequeue of UserBuffQEl0arcface_mobilefacenet/fc1!
[2026-04-23 16:18:02.765] [1139989] [HailoRT] [info] [vdevice_native_stream.cpp:331] [read_impl] Failed read from stream HAILO_STREAM_ABORT(63) (device: 0001:01:00.0)
[2026-04-23 16:18:02.765] [1139989] [HailoRT] [info] [edge_elements.cpp:396] [run_pull] Reading from stream was aborted!
[2026-04-23 16:18:02.765] [1139989] [HailoRT] [info] [queue_elements.cpp:738] [run_in_thread] run_pull of queue element PullQEl_hw_read0arcface_mobilefacenet/fc1 was aborted!
[2026-04-23 16:18:02.765] [1139989] [HailoRT] [info] [queue_elements.cpp:68] [operator()] Thread in element PullQEl_hw_read0arcface_mobilefacenet/fc1 is not running anymore, exiting..
[2026-04-23 16:18:02.765] [772335] [HailoRT] [info] [queue_elements.cpp:46] [~BaseQueueElement] Queue element PullQEl_hw_read0arcface_mobilefacenet/fc1 has 0 frames in his Queue on destruction
[2026-04-23 16:18:02.765] [1139990] [HailoRT] [info] [queue_elements.cpp:68] [operator()] Thread in element UserBuffQEl0arcface_mobilefacenet/fc1 is not running anymore, exiting..
[2026-04-23 16:18:02.765] [772335] [HailoRT] [info] [queue_elements.cpp:46] [~BaseQueueElement] Queue element UserBuffQEl0arcface_mobilefacenet/fc1 has 0 frames in his Queue on destruction
[2026-04-23 16:18:02.765] [772335] [HailoRT] [info] [core_op.cpp:186] [deactivate] Deactivating took 0.372462 ms
[2026-04-23 16:18:02.765] [772335] [HailoRT] [info] [core_op.cpp:186] [deactivate] Deactivating took 0.383259 ms
[2026-04-23 16:18:02.776] [772335] [HailoRT] [info] [core_op.cpp:156] [activate] Activating yolo26n took 0.532443 milliseconds. Note that the function is asynchronous and thus the network is not fully activated yet.
[2026-04-23 16:18:02.776] [772335] [HailoRT] [info] [core_op.cpp:156] [activate] Activating yolo26n took 0.589277 milliseconds. Note that the function is asynchronous and thus the network is not fully activated yet.
[2026-04-23 16:18:02.776] [772335] [HailoRT] [info] [edge_elements.cpp:52] [create] Created (HwWriteEl2yolo26n/input_layer1 | hw_frame_size: 1228800)
[2026-04-23 16:18:02.776] [772335] [HailoRT] [info] [queue_elements.cpp:284] [create] Created (PushQEl2yolo26n/input_layer1 | timeout: 10s)
[2026-04-23 16:18:02.776] [772335] [HailoRT] [info] [filter_elements.cpp:101] [create] Created (PreInferEl2yolo26n/input_layer1 | Reorder - src_order: NHWC, src_shape: (640, 640, 3), dst_order: NHCW, dst_shape: (640, 640, 3))
[2026-04-23 16:18:02.776] [772335] [HailoRT] [info] [vstream.cpp:754] [InputVStreamImpl] Creating yolo26n/input_layer1...
[2026-04-23 16:18:02.776] [772335] [HailoRT] [info] [vstream_builder.cpp:102] [create_inputs] Input pipeline 'yolo26n/input_layer1': (PreInferEl2yolo26n/input_layer1 | Reorder - src_order: NHWC, src_shape: (640, 640, 3), dst_order: NHCW, dst_shape: (640, 640, 3)) >> (PushQEl2yolo26n/input_layer1 | timeout: 10s) >> (HwWriteEl2yolo26n/input_layer1 | hw_frame_size: 1228800) >> HW
[2026-04-23 16:18:02.776] [772335] [HailoRT] [info] [edge_elements.cpp:287] [create] Created (HwReadEl3yolo26n/conv61 | hw_frame_size: 25600)
[2026-04-23 16:18:02.776] [772335] [HailoRT] [info] [queue_elements.cpp:657] [create] Created (PullQEl_hw_read3yolo26n/conv61)
[2026-04-23 16:18:02.776] [772335] [HailoRT] [info] [filter_elements.cpp:372] [create] Created (PostInferEl3yolo26n/conv61 | Quantization - src_type: UINT8, dst_type FLOAT32, limvals_min: -0.468035, limvals_max: 6.99127)
[2026-04-23 16:18:02.776] [772335] [HailoRT] [info] [queue_elements.cpp:800] [create] Created (UserBuffQEl3yolo26n/conv61 | timeout: 10s)
[2026-04-23 16:18:02.776] [772335] [HailoRT] [info] [vstream.cpp:1114] [OutputVStreamImpl] Creating yolo26n/conv61...
[2026-04-23 16:18:02.776] [772335] [HailoRT] [info] [vstream_builder.cpp:220] [create_outputs] Output pipeline 'yolo26n/conv61': HW >> (HwReadEl3yolo26n/conv61 | hw_frame_size: 25600) >> (PullQEl_hw_read3yolo26n/conv61) >> (PostInferEl3yolo26n/conv61 | Quantization - src_type: UINT8, dst_type FLOAT32, limvals_min: -0.468035, limvals_max: 6.99127) >> (UserBuffQEl3yolo26n/conv61 | timeout: 10s)
[2026-04-23 16:18:02.776] [772335] [HailoRT] [info] [edge_elements.cpp:287] [create] Created (HwReadEl2yolo26n/conv64 | hw_frame_size: 6400)
[2026-04-23 16:18:02.777] [772335] [HailoRT] [info] [queue_elements.cpp:657] [create] Created (PullQEl_hw_read2yolo26n/conv64)
[2026-04-23 16:18:02.777] [772335] [HailoRT] [info] [filter_elements.cpp:372] [create] Created (PostInferEl2yolo26n/conv64 | Quantization - src_type: UINT8, dst_type FLOAT32, limvals_min: -161.763, limvals_max: 2.5779)
[2026-04-23 16:18:02.777] [772335] [HailoRT] [info] [queue_elements.cpp:800] [create] Created (UserBuffQEl2yolo26n/conv64 | timeout: 10s)
[2026-04-23 16:18:02.777] [772335] [HailoRT] [info] [vstream.cpp:1114] [OutputVStreamImpl] Creating yolo26n/conv64...
[2026-04-23 16:18:02.777] [772335] [HailoRT] [info] [vstream_builder.cpp:220] [create_outputs] Output pipeline 'yolo26n/conv64': HW >> (HwReadEl2yolo26n/conv64 | hw_frame_size: 6400) >> (PullQEl_hw_read2yolo26n/conv64) >> (PostInferEl2yolo26n/conv64 | Quantization - src_type: UINT8, dst_type FLOAT32, limvals_min: -161.763, limvals_max: 2.5779) >> (UserBuffQEl2yolo26n/conv64 | timeout: 10s)
[2026-04-23 16:18:02.777] [772335] [HailoRT] [info] [edge_elements.cpp:287] [create] Created (HwReadEl1yolo26n/conv77 | hw_frame_size: 6400)
[2026-04-23 16:18:02.777] [772335] [HailoRT] [info] [queue_elements.cpp:657] [create] Created (PullQEl_hw_read1yolo26n/conv77)
[2026-04-23 16:18:02.777] [772335] [HailoRT] [info] [filter_elements.cpp:372] [create] Created (PostInferEl1yolo26n/conv77 | Quantization - src_type: UINT8, dst_type FLOAT32, limvals_min: -0.560223, limvals_max: 15.3127)
[2026-04-23 16:18:02.777] [772335] [HailoRT] [info] [queue_elements.cpp:800] [create] Created (UserBuffQEl1yolo26n/conv77 | timeout: 10s)
[2026-04-23 16:18:02.777] [772335] [HailoRT] [info] [vstream.cpp:1114] [OutputVStreamImpl] Creating yolo26n/conv77...
[2026-04-23 16:18:02.777] [772335] [HailoRT] [info] [vstream_builder.cpp:220] [create_outputs] Output pipeline 'yolo26n/conv77': HW >> (HwReadEl1yolo26n/conv77 | hw_frame_size: 6400) >> (PullQEl_hw_read1yolo26n/conv77) >> (PostInferEl1yolo26n/conv77 | Quantization - src_type: UINT8, dst_type FLOAT32, limvals_min: -0.560223, limvals_max: 15.3127) >> (UserBuffQEl1yolo26n/conv77 | timeout: 10s)
[2026-04-23 16:18:02.777] [772335] [HailoRT] [info] [edge_elements.cpp:287] [create] Created (HwReadEl0yolo26n/conv80 | hw_frame_size: 1600)
[2026-04-23 16:18:02.777] [772335] [HailoRT] [info] [queue_elements.cpp:657] [create] Created (PullQEl_hw_read0yolo26n/conv80)
[2026-04-23 16:18:02.777] [772335] [HailoRT] [info] [filter_elements.cpp:372] [create] Created (PostInferEl0yolo26n/conv80 | Quantization - src_type: UINT8, dst_type FLOAT32, limvals_min: -204.998, limvals_max: 2.44045)
[2026-04-23 16:18:02.777] [772335] [HailoRT] [info] [queue_elements.cpp:800] [create] Created (UserBuffQEl0yolo26n/conv80 | timeout: 10s)
[2026-04-23 16:18:02.777] [772335] [HailoRT] [info] [vstream.cpp:1114] [OutputVStreamImpl] Creating yolo26n/conv80...
[2026-04-23 16:18:02.777] [772335] [HailoRT] [info] [vstream_builder.cpp:220] [create_outputs] Output pipeline 'yolo26n/conv80': HW >> (HwReadEl0yolo26n/conv80 | hw_frame_size: 1600) >> (PullQEl_hw_read0yolo26n/conv80) >> (PostInferEl0yolo26n/conv80 | Quantization - src_type: UINT8, dst_type FLOAT32, limvals_min: -204.998, limvals_max: 2.44045) >> (UserBuffQEl0yolo26n/conv80 | timeout: 10s)
[2026-04-23 16:18:02.777] [772335] [HailoRT] [info] [edge_elements.cpp:287] [create] Created (HwReadEl1yolo26n/conv91 | hw_frame_size: 3200)
[2026-04-23 16:18:02.777] [772335] [HailoRT] [info] [queue_elements.cpp:657] [create] Created (PullQEl_hw_read1yolo26n/conv91)
[2026-04-23 16:18:02.777] [772335] [HailoRT] [info] [filter_elements.cpp:372] [create] Created (PostInferEl1yolo26n/conv91 | Quantization - src_type: UINT8, dst_type FLOAT32, limvals_min: 0, limvals_max: 14.2269 | Reorder - src_order: FCR, src_shape: (20, 20, 8), dst_order: FCR, dst_shape: (20, 20, 4))
[2026-04-23 16:18:02.777] [772335] [HailoRT] [info] [queue_elements.cpp:800] [create] Created (UserBuffQEl1yolo26n/conv91 | timeout: 10s)
[2026-04-23 16:18:02.778] [772335] [HailoRT] [info] [vstream.cpp:1114] [OutputVStreamImpl] Creating yolo26n/conv91...
[2026-04-23 16:18:02.778] [772335] [HailoRT] [info] [vstream_builder.cpp:220] [create_outputs] Output pipeline 'yolo26n/conv91': HW >> (HwReadEl1yolo26n/conv91 | hw_frame_size: 3200) >> (PullQEl_hw_read1yolo26n/conv91) >> (PostInferEl1yolo26n/conv91 | Quantization - src_type: UINT8, dst_type FLOAT32, limvals_min: 0, limvals_max: 14.2269 | Reorder - src_order: FCR, src_shape: (20, 20, 8), dst_order: FCR, dst_shape: (20, 20, 4)) >> (UserBuffQEl1yolo26n/conv91 | timeout: 10s)
[2026-04-23 16:18:02.778] [772335] [HailoRT] [info] [edge_elements.cpp:287] [create] Created (HwReadEl0yolo26n/conv94 | hw_frame_size: 3200)
[2026-04-23 16:18:02.778] [772335] [HailoRT] [info] [queue_elements.cpp:657] [create] Created (PullQEl_hw_read0yolo26n/conv94)
[2026-04-23 16:18:02.778] [772335] [HailoRT] [info] [filter_elements.cpp:372] [create] Created (PostInferEl0yolo26n/conv94 | Quantization - src_type: UINT8, dst_type FLOAT32, limvals_min: -155.797, limvals_max: 3.11594 | Reorder - src_order: FCR, src_shape: (20, 20, 8), dst_order: FCR, dst_shape: (20, 20, 1))
[2026-04-23 16:18:02.778] [772335] [HailoRT] [info] [queue_elements.cpp:800] [create] Created (UserBuffQEl0yolo26n/conv94 | timeout: 10s)
[2026-04-23 16:18:02.778] [772335] [HailoRT] [info] [vstream.cpp:1114] [OutputVStreamImpl] Creating yolo26n/conv94...
[2026-04-23 16:18:02.778] [772335] [HailoRT] [info] [vstream_builder.cpp:220] [create_outputs] Output pipeline 'yolo26n/conv94': HW >> (HwReadEl0yolo26n/conv94 | hw_frame_size: 3200) >> (PullQEl_hw_read0yolo26n/conv94) >> (PostInferEl0yolo26n/conv94 | Quantization - src_type: UINT8, dst_type FLOAT32, limvals_min: -155.797, limvals_max: 3.11594 | Reorder - src_order: FCR, src_shape: (20, 20, 8), dst_order: FCR, dst_shape: (20, 20, 1)) >> (UserBuffQEl0yolo26n/conv94 | timeout: 10s)
[2026-04-23 16:18:02.790] [1139995] [HailoRT] [info] [queue_elements.cpp:855] [run_in_thread] Shutdown event was signaled in dequeue of UserBuffQEl3yolo26n/conv61!
[2026-04-23 16:18:02.790] [1139994] [HailoRT] [info] [vdevice_native_stream.cpp:331] [read_impl] Failed read from stream HAILO_STREAM_ABORT(63) (device: 0001:01:00.0)
[2026-04-23 16:18:02.790] [1139994] [HailoRT] [info] [edge_elements.cpp:396] [run_pull] Reading from stream was aborted!
[2026-04-23 16:18:02.790] [1139994] [HailoRT] [info] [queue_elements.cpp:738] [run_in_thread] run_pull of queue element PullQEl_hw_read3yolo26n/conv61 was aborted!
[2026-04-23 16:18:02.790] [1139994] [HailoRT] [info] [queue_elements.cpp:68] [operator()] Thread in element PullQEl_hw_read3yolo26n/conv61 is not running anymore, exiting..
[2026-04-23 16:18:02.790] [772335] [HailoRT] [info] [queue_elements.cpp:46] [~BaseQueueElement] Queue element PullQEl_hw_read3yolo26n/conv61 has 0 frames in his Queue on destruction
[2026-04-23 16:18:02.790] [1139995] [HailoRT] [info] [queue_elements.cpp:68] [operator()] Thread in element UserBuffQEl3yolo26n/conv61 is not running anymore, exiting..
[2026-04-23 16:18:02.790] [772335] [HailoRT] [info] [queue_elements.cpp:46] [~BaseQueueElement] Queue element UserBuffQEl3yolo26n/conv61 has 0 frames in his Queue on destruction
[2026-04-23 16:18:02.790] [1139996] [HailoRT] [info] [vdevice_native_stream.cpp:331] [read_impl] Failed read from stream HAILO_STREAM_ABORT(63) (device: 0001:01:00.0)
[2026-04-23 16:18:02.790] [1139996] [HailoRT] [info] [edge_elements.cpp:396] [run_pull] Reading from stream was aborted!
[2026-04-23 16:18:02.790] [1139997] [HailoRT] [info] [queue_elements.cpp:855] [run_in_thread] Shutdown event was signaled in dequeue of UserBuffQEl2yolo26n/conv64!
[2026-04-23 16:18:02.790] [1139996] [HailoRT] [info] [queue_elements.cpp:738] [run_in_thread] run_pull of queue element PullQEl_hw_read2yolo26n/conv64 was aborted!
[2026-04-23 16:18:02.790] [1139996] [HailoRT] [info] [queue_elements.cpp:68] [operator()] Thread in element PullQEl_hw_read2yolo26n/conv64 is not running anymore, exiting..
[2026-04-23 16:18:02.790] [772335] [HailoRT] [info] [queue_elements.cpp:46] [~BaseQueueElement] Queue element PullQEl_hw_read2yolo26n/conv64 has 0 frames in his Queue on destruction
[2026-04-23 16:18:02.790] [1139997] [HailoRT] [info] [queue_elements.cpp:68] [operator()] Thread in element UserBuffQEl2yolo26n/conv64 is not running anymore, exiting..
[2026-04-23 16:18:02.790] [772335] [HailoRT] [info] [queue_elements.cpp:46] [~BaseQueueElement] Queue element UserBuffQEl2yolo26n/conv64 has 0 frames in his Queue on destruction
[2026-04-23 16:18:02.790] [1139998] [HailoRT] [info] [vdevice_native_stream.cpp:331] [read_impl] Failed read from stream HAILO_STREAM_ABORT(63) (device: 0001:01:00.0)
[2026-04-23 16:18:02.790] [1139998] [HailoRT] [info] [edge_elements.cpp:396] [run_pull] Reading from stream was aborted!
[2026-04-23 16:18:02.790] [1139999] [HailoRT] [info] [queue_elements.cpp:855] [run_in_thread] Shutdown event was signaled in dequeue of UserBuffQEl1yolo26n/conv77!
[2026-04-23 16:18:02.790] [1139998] [HailoRT] [info] [queue_elements.cpp:738] [run_in_thread] run_pull of queue element PullQEl_hw_read1yolo26n/conv77 was aborted!
[2026-04-23 16:18:02.790] [1139998] [HailoRT] [info] [queue_elements.cpp:68] [operator()] Thread in element PullQEl_hw_read1yolo26n/conv77 is not running anymore, exiting..
[2026-04-23 16:18:02.790] [772335] [HailoRT] [info] [queue_elements.cpp:46] [~BaseQueueElement] Queue element PullQEl_hw_read1yolo26n/conv77 has 0 frames in his Queue on destruction
[2026-04-23 16:18:02.790] [1139999] [HailoRT] [info] [queue_elements.cpp:68] [operator()] Thread in element UserBuffQEl1yolo26n/conv77 is not running anymore, exiting..
[2026-04-23 16:18:02.790] [772335] [HailoRT] [info] [queue_elements.cpp:46] [~BaseQueueElement] Queue element UserBuffQEl1yolo26n/conv77 has 0 frames in his Queue on destruction
[2026-04-23 16:18:02.790] [1140000] [HailoRT] [info] [vdevice_native_stream.cpp:331] [read_impl] Failed read from stream HAILO_STREAM_ABORT(63) (device: 0001:01:00.0)
[2026-04-23 16:18:02.790] [1140000] [HailoRT] [info] [edge_elements.cpp:396] [run_pull] Reading from stream was aborted!
[2026-04-23 16:18:02.790] [1140001] [HailoRT] [info] [queue_elements.cpp:855] [run_in_thread] Shutdown event was signaled in dequeue of UserBuffQEl0yolo26n/conv80!
[2026-04-23 16:18:02.790] [1140000] [HailoRT] [info] [queue_elements.cpp:738] [run_in_thread] run_pull of queue element PullQEl_hw_read0yolo26n/conv80 was aborted!
[2026-04-23 16:18:02.790] [1140000] [HailoRT] [info] [queue_elements.cpp:68] [operator()] Thread in element PullQEl_hw_read0yolo26n/conv80 is not running anymore, exiting..
[2026-04-23 16:18:02.790] [772335] [HailoRT] [info] [queue_elements.cpp:46] [~BaseQueueElement] Queue element PullQEl_hw_read0yolo26n/conv80 has 0 frames in his Queue on destruction
[2026-04-23 16:18:02.790] [1140001] [HailoRT] [info] [queue_elements.cpp:68] [operator()] Thread in element UserBuffQEl0yolo26n/conv80 is not running anymore, exiting..
[2026-04-23 16:18:02.790] [772335] [HailoRT] [info] [queue_elements.cpp:46] [~BaseQueueElement] Queue element UserBuffQEl0yolo26n/conv80 has 0 frames in his Queue on destruction
[2026-04-23 16:18:02.791] [1140002] [HailoRT] [info] [vdevice_native_stream.cpp:331] [read_impl] Failed read from stream HAILO_STREAM_ABORT(63) (device: 0001:01:00.0)
[2026-04-23 16:18:02.791] [1140002] [HailoRT] [info] [edge_elements.cpp:396] [run_pull] Reading from stream was aborted!
[2026-04-23 16:18:02.791] [1140002] [HailoRT] [info] [queue_elements.cpp:738] [run_in_thread] run_pull of queue element PullQEl_hw_read1yolo26n/conv91 was aborted!
[2026-04-23 16:18:02.791] [1140003] [HailoRT] [info] [queue_elements.cpp:855] [run_in_thread] Shutdown event was signaled in dequeue of UserBuffQEl1yolo26n/conv91!
[2026-04-23 16:18:02.791] [1140002] [HailoRT] [info] [queue_elements.cpp:68] [operator()] Thread in element PullQEl_hw_read1yolo26n/conv91 is not running anymore, exiting..
[2026-04-23 16:18:02.791] [772335] [HailoRT] [info] [queue_elements.cpp:46] [~BaseQueueElement] Queue element PullQEl_hw_read1yolo26n/conv91 has 0 frames in his Queue on destruction
[2026-04-23 16:18:02.791] [1140003] [HailoRT] [info] [queue_elements.cpp:68] [operator()] Thread in element UserBuffQEl1yolo26n/conv91 is not running anymore, exiting..
[2026-04-23 16:18:02.791] [772335] [HailoRT] [info] [queue_elements.cpp:46] [~BaseQueueElement] Queue element UserBuffQEl1yolo26n/conv91 has 0 frames in his Queue on destruction
[2026-04-23 16:18:02.791] [1140004] [HailoRT] [info] [vdevice_native_stream.cpp:331] [read_impl] Failed read from stream HAILO_STREAM_ABORT(63) (device: 0001:01:00.0)
[2026-04-23 16:18:02.791] [1140004] [HailoRT] [info] [edge_elements.cpp:396] [run_pull] Reading from stream was aborted!
[2026-04-23 16:18:02.791] [1140005] [HailoRT] [info] [queue_elements.cpp:855] [run_in_thread] Shutdown event was signaled in dequeue of UserBuffQEl0yolo26n/conv94!
[2026-04-23 16:18:02.791] [1140004] [HailoRT] [info] [queue_elements.cpp:738] [run_in_thread] run_pull of queue element PullQEl_hw_read0yolo26n/conv94 was aborted!
[2026-04-23 16:18:02.791] [1140004] [HailoRT] [info] [queue_elements.cpp:68] [operator()] Thread in element PullQEl_hw_read0yolo26n/conv94 is not running anymore, exiting..
[2026-04-23 16:18:02.791] [772335] [HailoRT] [info] [queue_elements.cpp:46] [~BaseQueueElement] Queue element PullQEl_hw_read0yolo26n/conv94 has 0 frames in his Queue on destruction
[2026-04-23 16:18:02.791] [1140005] [HailoRT] [info] [queue_elements.cpp:68] [operator()] Thread in element UserBuffQEl0yolo26n/conv94 is not running anymore, exiting..
[2026-04-23 16:18:02.791] [772335] [HailoRT] [info] [queue_elements.cpp:46] [~BaseQueueElement] Queue element UserBuffQEl0yolo26n/conv94 has 0 frames in his Queue on destruction
[2026-04-23 16:18:02.791] [1139993] [HailoRT] [info] [queue_elements.cpp:68] [operator()] Thread in element PushQEl2yolo26n/input_layer1 is not running anymore, exiting..
[2026-04-23 16:18:02.791] [772335] [HailoRT] [info] [queue_elements.cpp:46] [~BaseQueueElement] Queue element PushQEl2yolo26n/input_layer1 has 0 frames in his Queue on destruction
[2026-04-23 16:18:02.791] [772335] [HailoRT] [info] [core_op.cpp:186] [deactivate] Deactivating took 0.488295 ms
[2026-04-23 16:18:02.791] [772335] [HailoRT] [info] [core_op.cpp:186] [deactivate] Deactivating took 0.499832 ms
[2026-04-23 16:18:02.799] [772335] [HailoRT] [info] [core_op.cpp:156] [activate] Activating arcface_mobilefacenet took 0.241518 milliseconds. Note that the function is asynchronous and thus the network is not fully activated yet.
[2026-04-23 16:18:02.799] [772335] [HailoRT] [info] [core_op.cpp:156] [activate] Activating arcface_mobilefacenet took 0.265574 milliseconds. Note that the function is asynchronous and thus the network is not fully activated yet.
[2026-04-23 16:18:02.799] [772335] [HailoRT] [info] [edge_elements.cpp:52] [create] Created (HwWriteEl1arcface_mobilefacenet/input_layer1 | hw_frame_size: 37632)
[2026-04-23 16:18:02.799] [772335] [HailoRT] [info] [vstream.cpp:754] [InputVStreamImpl] Creating arcface_mobilefacenet/input_layer1...
[2026-04-23 16:18:02.799] [772335] [HailoRT] [info] [vstream_builder.cpp:102] [create_inputs] Input pipeline 'arcface_mobilefacenet/input_layer1': (HwWriteEl1arcface_mobilefacenet/input_layer1 | hw_frame_size: 37632) >> HW
[2026-04-23 16:18:02.799] [772335] [HailoRT] [info] [edge_elements.cpp:287] [create] Created (HwReadEl0arcface_mobilefacenet/fc1 | hw_frame_size: 512)
[2026-04-23 16:18:02.799] [772335] [HailoRT] [info] [queue_elements.cpp:657] [create] Created (PullQEl_hw_read0arcface_mobilefacenet/fc1)
[2026-04-23 16:18:02.799] [772335] [HailoRT] [info] [filter_elements.cpp:372] [create] Created (PostInferEl0arcface_mobilefacenet/fc1 | Quantization - src_type: UINT8, dst_type FLOAT32, limvals_min: -2.41025, limvals_max: 1.8579)
[2026-04-23 16:18:02.799] [772335] [HailoRT] [info] [queue_elements.cpp:800] [create] Created (UserBuffQEl0arcface_mobilefacenet/fc1 | timeout: 10s)
[2026-04-23 16:18:02.799] [772335] [HailoRT] [info] [vstream.cpp:1114] [OutputVStreamImpl] Creating arcface_mobilefacenet/fc1...
[2026-04-23 16:18:02.799] [772335] [HailoRT] [info] [vstream_builder.cpp:220] [create_outputs] Output pipeline 'arcface_mobilefacenet/fc1': HW >> (HwReadEl0arcface_mobilefacenet/fc1 | hw_frame_size: 512) >> (PullQEl_hw_read0arcface_mobilefacenet/fc1) >> (PostInferEl0arcface_mobilefacenet/fc1 | Quantization - src_type: UINT8, dst_type FLOAT32, limvals_min: -2.41025, limvals_max: 1.8579) >> (UserBuffQEl0arcface_mobilefacenet/fc1 | timeout: 10s)
[2026-04-23 16:18:02.805] [1140014] [HailoRT] [info] [queue_elements.cpp:855] [run_in_thread] Shutdown event was signaled in dequeue of UserBuffQEl0arcface_mobilefacenet/fc1!
[2026-04-23 16:18:02.805] [1140013] [HailoRT] [info] [vdevice_native_stream.cpp:331] [read_impl] Failed read from stream HAILO_STREAM_ABORT(63) (device: 0001:01:00.0)
[2026-04-23 16:18:02.805] [1140013] [HailoRT] [info] [edge_elements.cpp:396] [run_pull] Reading from stream was aborted!
[2026-04-23 16:18:02.805] [1140013] [HailoRT] [info] [queue_elements.cpp:738] [run_in_thread] run_pull of queue element PullQEl_hw_read0arcface_mobilefacenet/fc1 was aborted!
[2026-04-23 16:18:02.805] [1140013] [HailoRT] [info] [queue_elements.cpp:68] [operator()] Thread in element PullQEl_hw_read0arcface_mobilefacenet/fc1 is not running anymore, exiting..
[2026-04-23 16:18:02.805] [772335] [HailoRT] [info] [queue_elements.cpp:46] [~BaseQueueElement] Queue element PullQEl_hw_read0arcface_mobilefacenet/fc1 has 0 frames in his Queue on destruction
[2026-04-23 16:18:02.805] [1140014] [HailoRT] [info] [queue_elements.cpp:68] [operator()] Thread in element UserBuffQEl0arcface_mobilefacenet/fc1 is not running anymore, exiting..
[2026-04-23 16:18:02.805] [772335] [HailoRT] [info] [queue_elements.cpp:46] [~BaseQueueElement] Queue element UserBuffQEl0arcface_mobilefacenet/fc1 has 0 frames in his Queue on destruction
[2026-04-23 16:18:02.806] [772335] [HailoRT] [info] [core_op.cpp:186] [deactivate] Deactivating took 0.364295 ms
[2026-04-23 16:18:02.806] [772335] [HailoRT] [info] [core_op.cpp:186] [deactivate] Deactivating took 0.373388 ms
[2026-04-23 16:18:02.816] [772335] [HailoRT] [info] [core_op.cpp:156] [activate] Activating yolo26n took 0.484907 milliseconds. Note that the function is asynchronous and thus the network is not fully activated yet.
[2026-04-23 16:18:02.816] [772335] [HailoRT] [info] [core_op.cpp:156] [activate] Activating yolo26n took 0.50811 milliseconds. Note that the function is asynchronous and thus the network is not fully activated yet.
[2026-04-23 16:18:02.817] [772335] [HailoRT] [info] [edge_elements.cpp:52] [create] Created (HwWriteEl2yolo26n/input_layer1 | hw_frame_size: 1228800)
[2026-04-23 16:18:02.817] [772335] [HailoRT] [info] [queue_elements.cpp:284] [create] Created (PushQEl2yolo26n/input_layer1 | timeout: 10s)
[2026-04-23 16:18:02.817] [772335] [HailoRT] [info] [filter_elements.cpp:101] [create] Created (PreInferEl2yolo26n/input_layer1 | Reorder - src_order: NHWC, src_shape: (640, 640, 3), dst_order: NHCW, dst_shape: (640, 640, 3))
[2026-04-23 16:18:02.817] [772335] [HailoRT] [info] [vstream.cpp:754] [InputVStreamImpl] Creating yolo26n/input_layer1...
[2026-04-23 16:18:02.817] [772335] [HailoRT] [info] [vstream_builder.cpp:102] [create_inputs] Input pipeline 'yolo26n/input_layer1': (PreInferEl2yolo26n/input_layer1 | Reorder - src_order: NHWC, src_shape: (640, 640, 3), dst_order: NHCW, dst_shape: (640, 640, 3)) >> (PushQEl2yolo26n/input_layer1 | timeout: 10s) >> (HwWriteEl2yolo26n/input_layer1 | hw_frame_size: 1228800) >> HW
[2026-04-23 16:18:02.817] [772335] [HailoRT] [info] [edge_elements.cpp:287] [create] Created (HwReadEl3yolo26n/conv61 | hw_frame_size: 25600)
[2026-04-23 16:18:02.817] [772335] [HailoRT] [info] [queue_elements.cpp:657] [create] Created (PullQEl_hw_read3yolo26n/conv61)
[2026-04-23 16:18:02.817] [772335] [HailoRT] [info] [filter_elements.cpp:372] [create] Created (PostInferEl3yolo26n/conv61 | Quantization - src_type: UINT8, dst_type FLOAT32, limvals_min: -0.468035, limvals_max: 6.99127)
[2026-04-23 16:18:02.817] [772335] [HailoRT] [info] [queue_elements.cpp:800] [create] Created (UserBuffQEl3yolo26n/conv61 | timeout: 10s)
[2026-04-23 16:18:02.817] [772335] [HailoRT] [info] [vstream.cpp:1114] [OutputVStreamImpl] Creating yolo26n/conv61...
[2026-04-23 16:18:02.817] [772335] [HailoRT] [info] [vstream_builder.cpp:220] [create_outputs] Output pipeline 'yolo26n/conv61': HW >> (HwReadEl3yolo26n/conv61 | hw_frame_size: 25600) >> (PullQEl_hw_read3yolo26n/conv61) >> (PostInferEl3yolo26n/conv61 | Quantization - src_type: UINT8, dst_type FLOAT32, limvals_min: -0.468035, limvals_max: 6.99127) >> (UserBuffQEl3yolo26n/conv61 | timeout: 10s)
[2026-04-23 16:18:02.817] [772335] [HailoRT] [info] [edge_elements.cpp:287] [create] Created (HwReadEl2yolo26n/conv64 | hw_frame_size: 6400)
[2026-04-23 16:18:02.817] [772335] [HailoRT] [info] [queue_elements.cpp:657] [create] Created (PullQEl_hw_read2yolo26n/conv64)
[2026-04-23 16:18:02.817] [772335] [HailoRT] [info] [filter_elements.cpp:372] [create] Created (PostInferEl2yolo26n/conv64 | Quantization - src_type: UINT8, dst_type FLOAT32, limvals_min: -161.763, limvals_max: 2.5779)
[2026-04-23 16:18:02.817] [772335] [HailoRT] [info] [queue_elements.cpp:800] [create] Created (UserBuffQEl2yolo26n/conv64 | timeout: 10s)
[2026-04-23 16:18:02.817] [772335] [HailoRT] [info] [vstream.cpp:1114] [OutputVStreamImpl] Creating yolo26n/conv64...
[2026-04-23 16:18:02.817] [772335] [HailoRT] [info] [vstream_builder.cpp:220] [create_outputs] Output pipeline 'yolo26n/conv64': HW >> (HwReadEl2yolo26n/conv64 | hw_frame_size: 6400) >> (PullQEl_hw_read2yolo26n/conv64) >> (PostInferEl2yolo26n/conv64 | Quantization - src_type: UINT8, dst_type FLOAT32, limvals_min: -161.763, limvals_max: 2.5779) >> (UserBuffQEl2yolo26n/conv64 | timeout: 10s)
[2026-04-23 16:18:02.817] [772335] [HailoRT] [info] [edge_elements.cpp:287] [create] Created (HwReadEl1yolo26n/conv77 | hw_frame_size: 6400)
[2026-04-23 16:18:02.817] [772335] [HailoRT] [info] [queue_elements.cpp:657] [create] Created (PullQEl_hw_read1yolo26n/conv77)
[2026-04-23 16:18:02.817] [772335] [HailoRT] [info] [filter_elements.cpp:372] [create] Created (PostInferEl1yolo26n/conv77 | Quantization - src_type: UINT8, dst_type FLOAT32, limvals_min: -0.560223, limvals_max: 15.3127)
[2026-04-23 16:18:02.817] [772335] [HailoRT] [info] [queue_elements.cpp:800] [create] Created (UserBuffQEl1yolo26n/conv77 | timeout: 10s)
[2026-04-23 16:18:02.817] [772335] [HailoRT] [info] [vstream.cpp:1114] [OutputVStreamImpl] Creating yolo26n/conv77...
[2026-04-23 16:18:02.817] [772335] [HailoRT] [info] [vstream_builder.cpp:220] [create_outputs] Output pipeline 'yolo26n/conv77': HW >> (HwReadEl1yolo26n/conv77 | hw_frame_size: 6400) >> (PullQEl_hw_read1yolo26n/conv77) >> (PostInferEl1yolo26n/conv77 | Quantization - src_type: UINT8, dst_type FLOAT32, limvals_min: -0.560223, limvals_max: 15.3127) >> (UserBuffQEl1yolo26n/conv77 | timeout: 10s)
[2026-04-23 16:18:02.817] [772335] [HailoRT] [info] [edge_elements.cpp:287] [create] Created (HwReadEl0yolo26n/conv80 | hw_frame_size: 1600)
[2026-04-23 16:18:02.817] [772335] [HailoRT] [info] [queue_elements.cpp:657] [create] Created (PullQEl_hw_read0yolo26n/conv80)
[2026-04-23 16:18:02.817] [772335] [HailoRT] [info] [filter_elements.cpp:372] [create] Created (PostInferEl0yolo26n/conv80 | Quantization - src_type: UINT8, dst_type FLOAT32, limvals_min: -204.998, limvals_max: 2.44045)
[2026-04-23 16:18:02.817] [772335] [HailoRT] [info] [queue_elements.cpp:800] [create] Created (UserBuffQEl0yolo26n/conv80 | timeout: 10s)
[2026-04-23 16:18:02.817] [772335] [HailoRT] [info] [vstream.cpp:1114] [OutputVStreamImpl] Creating yolo26n/conv80...
[2026-04-23 16:18:02.817] [772335] [HailoRT] [info] [vstream_builder.cpp:220] [create_outputs] Output pipeline 'yolo26n/conv80': HW >> (HwReadEl0yolo26n/conv80 | hw_frame_size: 1600) >> (PullQEl_hw_read0yolo26n/conv80) >> (PostInferEl0yolo26n/conv80 | Quantization - src_type: UINT8, dst_type FLOAT32, limvals_min: -204.998, limvals_max: 2.44045) >> (UserBuffQEl0yolo26n/conv80 | timeout: 10s)
[2026-04-23 16:18:02.817] [772335] [HailoRT] [info] [edge_elements.cpp:287] [create] Created (HwReadEl1yolo26n/conv91 | hw_frame_size: 3200)
[2026-04-23 16:18:02.817] [772335] [HailoRT] [info] [queue_elements.cpp:657] [create] Created (PullQEl_hw_read1yolo26n/conv91)
[2026-04-23 16:18:02.818] [772335] [HailoRT] [info] [filter_elements.cpp:372] [create] Created (PostInferEl1yolo26n/conv91 | Quantization - src_type: UINT8, dst_type FLOAT32, limvals_min: 0, limvals_max: 14.2269 | Reorder - src_order: FCR, src_shape: (20, 20, 8), dst_order: FCR, dst_shape: (20, 20, 4))
[2026-04-23 16:18:02.818] [772335] [HailoRT] [info] [queue_elements.cpp:800] [create] Created (UserBuffQEl1yolo26n/conv91 | timeout: 10s)
[2026-04-23 16:18:02.818] [772335] [HailoRT] [info] [vstream.cpp:1114] [OutputVStreamImpl] Creating yolo26n/conv91...
[2026-04-23 16:18:02.818] [772335] [HailoRT] [info] [vstream_builder.cpp:220] [create_outputs] Output pipeline 'yolo26n/conv91': HW >> (HwReadEl1yolo26n/conv91 | hw_frame_size: 3200) >> (PullQEl_hw_read1yolo26n/conv91) >> (PostInferEl1yolo26n/conv91 | Quantization - src_type: UINT8, dst_type FLOAT32, limvals_min: 0, limvals_max: 14.2269 | Reorder - src_order: FCR, src_shape: (20, 20, 8), dst_order: FCR, dst_shape: (20, 20, 4)) >> (UserBuffQEl1yolo26n/conv91 | timeout: 10s)
[2026-04-23 16:18:02.818] [772335] [HailoRT] [info] [edge_elements.cpp:287] [create] Created (HwReadEl0yolo26n/conv94 | hw_frame_size: 3200)
[2026-04-23 16:18:02.818] [772335] [HailoRT] [info] [queue_elements.cpp:657] [create] Created (PullQEl_hw_read0yolo26n/conv94)
[2026-04-23 16:18:02.818] [772335] [HailoRT] [info] [filter_elements.cpp:372] [create] Created (PostInferEl0yolo26n/conv94 | Quantization - src_type: UINT8, dst_type FLOAT32, limvals_min: -155.797, limvals_max: 3.11594 | Reorder - src_order: FCR, src_shape: (20, 20, 8), dst_order: FCR, dst_shape: (20, 20, 1))
[2026-04-23 16:18:02.818] [772335] [HailoRT] [info] [queue_elements.cpp:800] [create] Created (UserBuffQEl0yolo26n/conv94 | timeout: 10s)
[2026-04-23 16:18:02.818] [772335] [HailoRT] [info] [vstream.cpp:1114] [OutputVStreamImpl] Creating yolo26n/conv94...
[2026-04-23 16:18:02.818] [772335] [HailoRT] [info] [vstream_builder.cpp:220] [create_outputs] Output pipeline 'yolo26n/conv94': HW >> (HwReadEl0yolo26n/conv94 | hw_frame_size: 3200) >> (PullQEl_hw_read0yolo26n/conv94) >> (PostInferEl0yolo26n/conv94 | Quantization - src_type: UINT8, dst_type FLOAT32, limvals_min: -155.797, limvals_max: 3.11594 | Reorder - src_order: FCR, src_shape: (20, 20, 8), dst_order: FCR, dst_shape: (20, 20, 1)) >> (UserBuffQEl0yolo26n/conv94 | timeout: 10s)
[2026-04-23 16:18:02.829] [1140019] [HailoRT] [info] [queue_elements.cpp:855] [run_in_thread] Shutdown event was signaled in dequeue of UserBuffQEl3yolo26n/conv61!
[2026-04-23 16:18:02.829] [1140018] [HailoRT] [info] [vdevice_native_stream.cpp:331] [read_impl] Failed read from stream HAILO_STREAM_ABORT(63) (device: 0001:01:00.0)
[2026-04-23 16:18:02.829] [1140018] [HailoRT] [info] [edge_elements.cpp:396] [run_pull] Reading from stream was aborted!
[2026-04-23 16:18:02.829] [1140018] [HailoRT] [info] [queue_elements.cpp:738] [run_in_thread] run_pull of queue element PullQEl_hw_read3yolo26n/conv61 was aborted!
[2026-04-23 16:18:02.829] [1140018] [HailoRT] [info] [queue_elements.cpp:68] [operator()] Thread in element PullQEl_hw_read3yolo26n/conv61 is not running anymore, exiting..
[2026-04-23 16:18:02.829] [772335] [HailoRT] [info] [queue_elements.cpp:46] [~BaseQueueElement] Queue element PullQEl_hw_read3yolo26n/conv61 has 0 frames in his Queue on destruction
[2026-04-23 16:18:02.829] [1140019] [HailoRT] [info] [queue_elements.cpp:68] [operator()] Thread in element UserBuffQEl3yolo26n/conv61 is not running anymore, exiting..
[2026-04-23 16:18:02.829] [772335] [HailoRT] [info] [queue_elements.cpp:46] [~BaseQueueElement] Queue element UserBuffQEl3yolo26n/conv61 has 0 frames in his Queue on destruction
[2026-04-23 16:18:02.829] [1140020] [HailoRT] [info] [vdevice_native_stream.cpp:331] [read_impl] Failed read from stream HAILO_STREAM_ABORT(63) (device: 0001:01:00.0)
[2026-04-23 16:18:02.829] [1140020] [HailoRT] [info] [edge_elements.cpp:396] [run_pull] Reading from stream was aborted!
[2026-04-23 16:18:02.829] [1140021] [HailoRT] [info] [queue_elements.cpp:855] [run_in_thread] Shutdown event was signaled in dequeue of UserBuffQEl2yolo26n/conv64!
[2026-04-23 16:18:02.829] [1140020] [HailoRT] [info] [queue_elements.cpp:738] [run_in_thread] run_pull of queue element PullQEl_hw_read2yolo26n/conv64 was aborted!
[2026-04-23 16:18:02.829] [1140020] [HailoRT] [info] [queue_elements.cpp:68] [operator()] Thread in element PullQEl_hw_read2yolo26n/conv64 is not running anymore, exiting..
[2026-04-23 16:18:02.829] [772335] [HailoRT] [info] [queue_elements.cpp:46] [~BaseQueueElement] Queue element PullQEl_hw_read2yolo26n/conv64 has 0 frames in his Queue on destruction
[2026-04-23 16:18:02.829] [1140021] [HailoRT] [info] [queue_elements.cpp:68] [operator()] Thread in element UserBuffQEl2yolo26n/conv64 is not running anymore, exiting..
[2026-04-23 16:18:02.829] [772335] [HailoRT] [info] [queue_elements.cpp:46] [~BaseQueueElement] Queue element UserBuffQEl2yolo26n/conv64 has 0 frames in his Queue on destruction
[2026-04-23 16:18:02.830] [1140022] [HailoRT] [info] [vdevice_native_stream.cpp:331] [read_impl] Failed read from stream HAILO_STREAM_ABORT(63) (device: 0001:01:00.0)
[2026-04-23 16:18:02.830] [1140022] [HailoRT] [info] [edge_elements.cpp:396] [run_pull] Reading from stream was aborted!
[2026-04-23 16:18:02.830] [1140022] [HailoRT] [info] [queue_elements.cpp:738] [run_in_thread] run_pull of queue element PullQEl_hw_read1yolo26n/conv77 was aborted!
[2026-04-23 16:18:02.830] [1140023] [HailoRT] [info] [queue_elements.cpp:855] [run_in_thread] Shutdown event was signaled in dequeue of UserBuffQEl1yolo26n/conv77!
[2026-04-23 16:18:02.830] [1140022] [HailoRT] [info] [queue_elements.cpp:68] [operator()] Thread in element PullQEl_hw_read1yolo26n/conv77 is not running anymore, exiting..
[2026-04-23 16:18:02.830] [772335] [HailoRT] [info] [queue_elements.cpp:46] [~BaseQueueElement] Queue element PullQEl_hw_read1yolo26n/conv77 has 0 frames in his Queue on destruction
[2026-04-23 16:18:02.830] [1140023] [HailoRT] [info] [queue_elements.cpp:68] [operator()] Thread in element UserBuffQEl1yolo26n/conv77 is not running anymore, exiting..
[2026-04-23 16:18:02.830] [772335] [HailoRT] [info] [queue_elements.cpp:46] [~BaseQueueElement] Queue element UserBuffQEl1yolo26n/conv77 has 0 frames in his Queue on destruction
[2026-04-23 16:18:02.830] [1140025] [HailoRT] [info] [queue_elements.cpp:855] [run_in_thread] Shutdown event was signaled in dequeue of UserBuffQEl0yolo26n/conv80!
[2026-04-23 16:18:02.830] [1140024] [HailoRT] [info] [vdevice_native_stream.cpp:331] [read_impl] Failed read from stream HAILO_STREAM_ABORT(63) (device: 0001:01:00.0)
[2026-04-23 16:18:02.830] [1140024] [HailoRT] [info] [edge_elements.cpp:396] [run_pull] Reading from stream was aborted!
[2026-04-23 16:18:02.830] [1140024] [HailoRT] [info] [queue_elements.cpp:738] [run_in_thread] run_pull of queue element PullQEl_hw_read0yolo26n/conv80 was aborted!
[2026-04-23 16:18:02.830] [1140024] [HailoRT] [info] [queue_elements.cpp:68] [operator()] Thread in element PullQEl_hw_read0yolo26n/conv80 is not running anymore, exiting..
[2026-04-23 16:18:02.830] [772335] [HailoRT] [info] [queue_elements.cpp:46] [~BaseQueueElement] Queue element PullQEl_hw_read0yolo26n/conv80 has 0 frames in his Queue on destruction
[2026-04-23 16:18:02.830] [1140025] [HailoRT] [info] [queue_elements.cpp:68] [operator()] Thread in element UserBuffQEl0yolo26n/conv80 is not running anymore, exiting..
[2026-04-23 16:18:02.830] [772335] [HailoRT] [info] [queue_elements.cpp:46] [~BaseQueueElement] Queue element UserBuffQEl0yolo26n/conv80 has 0 frames in his Queue on destruction
[2026-04-23 16:18:02.830] [1140027] [HailoRT] [info] [queue_elements.cpp:855] [run_in_thread] Shutdown event was signaled in dequeue of UserBuffQEl1yolo26n/conv91!
[2026-04-23 16:18:02.830] [1140026] [HailoRT] [info] [vdevice_native_stream.cpp:331] [read_impl] Failed read from stream HAILO_STREAM_ABORT(63) (device: 0001:01:00.0)
[2026-04-23 16:18:02.830] [1140026] [HailoRT] [info] [edge_elements.cpp:396] [run_pull] Reading from stream was aborted!
[2026-04-23 16:18:02.830] [1140026] [HailoRT] [info] [queue_elements.cpp:738] [run_in_thread] run_pull of queue element PullQEl_hw_read1yolo26n/conv91 was aborted!
[2026-04-23 16:18:02.830] [1140026] [HailoRT] [info] [queue_elements.cpp:68] [operator()] Thread in element PullQEl_hw_read1yolo26n/conv91 is not running anymore, exiting..
[2026-04-23 16:18:02.830] [772335] [HailoRT] [info] [queue_elements.cpp:46] [~BaseQueueElement] Queue element PullQEl_hw_read1yolo26n/conv91 has 0 frames in his Queue on destruction
[2026-04-23 16:18:02.830] [1140027] [HailoRT] [info] [queue_elements.cpp:68] [operator()] Thread in element UserBuffQEl1yolo26n/conv91 is not running anymore, exiting..
[2026-04-23 16:18:02.830] [772335] [HailoRT] [info] [queue_elements.cpp:46] [~BaseQueueElement] Queue element UserBuffQEl1yolo26n/conv91 has 0 frames in his Queue on destruction
[2026-04-23 16:18:02.830] [1140028] [HailoRT] [info] [vdevice_native_stream.cpp:331] [read_impl] Failed read from stream HAILO_STREAM_ABORT(63) (device: 0001:01:00.0)
[2026-04-23 16:18:02.830] [1140028] [HailoRT] [info] [edge_elements.cpp:396] [run_pull] Reading from stream was aborted!
[2026-04-23 16:18:02.830] [1140028] [HailoRT] [info] [queue_elements.cpp:738] [run_in_thread] run_pull of queue element PullQEl_hw_read0yolo26n/conv94 was aborted!
[2026-04-23 16:18:02.830] [1140029] [HailoRT] [info] [queue_elements.cpp:855] [run_in_thread] Shutdown event was signaled in dequeue of UserBuffQEl0yolo26n/conv94!
[2026-04-23 16:18:02.830] [1140028] [HailoRT] [info] [queue_elements.cpp:68] [operator()] Thread in element PullQEl_hw_read0yolo26n/conv94 is not running anymore, exiting..
[2026-04-23 16:18:02.830] [772335] [HailoRT] [info] [queue_elements.cpp:46] [~BaseQueueElement] Queue element PullQEl_hw_read0yolo26n/conv94 has 0 frames in his Queue on destruction
[2026-04-23 16:18:02.830] [1140029] [HailoRT] [info] [queue_elements.cpp:68] [operator()] Thread in element UserBuffQEl0yolo26n/conv94 is not running anymore, exiting..
[2026-04-23 16:18:02.830] [772335] [HailoRT] [info] [queue_elements.cpp:46] [~BaseQueueElement] Queue element UserBuffQEl0yolo26n/conv94 has 0 frames in his Queue on destruction
[2026-04-23 16:18:02.831] [1140017] [HailoRT] [info] [queue_elements.cpp:68] [operator()] Thread in element PushQEl2yolo26n/input_layer1 is not running anymore, exiting..
[2026-04-23 16:18:02.831] [772335] [HailoRT] [info] [queue_elements.cpp:46] [~BaseQueueElement] Queue element PushQEl2yolo26n/input_layer1 has 0 frames in his Queue on destruction
[2026-04-23 16:18:02.831] [772335] [HailoRT] [info] [core_op.cpp:186] [deactivate] Deactivating took 0.437203 ms
[2026-04-23 16:18:02.831] [772335] [HailoRT] [info] [core_op.cpp:186] [deactivate] Deactivating took 0.44698 ms
[2026-04-23 16:18:02.837] [772335] [HailoRT] [info] [core_op.cpp:156] [activate] Activating arcface_mobilefacenet took 0.228852 milliseconds. Note that the function is asynchronous and thus the network is not fully activated yet.
[2026-04-23 16:18:02.837] [772335] [HailoRT] [info] [core_op.cpp:156] [activate] Activating arcface_mobilefacenet took 0.248463 milliseconds. Note that the function is asynchronous and thus the network is not fully activated yet.
[2026-04-23 16:18:02.837] [772335] [HailoRT] [info] [edge_elements.cpp:52] [create] Created (HwWriteEl1arcface_mobilefacenet/input_layer1 | hw_frame_size: 37632)
[2026-04-23 16:18:02.837] [772335] [HailoRT] [info] [vstream.cpp:754] [InputVStreamImpl] Creating arcface_mobilefacenet/input_layer1...
[2026-04-23 16:18:02.837] [772335] [HailoRT] [info] [vstream_builder.cpp:102] [create_inputs] Input pipeline 'arcface_mobilefacenet/input_layer1': (HwWriteEl1arcface_mobilefacenet/input_layer1 | hw_frame_size: 37632) >> HW
[2026-04-23 16:18:02.837] [772335] [HailoRT] [info] [edge_elements.cpp:287] [create] Created (HwReadEl0arcface_mobilefacenet/fc1 | hw_frame_size: 512)
[2026-04-23 16:18:02.837] [772335] [HailoRT] [info] [queue_elements.cpp:657] [create] Created (PullQEl_hw_read0arcface_mobilefacenet/fc1)
[2026-04-23 16:18:02.837] [772335] [HailoRT] [info] [filter_elements.cpp:372] [create] Created (PostInferEl0arcface_mobilefacenet/fc1 | Quantization - src_type: UINT8, dst_type FLOAT32, limvals_min: -2.41025, limvals_max: 1.8579)
[2026-04-23 16:18:02.837] [772335] [HailoRT] [info] [queue_elements.cpp:800] [create] Created (UserBuffQEl0arcface_mobilefacenet/fc1 | timeout: 10s)
[2026-04-23 16:18:02.837] [772335] [HailoRT] [info] [vstream.cpp:1114] [OutputVStreamImpl] Creating arcface_mobilefacenet/fc1...
[2026-04-23 16:18:02.837] [772335] [HailoRT] [info] [vstream_builder.cpp:220] [create_outputs] Output pipeline 'arcface_mobilefacenet/fc1': HW >> (HwReadEl0arcface_mobilefacenet/fc1 | hw_frame_size: 512) >> (PullQEl_hw_read0arcface_mobilefacenet/fc1) >> (PostInferEl0arcface_mobilefacenet/fc1 | Quantization - src_type: UINT8, dst_type FLOAT32, limvals_min: -2.41025, limvals_max: 1.8579) >> (UserBuffQEl0arcface_mobilefacenet/fc1 | timeout: 10s)
[2026-04-23 16:18:02.843] [1140037] [HailoRT] [info] [vdevice_native_stream.cpp:331] [read_impl] Failed read from stream HAILO_STREAM_ABORT(63) (device: 0001:01:00.0)
[2026-04-23 16:18:02.843] [1140037] [HailoRT] [info] [edge_elements.cpp:396] [run_pull] Reading from stream was aborted!
[2026-04-23 16:18:02.843] [1140037] [HailoRT] [info] [queue_elements.cpp:738] [run_in_thread] run_pull of queue element PullQEl_hw_read0arcface_mobilefacenet/fc1 was aborted!
[2026-04-23 16:18:02.843] [1140038] [HailoRT] [info] [queue_elements.cpp:855] [run_in_thread] Shutdown event was signaled in dequeue of UserBuffQEl0arcface_mobilefacenet/fc1!
[2026-04-23 16:18:02.843] [1140037] [HailoRT] [info] [queue_elements.cpp:68] [operator()] Thread in element PullQEl_hw_read0arcface_mobilefacenet/fc1 is not running anymore, exiting..
[2026-04-23 16:18:02.844] [772335] [HailoRT] [info] [queue_elements.cpp:46] [~BaseQueueElement] Queue element PullQEl_hw_read0arcface_mobilefacenet/fc1 has 0 frames in his Queue on destruction
[2026-04-23 16:18:02.844] [1140038] [HailoRT] [info] [queue_elements.cpp:68] [operator()] Thread in element UserBuffQEl0arcface_mobilefacenet/fc1 is not running anymore, exiting..
[2026-04-23 16:18:02.844] [772335] [HailoRT] [info] [queue_elements.cpp:46] [~BaseQueueElement] Queue element UserBuffQEl0arcface_mobilefacenet/fc1 has 0 frames in his Queue on destruction
[2026-04-23 16:18:02.845] [772335] [HailoRT] [info] [core_op.cpp:186] [deactivate] Deactivating took 1.272293 ms
[2026-04-23 16:18:02.845] [772335] [HailoRT] [info] [core_op.cpp:186] [deactivate] Deactivating took 1.289756 ms
[2026-04-23 16:18:02.854] [772335] [HailoRT] [info] [core_op.cpp:156] [activate] Activating yolo26n took 0.476202 milliseconds. Note that the function is asynchronous and thus the network is not fully activated yet.
[2026-04-23 16:18:02.854] [772335] [HailoRT] [info] [core_op.cpp:156] [activate] Activating yolo26n took 0.500295 milliseconds. Note that the function is asynchronous and thus the network is not fully activated yet.
[2026-04-23 16:18:02.854] [772335] [HailoRT] [info] [edge_elements.cpp:52] [create] Created (HwWriteEl2yolo26n/input_layer1 | hw_frame_size: 1228800)
[2026-04-23 16:18:02.854] [772335] [HailoRT] [info] [queue_elements.cpp:284] [create] Created (PushQEl2yolo26n/input_layer1 | timeout: 10s)
[2026-04-23 16:18:02.854] [772335] [HailoRT] [info] [filter_elements.cpp:101] [create] Created (PreInferEl2yolo26n/input_layer1 | Reorder - src_order: NHWC, src_shape: (640, 640, 3), dst_order: NHCW, dst_shape: (640, 640, 3))
[2026-04-23 16:18:02.854] [772335] [HailoRT] [info] [vstream.cpp:754] [InputVStreamImpl] Creating yolo26n/input_layer1...
[2026-04-23 16:18:02.854] [772335] [HailoRT] [info] [vstream_builder.cpp:102] [create_inputs] Input pipeline 'yolo26n/input_layer1': (PreInferEl2yolo26n/input_layer1 | Reorder - src_order: NHWC, src_shape: (640, 640, 3), dst_order: NHCW, dst_shape: (640, 640, 3)) >> (PushQEl2yolo26n/input_layer1 | timeout: 10s) >> (HwWriteEl2yolo26n/input_layer1 | hw_frame_size: 1228800) >> HW
[2026-04-23 16:18:02.854] [772335] [HailoRT] [info] [edge_elements.cpp:287] [create] Created (HwReadEl3yolo26n/conv61 | hw_frame_size: 25600)
[2026-04-23 16:18:02.854] [772335] [HailoRT] [info] [queue_elements.cpp:657] [create] Created (PullQEl_hw_read3yolo26n/conv61)
[2026-04-23 16:18:02.854] [772335] [HailoRT] [info] [filter_elements.cpp:372] [create] Created (PostInferEl3yolo26n/conv61 | Quantization - src_type: UINT8, dst_type FLOAT32, limvals_min: -0.468035, limvals_max: 6.99127)
[2026-04-23 16:18:02.854] [772335] [HailoRT] [info] [queue_elements.cpp:800] [create] Created (UserBuffQEl3yolo26n/conv61 | timeout: 10s)
[2026-04-23 16:18:02.854] [772335] [HailoRT] [info] [vstream.cpp:1114] [OutputVStreamImpl] Creating yolo26n/conv61...
[2026-04-23 16:18:02.854] [772335] [HailoRT] [info] [vstream_builder.cpp:220] [create_outputs] Output pipeline 'yolo26n/conv61': HW >> (HwReadEl3yolo26n/conv61 | hw_frame_size: 25600) >> (PullQEl_hw_read3yolo26n/conv61) >> (PostInferEl3yolo26n/conv61 | Quantization - src_type: UINT8, dst_type FLOAT32, limvals_min: -0.468035, limvals_max: 6.99127) >> (UserBuffQEl3yolo26n/conv61 | timeout: 10s)
[2026-04-23 16:18:02.854] [772335] [HailoRT] [info] [edge_elements.cpp:287] [create] Created (HwReadEl2yolo26n/conv64 | hw_frame_size: 6400)
[2026-04-23 16:18:02.854] [772335] [HailoRT] [info] [queue_elements.cpp:657] [create] Created (PullQEl_hw_read2yolo26n/conv64)
[2026-04-23 16:18:02.854] [772335] [HailoRT] [info] [filter_elements.cpp:372] [create] Created (PostInferEl2yolo26n/conv64 | Quantization - src_type: UINT8, dst_type FLOAT32, limvals_min: -161.763, limvals_max: 2.5779)
[2026-04-23 16:18:02.854] [772335] [HailoRT] [info] [queue_elements.cpp:800] [create] Created (UserBuffQEl2yolo26n/conv64 | timeout: 10s)
[2026-04-23 16:18:02.854] [772335] [HailoRT] [info] [vstream.cpp:1114] [OutputVStreamImpl] Creating yolo26n/conv64...
[2026-04-23 16:18:02.854] [772335] [HailoRT] [info] [vstream_builder.cpp:220] [create_outputs] Output pipeline 'yolo26n/conv64': HW >> (HwReadEl2yolo26n/conv64 | hw_frame_size: 6400) >> (PullQEl_hw_read2yolo26n/conv64) >> (PostInferEl2yolo26n/conv64 | Quantization - src_type: UINT8, dst_type FLOAT32, limvals_min: -161.763, limvals_max: 2.5779) >> (UserBuffQEl2yolo26n/conv64 | timeout: 10s)
[2026-04-23 16:18:02.854] [772335] [HailoRT] [info] [edge_elements.cpp:287] [create] Created (HwReadEl1yolo26n/conv77 | hw_frame_size: 6400)
[2026-04-23 16:18:02.854] [772335] [HailoRT] [info] [queue_elements.cpp:657] [create] Created (PullQEl_hw_read1yolo26n/conv77)
[2026-04-23 16:18:02.854] [772335] [HailoRT] [info] [filter_elements.cpp:372] [create] Created (PostInferEl1yolo26n/conv77 | Quantization - src_type: UINT8, dst_type FLOAT32, limvals_min: -0.560223, limvals_max: 15.3127)
[2026-04-23 16:18:02.854] [772335] [HailoRT] [info] [queue_elements.cpp:800] [create] Created (UserBuffQEl1yolo26n/conv77 | timeout: 10s)
[2026-04-23 16:18:02.854] [772335] [HailoRT] [info] [vstream.cpp:1114] [OutputVStreamImpl] Creating yolo26n/conv77...
[2026-04-23 16:18:02.854] [772335] [HailoRT] [info] [vstream_builder.cpp:220] [create_outputs] Output pipeline 'yolo26n/conv77': HW >> (HwReadEl1yolo26n/conv77 | hw_frame_size: 6400) >> (PullQEl_hw_read1yolo26n/conv77) >> (PostInferEl1yolo26n/conv77 | Quantization - src_type: UINT8, dst_type FLOAT32, limvals_min: -0.560223, limvals_max: 15.3127) >> (UserBuffQEl1yolo26n/conv77 | timeout: 10s)
[2026-04-23 16:18:02.854] [772335] [HailoRT] [info] [edge_elements.cpp:287] [create] Created (HwReadEl0yolo26n/conv80 | hw_frame_size: 1600)
[2026-04-23 16:18:02.855] [772335] [HailoRT] [info] [queue_elements.cpp:657] [create] Created (PullQEl_hw_read0yolo26n/conv80)
[2026-04-23 16:18:02.855] [772335] [HailoRT] [info] [filter_elements.cpp:372] [create] Created (PostInferEl0yolo26n/conv80 | Quantization - src_type: UINT8, dst_type FLOAT32, limvals_min: -204.998, limvals_max: 2.44045)
[2026-04-23 16:18:02.855] [772335] [HailoRT] [info] [queue_elements.cpp:800] [create] Created (UserBuffQEl0yolo26n/conv80 | timeout: 10s)
[2026-04-23 16:18:02.855] [772335] [HailoRT] [info] [vstream.cpp:1114] [OutputVStreamImpl] Creating yolo26n/conv80...
[2026-04-23 16:18:02.855] [772335] [HailoRT] [info] [vstream_builder.cpp:220] [create_outputs] Output pipeline 'yolo26n/conv80': HW >> (HwReadEl0yolo26n/conv80 | hw_frame_size: 1600) >> (PullQEl_hw_read0yolo26n/conv80) >> (PostInferEl0yolo26n/conv80 | Quantization - src_type: UINT8, dst_type FLOAT32, limvals_min: -204.998, limvals_max: 2.44045) >> (UserBuffQEl0yolo26n/conv80 | timeout: 10s)
[2026-04-23 16:18:02.855] [772335] [HailoRT] [info] [edge_elements.cpp:287] [create] Created (HwReadEl1yolo26n/conv91 | hw_frame_size: 3200)
[2026-04-23 16:18:02.855] [772335] [HailoRT] [info] [queue_elements.cpp:657] [create] Created (PullQEl_hw_read1yolo26n/conv91)
[2026-04-23 16:18:02.855] [772335] [HailoRT] [info] [filter_elements.cpp:372] [create] Created (PostInferEl1yolo26n/conv91 | Quantization - src_type: UINT8, dst_type FLOAT32, limvals_min: 0, limvals_max: 14.2269 | Reorder - src_order: FCR, src_shape: (20, 20, 8), dst_order: FCR, dst_shape: (20, 20, 4))
[2026-04-23 16:18:02.855] [772335] [HailoRT] [info] [queue_elements.cpp:800] [create] Created (UserBuffQEl1yolo26n/conv91 | timeout: 10s)
[2026-04-23 16:18:02.855] [772335] [HailoRT] [info] [vstream.cpp:1114] [OutputVStreamImpl] Creating yolo26n/conv91...
[2026-04-23 16:18:02.855] [772335] [HailoRT] [info] [vstream_builder.cpp:220] [create_outputs] Output pipeline 'yolo26n/conv91': HW >> (HwReadEl1yolo26n/conv91 | hw_frame_size: 3200) >> (PullQEl_hw_read1yolo26n/conv91) >> (PostInferEl1yolo26n/conv91 | Quantization - src_type: UINT8, dst_type FLOAT32, limvals_min: 0, limvals_max: 14.2269 | Reorder - src_order: FCR, src_shape: (20, 20, 8), dst_order: FCR, dst_shape: (20, 20, 4)) >> (UserBuffQEl1yolo26n/conv91 | timeout: 10s)
[2026-04-23 16:18:02.855] [772335] [HailoRT] [info] [edge_elements.cpp:287] [create] Created (HwReadEl0yolo26n/conv94 | hw_frame_size: 3200)
[2026-04-23 16:18:02.855] [772335] [HailoRT] [info] [queue_elements.cpp:657] [create] Created (PullQEl_hw_read0yolo26n/conv94)
[2026-04-23 16:18:02.855] [772335] [HailoRT] [info] [filter_elements.cpp:372] [create] Created (PostInferEl0yolo26n/conv94 | Quantization - src_type: UINT8, dst_type FLOAT32, limvals_min: -155.797, limvals_max: 3.11594 | Reorder - src_order: FCR, src_shape: (20, 20, 8), dst_order: FCR, dst_shape: (20, 20, 1))
[2026-04-23 16:18:02.855] [772335] [HailoRT] [info] [queue_elements.cpp:800] [create] Created (UserBuffQEl0yolo26n/conv94 | timeout: 10s)
[2026-04-23 16:18:02.855] [772335] [HailoRT] [info] [vstream.cpp:1114] [OutputVStreamImpl] Creating yolo26n/conv94...
[2026-04-23 16:18:02.855] [772335] [HailoRT] [info] [vstream_builder.cpp:220] [create_outputs] Output pipeline 'yolo26n/conv94': HW >> (HwReadEl0yolo26n/conv94 | hw_frame_size: 3200) >> (PullQEl_hw_read0yolo26n/conv94) >> (PostInferEl0yolo26n/conv94 | Quantization - src_type: UINT8, dst_type FLOAT32, limvals_min: -155.797, limvals_max: 3.11594 | Reorder - src_order: FCR, src_shape: (20, 20, 8), dst_order: FCR, dst_shape: (20, 20, 1)) >> (UserBuffQEl0yolo26n/conv94 | timeout: 10s)
[2026-04-23 16:18:02.866] [1140043] [HailoRT] [info] [queue_elements.cpp:855] [run_in_thread] Shutdown event was signaled in dequeue of UserBuffQEl3yolo26n/conv61!
[2026-04-23 16:18:02.866] [1140042] [HailoRT] [info] [vdevice_native_stream.cpp:331] [read_impl] Failed read from stream HAILO_STREAM_ABORT(63) (device: 0001:01:00.0)
[2026-04-23 16:18:02.866] [1140042] [HailoRT] [info] [edge_elements.cpp:396] [run_pull] Reading from stream was aborted!
[2026-04-23 16:18:02.866] [1140042] [HailoRT] [info] [queue_elements.cpp:738] [run_in_thread] run_pull of queue element PullQEl_hw_read3yolo26n/conv61 was aborted!
[2026-04-23 16:18:02.866] [1140042] [HailoRT] [info] [queue_elements.cpp:68] [operator()] Thread in element PullQEl_hw_read3yolo26n/conv61 is not running anymore, exiting..
[2026-04-23 16:18:02.866] [772335] [HailoRT] [info] [queue_elements.cpp:46] [~BaseQueueElement] Queue element PullQEl_hw_read3yolo26n/conv61 has 0 frames in his Queue on destruction
[2026-04-23 16:18:02.866] [1140043] [HailoRT] [info] [queue_elements.cpp:68] [operator()] Thread in element UserBuffQEl3yolo26n/conv61 is not running anymore, exiting..
[2026-04-23 16:18:02.866] [772335] [HailoRT] [info] [queue_elements.cpp:46] [~BaseQueueElement] Queue element UserBuffQEl3yolo26n/conv61 has 0 frames in his Queue on destruction
[2026-04-23 16:18:02.866] [1140045] [HailoRT] [info] [queue_elements.cpp:855] [run_in_thread] Shutdown event was signaled in dequeue of UserBuffQEl2yolo26n/conv64!
[2026-04-23 16:18:02.866] [1140044] [HailoRT] [info] [vdevice_native_stream.cpp:331] [read_impl] Failed read from stream HAILO_STREAM_ABORT(63) (device: 0001:01:00.0)
[2026-04-23 16:18:02.866] [1140044] [HailoRT] [info] [edge_elements.cpp:396] [run_pull] Reading from stream was aborted!
[2026-04-23 16:18:02.866] [1140044] [HailoRT] [info] [queue_elements.cpp:738] [run_in_thread] run_pull of queue element PullQEl_hw_read2yolo26n/conv64 was aborted!
[2026-04-23 16:18:02.866] [1140044] [HailoRT] [info] [queue_elements.cpp:68] [operator()] Thread in element PullQEl_hw_read2yolo26n/conv64 is not running anymore, exiting..
[2026-04-23 16:18:02.866] [772335] [HailoRT] [info] [queue_elements.cpp:46] [~BaseQueueElement] Queue element PullQEl_hw_read2yolo26n/conv64 has 0 frames in his Queue on destruction
[2026-04-23 16:18:02.866] [1140045] [HailoRT] [info] [queue_elements.cpp:68] [operator()] Thread in element UserBuffQEl2yolo26n/conv64 is not running anymore, exiting..
[2026-04-23 16:18:02.866] [772335] [HailoRT] [info] [queue_elements.cpp:46] [~BaseQueueElement] Queue element UserBuffQEl2yolo26n/conv64 has 0 frames in his Queue on destruction
[2026-04-23 16:18:02.866] [1140047] [HailoRT] [info] [queue_elements.cpp:855] [run_in_thread] Shutdown event was signaled in dequeue of UserBuffQEl1yolo26n/conv77!
[2026-04-23 16:18:02.866] [1140046] [HailoRT] [info] [vdevice_native_stream.cpp:331] [read_impl] Failed read from stream HAILO_STREAM_ABORT(63) (device: 0001:01:00.0)
[2026-04-23 16:18:02.866] [1140046] [HailoRT] [info] [edge_elements.cpp:396] [run_pull] Reading from stream was aborted!
[2026-04-23 16:18:02.866] [1140046] [HailoRT] [info] [queue_elements.cpp:738] [run_in_thread] run_pull of queue element PullQEl_hw_read1yolo26n/conv77 was aborted!
[2026-04-23 16:18:02.866] [1140046] [HailoRT] [info] [queue_elements.cpp:68] [operator()] Thread in element PullQEl_hw_read1yolo26n/conv77 is not running anymore, exiting..
[2026-04-23 16:18:02.866] [772335] [HailoRT] [info] [queue_elements.cpp:46] [~BaseQueueElement] Queue element PullQEl_hw_read1yolo26n/conv77 has 0 frames in his Queue on destruction
[2026-04-23 16:18:02.866] [1140047] [HailoRT] [info] [queue_elements.cpp:68] [operator()] Thread in element UserBuffQEl1yolo26n/conv77 is not running anymore, exiting..
[2026-04-23 16:18:02.866] [772335] [HailoRT] [info] [queue_elements.cpp:46] [~BaseQueueElement] Queue element UserBuffQEl1yolo26n/conv77 has 0 frames in his Queue on destruction
[2026-04-23 16:18:02.866] [1140048] [HailoRT] [info] [vdevice_native_stream.cpp:331] [read_impl] Failed read from stream HAILO_STREAM_ABORT(63) (device: 0001:01:00.0)
[2026-04-23 16:18:02.866] [1140048] [HailoRT] [info] [edge_elements.cpp:396] [run_pull] Reading from stream was aborted!
[2026-04-23 16:18:02.866] [1140049] [HailoRT] [info] [queue_elements.cpp:855] [run_in_thread] Shutdown event was signaled in dequeue of UserBuffQEl0yolo26n/conv80!
[2026-04-23 16:18:02.866] [1140048] [HailoRT] [info] [queue_elements.cpp:738] [run_in_thread] run_pull of queue element PullQEl_hw_read0yolo26n/conv80 was aborted!
[2026-04-23 16:18:02.866] [1140048] [HailoRT] [info] [queue_elements.cpp:68] [operator()] Thread in element PullQEl_hw_read0yolo26n/conv80 is not running anymore, exiting..
[2026-04-23 16:18:02.866] [772335] [HailoRT] [info] [queue_elements.cpp:46] [~BaseQueueElement] Queue element PullQEl_hw_read0yolo26n/conv80 has 0 frames in his Queue on destruction
[2026-04-23 16:18:02.866] [1140049] [HailoRT] [info] [queue_elements.cpp:68] [operator()] Thread in element UserBuffQEl0yolo26n/conv80 is not running anymore, exiting..
[2026-04-23 16:18:02.866] [772335] [HailoRT] [info] [queue_elements.cpp:46] [~BaseQueueElement] Queue element UserBuffQEl0yolo26n/conv80 has 0 frames in his Queue on destruction
[2026-04-23 16:18:02.866] [1140050] [HailoRT] [info] [vdevice_native_stream.cpp:331] [read_impl] Failed read from stream HAILO_STREAM_ABORT(63) (device: 0001:01:00.0)
[2026-04-23 16:18:02.866] [1140051] [HailoRT] [info] [queue_elements.cpp:855] [run_in_thread] Shutdown event was signaled in dequeue of UserBuffQEl1yolo26n/conv91!
[2026-04-23 16:18:02.866] [1140050] [HailoRT] [info] [edge_elements.cpp:396] [run_pull] Reading from stream was aborted!
[2026-04-23 16:18:02.866] [1140050] [HailoRT] [info] [queue_elements.cpp:738] [run_in_thread] run_pull of queue element PullQEl_hw_read1yolo26n/conv91 was aborted!
[2026-04-23 16:18:02.866] [1140050] [HailoRT] [info] [queue_elements.cpp:68] [operator()] Thread in element PullQEl_hw_read1yolo26n/conv91 is not running anymore, exiting..
[2026-04-23 16:18:02.866] [772335] [HailoRT] [info] [queue_elements.cpp:46] [~BaseQueueElement] Queue element PullQEl_hw_read1yolo26n/conv91 has 0 frames in his Queue on destruction
[2026-04-23 16:18:02.866] [1140051] [HailoRT] [info] [queue_elements.cpp:68] [operator()] Thread in element UserBuffQEl1yolo26n/conv91 is not running anymore, exiting..
[2026-04-23 16:18:02.866] [772335] [HailoRT] [info] [queue_elements.cpp:46] [~BaseQueueElement] Queue element UserBuffQEl1yolo26n/conv91 has 0 frames in his Queue on destruction
[2026-04-23 16:18:02.867] [1140052] [HailoRT] [info] [vdevice_native_stream.cpp:331] [read_impl] Failed read from stream HAILO_STREAM_ABORT(63) (device: 0001:01:00.0)
[2026-04-23 16:18:02.867] [1140052] [HailoRT] [info] [edge_elements.cpp:396] [run_pull] Reading from stream was aborted!
[2026-04-23 16:18:02.867] [1140053] [HailoRT] [info] [queue_elements.cpp:855] [run_in_thread] Shutdown event was signaled in dequeue of UserBuffQEl0yolo26n/conv94!
[2026-04-23 16:18:02.867] [1140052] [HailoRT] [info] [queue_elements.cpp:738] [run_in_thread] run_pull of queue element PullQEl_hw_read0yolo26n/conv94 was aborted!
[2026-04-23 16:18:02.867] [1140052] [HailoRT] [info] [queue_elements.cpp:68] [operator()] Thread in element PullQEl_hw_read0yolo26n/conv94 is not running anymore, exiting..
[2026-04-23 16:18:02.867] [772335] [HailoRT] [info] [queue_elements.cpp:46] [~BaseQueueElement] Queue element PullQEl_hw_read0yolo26n/conv94 has 0 frames in his Queue on destruction
[2026-04-23 16:18:02.867] [1140053] [HailoRT] [info] [queue_elements.cpp:68] [operator()] Thread in element UserBuffQEl0yolo26n/conv94 is not running anymore, exiting..
[2026-04-23 16:18:02.867] [772335] [HailoRT] [info] [queue_elements.cpp:46] [~BaseQueueElement] Queue element UserBuffQEl0yolo26n/conv94 has 0 frames in his Queue on destruction
[2026-04-23 16:18:02.867] [1140041] [HailoRT] [info] [queue_elements.cpp:68] [operator()] Thread in element PushQEl2yolo26n/input_layer1 is not running anymore, exiting..
[2026-04-23 16:18:02.867] [772335] [HailoRT] [info] [queue_elements.cpp:46] [~BaseQueueElement] Queue element PushQEl2yolo26n/input_layer1 has 0 frames in his Queue on destruction
[2026-04-23 16:18:02.867] [772335] [HailoRT] [info] [core_op.cpp:186] [deactivate] Deactivating took 0.494833 ms
[2026-04-23 16:18:02.867] [772335] [HailoRT] [info] [core_op.cpp:186] [deactivate] Deactivating took 0.504833 ms
[2026-04-23 16:18:02.873] [772335] [HailoRT] [info] [core_op.cpp:156] [activate] Activating arcface_mobilefacenet took 0.231889 milliseconds. Note that the function is asynchronous and thus the network is not fully activated yet.
[2026-04-23 16:18:02.873] [772335] [HailoRT] [info] [core_op.cpp:156] [activate] Activating arcface_mobilefacenet took 0.248018 milliseconds. Note that the function is asynchronous and thus the network is not fully activated yet.
[2026-04-23 16:18:02.873] [772335] [HailoRT] [info] [edge_elements.cpp:52] [create] Created (HwWriteEl1arcface_mobilefacenet/input_layer1 | hw_frame_size: 37632)
[2026-04-23 16:18:02.873] [772335] [HailoRT] [info] [vstream.cpp:754] [InputVStreamImpl] Creating arcface_mobilefacenet/input_layer1...
[2026-04-23 16:18:02.873] [772335] [HailoRT] [info] [vstream_builder.cpp:102] [create_inputs] Input pipeline 'arcface_mobilefacenet/input_layer1': (HwWriteEl1arcface_mobilefacenet/input_layer1 | hw_frame_size: 37632) >> HW
[2026-04-23 16:18:02.873] [772335] [HailoRT] [info] [edge_elements.cpp:287] [create] Created (HwReadEl0arcface_mobilefacenet/fc1 | hw_frame_size: 512)
[2026-04-23 16:18:02.873] [772335] [HailoRT] [info] [queue_elements.cpp:657] [create] Created (PullQEl_hw_read0arcface_mobilefacenet/fc1)
[2026-04-23 16:18:02.873] [772335] [HailoRT] [info] [filter_elements.cpp:372] [create] Created (PostInferEl0arcface_mobilefacenet/fc1 | Quantization - src_type: UINT8, dst_type FLOAT32, limvals_min: -2.41025, limvals_max: 1.8579)
[2026-04-23 16:18:02.873] [772335] [HailoRT] [info] [queue_elements.cpp:800] [create] Created (UserBuffQEl0arcface_mobilefacenet/fc1 | timeout: 10s)
[2026-04-23 16:18:02.873] [772335] [HailoRT] [info] [vstream.cpp:1114] [OutputVStreamImpl] Creating arcface_mobilefacenet/fc1...
[2026-04-23 16:18:02.873] [772335] [HailoRT] [info] [vstream_builder.cpp:220] [create_outputs] Output pipeline 'arcface_mobilefacenet/fc1': HW >> (HwReadEl0arcface_mobilefacenet/fc1 | hw_frame_size: 512) >> (PullQEl_hw_read0arcface_mobilefacenet/fc1) >> (PostInferEl0arcface_mobilefacenet/fc1 | Quantization - src_type: UINT8, dst_type FLOAT32, limvals_min: -2.41025, limvals_max: 1.8579) >> (UserBuffQEl0arcface_mobilefacenet/fc1 | timeout: 10s)
[2026-04-23 16:18:02.879] [1140062] [HailoRT] [info] [queue_elements.cpp:855] [run_in_thread] Shutdown event was signaled in dequeue of UserBuffQEl0arcface_mobilefacenet/fc1!
[2026-04-23 16:18:02.879] [1140061] [HailoRT] [info] [vdevice_native_stream.cpp:331] [read_impl] Failed read from stream HAILO_STREAM_ABORT(63) (device: 0001:01:00.0)
[2026-04-23 16:18:02.879] [1140061] [HailoRT] [info] [edge_elements.cpp:396] [run_pull] Reading from stream was aborted!
[2026-04-23 16:18:02.879] [1140061] [HailoRT] [info] [queue_elements.cpp:738] [run_in_thread] run_pull of queue element PullQEl_hw_read0arcface_mobilefacenet/fc1 was aborted!
[2026-04-23 16:18:02.879] [1140061] [HailoRT] [info] [queue_elements.cpp:68] [operator()] Thread in element PullQEl_hw_read0arcface_mobilefacenet/fc1 is not running anymore, exiting..
[2026-04-23 16:18:02.879] [772335] [HailoRT] [info] [queue_elements.cpp:46] [~BaseQueueElement] Queue element PullQEl_hw_read0arcface_mobilefacenet/fc1 has 0 frames in his Queue on destruction
[2026-04-23 16:18:02.879] [1140062] [HailoRT] [info] [queue_elements.cpp:68] [operator()] Thread in element UserBuffQEl0arcface_mobilefacenet/fc1 is not running anymore, exiting..
[2026-04-23 16:18:02.879] [772335] [HailoRT] [info] [queue_elements.cpp:46] [~BaseQueueElement] Queue element UserBuffQEl0arcface_mobilefacenet/fc1 has 0 frames in his Queue on destruction
[2026-04-23 16:18:02.880] [772335] [HailoRT] [info] [core_op.cpp:186] [deactivate] Deactivating took 0.365222 ms
[2026-04-23 16:18:02.880] [772335] [HailoRT] [info] [core_op.cpp:186] [deactivate] Deactivating took 0.373832 ms
[2026-04-23 16:18:02.889] [772335] [HailoRT] [info] [core_op.cpp:156] [activate] Activating yolo26n took 0.538702 milliseconds. Note that the function is asynchronous and thus the network is not fully activated yet.
[2026-04-23 16:18:02.889] [772335] [HailoRT] [info] [core_op.cpp:156] [activate] Activating yolo26n took 0.561073 milliseconds. Note that the function is asynchronous and thus the network is not fully activated yet.
[2026-04-23 16:18:02.889] [772335] [HailoRT] [info] [edge_elements.cpp:52] [create] Created (HwWriteEl2yolo26n/input_layer1 | hw_frame_size: 1228800)
[2026-04-23 16:18:02.889] [772335] [HailoRT] [info] [queue_elements.cpp:284] [create] Created (PushQEl2yolo26n/input_layer1 | timeout: 10s)
[2026-04-23 16:18:02.889] [772335] [HailoRT] [info] [filter_elements.cpp:101] [create] Created (PreInferEl2yolo26n/input_layer1 | Reorder - src_order: NHWC, src_shape: (640, 640, 3), dst_order: NHCW, dst_shape: (640, 640, 3))
[2026-04-23 16:18:02.889] [772335] [HailoRT] [info] [vstream.cpp:754] [InputVStreamImpl] Creating yolo26n/input_layer1...
[2026-04-23 16:18:02.889] [772335] [HailoRT] [info] [vstream_builder.cpp:102] [create_inputs] Input pipeline 'yolo26n/input_layer1': (PreInferEl2yolo26n/input_layer1 | Reorder - src_order: NHWC, src_shape: (640, 640, 3), dst_order: NHCW, dst_shape: (640, 640, 3)) >> (PushQEl2yolo26n/input_layer1 | timeout: 10s) >> (HwWriteEl2yolo26n/input_layer1 | hw_frame_size: 1228800) >> HW
[2026-04-23 16:18:02.889] [772335] [HailoRT] [info] [edge_elements.cpp:287] [create] Created (HwReadEl3yolo26n/conv61 | hw_frame_size: 25600)
[2026-04-23 16:18:02.889] [772335] [HailoRT] [info] [queue_elements.cpp:657] [create] Created (PullQEl_hw_read3yolo26n/conv61)
[2026-04-23 16:18:02.889] [772335] [HailoRT] [info] [filter_elements.cpp:372] [create] Created (PostInferEl3yolo26n/conv61 | Quantization - src_type: UINT8, dst_type FLOAT32, limvals_min: -0.468035, limvals_max: 6.99127)
[2026-04-23 16:18:02.889] [772335] [HailoRT] [info] [queue_elements.cpp:800] [create] Created (UserBuffQEl3yolo26n/conv61 | timeout: 10s)
[2026-04-23 16:18:02.889] [772335] [HailoRT] [info] [vstream.cpp:1114] [OutputVStreamImpl] Creating yolo26n/conv61...
[2026-04-23 16:18:02.889] [772335] [HailoRT] [info] [vstream_builder.cpp:220] [create_outputs] Output pipeline 'yolo26n/conv61': HW >> (HwReadEl3yolo26n/conv61 | hw_frame_size: 25600) >> (PullQEl_hw_read3yolo26n/conv61) >> (PostInferEl3yolo26n/conv61 | Quantization - src_type: UINT8, dst_type FLOAT32, limvals_min: -0.468035, limvals_max: 6.99127) >> (UserBuffQEl3yolo26n/conv61 | timeout: 10s)
[2026-04-23 16:18:02.889] [772335] [HailoRT] [info] [edge_elements.cpp:287] [create] Created (HwReadEl2yolo26n/conv64 | hw_frame_size: 6400)
[2026-04-23 16:18:02.890] [772335] [HailoRT] [info] [queue_elements.cpp:657] [create] Created (PullQEl_hw_read2yolo26n/conv64)
[2026-04-23 16:18:02.890] [772335] [HailoRT] [info] [filter_elements.cpp:372] [create] Created (PostInferEl2yolo26n/conv64 | Quantization - src_type: UINT8, dst_type FLOAT32, limvals_min: -161.763, limvals_max: 2.5779)
[2026-04-23 16:18:02.890] [772335] [HailoRT] [info] [queue_elements.cpp:800] [create] Created (UserBuffQEl2yolo26n/conv64 | timeout: 10s)
[2026-04-23 16:18:02.890] [772335] [HailoRT] [info] [vstream.cpp:1114] [OutputVStreamImpl] Creating yolo26n/conv64...
[2026-04-23 16:18:02.890] [772335] [HailoRT] [info] [vstream_builder.cpp:220] [create_outputs] Output pipeline 'yolo26n/conv64': HW >> (HwReadEl2yolo26n/conv64 | hw_frame_size: 6400) >> (PullQEl_hw_read2yolo26n/conv64) >> (PostInferEl2yolo26n/conv64 | Quantization - src_type: UINT8, dst_type FLOAT32, limvals_min: -161.763, limvals_max: 2.5779) >> (UserBuffQEl2yolo26n/conv64 | timeout: 10s)
[2026-04-23 16:18:02.890] [772335] [HailoRT] [info] [edge_elements.cpp:287] [create] Created (HwReadEl1yolo26n/conv77 | hw_frame_size: 6400)
[2026-04-23 16:18:02.890] [772335] [HailoRT] [info] [queue_elements.cpp:657] [create] Created (PullQEl_hw_read1yolo26n/conv77)
[2026-04-23 16:18:02.890] [772335] [HailoRT] [info] [filter_elements.cpp:372] [create] Created (PostInferEl1yolo26n/conv77 | Quantization - src_type: UINT8, dst_type FLOAT32, limvals_min: -0.560223, limvals_max: 15.3127)
[2026-04-23 16:18:02.890] [772335] [HailoRT] [info] [queue_elements.cpp:800] [create] Created (UserBuffQEl1yolo26n/conv77 | timeout: 10s)
[2026-04-23 16:18:02.890] [772335] [HailoRT] [info] [vstream.cpp:1114] [OutputVStreamImpl] Creating yolo26n/conv77...
[2026-04-23 16:18:02.890] [772335] [HailoRT] [info] [vstream_builder.cpp:220] [create_outputs] Output pipeline 'yolo26n/conv77': HW >> (HwReadEl1yolo26n/conv77 | hw_frame_size: 6400) >> (PullQEl_hw_read1yolo26n/conv77) >> (PostInferEl1yolo26n/conv77 | Quantization - src_type: UINT8, dst_type FLOAT32, limvals_min: -0.560223, limvals_max: 15.3127) >> (UserBuffQEl1yolo26n/conv77 | timeout: 10s)
[2026-04-23 16:18:02.890] [772335] [HailoRT] [info] [edge_elements.cpp:287] [create] Created (HwReadEl0yolo26n/conv80 | hw_frame_size: 1600)
[2026-04-23 16:18:02.890] [772335] [HailoRT] [info] [queue_elements.cpp:657] [create] Created (PullQEl_hw_read0yolo26n/conv80)
[2026-04-23 16:18:02.890] [772335] [HailoRT] [info] [filter_elements.cpp:372] [create] Created (PostInferEl0yolo26n/conv80 | Quantization - src_type: UINT8, dst_type FLOAT32, limvals_min: -204.998, limvals_max: 2.44045)
[2026-04-23 16:18:02.890] [772335] [HailoRT] [info] [queue_elements.cpp:800] [create] Created (UserBuffQEl0yolo26n/conv80 | timeout: 10s)
[2026-04-23 16:18:02.890] [772335] [HailoRT] [info] [vstream.cpp:1114] [OutputVStreamImpl] Creating yolo26n/conv80...
[2026-04-23 16:18:02.890] [772335] [HailoRT] [info] [vstream_builder.cpp:220] [create_outputs] Output pipeline 'yolo26n/conv80': HW >> (HwReadEl0yolo26n/conv80 | hw_frame_size: 1600) >> (PullQEl_hw_read0yolo26n/conv80) >> (PostInferEl0yolo26n/conv80 | Quantization - src_type: UINT8, dst_type FLOAT32, limvals_min: -204.998, limvals_max: 2.44045) >> (UserBuffQEl0yolo26n/conv80 | timeout: 10s)
[2026-04-23 16:18:02.890] [772335] [HailoRT] [info] [edge_elements.cpp:287] [create] Created (HwReadEl1yolo26n/conv91 | hw_frame_size: 3200)
[2026-04-23 16:18:02.890] [772335] [HailoRT] [info] [queue_elements.cpp:657] [create] Created (PullQEl_hw_read1yolo26n/conv91)
[2026-04-23 16:18:02.890] [772335] [HailoRT] [info] [filter_elements.cpp:372] [create] Created (PostInferEl1yolo26n/conv91 | Quantization - src_type: UINT8, dst_type FLOAT32, limvals_min: 0, limvals_max: 14.2269 | Reorder - src_order: FCR, src_shape: (20, 20, 8), dst_order: FCR, dst_shape: (20, 20, 4))
[2026-04-23 16:18:02.890] [772335] [HailoRT] [info] [queue_elements.cpp:800] [create] Created (UserBuffQEl1yolo26n/conv91 | timeout: 10s)
[2026-04-23 16:18:02.890] [772335] [HailoRT] [info] [vstream.cpp:1114] [OutputVStreamImpl] Creating yolo26n/conv91...
[2026-04-23 16:18:02.890] [772335] [HailoRT] [info] [vstream_builder.cpp:220] [create_outputs] Output pipeline 'yolo26n/conv91': HW >> (HwReadEl1yolo26n/conv91 | hw_frame_size: 3200) >> (PullQEl_hw_read1yolo26n/conv91) >> (PostInferEl1yolo26n/conv91 | Quantization - src_type: UINT8, dst_type FLOAT32, limvals_min: 0, limvals_max: 14.2269 | Reorder - src_order: FCR, src_shape: (20, 20, 8), dst_order: FCR, dst_shape: (20, 20, 4)) >> (UserBuffQEl1yolo26n/conv91 | timeout: 10s)
[2026-04-23 16:18:02.890] [772335] [HailoRT] [info] [edge_elements.cpp:287] [create] Created (HwReadEl0yolo26n/conv94 | hw_frame_size: 3200)
[2026-04-23 16:18:02.890] [772335] [HailoRT] [info] [queue_elements.cpp:657] [create] Created (PullQEl_hw_read0yolo26n/conv94)
[2026-04-23 16:18:02.890] [772335] [HailoRT] [info] [filter_elements.cpp:372] [create] Created (PostInferEl0yolo26n/conv94 | Quantization - src_type: UINT8, dst_type FLOAT32, limvals_min: -155.797, limvals_max: 3.11594 | Reorder - src_order: FCR, src_shape: (20, 20, 8), dst_order: FCR, dst_shape: (20, 20, 1))
[2026-04-23 16:18:02.890] [772335] [HailoRT] [info] [queue_elements.cpp:800] [create] Created (UserBuffQEl0yolo26n/conv94 | timeout: 10s)
[2026-04-23 16:18:02.890] [772335] [HailoRT] [info] [vstream.cpp:1114] [OutputVStreamImpl] Creating yolo26n/conv94...
[2026-04-23 16:18:02.890] [772335] [HailoRT] [info] [vstream_builder.cpp:220] [create_outputs] Output pipeline 'yolo26n/conv94': HW >> (HwReadEl0yolo26n/conv94 | hw_frame_size: 3200) >> (PullQEl_hw_read0yolo26n/conv94) >> (PostInferEl0yolo26n/conv94 | Quantization - src_type: UINT8, dst_type FLOAT32, limvals_min: -155.797, limvals_max: 3.11594 | Reorder - src_order: FCR, src_shape: (20, 20, 8), dst_order: FCR, dst_shape: (20, 20, 1)) >> (UserBuffQEl0yolo26n/conv94 | timeout: 10s)
[2026-04-23 16:18:02.902] [1140066] [HailoRT] [info] [vdevice_native_stream.cpp:331] [read_impl] Failed read from stream HAILO_STREAM_ABORT(63) (device: 0001:01:00.0)
[2026-04-23 16:18:02.902] [1140066] [HailoRT] [info] [edge_elements.cpp:396] [run_pull] Reading from stream was aborted!
[2026-04-23 16:18:02.902] [1140067] [HailoRT] [info] [queue_elements.cpp:855] [run_in_thread] Shutdown event was signaled in dequeue of UserBuffQEl3yolo26n/conv61!
[2026-04-23 16:18:02.902] [1140066] [HailoRT] [info] [queue_elements.cpp:738] [run_in_thread] run_pull of queue element PullQEl_hw_read3yolo26n/conv61 was aborted!
[2026-04-23 16:18:02.902] [1140066] [HailoRT] [info] [queue_elements.cpp:68] [operator()] Thread in element PullQEl_hw_read3yolo26n/conv61 is not running anymore, exiting..
[2026-04-23 16:18:02.902] [772335] [HailoRT] [info] [queue_elements.cpp:46] [~BaseQueueElement] Queue element PullQEl_hw_read3yolo26n/conv61 has 0 frames in his Queue on destruction
[2026-04-23 16:18:02.902] [1140067] [HailoRT] [info] [queue_elements.cpp:68] [operator()] Thread in element UserBuffQEl3yolo26n/conv61 is not running anymore, exiting..
[2026-04-23 16:18:02.902] [772335] [HailoRT] [info] [queue_elements.cpp:46] [~BaseQueueElement] Queue element UserBuffQEl3yolo26n/conv61 has 0 frames in his Queue on destruction
[2026-04-23 16:18:02.902] [1140069] [HailoRT] [info] [queue_elements.cpp:855] [run_in_thread] Shutdown event was signaled in dequeue of UserBuffQEl2yolo26n/conv64!
[2026-04-23 16:18:02.902] [1140068] [HailoRT] [info] [vdevice_native_stream.cpp:331] [read_impl] Failed read from stream HAILO_STREAM_ABORT(63) (device: 0001:01:00.0)
[2026-04-23 16:18:02.902] [1140068] [HailoRT] [info] [edge_elements.cpp:396] [run_pull] Reading from stream was aborted!
[2026-04-23 16:18:02.902] [1140068] [HailoRT] [info] [queue_elements.cpp:738] [run_in_thread] run_pull of queue element PullQEl_hw_read2yolo26n/conv64 was aborted!
[2026-04-23 16:18:02.902] [1140068] [HailoRT] [info] [queue_elements.cpp:68] [operator()] Thread in element PullQEl_hw_read2yolo26n/conv64 is not running anymore, exiting..
[2026-04-23 16:18:02.902] [772335] [HailoRT] [info] [queue_elements.cpp:46] [~BaseQueueElement] Queue element PullQEl_hw_read2yolo26n/conv64 has 0 frames in his Queue on destruction
[2026-04-23 16:18:02.902] [1140069] [HailoRT] [info] [queue_elements.cpp:68] [operator()] Thread in element UserBuffQEl2yolo26n/conv64 is not running anymore, exiting..
[2026-04-23 16:18:02.902] [772335] [HailoRT] [info] [queue_elements.cpp:46] [~BaseQueueElement] Queue element UserBuffQEl2yolo26n/conv64 has 0 frames in his Queue on destruction
[2026-04-23 16:18:02.902] [1140071] [HailoRT] [info] [queue_elements.cpp:855] [run_in_thread] Shutdown event was signaled in dequeue of UserBuffQEl1yolo26n/conv77!
[2026-04-23 16:18:02.902] [1140070] [HailoRT] [info] [vdevice_native_stream.cpp:331] [read_impl] Failed read from stream HAILO_STREAM_ABORT(63) (device: 0001:01:00.0)
[2026-04-23 16:18:02.902] [1140070] [HailoRT] [info] [edge_elements.cpp:396] [run_pull] Reading from stream was aborted!
[2026-04-23 16:18:02.902] [1140070] [HailoRT] [info] [queue_elements.cpp:738] [run_in_thread] run_pull of queue element PullQEl_hw_read1yolo26n/conv77 was aborted!
[2026-04-23 16:18:02.902] [1140070] [HailoRT] [info] [queue_elements.cpp:68] [operator()] Thread in element PullQEl_hw_read1yolo26n/conv77 is not running anymore, exiting..
[2026-04-23 16:18:02.902] [772335] [HailoRT] [info] [queue_elements.cpp:46] [~BaseQueueElement] Queue element PullQEl_hw_read1yolo26n/conv77 has 0 frames in his Queue on destruction
[2026-04-23 16:18:02.902] [1140071] [HailoRT] [info] [queue_elements.cpp:68] [operator()] Thread in element UserBuffQEl1yolo26n/conv77 is not running anymore, exiting..
[2026-04-23 16:18:02.902] [772335] [HailoRT] [info] [queue_elements.cpp:46] [~BaseQueueElement] Queue element UserBuffQEl1yolo26n/conv77 has 0 frames in his Queue on destruction
[2026-04-23 16:18:02.902] [1140072] [HailoRT] [info] [vdevice_native_stream.cpp:331] [read_impl] Failed read from stream HAILO_STREAM_ABORT(63) (device: 0001:01:00.0)
[2026-04-23 16:18:02.902] [1140073] [HailoRT] [info] [queue_elements.cpp:855] [run_in_thread] Shutdown event was signaled in dequeue of UserBuffQEl0yolo26n/conv80!
[2026-04-23 16:18:02.902] [1140072] [HailoRT] [info] [edge_elements.cpp:396] [run_pull] Reading from stream was aborted!
[2026-04-23 16:18:02.902] [1140072] [HailoRT] [info] [queue_elements.cpp:738] [run_in_thread] run_pull of queue element PullQEl_hw_read0yolo26n/conv80 was aborted!
[2026-04-23 16:18:02.902] [1140072] [HailoRT] [info] [queue_elements.cpp:68] [operator()] Thread in element PullQEl_hw_read0yolo26n/conv80 is not running anymore, exiting..
[2026-04-23 16:18:02.902] [772335] [HailoRT] [info] [queue_elements.cpp:46] [~BaseQueueElement] Queue element PullQEl_hw_read0yolo26n/conv80 has 0 frames in his Queue on destruction
[2026-04-23 16:18:02.902] [1140073] [HailoRT] [info] [queue_elements.cpp:68] [operator()] Thread in element UserBuffQEl0yolo26n/conv80 is not running anymore, exiting..
[2026-04-23 16:18:02.902] [772335] [HailoRT] [info] [queue_elements.cpp:46] [~BaseQueueElement] Queue element UserBuffQEl0yolo26n/conv80 has 0 frames in his Queue on destruction
[2026-04-23 16:18:02.902] [1140074] [HailoRT] [info] [vdevice_native_stream.cpp:331] [read_impl] Failed read from stream HAILO_STREAM_ABORT(63) (device: 0001:01:00.0)
[2026-04-23 16:18:02.902] [1140074] [HailoRT] [info] [edge_elements.cpp:396] [run_pull] Reading from stream was aborted!
[2026-04-23 16:18:02.902] [1140075] [HailoRT] [info] [queue_elements.cpp:855] [run_in_thread] Shutdown event was signaled in dequeue of UserBuffQEl1yolo26n/conv91!
[2026-04-23 16:18:02.902] [1140074] [HailoRT] [info] [queue_elements.cpp:738] [run_in_thread] run_pull of queue element PullQEl_hw_read1yolo26n/conv91 was aborted!
[2026-04-23 16:18:02.902] [1140074] [HailoRT] [info] [queue_elements.cpp:68] [operator()] Thread in element PullQEl_hw_read1yolo26n/conv91 is not running anymore, exiting..
[2026-04-23 16:18:02.902] [772335] [HailoRT] [info] [queue_elements.cpp:46] [~BaseQueueElement] Queue element PullQEl_hw_read1yolo26n/conv91 has 0 frames in his Queue on destruction
[2026-04-23 16:18:02.902] [1140075] [HailoRT] [info] [queue_elements.cpp:68] [operator()] Thread in element UserBuffQEl1yolo26n/conv91 is not running anymore, exiting..
[2026-04-23 16:18:02.902] [772335] [HailoRT] [info] [queue_elements.cpp:46] [~BaseQueueElement] Queue element UserBuffQEl1yolo26n/conv91 has 0 frames in his Queue on destruction
[2026-04-23 16:18:02.902] [1140076] [HailoRT] [info] [vdevice_native_stream.cpp:331] [read_impl] Failed read from stream HAILO_STREAM_ABORT(63) (device: 0001:01:00.0)
[2026-04-23 16:18:02.902] [1140076] [HailoRT] [info] [edge_elements.cpp:396] [run_pull] Reading from stream was aborted!
[2026-04-23 16:18:02.902] [1140077] [HailoRT] [info] [queue_elements.cpp:855] [run_in_thread] Shutdown event was signaled in dequeue of UserBuffQEl0yolo26n/conv94!
[2026-04-23 16:18:02.902] [1140076] [HailoRT] [info] [queue_elements.cpp:738] [run_in_thread] run_pull of queue element PullQEl_hw_read0yolo26n/conv94 was aborted!
[2026-04-23 16:18:02.902] [1140076] [HailoRT] [info] [queue_elements.cpp:68] [operator()] Thread in element PullQEl_hw_read0yolo26n/conv94 is not running anymore, exiting..
[2026-04-23 16:18:02.902] [772335] [HailoRT] [info] [queue_elements.cpp:46] [~BaseQueueElement] Queue element PullQEl_hw_read0yolo26n/conv94 has 0 frames in his Queue on destruction
[2026-04-23 16:18:02.902] [1140077] [HailoRT] [info] [queue_elements.cpp:68] [operator()] Thread in element UserBuffQEl0yolo26n/conv94 is not running anymore, exiting..
[2026-04-23 16:18:02.902] [772335] [HailoRT] [info] [queue_elements.cpp:46] [~BaseQueueElement] Queue element UserBuffQEl0yolo26n/conv94 has 0 frames in his Queue on destruction
[2026-04-23 16:18:02.902] [1140065] [HailoRT] [info] [queue_elements.cpp:68] [operator()] Thread in element PushQEl2yolo26n/input_layer1 is not running anymore, exiting..
[2026-04-23 16:18:02.902] [772335] [HailoRT] [info] [queue_elements.cpp:46] [~BaseQueueElement] Queue element PushQEl2yolo26n/input_layer1 has 0 frames in his Queue on destruction
[2026-04-23 16:18:02.903] [772335] [HailoRT] [info] [core_op.cpp:186] [deactivate] Deactivating took 0.49648 ms
[2026-04-23 16:18:02.903] [772335] [HailoRT] [info] [core_op.cpp:186] [deactivate] Deactivating took 0.506628 ms
[2026-04-23 16:18:02.909] [772335] [HailoRT] [info] [core_op.cpp:156] [activate] Activating arcface_mobilefacenet took 0.228666 milliseconds. Note that the function is asynchronous and thus the network is not fully activated yet.
[2026-04-23 16:18:02.909] [772335] [HailoRT] [info] [core_op.cpp:156] [activate] Activating arcface_mobilefacenet took 0.248981 milliseconds. Note that the function is asynchronous and thus the network is not fully activated yet.
[2026-04-23 16:18:02.909] [772335] [HailoRT] [info] [edge_elements.cpp:52] [create] Created (HwWriteEl1arcface_mobilefacenet/input_layer1 | hw_frame_size: 37632)
[2026-04-23 16:18:02.909] [772335] [HailoRT] [info] [vstream.cpp:754] [InputVStreamImpl] Creating arcface_mobilefacenet/input_layer1...
[2026-04-23 16:18:02.909] [772335] [HailoRT] [info] [vstream_builder.cpp:102] [create_inputs] Input pipeline 'arcface_mobilefacenet/input_layer1': (HwWriteEl1arcface_mobilefacenet/input_layer1 | hw_frame_size: 37632) >> HW
[2026-04-23 16:18:02.909] [772335] [HailoRT] [info] [edge_elements.cpp:287] [create] Created (HwReadEl0arcface_mobilefacenet/fc1 | hw_frame_size: 512)
[2026-04-23 16:18:02.909] [772335] [HailoRT] [info] [queue_elements.cpp:657] [create] Created (PullQEl_hw_read0arcface_mobilefacenet/fc1)
[2026-04-23 16:18:02.909] [772335] [HailoRT] [info] [filter_elements.cpp:372] [create] Created (PostInferEl0arcface_mobilefacenet/fc1 | Quantization - src_type: UINT8, dst_type FLOAT32, limvals_min: -2.41025, limvals_max: 1.8579)
[2026-04-23 16:18:02.909] [772335] [HailoRT] [info] [queue_elements.cpp:800] [create] Created (UserBuffQEl0arcface_mobilefacenet/fc1 | timeout: 10s)
[2026-04-23 16:18:02.909] [772335] [HailoRT] [info] [vstream.cpp:1114] [OutputVStreamImpl] Creating arcface_mobilefacenet/fc1...
[2026-04-23 16:18:02.909] [772335] [HailoRT] [info] [vstream_builder.cpp:220] [create_outputs] Output pipeline 'arcface_mobilefacenet/fc1': HW >> (HwReadEl0arcface_mobilefacenet/fc1 | hw_frame_size: 512) >> (PullQEl_hw_read0arcface_mobilefacenet/fc1) >> (PostInferEl0arcface_mobilefacenet/fc1 | Quantization - src_type: UINT8, dst_type FLOAT32, limvals_min: -2.41025, limvals_max: 1.8579) >> (UserBuffQEl0arcface_mobilefacenet/fc1 | timeout: 10s)
[2026-04-23 16:18:02.915] [1140086] [HailoRT] [info] [queue_elements.cpp:855] [run_in_thread] Shutdown event was signaled in dequeue of UserBuffQEl0arcface_mobilefacenet/fc1!
[2026-04-23 16:18:02.915] [1140085] [HailoRT] [info] [vdevice_native_stream.cpp:331] [read_impl] Failed read from stream HAILO_STREAM_ABORT(63) (device: 0001:01:00.0)
[2026-04-23 16:18:02.915] [1140085] [HailoRT] [info] [edge_elements.cpp:396] [run_pull] Reading from stream was aborted!
[2026-04-23 16:18:02.915] [1140085] [HailoRT] [info] [queue_elements.cpp:738] [run_in_thread] run_pull of queue element PullQEl_hw_read0arcface_mobilefacenet/fc1 was aborted!
[2026-04-23 16:18:02.915] [1140085] [HailoRT] [info] [queue_elements.cpp:68] [operator()] Thread in element PullQEl_hw_read0arcface_mobilefacenet/fc1 is not running anymore, exiting..
[2026-04-23 16:18:02.915] [772335] [HailoRT] [info] [queue_elements.cpp:46] [~BaseQueueElement] Queue element PullQEl_hw_read0arcface_mobilefacenet/fc1 has 0 frames in his Queue on destruction
[2026-04-23 16:18:02.915] [1140086] [HailoRT] [info] [queue_elements.cpp:68] [operator()] Thread in element UserBuffQEl0arcface_mobilefacenet/fc1 is not running anymore, exiting..
[2026-04-23 16:18:02.915] [772335] [HailoRT] [info] [queue_elements.cpp:46] [~BaseQueueElement] Queue element UserBuffQEl0arcface_mobilefacenet/fc1 has 0 frames in his Queue on destruction
[2026-04-23 16:18:02.916] [772335] [HailoRT] [info] [core_op.cpp:186] [deactivate] Deactivating took 0.361185 ms
[2026-04-23 16:18:02.916] [772335] [HailoRT] [info] [core_op.cpp:186] [deactivate] Deactivating took 0.37011 ms
[2026-04-23 16:18:02.924] [772335] [HailoRT] [info] [core_op.cpp:156] [activate] Activating yolo26n took 0.477758 milliseconds. Note that the function is asynchronous and thus the network is not fully activated yet.
[2026-04-23 16:18:02.924] [772335] [HailoRT] [info] [core_op.cpp:156] [activate] Activating yolo26n took 0.49985 milliseconds. Note that the function is asynchronous and thus the network is not fully activated yet.
[2026-04-23 16:18:02.924] [772335] [HailoRT] [info] [edge_elements.cpp:52] [create] Created (HwWriteEl2yolo26n/input_layer1 | hw_frame_size: 1228800)
[2026-04-23 16:18:02.924] [772335] [HailoRT] [info] [queue_elements.cpp:284] [create] Created (PushQEl2yolo26n/input_layer1 | timeout: 10s)
[2026-04-23 16:18:02.925] [772335] [HailoRT] [info] [filter_elements.cpp:101] [create] Created (PreInferEl2yolo26n/input_layer1 | Reorder - src_order: NHWC, src_shape: (640, 640, 3), dst_order: NHCW, dst_shape: (640, 640, 3))
[2026-04-23 16:18:02.925] [772335] [HailoRT] [info] [vstream.cpp:754] [InputVStreamImpl] Creating yolo26n/input_layer1...
[2026-04-23 16:18:02.925] [772335] [HailoRT] [info] [vstream_builder.cpp:102] [create_inputs] Input pipeline 'yolo26n/input_layer1': (PreInferEl2yolo26n/input_layer1 | Reorder - src_order: NHWC, src_shape: (640, 640, 3), dst_order: NHCW, dst_shape: (640, 640, 3)) >> (PushQEl2yolo26n/input_layer1 | timeout: 10s) >> (HwWriteEl2yolo26n/input_layer1 | hw_frame_size: 1228800) >> HW
[2026-04-23 16:18:02.925] [772335] [HailoRT] [info] [edge_elements.cpp:287] [create] Created (HwReadEl3yolo26n/conv61 | hw_frame_size: 25600)
[2026-04-23 16:18:02.925] [772335] [HailoRT] [info] [queue_elements.cpp:657] [create] Created (PullQEl_hw_read3yolo26n/conv61)
[2026-04-23 16:18:02.925] [772335] [HailoRT] [info] [filter_elements.cpp:372] [create] Created (PostInferEl3yolo26n/conv61 | Quantization - src_type: UINT8, dst_type FLOAT32, limvals_min: -0.468035, limvals_max: 6.99127)
[2026-04-23 16:18:02.925] [772335] [HailoRT] [info] [queue_elements.cpp:800] [create] Created (UserBuffQEl3yolo26n/conv61 | timeout: 10s)
[2026-04-23 16:18:02.925] [772335] [HailoRT] [info] [vstream.cpp:1114] [OutputVStreamImpl] Creating yolo26n/conv61...
[2026-04-23 16:18:02.925] [772335] [HailoRT] [info] [vstream_builder.cpp:220] [create_outputs] Output pipeline 'yolo26n/conv61': HW >> (HwReadEl3yolo26n/conv61 | hw_frame_size: 25600) >> (PullQEl_hw_read3yolo26n/conv61) >> (PostInferEl3yolo26n/conv61 | Quantization - src_type: UINT8, dst_type FLOAT32, limvals_min: -0.468035, limvals_max: 6.99127) >> (UserBuffQEl3yolo26n/conv61 | timeout: 10s)
[2026-04-23 16:18:02.925] [772335] [HailoRT] [info] [edge_elements.cpp:287] [create] Created (HwReadEl2yolo26n/conv64 | hw_frame_size: 6400)
[2026-04-23 16:18:02.925] [772335] [HailoRT] [info] [queue_elements.cpp:657] [create] Created (PullQEl_hw_read2yolo26n/conv64)
[2026-04-23 16:18:02.925] [772335] [HailoRT] [info] [filter_elements.cpp:372] [create] Created (PostInferEl2yolo26n/conv64 | Quantization - src_type: UINT8, dst_type FLOAT32, limvals_min: -161.763, limvals_max: 2.5779)
[2026-04-23 16:18:02.925] [772335] [HailoRT] [info] [queue_elements.cpp:800] [create] Created (UserBuffQEl2yolo26n/conv64 | timeout: 10s)
[2026-04-23 16:18:02.925] [772335] [HailoRT] [info] [vstream.cpp:1114] [OutputVStreamImpl] Creating yolo26n/conv64...
[2026-04-23 16:18:02.925] [772335] [HailoRT] [info] [vstream_builder.cpp:220] [create_outputs] Output pipeline 'yolo26n/conv64': HW >> (HwReadEl2yolo26n/conv64 | hw_frame_size: 6400) >> (PullQEl_hw_read2yolo26n/conv64) >> (PostInferEl2yolo26n/conv64 | Quantization - src_type: UINT8, dst_type FLOAT32, limvals_min: -161.763, limvals_max: 2.5779) >> (UserBuffQEl2yolo26n/conv64 | timeout: 10s)
[2026-04-23 16:18:02.925] [772335] [HailoRT] [info] [edge_elements.cpp:287] [create] Created (HwReadEl1yolo26n/conv77 | hw_frame_size: 6400)
[2026-04-23 16:18:02.925] [772335] [HailoRT] [info] [queue_elements.cpp:657] [create] Created (PullQEl_hw_read1yolo26n/conv77)
[2026-04-23 16:18:02.925] [772335] [HailoRT] [info] [filter_elements.cpp:372] [create] Created (PostInferEl1yolo26n/conv77 | Quantization - src_type: UINT8, dst_type FLOAT32, limvals_min: -0.560223, limvals_max: 15.3127)
[2026-04-23 16:18:02.925] [772335] [HailoRT] [info] [queue_elements.cpp:800] [create] Created (UserBuffQEl1yolo26n/conv77 | timeout: 10s)
[2026-04-23 16:18:02.925] [772335] [HailoRT] [info] [vstream.cpp:1114] [OutputVStreamImpl] Creating yolo26n/conv77...
[2026-04-23 16:18:02.925] [772335] [HailoRT] [info] [vstream_builder.cpp:220] [create_outputs] Output pipeline 'yolo26n/conv77': HW >> (HwReadEl1yolo26n/conv77 | hw_frame_size: 6400) >> (PullQEl_hw_read1yolo26n/conv77) >> (PostInferEl1yolo26n/conv77 | Quantization - src_type: UINT8, dst_type FLOAT32, limvals_min: -0.560223, limvals_max: 15.3127) >> (UserBuffQEl1yolo26n/conv77 | timeout: 10s)
[2026-04-23 16:18:02.925] [772335] [HailoRT] [info] [edge_elements.cpp:287] [create] Created (HwReadEl0yolo26n/conv80 | hw_frame_size: 1600)
[2026-04-23 16:18:02.925] [772335] [HailoRT] [info] [queue_elements.cpp:657] [create] Created (PullQEl_hw_read0yolo26n/conv80)
[2026-04-23 16:18:02.925] [772335] [HailoRT] [info] [filter_elements.cpp:372] [create] Created (PostInferEl0yolo26n/conv80 | Quantization - src_type: UINT8, dst_type FLOAT32, limvals_min: -204.998, limvals_max: 2.44045)
[2026-04-23 16:18:02.925] [772335] [HailoRT] [info] [queue_elements.cpp:800] [create] Created (UserBuffQEl0yolo26n/conv80 | timeout: 10s)
[2026-04-23 16:18:02.925] [772335] [HailoRT] [info] [vstream.cpp:1114] [OutputVStreamImpl] Creating yolo26n/conv80...
[2026-04-23 16:18:02.925] [772335] [HailoRT] [info] [vstream_builder.cpp:220] [create_outputs] Output pipeline 'yolo26n/conv80': HW >> (HwReadEl0yolo26n/conv80 | hw_frame_size: 1600) >> (PullQEl_hw_read0yolo26n/conv80) >> (PostInferEl0yolo26n/conv80 | Quantization - src_type: UINT8, dst_type FLOAT32, limvals_min: -204.998, limvals_max: 2.44045) >> (UserBuffQEl0yolo26n/conv80 | timeout: 10s)
[2026-04-23 16:18:02.925] [772335] [HailoRT] [info] [edge_elements.cpp:287] [create] Created (HwReadEl1yolo26n/conv91 | hw_frame_size: 3200)
[2026-04-23 16:18:02.925] [772335] [HailoRT] [info] [queue_elements.cpp:657] [create] Created (PullQEl_hw_read1yolo26n/conv91)
[2026-04-23 16:18:02.925] [772335] [HailoRT] [info] [filter_elements.cpp:372] [create] Created (PostInferEl1yolo26n/conv91 | Quantization - src_type: UINT8, dst_type FLOAT32, limvals_min: 0, limvals_max: 14.2269 | Reorder - src_order: FCR, src_shape: (20, 20, 8), dst_order: FCR, dst_shape: (20, 20, 4))
[2026-04-23 16:18:02.925] [772335] [HailoRT] [info] [queue_elements.cpp:800] [create] Created (UserBuffQEl1yolo26n/conv91 | timeout: 10s)
[2026-04-23 16:18:02.925] [772335] [HailoRT] [info] [vstream.cpp:1114] [OutputVStreamImpl] Creating yolo26n/conv91...
[2026-04-23 16:18:02.925] [772335] [HailoRT] [info] [vstream_builder.cpp:220] [create_outputs] Output pipeline 'yolo26n/conv91': HW >> (HwReadEl1yolo26n/conv91 | hw_frame_size: 3200) >> (PullQEl_hw_read1yolo26n/conv91) >> (PostInferEl1yolo26n/conv91 | Quantization - src_type: UINT8, dst_type FLOAT32, limvals_min: 0, limvals_max: 14.2269 | Reorder - src_order: FCR, src_shape: (20, 20, 8), dst_order: FCR, dst_shape: (20, 20, 4)) >> (UserBuffQEl1yolo26n/conv91 | timeout: 10s)
[2026-04-23 16:18:02.925] [772335] [HailoRT] [info] [edge_elements.cpp:287] [create] Created (HwReadEl0yolo26n/conv94 | hw_frame_size: 3200)
[2026-04-23 16:18:02.926] [772335] [HailoRT] [info] [queue_elements.cpp:657] [create] Created (PullQEl_hw_read0yolo26n/conv94)
[2026-04-23 16:18:02.926] [772335] [HailoRT] [info] [filter_elements.cpp:372] [create] Created (PostInferEl0yolo26n/conv94 | Quantization - src_type: UINT8, dst_type FLOAT32, limvals_min: -155.797, limvals_max: 3.11594 | Reorder - src_order: FCR, src_shape: (20, 20, 8), dst_order: FCR, dst_shape: (20, 20, 1))
[2026-04-23 16:18:02.926] [772335] [HailoRT] [info] [queue_elements.cpp:800] [create] Created (UserBuffQEl0yolo26n/conv94 | timeout: 10s)
[2026-04-23 16:18:02.926] [772335] [HailoRT] [info] [vstream.cpp:1114] [OutputVStreamImpl] Creating yolo26n/conv94...
[2026-04-23 16:18:02.926] [772335] [HailoRT] [info] [vstream_builder.cpp:220] [create_outputs] Output pipeline 'yolo26n/conv94': HW >> (HwReadEl0yolo26n/conv94 | hw_frame_size: 3200) >> (PullQEl_hw_read0yolo26n/conv94) >> (PostInferEl0yolo26n/conv94 | Quantization - src_type: UINT8, dst_type FLOAT32, limvals_min: -155.797, limvals_max: 3.11594 | Reorder - src_order: FCR, src_shape: (20, 20, 8), dst_order: FCR, dst_shape: (20, 20, 1)) >> (UserBuffQEl0yolo26n/conv94 | timeout: 10s)
[2026-04-23 16:18:02.938] [1140091] [HailoRT] [info] [queue_elements.cpp:855] [run_in_thread] Shutdown event was signaled in dequeue of UserBuffQEl3yolo26n/conv61!
[2026-04-23 16:18:02.938] [1140090] [HailoRT] [info] [vdevice_native_stream.cpp:331] [read_impl] Failed read from stream HAILO_STREAM_ABORT(63) (device: 0001:01:00.0)
[2026-04-23 16:18:02.938] [1140090] [HailoRT] [info] [edge_elements.cpp:396] [run_pull] Reading from stream was aborted!
[2026-04-23 16:18:02.938] [1140090] [HailoRT] [info] [queue_elements.cpp:738] [run_in_thread] run_pull of queue element PullQEl_hw_read3yolo26n/conv61 was aborted!
[2026-04-23 16:18:02.938] [1140090] [HailoRT] [info] [queue_elements.cpp:68] [operator()] Thread in element PullQEl_hw_read3yolo26n/conv61 is not running anymore, exiting..
[2026-04-23 16:18:02.938] [772335] [HailoRT] [info] [queue_elements.cpp:46] [~BaseQueueElement] Queue element PullQEl_hw_read3yolo26n/conv61 has 0 frames in his Queue on destruction
[2026-04-23 16:18:02.938] [1140091] [HailoRT] [info] [queue_elements.cpp:68] [operator()] Thread in element UserBuffQEl3yolo26n/conv61 is not running anymore, exiting..
[2026-04-23 16:18:02.938] [772335] [HailoRT] [info] [queue_elements.cpp:46] [~BaseQueueElement] Queue element UserBuffQEl3yolo26n/conv61 has 0 frames in his Queue on destruction
[2026-04-23 16:18:02.938] [1140092] [HailoRT] [info] [vdevice_native_stream.cpp:331] [read_impl] Failed read from stream HAILO_STREAM_ABORT(63) (device: 0001:01:00.0)
[2026-04-23 16:18:02.938] [1140092] [HailoRT] [info] [edge_elements.cpp:396] [run_pull] Reading from stream was aborted!
[2026-04-23 16:18:02.938] [1140093] [HailoRT] [info] [queue_elements.cpp:855] [run_in_thread] Shutdown event was signaled in dequeue of UserBuffQEl2yolo26n/conv64!
[2026-04-23 16:18:02.938] [1140092] [HailoRT] [info] [queue_elements.cpp:738] [run_in_thread] run_pull of queue element PullQEl_hw_read2yolo26n/conv64 was aborted!
[2026-04-23 16:18:02.938] [1140092] [HailoRT] [info] [queue_elements.cpp:68] [operator()] Thread in element PullQEl_hw_read2yolo26n/conv64 is not running anymore, exiting..
[2026-04-23 16:18:02.938] [772335] [HailoRT] [info] [queue_elements.cpp:46] [~BaseQueueElement] Queue element PullQEl_hw_read2yolo26n/conv64 has 0 frames in his Queue on destruction
[2026-04-23 16:18:02.938] [1140093] [HailoRT] [info] [queue_elements.cpp:68] [operator()] Thread in element UserBuffQEl2yolo26n/conv64 is not running anymore, exiting..
[2026-04-23 16:18:02.938] [772335] [HailoRT] [info] [queue_elements.cpp:46] [~BaseQueueElement] Queue element UserBuffQEl2yolo26n/conv64 has 0 frames in his Queue on destruction
[2026-04-23 16:18:02.938] [1140095] [HailoRT] [info] [queue_elements.cpp:855] [run_in_thread] Shutdown event was signaled in dequeue of UserBuffQEl1yolo26n/conv77!
[2026-04-23 16:18:02.938] [1140094] [HailoRT] [info] [vdevice_native_stream.cpp:331] [read_impl] Failed read from stream HAILO_STREAM_ABORT(63) (device: 0001:01:00.0)
[2026-04-23 16:18:02.938] [1140094] [HailoRT] [info] [edge_elements.cpp:396] [run_pull] Reading from stream was aborted!
[2026-04-23 16:18:02.938] [1140094] [HailoRT] [info] [queue_elements.cpp:738] [run_in_thread] run_pull of queue element PullQEl_hw_read1yolo26n/conv77 was aborted!
[2026-04-23 16:18:02.938] [1140094] [HailoRT] [info] [queue_elements.cpp:68] [operator()] Thread in element PullQEl_hw_read1yolo26n/conv77 is not running anymore, exiting..
[2026-04-23 16:18:02.938] [772335] [HailoRT] [info] [queue_elements.cpp:46] [~BaseQueueElement] Queue element PullQEl_hw_read1yolo26n/conv77 has 0 frames in his Queue on destruction
[2026-04-23 16:18:02.938] [1140095] [HailoRT] [info] [queue_elements.cpp:68] [operator()] Thread in element UserBuffQEl1yolo26n/conv77 is not running anymore, exiting..
[2026-04-23 16:18:02.938] [772335] [HailoRT] [info] [queue_elements.cpp:46] [~BaseQueueElement] Queue element UserBuffQEl1yolo26n/conv77 has 0 frames in his Queue on destruction
[2026-04-23 16:18:02.938] [1140096] [HailoRT] [info] [vdevice_native_stream.cpp:331] [read_impl] Failed read from stream HAILO_STREAM_ABORT(63) (device: 0001:01:00.0)
[2026-04-23 16:18:02.938] [1140097] [HailoRT] [info] [queue_elements.cpp:855] [run_in_thread] Shutdown event was signaled in dequeue of UserBuffQEl0yolo26n/conv80!
[2026-04-23 16:18:02.938] [1140096] [HailoRT] [info] [edge_elements.cpp:396] [run_pull] Reading from stream was aborted!
[2026-04-23 16:18:02.938] [1140096] [HailoRT] [info] [queue_elements.cpp:738] [run_in_thread] run_pull of queue element PullQEl_hw_read0yolo26n/conv80 was aborted!
[2026-04-23 16:18:02.938] [1140096] [HailoRT] [info] [queue_elements.cpp:68] [operator()] Thread in element PullQEl_hw_read0yolo26n/conv80 is not running anymore, exiting..
[2026-04-23 16:18:02.938] [772335] [HailoRT] [info] [queue_elements.cpp:46] [~BaseQueueElement] Queue element PullQEl_hw_read0yolo26n/conv80 has 0 frames in his Queue on destruction
[2026-04-23 16:18:02.938] [1140097] [HailoRT] [info] [queue_elements.cpp:68] [operator()] Thread in element UserBuffQEl0yolo26n/conv80 is not running anymore, exiting..
[2026-04-23 16:18:02.938] [772335] [HailoRT] [info] [queue_elements.cpp:46] [~BaseQueueElement] Queue element UserBuffQEl0yolo26n/conv80 has 0 frames in his Queue on destruction
[2026-04-23 16:18:02.938] [1140098] [HailoRT] [info] [vdevice_native_stream.cpp:331] [read_impl] Failed read from stream HAILO_STREAM_ABORT(63) (device: 0001:01:00.0)
[2026-04-23 16:18:02.938] [1140098] [HailoRT] [info] [edge_elements.cpp:396] [run_pull] Reading from stream was aborted!
[2026-04-23 16:18:02.938] [1140099] [HailoRT] [info] [queue_elements.cpp:855] [run_in_thread] Shutdown event was signaled in dequeue of UserBuffQEl1yolo26n/conv91!
[2026-04-23 16:18:02.938] [1140098] [HailoRT] [info] [queue_elements.cpp:738] [run_in_thread] run_pull of queue element PullQEl_hw_read1yolo26n/conv91 was aborted!
[2026-04-23 16:18:02.938] [1140098] [HailoRT] [info] [queue_elements.cpp:68] [operator()] Thread in element PullQEl_hw_read1yolo26n/conv91 is not running anymore, exiting..
[2026-04-23 16:18:02.938] [772335] [HailoRT] [info] [queue_elements.cpp:46] [~BaseQueueElement] Queue element PullQEl_hw_read1yolo26n/conv91 has 0 frames in his Queue on destruction
[2026-04-23 16:18:02.938] [1140099] [HailoRT] [info] [queue_elements.cpp:68] [operator()] Thread in element UserBuffQEl1yolo26n/conv91 is not running anymore, exiting..
[2026-04-23 16:18:02.938] [772335] [HailoRT] [info] [queue_elements.cpp:46] [~BaseQueueElement] Queue element UserBuffQEl1yolo26n/conv91 has 0 frames in his Queue on destruction
[2026-04-23 16:18:02.938] [1140100] [HailoRT] [info] [vdevice_native_stream.cpp:331] [read_impl] Failed read from stream HAILO_STREAM_ABORT(63) (device: 0001:01:00.0)
[2026-04-23 16:18:02.938] [1140100] [HailoRT] [info] [edge_elements.cpp:396] [run_pull] Reading from stream was aborted!
[2026-04-23 16:18:02.938] [1140100] [HailoRT] [info] [queue_elements.cpp:738] [run_in_thread] run_pull of queue element PullQEl_hw_read0yolo26n/conv94 was aborted!
[2026-04-23 16:18:02.938] [1140101] [HailoRT] [info] [queue_elements.cpp:855] [run_in_thread] Shutdown event was signaled in dequeue of UserBuffQEl0yolo26n/conv94!
[2026-04-23 16:18:02.938] [1140100] [HailoRT] [info] [queue_elements.cpp:68] [operator()] Thread in element PullQEl_hw_read0yolo26n/conv94 is not running anymore, exiting..
[2026-04-23 16:18:02.939] [772335] [HailoRT] [info] [queue_elements.cpp:46] [~BaseQueueElement] Queue element PullQEl_hw_read0yolo26n/conv94 has 0 frames in his Queue on destruction
[2026-04-23 16:18:02.939] [1140101] [HailoRT] [info] [queue_elements.cpp:68] [operator()] Thread in element UserBuffQEl0yolo26n/conv94 is not running anymore, exiting..
[2026-04-23 16:18:02.939] [772335] [HailoRT] [info] [queue_elements.cpp:46] [~BaseQueueElement] Queue element UserBuffQEl0yolo26n/conv94 has 0 frames in his Queue on destruction
[2026-04-23 16:18:02.939] [1140089] [HailoRT] [info] [queue_elements.cpp:68] [operator()] Thread in element PushQEl2yolo26n/input_layer1 is not running anymore, exiting..
[2026-04-23 16:18:02.939] [772335] [HailoRT] [info] [queue_elements.cpp:46] [~BaseQueueElement] Queue element PushQEl2yolo26n/input_layer1 has 0 frames in his Queue on destruction
[2026-04-23 16:18:02.939] [772335] [HailoRT] [info] [core_op.cpp:186] [deactivate] Deactivating took 0.493888 ms
[2026-04-23 16:18:02.939] [772335] [HailoRT] [info] [core_op.cpp:186] [deactivate] Deactivating took 0.503517 ms
[2026-04-23 16:18:02.945] [772335] [HailoRT] [info] [core_op.cpp:156] [activate] Activating arcface_mobilefacenet took 0.296555 milliseconds. Note that the function is asynchronous and thus the network is not fully activated yet.
[2026-04-23 16:18:02.945] [772335] [HailoRT] [info] [core_op.cpp:156] [activate] Activating arcface_mobilefacenet took 0.333888 milliseconds. Note that the function is asynchronous and thus the network is not fully activated yet.
[2026-04-23 16:18:02.945] [772335] [HailoRT] [info] [edge_elements.cpp:52] [create] Created (HwWriteEl1arcface_mobilefacenet/input_layer1 | hw_frame_size: 37632)
[2026-04-23 16:18:02.945] [772335] [HailoRT] [info] [vstream.cpp:754] [InputVStreamImpl] Creating arcface_mobilefacenet/input_layer1...
[2026-04-23 16:18:02.945] [772335] [HailoRT] [info] [vstream_builder.cpp:102] [create_inputs] Input pipeline 'arcface_mobilefacenet/input_layer1': (HwWriteEl1arcface_mobilefacenet/input_layer1 | hw_frame_size: 37632) >> HW
[2026-04-23 16:18:02.945] [772335] [HailoRT] [info] [edge_elements.cpp:287] [create] Created (HwReadEl0arcface_mobilefacenet/fc1 | hw_frame_size: 512)
[2026-04-23 16:18:02.945] [772335] [HailoRT] [info] [queue_elements.cpp:657] [create] Created (PullQEl_hw_read0arcface_mobilefacenet/fc1)
[2026-04-23 16:18:02.945] [772335] [HailoRT] [info] [filter_elements.cpp:372] [create] Created (PostInferEl0arcface_mobilefacenet/fc1 | Quantization - src_type: UINT8, dst_type FLOAT32, limvals_min: -2.41025, limvals_max: 1.8579)
[2026-04-23 16:18:02.945] [772335] [HailoRT] [info] [queue_elements.cpp:800] [create] Created (UserBuffQEl0arcface_mobilefacenet/fc1 | timeout: 10s)
[2026-04-23 16:18:02.945] [772335] [HailoRT] [info] [vstream.cpp:1114] [OutputVStreamImpl] Creating arcface_mobilefacenet/fc1...
[2026-04-23 16:18:02.945] [772335] [HailoRT] [info] [vstream_builder.cpp:220] [create_outputs] Output pipeline 'arcface_mobilefacenet/fc1': HW >> (HwReadEl0arcface_mobilefacenet/fc1 | hw_frame_size: 512) >> (PullQEl_hw_read0arcface_mobilefacenet/fc1) >> (PostInferEl0arcface_mobilefacenet/fc1 | Quantization - src_type: UINT8, dst_type FLOAT32, limvals_min: -2.41025, limvals_max: 1.8579) >> (UserBuffQEl0arcface_mobilefacenet/fc1 | timeout: 10s)
[2026-04-23 16:18:02.951] [1140110] [HailoRT] [info] [queue_elements.cpp:855] [run_in_thread] Shutdown event was signaled in dequeue of UserBuffQEl0arcface_mobilefacenet/fc1!
[2026-04-23 16:18:02.951] [1140109] [HailoRT] [info] [vdevice_native_stream.cpp:331] [read_impl] Failed read from stream HAILO_STREAM_ABORT(63) (device: 0001:01:00.0)
[2026-04-23 16:18:02.951] [1140109] [HailoRT] [info] [edge_elements.cpp:396] [run_pull] Reading from stream was aborted!
[2026-04-23 16:18:02.951] [1140109] [HailoRT] [info] [queue_elements.cpp:738] [run_in_thread] run_pull of queue element PullQEl_hw_read0arcface_mobilefacenet/fc1 was aborted!
[2026-04-23 16:18:02.951] [1140109] [HailoRT] [info] [queue_elements.cpp:68] [operator()] Thread in element PullQEl_hw_read0arcface_mobilefacenet/fc1 is not running anymore, exiting..
[2026-04-23 16:18:02.951] [772335] [HailoRT] [info] [queue_elements.cpp:46] [~BaseQueueElement] Queue element PullQEl_hw_read0arcface_mobilefacenet/fc1 has 0 frames in his Queue on destruction
[2026-04-23 16:18:02.951] [1140110] [HailoRT] [info] [queue_elements.cpp:68] [operator()] Thread in element UserBuffQEl0arcface_mobilefacenet/fc1 is not running anymore, exiting..
[2026-04-23 16:18:02.951] [772335] [HailoRT] [info] [queue_elements.cpp:46] [~BaseQueueElement] Queue element UserBuffQEl0arcface_mobilefacenet/fc1 has 0 frames in his Queue on destruction
[2026-04-23 16:18:02.952] [772335] [HailoRT] [info] [core_op.cpp:186] [deactivate] Deactivating took 0.362369 ms
[2026-04-23 16:18:02.952] [772335] [HailoRT] [info] [core_op.cpp:186] [deactivate] Deactivating took 0.370074 ms
[2026-04-23 16:18:02.962] [772335] [HailoRT] [info] [core_op.cpp:156] [activate] Activating yolo26n took 0.602591 milliseconds. Note that the function is asynchronous and thus the network is not fully activated yet.
[2026-04-23 16:18:02.962] [772335] [HailoRT] [info] [core_op.cpp:156] [activate] Activating yolo26n took 0.642757 milliseconds. Note that the function is asynchronous and thus the network is not fully activated yet.
[2026-04-23 16:18:02.962] [772335] [HailoRT] [info] [edge_elements.cpp:52] [create] Created (HwWriteEl2yolo26n/input_layer1 | hw_frame_size: 1228800)
[2026-04-23 16:18:02.962] [772335] [HailoRT] [info] [queue_elements.cpp:284] [create] Created (PushQEl2yolo26n/input_layer1 | timeout: 10s)
[2026-04-23 16:18:02.962] [772335] [HailoRT] [info] [filter_elements.cpp:101] [create] Created (PreInferEl2yolo26n/input_layer1 | Reorder - src_order: NHWC, src_shape: (640, 640, 3), dst_order: NHCW, dst_shape: (640, 640, 3))
[2026-04-23 16:18:02.962] [772335] [HailoRT] [info] [vstream.cpp:754] [InputVStreamImpl] Creating yolo26n/input_layer1...
[2026-04-23 16:18:02.962] [772335] [HailoRT] [info] [vstream_builder.cpp:102] [create_inputs] Input pipeline 'yolo26n/input_layer1': (PreInferEl2yolo26n/input_layer1 | Reorder - src_order: NHWC, src_shape: (640, 640, 3), dst_order: NHCW, dst_shape: (640, 640, 3)) >> (PushQEl2yolo26n/input_layer1 | timeout: 10s) >> (HwWriteEl2yolo26n/input_layer1 | hw_frame_size: 1228800) >> HW
[2026-04-23 16:18:02.962] [772335] [HailoRT] [info] [edge_elements.cpp:287] [create] Created (HwReadEl3yolo26n/conv61 | hw_frame_size: 25600)
[2026-04-23 16:18:02.962] [772335] [HailoRT] [info] [queue_elements.cpp:657] [create] Created (PullQEl_hw_read3yolo26n/conv61)
[2026-04-23 16:18:02.963] [772335] [HailoRT] [info] [filter_elements.cpp:372] [create] Created (PostInferEl3yolo26n/conv61 | Quantization - src_type: UINT8, dst_type FLOAT32, limvals_min: -0.468035, limvals_max: 6.99127)
[2026-04-23 16:18:02.963] [772335] [HailoRT] [info] [queue_elements.cpp:800] [create] Created (UserBuffQEl3yolo26n/conv61 | timeout: 10s)
[2026-04-23 16:18:02.963] [772335] [HailoRT] [info] [vstream.cpp:1114] [OutputVStreamImpl] Creating yolo26n/conv61...
[2026-04-23 16:18:02.963] [772335] [HailoRT] [info] [vstream_builder.cpp:220] [create_outputs] Output pipeline 'yolo26n/conv61': HW >> (HwReadEl3yolo26n/conv61 | hw_frame_size: 25600) >> (PullQEl_hw_read3yolo26n/conv61) >> (PostInferEl3yolo26n/conv61 | Quantization - src_type: UINT8, dst_type FLOAT32, limvals_min: -0.468035, limvals_max: 6.99127) >> (UserBuffQEl3yolo26n/conv61 | timeout: 10s)
[2026-04-23 16:18:02.963] [772335] [HailoRT] [info] [edge_elements.cpp:287] [create] Created (HwReadEl2yolo26n/conv64 | hw_frame_size: 6400)
[2026-04-23 16:18:02.963] [772335] [HailoRT] [info] [queue_elements.cpp:657] [create] Created (PullQEl_hw_read2yolo26n/conv64)
[2026-04-23 16:18:02.963] [772335] [HailoRT] [info] [filter_elements.cpp:372] [create] Created (PostInferEl2yolo26n/conv64 | Quantization - src_type: UINT8, dst_type FLOAT32, limvals_min: -161.763, limvals_max: 2.5779)
[2026-04-23 16:18:02.963] [772335] [HailoRT] [info] [queue_elements.cpp:800] [create] Created (UserBuffQEl2yolo26n/conv64 | timeout: 10s)
[2026-04-23 16:18:02.963] [772335] [HailoRT] [info] [vstream.cpp:1114] [OutputVStreamImpl] Creating yolo26n/conv64...
[2026-04-23 16:18:02.963] [772335] [HailoRT] [info] [vstream_builder.cpp:220] [create_outputs] Output pipeline 'yolo26n/conv64': HW >> (HwReadEl2yolo26n/conv64 | hw_frame_size: 6400) >> (PullQEl_hw_read2yolo26n/conv64) >> (PostInferEl2yolo26n/conv64 | Quantization - src_type: UINT8, dst_type FLOAT32, limvals_min: -161.763, limvals_max: 2.5779) >> (UserBuffQEl2yolo26n/conv64 | timeout: 10s)
[2026-04-23 16:18:02.963] [772335] [HailoRT] [info] [edge_elements.cpp:287] [create] Created (HwReadEl1yolo26n/conv77 | hw_frame_size: 6400)
[2026-04-23 16:18:02.963] [772335] [HailoRT] [info] [queue_elements.cpp:657] [create] Created (PullQEl_hw_read1yolo26n/conv77)
[2026-04-23 16:18:02.963] [772335] [HailoRT] [info] [filter_elements.cpp:372] [create] Created (PostInferEl1yolo26n/conv77 | Quantization - src_type: UINT8, dst_type FLOAT32, limvals_min: -0.560223, limvals_max: 15.3127)
[2026-04-23 16:18:02.963] [772335] [HailoRT] [info] [queue_elements.cpp:800] [create] Created (UserBuffQEl1yolo26n/conv77 | timeout: 10s)
[2026-04-23 16:18:02.963] [772335] [HailoRT] [info] [vstream.cpp:1114] [OutputVStreamImpl] Creating yolo26n/conv77...
[2026-04-23 16:18:02.963] [772335] [HailoRT] [info] [vstream_builder.cpp:220] [create_outputs] Output pipeline 'yolo26n/conv77': HW >> (HwReadEl1yolo26n/conv77 | hw_frame_size: 6400) >> (PullQEl_hw_read1yolo26n/conv77) >> (PostInferEl1yolo26n/conv77 | Quantization - src_type: UINT8, dst_type FLOAT32, limvals_min: -0.560223, limvals_max: 15.3127) >> (UserBuffQEl1yolo26n/conv77 | timeout: 10s)
[2026-04-23 16:18:02.963] [772335] [HailoRT] [info] [edge_elements.cpp:287] [create] Created (HwReadEl0yolo26n/conv80 | hw_frame_size: 1600)
[2026-04-23 16:18:02.963] [772335] [HailoRT] [info] [queue_elements.cpp:657] [create] Created (PullQEl_hw_read0yolo26n/conv80)
[2026-04-23 16:18:02.963] [772335] [HailoRT] [info] [filter_elements.cpp:372] [create] Created (PostInferEl0yolo26n/conv80 | Quantization - src_type: UINT8, dst_type FLOAT32, limvals_min: -204.998, limvals_max: 2.44045)
[2026-04-23 16:18:02.963] [772335] [HailoRT] [info] [queue_elements.cpp:800] [create] Created (UserBuffQEl0yolo26n/conv80 | timeout: 10s)
[2026-04-23 16:18:02.963] [772335] [HailoRT] [info] [vstream.cpp:1114] [OutputVStreamImpl] Creating yolo26n/conv80...
[2026-04-23 16:18:02.963] [772335] [HailoRT] [info] [vstream_builder.cpp:220] [create_outputs] Output pipeline 'yolo26n/conv80': HW >> (HwReadEl0yolo26n/conv80 | hw_frame_size: 1600) >> (PullQEl_hw_read0yolo26n/conv80) >> (PostInferEl0yolo26n/conv80 | Quantization - src_type: UINT8, dst_type FLOAT32, limvals_min: -204.998, limvals_max: 2.44045) >> (UserBuffQEl0yolo26n/conv80 | timeout: 10s)
[2026-04-23 16:18:02.963] [772335] [HailoRT] [info] [edge_elements.cpp:287] [create] Created (HwReadEl1yolo26n/conv91 | hw_frame_size: 3200)
[2026-04-23 16:18:02.963] [772335] [HailoRT] [info] [queue_elements.cpp:657] [create] Created (PullQEl_hw_read1yolo26n/conv91)
[2026-04-23 16:18:02.963] [772335] [HailoRT] [info] [filter_elements.cpp:372] [create] Created (PostInferEl1yolo26n/conv91 | Quantization - src_type: UINT8, dst_type FLOAT32, limvals_min: 0, limvals_max: 14.2269 | Reorder - src_order: FCR, src_shape: (20, 20, 8), dst_order: FCR, dst_shape: (20, 20, 4))
[2026-04-23 16:18:02.964] [772335] [HailoRT] [info] [queue_elements.cpp:800] [create] Created (UserBuffQEl1yolo26n/conv91 | timeout: 10s)
[2026-04-23 16:18:02.964] [772335] [HailoRT] [info] [vstream.cpp:1114] [OutputVStreamImpl] Creating yolo26n/conv91...
[2026-04-23 16:18:02.964] [772335] [HailoRT] [info] [vstream_builder.cpp:220] [create_outputs] Output pipeline 'yolo26n/conv91': HW >> (HwReadEl1yolo26n/conv91 | hw_frame_size: 3200) >> (PullQEl_hw_read1yolo26n/conv91) >> (PostInferEl1yolo26n/conv91 | Quantization - src_type: UINT8, dst_type FLOAT32, limvals_min: 0, limvals_max: 14.2269 | Reorder - src_order: FCR, src_shape: (20, 20, 8), dst_order: FCR, dst_shape: (20, 20, 4)) >> (UserBuffQEl1yolo26n/conv91 | timeout: 10s)
[2026-04-23 16:18:02.964] [772335] [HailoRT] [info] [edge_elements.cpp:287] [create] Created (HwReadEl0yolo26n/conv94 | hw_frame_size: 3200)
[2026-04-23 16:18:02.964] [772335] [HailoRT] [info] [queue_elements.cpp:657] [create] Created (PullQEl_hw_read0yolo26n/conv94)
[2026-04-23 16:18:02.964] [772335] [HailoRT] [info] [filter_elements.cpp:372] [create] Created (PostInferEl0yolo26n/conv94 | Quantization - src_type: UINT8, dst_type FLOAT32, limvals_min: -155.797, limvals_max: 3.11594 | Reorder - src_order: FCR, src_shape: (20, 20, 8), dst_order: FCR, dst_shape: (20, 20, 1))
[2026-04-23 16:18:02.964] [772335] [HailoRT] [info] [queue_elements.cpp:800] [create] Created (UserBuffQEl0yolo26n/conv94 | timeout: 10s)
[2026-04-23 16:18:02.964] [772335] [HailoRT] [info] [vstream.cpp:1114] [OutputVStreamImpl] Creating yolo26n/conv94...
[2026-04-23 16:18:02.964] [772335] [HailoRT] [info] [vstream_builder.cpp:220] [create_outputs] Output pipeline 'yolo26n/conv94': HW >> (HwReadEl0yolo26n/conv94 | hw_frame_size: 3200) >> (PullQEl_hw_read0yolo26n/conv94) >> (PostInferEl0yolo26n/conv94 | Quantization - src_type: UINT8, dst_type FLOAT32, limvals_min: -155.797, limvals_max: 3.11594 | Reorder - src_order: FCR, src_shape: (20, 20, 8), dst_order: FCR, dst_shape: (20, 20, 1)) >> (UserBuffQEl0yolo26n/conv94 | timeout: 10s)
[2026-04-23 16:18:02.975] [1140115] [HailoRT] [info] [queue_elements.cpp:855] [run_in_thread] Shutdown event was signaled in dequeue of UserBuffQEl3yolo26n/conv61!
[2026-04-23 16:18:02.975] [1140114] [HailoRT] [info] [vdevice_native_stream.cpp:331] [read_impl] Failed read from stream HAILO_STREAM_ABORT(63) (device: 0001:01:00.0)
[2026-04-23 16:18:02.975] [1140114] [HailoRT] [info] [edge_elements.cpp:396] [run_pull] Reading from stream was aborted!
[2026-04-23 16:18:02.975] [1140114] [HailoRT] [info] [queue_elements.cpp:738] [run_in_thread] run_pull of queue element PullQEl_hw_read3yolo26n/conv61 was aborted!
[2026-04-23 16:18:02.975] [1140114] [HailoRT] [info] [queue_elements.cpp:68] [operator()] Thread in element PullQEl_hw_read3yolo26n/conv61 is not running anymore, exiting..
[2026-04-23 16:18:02.975] [772335] [HailoRT] [info] [queue_elements.cpp:46] [~BaseQueueElement] Queue element PullQEl_hw_read3yolo26n/conv61 has 0 frames in his Queue on destruction
[2026-04-23 16:18:02.975] [1140115] [HailoRT] [info] [queue_elements.cpp:68] [operator()] Thread in element UserBuffQEl3yolo26n/conv61 is not running anymore, exiting..
[2026-04-23 16:18:02.975] [772335] [HailoRT] [info] [queue_elements.cpp:46] [~BaseQueueElement] Queue element UserBuffQEl3yolo26n/conv61 has 0 frames in his Queue on destruction
[2026-04-23 16:18:02.975] [1140117] [HailoRT] [info] [queue_elements.cpp:855] [run_in_thread] Shutdown event was signaled in dequeue of UserBuffQEl2yolo26n/conv64!
[2026-04-23 16:18:02.975] [1140116] [HailoRT] [info] [vdevice_native_stream.cpp:331] [read_impl] Failed read from stream HAILO_STREAM_ABORT(63) (device: 0001:01:00.0)
[2026-04-23 16:18:02.975] [1140116] [HailoRT] [info] [edge_elements.cpp:396] [run_pull] Reading from stream was aborted!
[2026-04-23 16:18:02.975] [1140116] [HailoRT] [info] [queue_elements.cpp:738] [run_in_thread] run_pull of queue element PullQEl_hw_read2yolo26n/conv64 was aborted!
[2026-04-23 16:18:02.975] [1140116] [HailoRT] [info] [queue_elements.cpp:68] [operator()] Thread in element PullQEl_hw_read2yolo26n/conv64 is not running anymore, exiting..
[2026-04-23 16:18:02.975] [772335] [HailoRT] [info] [queue_elements.cpp:46] [~BaseQueueElement] Queue element PullQEl_hw_read2yolo26n/conv64 has 0 frames in his Queue on destruction
[2026-04-23 16:18:02.975] [1140117] [HailoRT] [info] [queue_elements.cpp:68] [operator()] Thread in element UserBuffQEl2yolo26n/conv64 is not running anymore, exiting..
[2026-04-23 16:18:02.975] [772335] [HailoRT] [info] [queue_elements.cpp:46] [~BaseQueueElement] Queue element UserBuffQEl2yolo26n/conv64 has 0 frames in his Queue on destruction
[2026-04-23 16:18:02.975] [1140118] [HailoRT] [info] [vdevice_native_stream.cpp:331] [read_impl] Failed read from stream HAILO_STREAM_ABORT(63) (device: 0001:01:00.0)
[2026-04-23 16:18:02.975] [1140118] [HailoRT] [info] [edge_elements.cpp:396] [run_pull] Reading from stream was aborted!
[2026-04-23 16:18:02.975] [1140119] [HailoRT] [info] [queue_elements.cpp:855] [run_in_thread] Shutdown event was signaled in dequeue of UserBuffQEl1yolo26n/conv77!
[2026-04-23 16:18:02.975] [1140118] [HailoRT] [info] [queue_elements.cpp:738] [run_in_thread] run_pull of queue element PullQEl_hw_read1yolo26n/conv77 was aborted!
[2026-04-23 16:18:02.975] [1140118] [HailoRT] [info] [queue_elements.cpp:68] [operator()] Thread in element PullQEl_hw_read1yolo26n/conv77 is not running anymore, exiting..
[2026-04-23 16:18:02.975] [772335] [HailoRT] [info] [queue_elements.cpp:46] [~BaseQueueElement] Queue element PullQEl_hw_read1yolo26n/conv77 has 0 frames in his Queue on destruction
[2026-04-23 16:18:02.975] [1140119] [HailoRT] [info] [queue_elements.cpp:68] [operator()] Thread in element UserBuffQEl1yolo26n/conv77 is not running anymore, exiting..
[2026-04-23 16:18:02.975] [772335] [HailoRT] [info] [queue_elements.cpp:46] [~BaseQueueElement] Queue element UserBuffQEl1yolo26n/conv77 has 0 frames in his Queue on destruction
[2026-04-23 16:18:02.975] [1140120] [HailoRT] [info] [vdevice_native_stream.cpp:331] [read_impl] Failed read from stream HAILO_STREAM_ABORT(63) (device: 0001:01:00.0)
[2026-04-23 16:18:02.975] [1140120] [HailoRT] [info] [edge_elements.cpp:396] [run_pull] Reading from stream was aborted!
[2026-04-23 16:18:02.975] [1140120] [HailoRT] [info] [queue_elements.cpp:738] [run_in_thread] run_pull of queue element PullQEl_hw_read0yolo26n/conv80 was aborted!
[2026-04-23 16:18:02.976] [1140121] [HailoRT] [info] [queue_elements.cpp:855] [run_in_thread] Shutdown event was signaled in dequeue of UserBuffQEl0yolo26n/conv80!
[2026-04-23 16:18:02.976] [1140120] [HailoRT] [info] [queue_elements.cpp:68] [operator()] Thread in element PullQEl_hw_read0yolo26n/conv80 is not running anymore, exiting..
[2026-04-23 16:18:02.976] [772335] [HailoRT] [info] [queue_elements.cpp:46] [~BaseQueueElement] Queue element PullQEl_hw_read0yolo26n/conv80 has 0 frames in his Queue on destruction
[2026-04-23 16:18:02.976] [1140121] [HailoRT] [info] [queue_elements.cpp:68] [operator()] Thread in element UserBuffQEl0yolo26n/conv80 is not running anymore, exiting..
[2026-04-23 16:18:02.976] [772335] [HailoRT] [info] [queue_elements.cpp:46] [~BaseQueueElement] Queue element UserBuffQEl0yolo26n/conv80 has 0 frames in his Queue on destruction
[2026-04-23 16:18:02.976] [1140122] [HailoRT] [info] [vdevice_native_stream.cpp:331] [read_impl] Failed read from stream HAILO_STREAM_ABORT(63) (device: 0001:01:00.0)
[2026-04-23 16:18:02.976] [1140123] [HailoRT] [info] [queue_elements.cpp:855] [run_in_thread] Shutdown event was signaled in dequeue of UserBuffQEl1yolo26n/conv91!
[2026-04-23 16:18:02.976] [1140122] [HailoRT] [info] [edge_elements.cpp:396] [run_pull] Reading from stream was aborted!
[2026-04-23 16:18:02.976] [1140122] [HailoRT] [info] [queue_elements.cpp:738] [run_in_thread] run_pull of queue element PullQEl_hw_read1yolo26n/conv91 was aborted!
[2026-04-23 16:18:02.976] [1140122] [HailoRT] [info] [queue_elements.cpp:68] [operator()] Thread in element PullQEl_hw_read1yolo26n/conv91 is not running anymore, exiting..
[2026-04-23 16:18:02.976] [772335] [HailoRT] [info] [queue_elements.cpp:46] [~BaseQueueElement] Queue element PullQEl_hw_read1yolo26n/conv91 has 0 frames in his Queue on destruction
[2026-04-23 16:18:02.976] [1140123] [HailoRT] [info] [queue_elements.cpp:68] [operator()] Thread in element UserBuffQEl1yolo26n/conv91 is not running anymore, exiting..
[2026-04-23 16:18:02.976] [772335] [HailoRT] [info] [queue_elements.cpp:46] [~BaseQueueElement] Queue element UserBuffQEl1yolo26n/conv91 has 0 frames in his Queue on destruction
[2026-04-23 16:18:02.976] [1140124] [HailoRT] [info] [vdevice_native_stream.cpp:331] [read_impl] Failed read from stream HAILO_STREAM_ABORT(63) (device: 0001:01:00.0)
[2026-04-23 16:18:02.976] [1140124] [HailoRT] [info] [edge_elements.cpp:396] [run_pull] Reading from stream was aborted!
[2026-04-23 16:18:02.976] [1140124] [HailoRT] [info] [queue_elements.cpp:738] [run_in_thread] run_pull of queue element PullQEl_hw_read0yolo26n/conv94 was aborted!
[2026-04-23 16:18:02.976] [1140125] [HailoRT] [info] [queue_elements.cpp:855] [run_in_thread] Shutdown event was signaled in dequeue of UserBuffQEl0yolo26n/conv94!
[2026-04-23 16:18:02.976] [1140124] [HailoRT] [info] [queue_elements.cpp:68] [operator()] Thread in element PullQEl_hw_read0yolo26n/conv94 is not running anymore, exiting..
[2026-04-23 16:18:02.976] [772335] [HailoRT] [info] [queue_elements.cpp:46] [~BaseQueueElement] Queue element PullQEl_hw_read0yolo26n/conv94 has 0 frames in his Queue on destruction
[2026-04-23 16:18:02.976] [1140125] [HailoRT] [info] [queue_elements.cpp:68] [operator()] Thread in element UserBuffQEl0yolo26n/conv94 is not running anymore, exiting..
[2026-04-23 16:18:02.976] [772335] [HailoRT] [info] [queue_elements.cpp:46] [~BaseQueueElement] Queue element UserBuffQEl0yolo26n/conv94 has 0 frames in his Queue on destruction
[2026-04-23 16:18:02.976] [1140113] [HailoRT] [info] [queue_elements.cpp:68] [operator()] Thread in element PushQEl2yolo26n/input_layer1 is not running anymore, exiting..
[2026-04-23 16:18:02.976] [772335] [HailoRT] [info] [queue_elements.cpp:46] [~BaseQueueElement] Queue element PushQEl2yolo26n/input_layer1 has 0 frames in his Queue on destruction
[2026-04-23 16:18:02.976] [772335] [HailoRT] [info] [core_op.cpp:186] [deactivate] Deactivating took 0.499832 ms
[2026-04-23 16:18:02.976] [772335] [HailoRT] [info] [core_op.cpp:186] [deactivate] Deactivating took 0.50998 ms
[2026-04-23 16:18:02.983] [772335] [HailoRT] [info] [core_op.cpp:156] [activate] Activating arcface_mobilefacenet took 0.231814 milliseconds. Note that the function is asynchronous and thus the network is not fully activated yet.
[2026-04-23 16:18:02.983] [772335] [HailoRT] [info] [core_op.cpp:156] [activate] Activating arcface_mobilefacenet took 0.252203 milliseconds. Note that the function is asynchronous and thus the network is not fully activated yet.
[2026-04-23 16:18:02.983] [772335] [HailoRT] [info] [edge_elements.cpp:52] [create] Created (HwWriteEl1arcface_mobilefacenet/input_layer1 | hw_frame_size: 37632)
[2026-04-23 16:18:02.983] [772335] [HailoRT] [info] [vstream.cpp:754] [InputVStreamImpl] Creating arcface_mobilefacenet/input_layer1...
[2026-04-23 16:18:02.983] [772335] [HailoRT] [info] [vstream_builder.cpp:102] [create_inputs] Input pipeline 'arcface_mobilefacenet/input_layer1': (HwWriteEl1arcface_mobilefacenet/input_layer1 | hw_frame_size: 37632) >> HW
[2026-04-23 16:18:02.983] [772335] [HailoRT] [info] [edge_elements.cpp:287] [create] Created (HwReadEl0arcface_mobilefacenet/fc1 | hw_frame_size: 512)
[2026-04-23 16:18:02.983] [772335] [HailoRT] [info] [queue_elements.cpp:657] [create] Created (PullQEl_hw_read0arcface_mobilefacenet/fc1)
[2026-04-23 16:18:02.983] [772335] [HailoRT] [info] [filter_elements.cpp:372] [create] Created (PostInferEl0arcface_mobilefacenet/fc1 | Quantization - src_type: UINT8, dst_type FLOAT32, limvals_min: -2.41025, limvals_max: 1.8579)
[2026-04-23 16:18:02.984] [772335] [HailoRT] [info] [queue_elements.cpp:800] [create] Created (UserBuffQEl0arcface_mobilefacenet/fc1 | timeout: 10s)
[2026-04-23 16:18:02.984] [772335] [HailoRT] [info] [vstream.cpp:1114] [OutputVStreamImpl] Creating arcface_mobilefacenet/fc1...
[2026-04-23 16:18:02.984] [772335] [HailoRT] [info] [vstream_builder.cpp:220] [create_outputs] Output pipeline 'arcface_mobilefacenet/fc1': HW >> (HwReadEl0arcface_mobilefacenet/fc1 | hw_frame_size: 512) >> (PullQEl_hw_read0arcface_mobilefacenet/fc1) >> (PostInferEl0arcface_mobilefacenet/fc1 | Quantization - src_type: UINT8, dst_type FLOAT32, limvals_min: -2.41025, limvals_max: 1.8579) >> (UserBuffQEl0arcface_mobilefacenet/fc1 | timeout: 10s)
[2026-04-23 16:18:02.990] [1140134] [HailoRT] [info] [queue_elements.cpp:855] [run_in_thread] Shutdown event was signaled in dequeue of UserBuffQEl0arcface_mobilefacenet/fc1!
[2026-04-23 16:18:02.990] [1140133] [HailoRT] [info] [vdevice_native_stream.cpp:331] [read_impl] Failed read from stream HAILO_STREAM_ABORT(63) (device: 0001:01:00.0)
[2026-04-23 16:18:02.990] [1140133] [HailoRT] [info] [edge_elements.cpp:396] [run_pull] Reading from stream was aborted!
[2026-04-23 16:18:02.990] [1140133] [HailoRT] [info] [queue_elements.cpp:738] [run_in_thread] run_pull of queue element PullQEl_hw_read0arcface_mobilefacenet/fc1 was aborted!
[2026-04-23 16:18:02.990] [1140133] [HailoRT] [info] [queue_elements.cpp:68] [operator()] Thread in element PullQEl_hw_read0arcface_mobilefacenet/fc1 is not running anymore, exiting..
[2026-04-23 16:18:02.990] [772335] [HailoRT] [info] [queue_elements.cpp:46] [~BaseQueueElement] Queue element PullQEl_hw_read0arcface_mobilefacenet/fc1 has 0 frames in his Queue on destruction
[2026-04-23 16:18:02.990] [1140134] [HailoRT] [info] [queue_elements.cpp:68] [operator()] Thread in element UserBuffQEl0arcface_mobilefacenet/fc1 is not running anymore, exiting..
[2026-04-23 16:18:02.990] [772335] [HailoRT] [info] [queue_elements.cpp:46] [~BaseQueueElement] Queue element UserBuffQEl0arcface_mobilefacenet/fc1 has 0 frames in his Queue on destruction
[2026-04-23 16:18:02.990] [772335] [HailoRT] [info] [core_op.cpp:186] [deactivate] Deactivating took 0.364222 ms
[2026-04-23 16:18:02.990] [772335] [HailoRT] [info] [core_op.cpp:186] [deactivate] Deactivating took 0.372426 ms
[2026-04-23 16:18:02.999] [772335] [HailoRT] [info] [core_op.cpp:156] [activate] Activating yolo26n took 0.487295 milliseconds. Note that the function is asynchronous and thus the network is not fully activated yet.
[2026-04-23 16:18:02.999] [772335] [HailoRT] [info] [core_op.cpp:156] [activate] Activating yolo26n took 0.510944 milliseconds. Note that the function is asynchronous and thus the network is not fully activated yet.
[2026-04-23 16:18:02.999] [772335] [HailoRT] [info] [edge_elements.cpp:52] [create] Created (HwWriteEl2yolo26n/input_layer1 | hw_frame_size: 1228800)
[2026-04-23 16:18:02.999] [772335] [HailoRT] [info] [queue_elements.cpp:284] [create] Created (PushQEl2yolo26n/input_layer1 | timeout: 10s)
[2026-04-23 16:18:02.999] [772335] [HailoRT] [info] [filter_elements.cpp:101] [create] Created (PreInferEl2yolo26n/input_layer1 | Reorder - src_order: NHWC, src_shape: (640, 640, 3), dst_order: NHCW, dst_shape: (640, 640, 3))
[2026-04-23 16:18:02.999] [772335] [HailoRT] [info] [vstream.cpp:754] [InputVStreamImpl] Creating yolo26n/input_layer1...
[2026-04-23 16:18:02.999] [772335] [HailoRT] [info] [vstream_builder.cpp:102] [create_inputs] Input pipeline 'yolo26n/input_layer1': (PreInferEl2yolo26n/input_layer1 | Reorder - src_order: NHWC, src_shape: (640, 640, 3), dst_order: NHCW, dst_shape: (640, 640, 3)) >> (PushQEl2yolo26n/input_layer1 | timeout: 10s) >> (HwWriteEl2yolo26n/input_layer1 | hw_frame_size: 1228800) >> HW
[2026-04-23 16:18:02.999] [772335] [HailoRT] [info] [edge_elements.cpp:287] [create] Created (HwReadEl3yolo26n/conv61 | hw_frame_size: 25600)
[2026-04-23 16:18:02.999] [772335] [HailoRT] [info] [queue_elements.cpp:657] [create] Created (PullQEl_hw_read3yolo26n/conv61)
[2026-04-23 16:18:02.999] [772335] [HailoRT] [info] [filter_elements.cpp:372] [create] Created (PostInferEl3yolo26n/conv61 | Quantization - src_type: UINT8, dst_type FLOAT32, limvals_min: -0.468035, limvals_max: 6.99127)
[2026-04-23 16:18:02.999] [772335] [HailoRT] [info] [queue_elements.cpp:800] [create] Created (UserBuffQEl3yolo26n/conv61 | timeout: 10s)
[2026-04-23 16:18:02.999] [772335] [HailoRT] [info] [vstream.cpp:1114] [OutputVStreamImpl] Creating yolo26n/conv61...
[2026-04-23 16:18:03.000] [772335] [HailoRT] [info] [vstream_builder.cpp:220] [create_outputs] Output pipeline 'yolo26n/conv61': HW >> (HwReadEl3yolo26n/conv61 | hw_frame_size: 25600) >> (PullQEl_hw_read3yolo26n/conv61) >> (PostInferEl3yolo26n/conv61 | Quantization - src_type: UINT8, dst_type FLOAT32, limvals_min: -0.468035, limvals_max: 6.99127) >> (UserBuffQEl3yolo26n/conv61 | timeout: 10s)
[2026-04-23 16:18:03.000] [772335] [HailoRT] [info] [edge_elements.cpp:287] [create] Created (HwReadEl2yolo26n/conv64 | hw_frame_size: 6400)
[2026-04-23 16:18:03.000] [772335] [HailoRT] [info] [queue_elements.cpp:657] [create] Created (PullQEl_hw_read2yolo26n/conv64)
[2026-04-23 16:18:03.000] [772335] [HailoRT] [info] [filter_elements.cpp:372] [create] Created (PostInferEl2yolo26n/conv64 | Quantization - src_type: UINT8, dst_type FLOAT32, limvals_min: -161.763, limvals_max: 2.5779)
[2026-04-23 16:18:03.000] [772335] [HailoRT] [info] [queue_elements.cpp:800] [create] Created (UserBuffQEl2yolo26n/conv64 | timeout: 10s)
[2026-04-23 16:18:03.000] [772335] [HailoRT] [info] [vstream.cpp:1114] [OutputVStreamImpl] Creating yolo26n/conv64...
[2026-04-23 16:18:03.000] [772335] [HailoRT] [info] [vstream_builder.cpp:220] [create_outputs] Output pipeline 'yolo26n/conv64': HW >> (HwReadEl2yolo26n/conv64 | hw_frame_size: 6400) >> (PullQEl_hw_read2yolo26n/conv64) >> (PostInferEl2yolo26n/conv64 | Quantization - src_type: UINT8, dst_type FLOAT32, limvals_min: -161.763, limvals_max: 2.5779) >> (UserBuffQEl2yolo26n/conv64 | timeout: 10s)
[2026-04-23 16:18:03.000] [772335] [HailoRT] [info] [edge_elements.cpp:287] [create] Created (HwReadEl1yolo26n/conv77 | hw_frame_size: 6400)
[2026-04-23 16:18:03.000] [772335] [HailoRT] [info] [queue_elements.cpp:657] [create] Created (PullQEl_hw_read1yolo26n/conv77)
[2026-04-23 16:18:03.000] [772335] [HailoRT] [info] [filter_elements.cpp:372] [create] Created (PostInferEl1yolo26n/conv77 | Quantization - src_type: UINT8, dst_type FLOAT32, limvals_min: -0.560223, limvals_max: 15.3127)
[2026-04-23 16:18:03.000] [772335] [HailoRT] [info] [queue_elements.cpp:800] [create] Created (UserBuffQEl1yolo26n/conv77 | timeout: 10s)
[2026-04-23 16:18:03.000] [772335] [HailoRT] [info] [vstream.cpp:1114] [OutputVStreamImpl] Creating yolo26n/conv77...
[2026-04-23 16:18:03.000] [772335] [HailoRT] [info] [vstream_builder.cpp:220] [create_outputs] Output pipeline 'yolo26n/conv77': HW >> (HwReadEl1yolo26n/conv77 | hw_frame_size: 6400) >> (PullQEl_hw_read1yolo26n/conv77) >> (PostInferEl1yolo26n/conv77 | Quantization - src_type: UINT8, dst_type FLOAT32, limvals_min: -0.560223, limvals_max: 15.3127) >> (UserBuffQEl1yolo26n/conv77 | timeout: 10s)
[2026-04-23 16:18:03.000] [772335] [HailoRT] [info] [edge_elements.cpp:287] [create] Created (HwReadEl0yolo26n/conv80 | hw_frame_size: 1600)
[2026-04-23 16:18:03.000] [772335] [HailoRT] [info] [queue_elements.cpp:657] [create] Created (PullQEl_hw_read0yolo26n/conv80)
[2026-04-23 16:18:03.000] [772335] [HailoRT] [info] [filter_elements.cpp:372] [create] Created (PostInferEl0yolo26n/conv80 | Quantization - src_type: UINT8, dst_type FLOAT32, limvals_min: -204.998, limvals_max: 2.44045)
[2026-04-23 16:18:03.000] [772335] [HailoRT] [info] [queue_elements.cpp:800] [create] Created (UserBuffQEl0yolo26n/conv80 | timeout: 10s)
[2026-04-23 16:18:03.000] [772335] [HailoRT] [info] [vstream.cpp:1114] [OutputVStreamImpl] Creating yolo26n/conv80...
[2026-04-23 16:18:03.000] [772335] [HailoRT] [info] [vstream_builder.cpp:220] [create_outputs] Output pipeline 'yolo26n/conv80': HW >> (HwReadEl0yolo26n/conv80 | hw_frame_size: 1600) >> (PullQEl_hw_read0yolo26n/conv80) >> (PostInferEl0yolo26n/conv80 | Quantization - src_type: UINT8, dst_type FLOAT32, limvals_min: -204.998, limvals_max: 2.44045) >> (UserBuffQEl0yolo26n/conv80 | timeout: 10s)
[2026-04-23 16:18:03.000] [772335] [HailoRT] [info] [edge_elements.cpp:287] [create] Created (HwReadEl1yolo26n/conv91 | hw_frame_size: 3200)
[2026-04-23 16:18:03.000] [772335] [HailoRT] [info] [queue_elements.cpp:657] [create] Created (PullQEl_hw_read1yolo26n/conv91)
[2026-04-23 16:18:03.000] [772335] [HailoRT] [info] [filter_elements.cpp:372] [create] Created (PostInferEl1yolo26n/conv91 | Quantization - src_type: UINT8, dst_type FLOAT32, limvals_min: 0, limvals_max: 14.2269 | Reorder - src_order: FCR, src_shape: (20, 20, 8), dst_order: FCR, dst_shape: (20, 20, 4))
[2026-04-23 16:18:03.000] [772335] [HailoRT] [info] [queue_elements.cpp:800] [create] Created (UserBuffQEl1yolo26n/conv91 | timeout: 10s)
[2026-04-23 16:18:03.000] [772335] [HailoRT] [info] [vstream.cpp:1114] [OutputVStreamImpl] Creating yolo26n/conv91...
[2026-04-23 16:18:03.000] [772335] [HailoRT] [info] [vstream_builder.cpp:220] [create_outputs] Output pipeline 'yolo26n/conv91': HW >> (HwReadEl1yolo26n/conv91 | hw_frame_size: 3200) >> (PullQEl_hw_read1yolo26n/conv91) >> (PostInferEl1yolo26n/conv91 | Quantization - src_type: UINT8, dst_type FLOAT32, limvals_min: 0, limvals_max: 14.2269 | Reorder - src_order: FCR, src_shape: (20, 20, 8), dst_order: FCR, dst_shape: (20, 20, 4)) >> (UserBuffQEl1yolo26n/conv91 | timeout: 10s)
[2026-04-23 16:18:03.000] [772335] [HailoRT] [info] [edge_elements.cpp:287] [create] Created (HwReadEl0yolo26n/conv94 | hw_frame_size: 3200)
[2026-04-23 16:18:03.001] [772335] [HailoRT] [info] [queue_elements.cpp:657] [create] Created (PullQEl_hw_read0yolo26n/conv94)
[2026-04-23 16:18:03.001] [772335] [HailoRT] [info] [filter_elements.cpp:372] [create] Created (PostInferEl0yolo26n/conv94 | Quantization - src_type: UINT8, dst_type FLOAT32, limvals_min: -155.797, limvals_max: 3.11594 | Reorder - src_order: FCR, src_shape: (20, 20, 8), dst_order: FCR, dst_shape: (20, 20, 1))
[2026-04-23 16:18:03.001] [772335] [HailoRT] [info] [queue_elements.cpp:800] [create] Created (UserBuffQEl0yolo26n/conv94 | timeout: 10s)
[2026-04-23 16:18:03.001] [772335] [HailoRT] [info] [vstream.cpp:1114] [OutputVStreamImpl] Creating yolo26n/conv94...
[2026-04-23 16:18:03.001] [772335] [HailoRT] [info] [vstream_builder.cpp:220] [create_outputs] Output pipeline 'yolo26n/conv94': HW >> (HwReadEl0yolo26n/conv94 | hw_frame_size: 3200) >> (PullQEl_hw_read0yolo26n/conv94) >> (PostInferEl0yolo26n/conv94 | Quantization - src_type: UINT8, dst_type FLOAT32, limvals_min: -155.797, limvals_max: 3.11594 | Reorder - src_order: FCR, src_shape: (20, 20, 8), dst_order: FCR, dst_shape: (20, 20, 1)) >> (UserBuffQEl0yolo26n/conv94 | timeout: 10s)
[2026-04-23 16:18:03.012] [1140139] [HailoRT] [info] [queue_elements.cpp:855] [run_in_thread] Shutdown event was signaled in dequeue of UserBuffQEl3yolo26n/conv61!
[2026-04-23 16:18:03.012] [1140138] [HailoRT] [info] [vdevice_native_stream.cpp:331] [read_impl] Failed read from stream HAILO_STREAM_ABORT(63) (device: 0001:01:00.0)
[2026-04-23 16:18:03.012] [1140138] [HailoRT] [info] [edge_elements.cpp:396] [run_pull] Reading from stream was aborted!
[2026-04-23 16:18:03.012] [1140138] [HailoRT] [info] [queue_elements.cpp:738] [run_in_thread] run_pull of queue element PullQEl_hw_read3yolo26n/conv61 was aborted!
[2026-04-23 16:18:03.012] [1140138] [HailoRT] [info] [queue_elements.cpp:68] [operator()] Thread in element PullQEl_hw_read3yolo26n/conv61 is not running anymore, exiting..
[2026-04-23 16:18:03.012] [772335] [HailoRT] [info] [queue_elements.cpp:46] [~BaseQueueElement] Queue element PullQEl_hw_read3yolo26n/conv61 has 0 frames in his Queue on destruction
[2026-04-23 16:18:03.012] [1140139] [HailoRT] [info] [queue_elements.cpp:68] [operator()] Thread in element UserBuffQEl3yolo26n/conv61 is not running anymore, exiting..
[2026-04-23 16:18:03.012] [772335] [HailoRT] [info] [queue_elements.cpp:46] [~BaseQueueElement] Queue element UserBuffQEl3yolo26n/conv61 has 0 frames in his Queue on destruction
[2026-04-23 16:18:03.012] [1140140] [HailoRT] [info] [vdevice_native_stream.cpp:331] [read_impl] Failed read from stream HAILO_STREAM_ABORT(63) (device: 0001:01:00.0)
[2026-04-23 16:18:03.012] [1140140] [HailoRT] [info] [edge_elements.cpp:396] [run_pull] Reading from stream was aborted!
[2026-04-23 16:18:03.012] [1140141] [HailoRT] [info] [queue_elements.cpp:855] [run_in_thread] Shutdown event was signaled in dequeue of UserBuffQEl2yolo26n/conv64!
[2026-04-23 16:18:03.012] [1140140] [HailoRT] [info] [queue_elements.cpp:738] [run_in_thread] run_pull of queue element PullQEl_hw_read2yolo26n/conv64 was aborted!
[2026-04-23 16:18:03.012] [1140140] [HailoRT] [info] [queue_elements.cpp:68] [operator()] Thread in element PullQEl_hw_read2yolo26n/conv64 is not running anymore, exiting..
[2026-04-23 16:18:03.013] [772335] [HailoRT] [info] [queue_elements.cpp:46] [~BaseQueueElement] Queue element PullQEl_hw_read2yolo26n/conv64 has 0 frames in his Queue on destruction
[2026-04-23 16:18:03.013] [1140141] [HailoRT] [info] [queue_elements.cpp:68] [operator()] Thread in element UserBuffQEl2yolo26n/conv64 is not running anymore, exiting..
[2026-04-23 16:18:03.013] [772335] [HailoRT] [info] [queue_elements.cpp:46] [~BaseQueueElement] Queue element UserBuffQEl2yolo26n/conv64 has 0 frames in his Queue on destruction
[2026-04-23 16:18:03.013] [1140142] [HailoRT] [info] [vdevice_native_stream.cpp:331] [read_impl] Failed read from stream HAILO_STREAM_ABORT(63) (device: 0001:01:00.0)
[2026-04-23 16:18:03.013] [1140142] [HailoRT] [info] [edge_elements.cpp:396] [run_pull] Reading from stream was aborted!
[2026-04-23 16:18:03.013] [1140143] [HailoRT] [info] [queue_elements.cpp:855] [run_in_thread] Shutdown event was signaled in dequeue of UserBuffQEl1yolo26n/conv77!
[2026-04-23 16:18:03.013] [1140142] [HailoRT] [info] [queue_elements.cpp:738] [run_in_thread] run_pull of queue element PullQEl_hw_read1yolo26n/conv77 was aborted!
[2026-04-23 16:18:03.013] [1140142] [HailoRT] [info] [queue_elements.cpp:68] [operator()] Thread in element PullQEl_hw_read1yolo26n/conv77 is not running anymore, exiting..
[2026-04-23 16:18:03.013] [772335] [HailoRT] [info] [queue_elements.cpp:46] [~BaseQueueElement] Queue element PullQEl_hw_read1yolo26n/conv77 has 0 frames in his Queue on destruction
[2026-04-23 16:18:03.013] [1140143] [HailoRT] [info] [queue_elements.cpp:68] [operator()] Thread in element UserBuffQEl1yolo26n/conv77 is not running anymore, exiting..
[2026-04-23 16:18:03.013] [772335] [HailoRT] [info] [queue_elements.cpp:46] [~BaseQueueElement] Queue element UserBuffQEl1yolo26n/conv77 has 0 frames in his Queue on destruction
[2026-04-23 16:18:03.013] [1140144] [HailoRT] [info] [vdevice_native_stream.cpp:331] [read_impl] Failed read from stream HAILO_STREAM_ABORT(63) (device: 0001:01:00.0)
[2026-04-23 16:18:03.013] [1140144] [HailoRT] [info] [edge_elements.cpp:396] [run_pull] Reading from stream was aborted!
[2026-04-23 16:18:03.013] [1140144] [HailoRT] [info] [queue_elements.cpp:738] [run_in_thread] run_pull of queue element PullQEl_hw_read0yolo26n/conv80 was aborted!
[2026-04-23 16:18:03.013] [1140145] [HailoRT] [info] [queue_elements.cpp:855] [run_in_thread] Shutdown event was signaled in dequeue of UserBuffQEl0yolo26n/conv80!
[2026-04-23 16:18:03.013] [1140144] [HailoRT] [info] [queue_elements.cpp:68] [operator()] Thread in element PullQEl_hw_read0yolo26n/conv80 is not running anymore, exiting..
[2026-04-23 16:18:03.013] [772335] [HailoRT] [info] [queue_elements.cpp:46] [~BaseQueueElement] Queue element PullQEl_hw_read0yolo26n/conv80 has 0 frames in his Queue on destruction
[2026-04-23 16:18:03.013] [1140145] [HailoRT] [info] [queue_elements.cpp:68] [operator()] Thread in element UserBuffQEl0yolo26n/conv80 is not running anymore, exiting..
[2026-04-23 16:18:03.013] [772335] [HailoRT] [info] [queue_elements.cpp:46] [~BaseQueueElement] Queue element UserBuffQEl0yolo26n/conv80 has 0 frames in his Queue on destruction
[2026-04-23 16:18:03.013] [1140147] [HailoRT] [info] [queue_elements.cpp:855] [run_in_thread] Shutdown event was signaled in dequeue of UserBuffQEl1yolo26n/conv91!
[2026-04-23 16:18:03.013] [1140146] [HailoRT] [info] [vdevice_native_stream.cpp:331] [read_impl] Failed read from stream HAILO_STREAM_ABORT(63) (device: 0001:01:00.0)
[2026-04-23 16:18:03.013] [1140146] [HailoRT] [info] [edge_elements.cpp:396] [run_pull] Reading from stream was aborted!
[2026-04-23 16:18:03.013] [1140146] [HailoRT] [info] [queue_elements.cpp:738] [run_in_thread] run_pull of queue element PullQEl_hw_read1yolo26n/conv91 was aborted!
[2026-04-23 16:18:03.013] [1140146] [HailoRT] [info] [queue_elements.cpp:68] [operator()] Thread in element PullQEl_hw_read1yolo26n/conv91 is not running anymore, exiting..
[2026-04-23 16:18:03.013] [772335] [HailoRT] [info] [queue_elements.cpp:46] [~BaseQueueElement] Queue element PullQEl_hw_read1yolo26n/conv91 has 0 frames in his Queue on destruction
[2026-04-23 16:18:03.013] [1140147] [HailoRT] [info] [queue_elements.cpp:68] [operator()] Thread in element UserBuffQEl1yolo26n/conv91 is not running anymore, exiting..
[2026-04-23 16:18:03.013] [772335] [HailoRT] [info] [queue_elements.cpp:46] [~BaseQueueElement] Queue element UserBuffQEl1yolo26n/conv91 has 0 frames in his Queue on destruction
[2026-04-23 16:18:03.013] [1140148] [HailoRT] [info] [vdevice_native_stream.cpp:331] [read_impl] Failed read from stream HAILO_STREAM_ABORT(63) (device: 0001:01:00.0)
[2026-04-23 16:18:03.013] [1140149] [HailoRT] [info] [queue_elements.cpp:855] [run_in_thread] Shutdown event was signaled in dequeue of UserBuffQEl0yolo26n/conv94!
[2026-04-23 16:18:03.013] [1140148] [HailoRT] [info] [edge_elements.cpp:396] [run_pull] Reading from stream was aborted!
[2026-04-23 16:18:03.013] [1140148] [HailoRT] [info] [queue_elements.cpp:738] [run_in_thread] run_pull of queue element PullQEl_hw_read0yolo26n/conv94 was aborted!
[2026-04-23 16:18:03.013] [1140148] [HailoRT] [info] [queue_elements.cpp:68] [operator()] Thread in element PullQEl_hw_read0yolo26n/conv94 is not running anymore, exiting..
[2026-04-23 16:18:03.013] [772335] [HailoRT] [info] [queue_elements.cpp:46] [~BaseQueueElement] Queue element PullQEl_hw_read0yolo26n/conv94 has 0 frames in his Queue on destruction
[2026-04-23 16:18:03.013] [1140149] [HailoRT] [info] [queue_elements.cpp:68] [operator()] Thread in element UserBuffQEl0yolo26n/conv94 is not running anymore, exiting..
[2026-04-23 16:18:03.013] [772335] [HailoRT] [info] [queue_elements.cpp:46] [~BaseQueueElement] Queue element UserBuffQEl0yolo26n/conv94 has 0 frames in his Queue on destruction
[2026-04-23 16:18:03.013] [1140137] [HailoRT] [info] [queue_elements.cpp:68] [operator()] Thread in element PushQEl2yolo26n/input_layer1 is not running anymore, exiting..
[2026-04-23 16:18:03.013] [772335] [HailoRT] [info] [queue_elements.cpp:46] [~BaseQueueElement] Queue element PushQEl2yolo26n/input_layer1 has 0 frames in his Queue on destruction
[2026-04-23 16:18:03.014] [772335] [HailoRT] [info] [core_op.cpp:186] [deactivate] Deactivating took 0.436258 ms
[2026-04-23 16:18:03.014] [772335] [HailoRT] [info] [core_op.cpp:186] [deactivate] Deactivating took 0.45524 ms
[2026-04-23 16:18:03.019] [772335] [HailoRT] [info] [core_op.cpp:156] [activate] Activating arcface_mobilefacenet took 0.229722 milliseconds. Note that the function is asynchronous and thus the network is not fully activated yet.
[2026-04-23 16:18:03.019] [772335] [HailoRT] [info] [core_op.cpp:156] [activate] Activating arcface_mobilefacenet took 0.247703 milliseconds. Note that the function is asynchronous and thus the network is not fully activated yet.
[2026-04-23 16:18:03.019] [772335] [HailoRT] [info] [edge_elements.cpp:52] [create] Created (HwWriteEl1arcface_mobilefacenet/input_layer1 | hw_frame_size: 37632)
[2026-04-23 16:18:03.019] [772335] [HailoRT] [info] [vstream.cpp:754] [InputVStreamImpl] Creating arcface_mobilefacenet/input_layer1...
[2026-04-23 16:18:03.019] [772335] [HailoRT] [info] [vstream_builder.cpp:102] [create_inputs] Input pipeline 'arcface_mobilefacenet/input_layer1': (HwWriteEl1arcface_mobilefacenet/input_layer1 | hw_frame_size: 37632) >> HW
[2026-04-23 16:18:03.019] [772335] [HailoRT] [info] [edge_elements.cpp:287] [create] Created (HwReadEl0arcface_mobilefacenet/fc1 | hw_frame_size: 512)
[2026-04-23 16:18:03.019] [772335] [HailoRT] [info] [queue_elements.cpp:657] [create] Created (PullQEl_hw_read0arcface_mobilefacenet/fc1)
[2026-04-23 16:18:03.019] [772335] [HailoRT] [info] [filter_elements.cpp:372] [create] Created (PostInferEl0arcface_mobilefacenet/fc1 | Quantization - src_type: UINT8, dst_type FLOAT32, limvals_min: -2.41025, limvals_max: 1.8579)
[2026-04-23 16:18:03.019] [772335] [HailoRT] [info] [queue_elements.cpp:800] [create] Created (UserBuffQEl0arcface_mobilefacenet/fc1 | timeout: 10s)
[2026-04-23 16:18:03.019] [772335] [HailoRT] [info] [vstream.cpp:1114] [OutputVStreamImpl] Creating arcface_mobilefacenet/fc1...
[2026-04-23 16:18:03.019] [772335] [HailoRT] [info] [vstream_builder.cpp:220] [create_outputs] Output pipeline 'arcface_mobilefacenet/fc1': HW >> (HwReadEl0arcface_mobilefacenet/fc1 | hw_frame_size: 512) >> (PullQEl_hw_read0arcface_mobilefacenet/fc1) >> (PostInferEl0arcface_mobilefacenet/fc1 | Quantization - src_type: UINT8, dst_type FLOAT32, limvals_min: -2.41025, limvals_max: 1.8579) >> (UserBuffQEl0arcface_mobilefacenet/fc1 | timeout: 10s)
[2026-04-23 16:18:03.026] [1140158] [HailoRT] [info] [queue_elements.cpp:855] [run_in_thread] Shutdown event was signaled in dequeue of UserBuffQEl0arcface_mobilefacenet/fc1!
[2026-04-23 16:18:03.026] [1140157] [HailoRT] [info] [vdevice_native_stream.cpp:331] [read_impl] Failed read from stream HAILO_STREAM_ABORT(63) (device: 0001:01:00.0)
[2026-04-23 16:18:03.026] [1140157] [HailoRT] [info] [edge_elements.cpp:396] [run_pull] Reading from stream was aborted!
[2026-04-23 16:18:03.026] [1140157] [HailoRT] [info] [queue_elements.cpp:738] [run_in_thread] run_pull of queue element PullQEl_hw_read0arcface_mobilefacenet/fc1 was aborted!
[2026-04-23 16:18:03.026] [1140157] [HailoRT] [info] [queue_elements.cpp:68] [operator()] Thread in element PullQEl_hw_read0arcface_mobilefacenet/fc1 is not running anymore, exiting..
[2026-04-23 16:18:03.026] [772335] [HailoRT] [info] [queue_elements.cpp:46] [~BaseQueueElement] Queue element PullQEl_hw_read0arcface_mobilefacenet/fc1 has 0 frames in his Queue on destruction
[2026-04-23 16:18:03.026] [1140158] [HailoRT] [info] [queue_elements.cpp:68] [operator()] Thread in element UserBuffQEl0arcface_mobilefacenet/fc1 is not running anymore, exiting..
[2026-04-23 16:18:03.026] [772335] [HailoRT] [info] [queue_elements.cpp:46] [~BaseQueueElement] Queue element UserBuffQEl0arcface_mobilefacenet/fc1 has 0 frames in his Queue on destruction
[2026-04-23 16:18:03.026] [772335] [HailoRT] [info] [core_op.cpp:186] [deactivate] Deactivating took 0.3605 ms
[2026-04-23 16:18:03.026] [772335] [HailoRT] [info] [core_op.cpp:186] [deactivate] Deactivating took 0.368444 ms
[2026-04-23 16:18:03.037] [772335] [HailoRT] [info] [core_op.cpp:156] [activate] Activating yolo26n took 0.496406 milliseconds. Note that the function is asynchronous and thus the network is not fully activated yet.
[2026-04-23 16:18:03.037] [772335] [HailoRT] [info] [core_op.cpp:156] [activate] Activating yolo26n took 0.51911 milliseconds. Note that the function is asynchronous and thus the network is not fully activated yet.
[2026-04-23 16:18:03.037] [772335] [HailoRT] [info] [edge_elements.cpp:52] [create] Created (HwWriteEl2yolo26n/input_layer1 | hw_frame_size: 1228800)
[2026-04-23 16:18:03.037] [772335] [HailoRT] [info] [queue_elements.cpp:284] [create] Created (PushQEl2yolo26n/input_layer1 | timeout: 10s)
[2026-04-23 16:18:03.037] [772335] [HailoRT] [info] [filter_elements.cpp:101] [create] Created (PreInferEl2yolo26n/input_layer1 | Reorder - src_order: NHWC, src_shape: (640, 640, 3), dst_order: NHCW, dst_shape: (640, 640, 3))
[2026-04-23 16:18:03.037] [772335] [HailoRT] [info] [vstream.cpp:754] [InputVStreamImpl] Creating yolo26n/input_layer1...
[2026-04-23 16:18:03.037] [772335] [HailoRT] [info] [vstream_builder.cpp:102] [create_inputs] Input pipeline 'yolo26n/input_layer1': (PreInferEl2yolo26n/input_layer1 | Reorder - src_order: NHWC, src_shape: (640, 640, 3), dst_order: NHCW, dst_shape: (640, 640, 3)) >> (PushQEl2yolo26n/input_layer1 | timeout: 10s) >> (HwWriteEl2yolo26n/input_layer1 | hw_frame_size: 1228800) >> HW
[2026-04-23 16:18:03.037] [772335] [HailoRT] [info] [edge_elements.cpp:287] [create] Created (HwReadEl3yolo26n/conv61 | hw_frame_size: 25600)
[2026-04-23 16:18:03.037] [772335] [HailoRT] [info] [queue_elements.cpp:657] [create] Created (PullQEl_hw_read3yolo26n/conv61)
[2026-04-23 16:18:03.037] [772335] [HailoRT] [info] [filter_elements.cpp:372] [create] Created (PostInferEl3yolo26n/conv61 | Quantization - src_type: UINT8, dst_type FLOAT32, limvals_min: -0.468035, limvals_max: 6.99127)
[2026-04-23 16:18:03.037] [772335] [HailoRT] [info] [queue_elements.cpp:800] [create] Created (UserBuffQEl3yolo26n/conv61 | timeout: 10s)
[2026-04-23 16:18:03.037] [772335] [HailoRT] [info] [vstream.cpp:1114] [OutputVStreamImpl] Creating yolo26n/conv61...
[2026-04-23 16:18:03.037] [772335] [HailoRT] [info] [vstream_builder.cpp:220] [create_outputs] Output pipeline 'yolo26n/conv61': HW >> (HwReadEl3yolo26n/conv61 | hw_frame_size: 25600) >> (PullQEl_hw_read3yolo26n/conv61) >> (PostInferEl3yolo26n/conv61 | Quantization - src_type: UINT8, dst_type FLOAT32, limvals_min: -0.468035, limvals_max: 6.99127) >> (UserBuffQEl3yolo26n/conv61 | timeout: 10s)
[2026-04-23 16:18:03.037] [772335] [HailoRT] [info] [edge_elements.cpp:287] [create] Created (HwReadEl2yolo26n/conv64 | hw_frame_size: 6400)
[2026-04-23 16:18:03.037] [772335] [HailoRT] [info] [queue_elements.cpp:657] [create] Created (PullQEl_hw_read2yolo26n/conv64)
[2026-04-23 16:18:03.037] [772335] [HailoRT] [info] [filter_elements.cpp:372] [create] Created (PostInferEl2yolo26n/conv64 | Quantization - src_type: UINT8, dst_type FLOAT32, limvals_min: -161.763, limvals_max: 2.5779)
[2026-04-23 16:18:03.037] [772335] [HailoRT] [info] [queue_elements.cpp:800] [create] Created (UserBuffQEl2yolo26n/conv64 | timeout: 10s)
[2026-04-23 16:18:03.037] [772335] [HailoRT] [info] [vstream.cpp:1114] [OutputVStreamImpl] Creating yolo26n/conv64...
[2026-04-23 16:18:03.037] [772335] [HailoRT] [info] [vstream_builder.cpp:220] [create_outputs] Output pipeline 'yolo26n/conv64': HW >> (HwReadEl2yolo26n/conv64 | hw_frame_size: 6400) >> (PullQEl_hw_read2yolo26n/conv64) >> (PostInferEl2yolo26n/conv64 | Quantization - src_type: UINT8, dst_type FLOAT32, limvals_min: -161.763, limvals_max: 2.5779) >> (UserBuffQEl2yolo26n/conv64 | timeout: 10s)
[2026-04-23 16:18:03.037] [772335] [HailoRT] [info] [edge_elements.cpp:287] [create] Created (HwReadEl1yolo26n/conv77 | hw_frame_size: 6400)
[2026-04-23 16:18:03.037] [772335] [HailoRT] [info] [queue_elements.cpp:657] [create] Created (PullQEl_hw_read1yolo26n/conv77)
[2026-04-23 16:18:03.037] [772335] [HailoRT] [info] [filter_elements.cpp:372] [create] Created (PostInferEl1yolo26n/conv77 | Quantization - src_type: UINT8, dst_type FLOAT32, limvals_min: -0.560223, limvals_max: 15.3127)
[2026-04-23 16:18:03.037] [772335] [HailoRT] [info] [queue_elements.cpp:800] [create] Created (UserBuffQEl1yolo26n/conv77 | timeout: 10s)
[2026-04-23 16:18:03.037] [772335] [HailoRT] [info] [vstream.cpp:1114] [OutputVStreamImpl] Creating yolo26n/conv77...
[2026-04-23 16:18:03.037] [772335] [HailoRT] [info] [vstream_builder.cpp:220] [create_outputs] Output pipeline 'yolo26n/conv77': HW >> (HwReadEl1yolo26n/conv77 | hw_frame_size: 6400) >> (PullQEl_hw_read1yolo26n/conv77) >> (PostInferEl1yolo26n/conv77 | Quantization - src_type: UINT8, dst_type FLOAT32, limvals_min: -0.560223, limvals_max: 15.3127) >> (UserBuffQEl1yolo26n/conv77 | timeout: 10s)
[2026-04-23 16:18:03.038] [772335] [HailoRT] [info] [edge_elements.cpp:287] [create] Created (HwReadEl0yolo26n/conv80 | hw_frame_size: 1600)
[2026-04-23 16:18:03.038] [772335] [HailoRT] [info] [queue_elements.cpp:657] [create] Created (PullQEl_hw_read0yolo26n/conv80)
[2026-04-23 16:18:03.038] [772335] [HailoRT] [info] [filter_elements.cpp:372] [create] Created (PostInferEl0yolo26n/conv80 | Quantization - src_type: UINT8, dst_type FLOAT32, limvals_min: -204.998, limvals_max: 2.44045)
[2026-04-23 16:18:03.038] [772335] [HailoRT] [info] [queue_elements.cpp:800] [create] Created (UserBuffQEl0yolo26n/conv80 | timeout: 10s)
[2026-04-23 16:18:03.038] [772335] [HailoRT] [info] [vstream.cpp:1114] [OutputVStreamImpl] Creating yolo26n/conv80...
[2026-04-23 16:18:03.038] [772335] [HailoRT] [info] [vstream_builder.cpp:220] [create_outputs] Output pipeline 'yolo26n/conv80': HW >> (HwReadEl0yolo26n/conv80 | hw_frame_size: 1600) >> (PullQEl_hw_read0yolo26n/conv80) >> (PostInferEl0yolo26n/conv80 | Quantization - src_type: UINT8, dst_type FLOAT32, limvals_min: -204.998, limvals_max: 2.44045) >> (UserBuffQEl0yolo26n/conv80 | timeout: 10s)
[2026-04-23 16:18:03.038] [772335] [HailoRT] [info] [edge_elements.cpp:287] [create] Created (HwReadEl1yolo26n/conv91 | hw_frame_size: 3200)
[2026-04-23 16:18:03.038] [772335] [HailoRT] [info] [queue_elements.cpp:657] [create] Created (PullQEl_hw_read1yolo26n/conv91)
[2026-04-23 16:18:03.038] [772335] [HailoRT] [info] [filter_elements.cpp:372] [create] Created (PostInferEl1yolo26n/conv91 | Quantization - src_type: UINT8, dst_type FLOAT32, limvals_min: 0, limvals_max: 14.2269 | Reorder - src_order: FCR, src_shape: (20, 20, 8), dst_order: FCR, dst_shape: (20, 20, 4))
[2026-04-23 16:18:03.038] [772335] [HailoRT] [info] [queue_elements.cpp:800] [create] Created (UserBuffQEl1yolo26n/conv91 | timeout: 10s)
[2026-04-23 16:18:03.038] [772335] [HailoRT] [info] [vstream.cpp:1114] [OutputVStreamImpl] Creating yolo26n/conv91...
[2026-04-23 16:18:03.038] [772335] [HailoRT] [info] [vstream_builder.cpp:220] [create_outputs] Output pipeline 'yolo26n/conv91': HW >> (HwReadEl1yolo26n/conv91 | hw_frame_size: 3200) >> (PullQEl_hw_read1yolo26n/conv91) >> (PostInferEl1yolo26n/conv91 | Quantization - src_type: UINT8, dst_type FLOAT32, limvals_min: 0, limvals_max: 14.2269 | Reorder - src_order: FCR, src_shape: (20, 20, 8), dst_order: FCR, dst_shape: (20, 20, 4)) >> (UserBuffQEl1yolo26n/conv91 | timeout: 10s)
[2026-04-23 16:18:03.038] [772335] [HailoRT] [info] [edge_elements.cpp:287] [create] Created (HwReadEl0yolo26n/conv94 | hw_frame_size: 3200)
[2026-04-23 16:18:03.038] [772335] [HailoRT] [info] [queue_elements.cpp:657] [create] Created (PullQEl_hw_read0yolo26n/conv94)
[2026-04-23 16:18:03.038] [772335] [HailoRT] [info] [filter_elements.cpp:372] [create] Created (PostInferEl0yolo26n/conv94 | Quantization - src_type: UINT8, dst_type FLOAT32, limvals_min: -155.797, limvals_max: 3.11594 | Reorder - src_order: FCR, src_shape: (20, 20, 8), dst_order: FCR, dst_shape: (20, 20, 1))
[2026-04-23 16:18:03.038] [772335] [HailoRT] [info] [queue_elements.cpp:800] [create] Created (UserBuffQEl0yolo26n/conv94 | timeout: 10s)
[2026-04-23 16:18:03.038] [772335] [HailoRT] [info] [vstream.cpp:1114] [OutputVStreamImpl] Creating yolo26n/conv94...
[2026-04-23 16:18:03.038] [772335] [HailoRT] [info] [vstream_builder.cpp:220] [create_outputs] Output pipeline 'yolo26n/conv94': HW >> (HwReadEl0yolo26n/conv94 | hw_frame_size: 3200) >> (PullQEl_hw_read0yolo26n/conv94) >> (PostInferEl0yolo26n/conv94 | Quantization - src_type: UINT8, dst_type FLOAT32, limvals_min: -155.797, limvals_max: 3.11594 | Reorder - src_order: FCR, src_shape: (20, 20, 8), dst_order: FCR, dst_shape: (20, 20, 1)) >> (UserBuffQEl0yolo26n/conv94 | timeout: 10s)
[2026-04-23 16:18:03.049] [1140162] [HailoRT] [info] [vdevice_native_stream.cpp:331] [read_impl] Failed read from stream HAILO_STREAM_ABORT(63) (device: 0001:01:00.0)
[2026-04-23 16:18:03.049] [1140162] [HailoRT] [info] [edge_elements.cpp:396] [run_pull] Reading from stream was aborted!
[2026-04-23 16:18:03.049] [1140162] [HailoRT] [info] [queue_elements.cpp:738] [run_in_thread] run_pull of queue element PullQEl_hw_read3yolo26n/conv61 was aborted!
[2026-04-23 16:18:03.049] [1140163] [HailoRT] [info] [queue_elements.cpp:855] [run_in_thread] Shutdown event was signaled in dequeue of UserBuffQEl3yolo26n/conv61!
[2026-04-23 16:18:03.049] [1140162] [HailoRT] [info] [queue_elements.cpp:68] [operator()] Thread in element PullQEl_hw_read3yolo26n/conv61 is not running anymore, exiting..
[2026-04-23 16:18:03.049] [772335] [HailoRT] [info] [queue_elements.cpp:46] [~BaseQueueElement] Queue element PullQEl_hw_read3yolo26n/conv61 has 0 frames in his Queue on destruction
[2026-04-23 16:18:03.049] [1140163] [HailoRT] [info] [queue_elements.cpp:68] [operator()] Thread in element UserBuffQEl3yolo26n/conv61 is not running anymore, exiting..
[2026-04-23 16:18:03.049] [772335] [HailoRT] [info] [queue_elements.cpp:46] [~BaseQueueElement] Queue element UserBuffQEl3yolo26n/conv61 has 0 frames in his Queue on destruction
[2026-04-23 16:18:03.049] [1140165] [HailoRT] [info] [queue_elements.cpp:855] [run_in_thread] Shutdown event was signaled in dequeue of UserBuffQEl2yolo26n/conv64!
[2026-04-23 16:18:03.049] [1140164] [HailoRT] [info] [vdevice_native_stream.cpp:331] [read_impl] Failed read from stream HAILO_STREAM_ABORT(63) (device: 0001:01:00.0)
[2026-04-23 16:18:03.049] [1140164] [HailoRT] [info] [edge_elements.cpp:396] [run_pull] Reading from stream was aborted!
[2026-04-23 16:18:03.049] [1140164] [HailoRT] [info] [queue_elements.cpp:738] [run_in_thread] run_pull of queue element PullQEl_hw_read2yolo26n/conv64 was aborted!
[2026-04-23 16:18:03.049] [1140164] [HailoRT] [info] [queue_elements.cpp:68] [operator()] Thread in element PullQEl_hw_read2yolo26n/conv64 is not running anymore, exiting..
[2026-04-23 16:18:03.049] [772335] [HailoRT] [info] [queue_elements.cpp:46] [~BaseQueueElement] Queue element PullQEl_hw_read2yolo26n/conv64 has 0 frames in his Queue on destruction
[2026-04-23 16:18:03.049] [1140165] [HailoRT] [info] [queue_elements.cpp:68] [operator()] Thread in element UserBuffQEl2yolo26n/conv64 is not running anymore, exiting..
[2026-04-23 16:18:03.049] [772335] [HailoRT] [info] [queue_elements.cpp:46] [~BaseQueueElement] Queue element UserBuffQEl2yolo26n/conv64 has 0 frames in his Queue on destruction
[2026-04-23 16:18:03.049] [1140166] [HailoRT] [info] [vdevice_native_stream.cpp:331] [read_impl] Failed read from stream HAILO_STREAM_ABORT(63) (device: 0001:01:00.0)
[2026-04-23 16:18:03.049] [1140166] [HailoRT] [info] [edge_elements.cpp:396] [run_pull] Reading from stream was aborted!
[2026-04-23 16:18:03.049] [1140167] [HailoRT] [info] [queue_elements.cpp:855] [run_in_thread] Shutdown event was signaled in dequeue of UserBuffQEl1yolo26n/conv77!
[2026-04-23 16:18:03.049] [1140166] [HailoRT] [info] [queue_elements.cpp:738] [run_in_thread] run_pull of queue element PullQEl_hw_read1yolo26n/conv77 was aborted!
[2026-04-23 16:18:03.049] [1140166] [HailoRT] [info] [queue_elements.cpp:68] [operator()] Thread in element PullQEl_hw_read1yolo26n/conv77 is not running anymore, exiting..
[2026-04-23 16:18:03.049] [772335] [HailoRT] [info] [queue_elements.cpp:46] [~BaseQueueElement] Queue element PullQEl_hw_read1yolo26n/conv77 has 0 frames in his Queue on destruction
[2026-04-23 16:18:03.049] [1140167] [HailoRT] [info] [queue_elements.cpp:68] [operator()] Thread in element UserBuffQEl1yolo26n/conv77 is not running anymore, exiting..
[2026-04-23 16:18:03.049] [772335] [HailoRT] [info] [queue_elements.cpp:46] [~BaseQueueElement] Queue element UserBuffQEl1yolo26n/conv77 has 0 frames in his Queue on destruction
[2026-04-23 16:18:03.049] [1140168] [HailoRT] [info] [vdevice_native_stream.cpp:331] [read_impl] Failed read from stream HAILO_STREAM_ABORT(63) (device: 0001:01:00.0)
[2026-04-23 16:18:03.049] [1140168] [HailoRT] [info] [edge_elements.cpp:396] [run_pull] Reading from stream was aborted!
[2026-04-23 16:18:03.049] [1140169] [HailoRT] [info] [queue_elements.cpp:855] [run_in_thread] Shutdown event was signaled in dequeue of UserBuffQEl0yolo26n/conv80!
[2026-04-23 16:18:03.049] [1140168] [HailoRT] [info] [queue_elements.cpp:738] [run_in_thread] run_pull of queue element PullQEl_hw_read0yolo26n/conv80 was aborted!
[2026-04-23 16:18:03.049] [1140168] [HailoRT] [info] [queue_elements.cpp:68] [operator()] Thread in element PullQEl_hw_read0yolo26n/conv80 is not running anymore, exiting..
[2026-04-23 16:18:03.049] [772335] [HailoRT] [info] [queue_elements.cpp:46] [~BaseQueueElement] Queue element PullQEl_hw_read0yolo26n/conv80 has 0 frames in his Queue on destruction
[2026-04-23 16:18:03.049] [1140169] [HailoRT] [info] [queue_elements.cpp:68] [operator()] Thread in element UserBuffQEl0yolo26n/conv80 is not running anymore, exiting..
[2026-04-23 16:18:03.049] [772335] [HailoRT] [info] [queue_elements.cpp:46] [~BaseQueueElement] Queue element UserBuffQEl0yolo26n/conv80 has 0 frames in his Queue on destruction
[2026-04-23 16:18:03.049] [1140170] [HailoRT] [info] [vdevice_native_stream.cpp:331] [read_impl] Failed read from stream HAILO_STREAM_ABORT(63) (device: 0001:01:00.0)
[2026-04-23 16:18:03.049] [1140170] [HailoRT] [info] [edge_elements.cpp:396] [run_pull] Reading from stream was aborted!
[2026-04-23 16:18:03.049] [1140171] [HailoRT] [info] [queue_elements.cpp:855] [run_in_thread] Shutdown event was signaled in dequeue of UserBuffQEl1yolo26n/conv91!
[2026-04-23 16:18:03.049] [1140170] [HailoRT] [info] [queue_elements.cpp:738] [run_in_thread] run_pull of queue element PullQEl_hw_read1yolo26n/conv91 was aborted!
[2026-04-23 16:18:03.050] [1140170] [HailoRT] [info] [queue_elements.cpp:68] [operator()] Thread in element PullQEl_hw_read1yolo26n/conv91 is not running anymore, exiting..
[2026-04-23 16:18:03.050] [772335] [HailoRT] [info] [queue_elements.cpp:46] [~BaseQueueElement] Queue element PullQEl_hw_read1yolo26n/conv91 has 0 frames in his Queue on destruction
[2026-04-23 16:18:03.050] [1140171] [HailoRT] [info] [queue_elements.cpp:68] [operator()] Thread in element UserBuffQEl1yolo26n/conv91 is not running anymore, exiting..
[2026-04-23 16:18:03.050] [772335] [HailoRT] [info] [queue_elements.cpp:46] [~BaseQueueElement] Queue element UserBuffQEl1yolo26n/conv91 has 0 frames in his Queue on destruction
[2026-04-23 16:18:03.050] [1140172] [HailoRT] [info] [vdevice_native_stream.cpp:331] [read_impl] Failed read from stream HAILO_STREAM_ABORT(63) (device: 0001:01:00.0)
[2026-04-23 16:18:03.050] [1140173] [HailoRT] [info] [queue_elements.cpp:855] [run_in_thread] Shutdown event was signaled in dequeue of UserBuffQEl0yolo26n/conv94!
[2026-04-23 16:18:03.050] [1140172] [HailoRT] [info] [edge_elements.cpp:396] [run_pull] Reading from stream was aborted!
[2026-04-23 16:18:03.050] [1140172] [HailoRT] [info] [queue_elements.cpp:738] [run_in_thread] run_pull of queue element PullQEl_hw_read0yolo26n/conv94 was aborted!
[2026-04-23 16:18:03.050] [1140172] [HailoRT] [info] [queue_elements.cpp:68] [operator()] Thread in element PullQEl_hw_read0yolo26n/conv94 is not running anymore, exiting..
[2026-04-23 16:18:03.050] [772335] [HailoRT] [info] [queue_elements.cpp:46] [~BaseQueueElement] Queue element PullQEl_hw_read0yolo26n/conv94 has 0 frames in his Queue on destruction
[2026-04-23 16:18:03.050] [1140173] [HailoRT] [info] [queue_elements.cpp:68] [operator()] Thread in element UserBuffQEl0yolo26n/conv94 is not running anymore, exiting..
[2026-04-23 16:18:03.050] [772335] [HailoRT] [info] [queue_elements.cpp:46] [~BaseQueueElement] Queue element UserBuffQEl0yolo26n/conv94 has 0 frames in his Queue on destruction
[2026-04-23 16:18:03.050] [1140161] [HailoRT] [info] [queue_elements.cpp:68] [operator()] Thread in element PushQEl2yolo26n/input_layer1 is not running anymore, exiting..
[2026-04-23 16:18:03.050] [772335] [HailoRT] [info] [queue_elements.cpp:46] [~BaseQueueElement] Queue element PushQEl2yolo26n/input_layer1 has 0 frames in his Queue on destruction
[2026-04-23 16:18:03.050] [772335] [HailoRT] [info] [core_op.cpp:186] [deactivate] Deactivating took 0.492795 ms
[2026-04-23 16:18:03.050] [772335] [HailoRT] [info] [core_op.cpp:186] [deactivate] Deactivating took 0.502647 ms
[2026-04-23 16:18:03.056] [772335] [HailoRT] [info] [core_op.cpp:156] [activate] Activating arcface_mobilefacenet took 0.229499 milliseconds. Note that the function is asynchronous and thus the network is not fully activated yet.
[2026-04-23 16:18:03.056] [772335] [HailoRT] [info] [core_op.cpp:156] [activate] Activating arcface_mobilefacenet took 0.273926 milliseconds. Note that the function is asynchronous and thus the network is not fully activated yet.
[2026-04-23 16:18:03.056] [772335] [HailoRT] [info] [edge_elements.cpp:52] [create] Created (HwWriteEl1arcface_mobilefacenet/input_layer1 | hw_frame_size: 37632)
[2026-04-23 16:18:03.056] [772335] [HailoRT] [info] [vstream.cpp:754] [InputVStreamImpl] Creating arcface_mobilefacenet/input_layer1...
[2026-04-23 16:18:03.056] [772335] [HailoRT] [info] [vstream_builder.cpp:102] [create_inputs] Input pipeline 'arcface_mobilefacenet/input_layer1': (HwWriteEl1arcface_mobilefacenet/input_layer1 | hw_frame_size: 37632) >> HW
[2026-04-23 16:18:03.056] [772335] [HailoRT] [info] [edge_elements.cpp:287] [create] Created (HwReadEl0arcface_mobilefacenet/fc1 | hw_frame_size: 512)
[2026-04-23 16:18:03.056] [772335] [HailoRT] [info] [queue_elements.cpp:657] [create] Created (PullQEl_hw_read0arcface_mobilefacenet/fc1)
[2026-04-23 16:18:03.056] [772335] [HailoRT] [info] [filter_elements.cpp:372] [create] Created (PostInferEl0arcface_mobilefacenet/fc1 | Quantization - src_type: UINT8, dst_type FLOAT32, limvals_min: -2.41025, limvals_max: 1.8579)
[2026-04-23 16:18:03.056] [772335] [HailoRT] [info] [queue_elements.cpp:800] [create] Created (UserBuffQEl0arcface_mobilefacenet/fc1 | timeout: 10s)
[2026-04-23 16:18:03.056] [772335] [HailoRT] [info] [vstream.cpp:1114] [OutputVStreamImpl] Creating arcface_mobilefacenet/fc1...
[2026-04-23 16:18:03.056] [772335] [HailoRT] [info] [vstream_builder.cpp:220] [create_outputs] Output pipeline 'arcface_mobilefacenet/fc1': HW >> (HwReadEl0arcface_mobilefacenet/fc1 | hw_frame_size: 512) >> (PullQEl_hw_read0arcface_mobilefacenet/fc1) >> (PostInferEl0arcface_mobilefacenet/fc1 | Quantization - src_type: UINT8, dst_type FLOAT32, limvals_min: -2.41025, limvals_max: 1.8579) >> (UserBuffQEl0arcface_mobilefacenet/fc1 | timeout: 10s)
[2026-04-23 16:18:03.062] [1140182] [HailoRT] [info] [queue_elements.cpp:855] [run_in_thread] Shutdown event was signaled in dequeue of UserBuffQEl0arcface_mobilefacenet/fc1!
[2026-04-23 16:18:03.062] [1140181] [HailoRT] [info] [vdevice_native_stream.cpp:331] [read_impl] Failed read from stream HAILO_STREAM_ABORT(63) (device: 0001:01:00.0)
[2026-04-23 16:18:03.062] [1140181] [HailoRT] [info] [edge_elements.cpp:396] [run_pull] Reading from stream was aborted!
[2026-04-23 16:18:03.062] [1140181] [HailoRT] [info] [queue_elements.cpp:738] [run_in_thread] run_pull of queue element PullQEl_hw_read0arcface_mobilefacenet/fc1 was aborted!
[2026-04-23 16:18:03.062] [1140181] [HailoRT] [info] [queue_elements.cpp:68] [operator()] Thread in element PullQEl_hw_read0arcface_mobilefacenet/fc1 is not running anymore, exiting..
[2026-04-23 16:18:03.062] [772335] [HailoRT] [info] [queue_elements.cpp:46] [~BaseQueueElement] Queue element PullQEl_hw_read0arcface_mobilefacenet/fc1 has 0 frames in his Queue on destruction
[2026-04-23 16:18:03.062] [1140182] [HailoRT] [info] [queue_elements.cpp:68] [operator()] Thread in element UserBuffQEl0arcface_mobilefacenet/fc1 is not running anymore, exiting..
[2026-04-23 16:18:03.062] [772335] [HailoRT] [info] [queue_elements.cpp:46] [~BaseQueueElement] Queue element UserBuffQEl0arcface_mobilefacenet/fc1 has 0 frames in his Queue on destruction
[2026-04-23 16:18:03.063] [772335] [HailoRT] [info] [core_op.cpp:186] [deactivate] Deactivating took 0.366111 ms
[2026-04-23 16:18:03.063] [772335] [HailoRT] [info] [core_op.cpp:186] [deactivate] Deactivating took 0.374092 ms
[2026-04-23 16:18:03.072] [772335] [HailoRT] [info] [core_op.cpp:156] [activate] Activating yolo26n took 0.472425 milliseconds. Note that the function is asynchronous and thus the network is not fully activated yet.
[2026-04-23 16:18:03.072] [772335] [HailoRT] [info] [core_op.cpp:156] [activate] Activating yolo26n took 0.493555 milliseconds. Note that the function is asynchronous and thus the network is not fully activated yet.
[2026-04-23 16:18:03.072] [772335] [HailoRT] [info] [edge_elements.cpp:52] [create] Created (HwWriteEl2yolo26n/input_layer1 | hw_frame_size: 1228800)
[2026-04-23 16:18:03.072] [772335] [HailoRT] [info] [queue_elements.cpp:284] [create] Created (PushQEl2yolo26n/input_layer1 | timeout: 10s)
[2026-04-23 16:18:03.072] [772335] [HailoRT] [info] [filter_elements.cpp:101] [create] Created (PreInferEl2yolo26n/input_layer1 | Reorder - src_order: NHWC, src_shape: (640, 640, 3), dst_order: NHCW, dst_shape: (640, 640, 3))
[2026-04-23 16:18:03.072] [772335] [HailoRT] [info] [vstream.cpp:754] [InputVStreamImpl] Creating yolo26n/input_layer1...
[2026-04-23 16:18:03.072] [772335] [HailoRT] [info] [vstream_builder.cpp:102] [create_inputs] Input pipeline 'yolo26n/input_layer1': (PreInferEl2yolo26n/input_layer1 | Reorder - src_order: NHWC, src_shape: (640, 640, 3), dst_order: NHCW, dst_shape: (640, 640, 3)) >> (PushQEl2yolo26n/input_layer1 | timeout: 10s) >> (HwWriteEl2yolo26n/input_layer1 | hw_frame_size: 1228800) >> HW
[2026-04-23 16:18:03.072] [772335] [HailoRT] [info] [edge_elements.cpp:287] [create] Created (HwReadEl3yolo26n/conv61 | hw_frame_size: 25600)
[2026-04-23 16:18:03.072] [772335] [HailoRT] [info] [queue_elements.cpp:657] [create] Created (PullQEl_hw_read3yolo26n/conv61)
[2026-04-23 16:18:03.072] [772335] [HailoRT] [info] [filter_elements.cpp:372] [create] Created (PostInferEl3yolo26n/conv61 | Quantization - src_type: UINT8, dst_type FLOAT32, limvals_min: -0.468035, limvals_max: 6.99127)
[2026-04-23 16:18:03.073] [772335] [HailoRT] [info] [queue_elements.cpp:800] [create] Created (UserBuffQEl3yolo26n/conv61 | timeout: 10s)
[2026-04-23 16:18:03.073] [772335] [HailoRT] [info] [vstream.cpp:1114] [OutputVStreamImpl] Creating yolo26n/conv61...
[2026-04-23 16:18:03.073] [772335] [HailoRT] [info] [vstream_builder.cpp:220] [create_outputs] Output pipeline 'yolo26n/conv61': HW >> (HwReadEl3yolo26n/conv61 | hw_frame_size: 25600) >> (PullQEl_hw_read3yolo26n/conv61) >> (PostInferEl3yolo26n/conv61 | Quantization - src_type: UINT8, dst_type FLOAT32, limvals_min: -0.468035, limvals_max: 6.99127) >> (UserBuffQEl3yolo26n/conv61 | timeout: 10s)
[2026-04-23 16:18:03.073] [772335] [HailoRT] [info] [edge_elements.cpp:287] [create] Created (HwReadEl2yolo26n/conv64 | hw_frame_size: 6400)
[2026-04-23 16:18:03.073] [772335] [HailoRT] [info] [queue_elements.cpp:657] [create] Created (PullQEl_hw_read2yolo26n/conv64)
[2026-04-23 16:18:03.073] [772335] [HailoRT] [info] [filter_elements.cpp:372] [create] Created (PostInferEl2yolo26n/conv64 | Quantization - src_type: UINT8, dst_type FLOAT32, limvals_min: -161.763, limvals_max: 2.5779)
[2026-04-23 16:18:03.073] [772335] [HailoRT] [info] [queue_elements.cpp:800] [create] Created (UserBuffQEl2yolo26n/conv64 | timeout: 10s)
[2026-04-23 16:18:03.073] [772335] [HailoRT] [info] [vstream.cpp:1114] [OutputVStreamImpl] Creating yolo26n/conv64...
[2026-04-23 16:18:03.073] [772335] [HailoRT] [info] [vstream_builder.cpp:220] [create_outputs] Output pipeline 'yolo26n/conv64': HW >> (HwReadEl2yolo26n/conv64 | hw_frame_size: 6400) >> (PullQEl_hw_read2yolo26n/conv64) >> (PostInferEl2yolo26n/conv64 | Quantization - src_type: UINT8, dst_type FLOAT32, limvals_min: -161.763, limvals_max: 2.5779) >> (UserBuffQEl2yolo26n/conv64 | timeout: 10s)
[2026-04-23 16:18:03.073] [772335] [HailoRT] [info] [edge_elements.cpp:287] [create] Created (HwReadEl1yolo26n/conv77 | hw_frame_size: 6400)
[2026-04-23 16:18:03.073] [772335] [HailoRT] [info] [queue_elements.cpp:657] [create] Created (PullQEl_hw_read1yolo26n/conv77)
[2026-04-23 16:18:03.073] [772335] [HailoRT] [info] [filter_elements.cpp:372] [create] Created (PostInferEl1yolo26n/conv77 | Quantization - src_type: UINT8, dst_type FLOAT32, limvals_min: -0.560223, limvals_max: 15.3127)
[2026-04-23 16:18:03.073] [772335] [HailoRT] [info] [queue_elements.cpp:800] [create] Created (UserBuffQEl1yolo26n/conv77 | timeout: 10s)
[2026-04-23 16:18:03.073] [772335] [HailoRT] [info] [vstream.cpp:1114] [OutputVStreamImpl] Creating yolo26n/conv77...
[2026-04-23 16:18:03.073] [772335] [HailoRT] [info] [vstream_builder.cpp:220] [create_outputs] Output pipeline 'yolo26n/conv77': HW >> (HwReadEl1yolo26n/conv77 | hw_frame_size: 6400) >> (PullQEl_hw_read1yolo26n/conv77) >> (PostInferEl1yolo26n/conv77 | Quantization - src_type: UINT8, dst_type FLOAT32, limvals_min: -0.560223, limvals_max: 15.3127) >> (UserBuffQEl1yolo26n/conv77 | timeout: 10s)
[2026-04-23 16:18:03.073] [772335] [HailoRT] [info] [edge_elements.cpp:287] [create] Created (HwReadEl0yolo26n/conv80 | hw_frame_size: 1600)
[2026-04-23 16:18:03.073] [772335] [HailoRT] [info] [queue_elements.cpp:657] [create] Created (PullQEl_hw_read0yolo26n/conv80)
[2026-04-23 16:18:03.073] [772335] [HailoRT] [info] [filter_elements.cpp:372] [create] Created (PostInferEl0yolo26n/conv80 | Quantization - src_type: UINT8, dst_type FLOAT32, limvals_min: -204.998, limvals_max: 2.44045)
[2026-04-23 16:18:03.073] [772335] [HailoRT] [info] [queue_elements.cpp:800] [create] Created (UserBuffQEl0yolo26n/conv80 | timeout: 10s)
[2026-04-23 16:18:03.073] [772335] [HailoRT] [info] [vstream.cpp:1114] [OutputVStreamImpl] Creating yolo26n/conv80...
[2026-04-23 16:18:03.073] [772335] [HailoRT] [info] [vstream_builder.cpp:220] [create_outputs] Output pipeline 'yolo26n/conv80': HW >> (HwReadEl0yolo26n/conv80 | hw_frame_size: 1600) >> (PullQEl_hw_read0yolo26n/conv80) >> (PostInferEl0yolo26n/conv80 | Quantization - src_type: UINT8, dst_type FLOAT32, limvals_min: -204.998, limvals_max: 2.44045) >> (UserBuffQEl0yolo26n/conv80 | timeout: 10s)
[2026-04-23 16:18:03.073] [772335] [HailoRT] [info] [edge_elements.cpp:287] [create] Created (HwReadEl1yolo26n/conv91 | hw_frame_size: 3200)
[2026-04-23 16:18:03.073] [772335] [HailoRT] [info] [queue_elements.cpp:657] [create] Created (PullQEl_hw_read1yolo26n/conv91)
[2026-04-23 16:18:03.073] [772335] [HailoRT] [info] [filter_elements.cpp:372] [create] Created (PostInferEl1yolo26n/conv91 | Quantization - src_type: UINT8, dst_type FLOAT32, limvals_min: 0, limvals_max: 14.2269 | Reorder - src_order: FCR, src_shape: (20, 20, 8), dst_order: FCR, dst_shape: (20, 20, 4))
[2026-04-23 16:18:03.073] [772335] [HailoRT] [info] [queue_elements.cpp:800] [create] Created (UserBuffQEl1yolo26n/conv91 | timeout: 10s)
[2026-04-23 16:18:03.073] [772335] [HailoRT] [info] [vstream.cpp:1114] [OutputVStreamImpl] Creating yolo26n/conv91...
[2026-04-23 16:18:03.073] [772335] [HailoRT] [info] [vstream_builder.cpp:220] [create_outputs] Output pipeline 'yolo26n/conv91': HW >> (HwReadEl1yolo26n/conv91 | hw_frame_size: 3200) >> (PullQEl_hw_read1yolo26n/conv91) >> (PostInferEl1yolo26n/conv91 | Quantization - src_type: UINT8, dst_type FLOAT32, limvals_min: 0, limvals_max: 14.2269 | Reorder - src_order: FCR, src_shape: (20, 20, 8), dst_order: FCR, dst_shape: (20, 20, 4)) >> (UserBuffQEl1yolo26n/conv91 | timeout: 10s)
[2026-04-23 16:18:03.073] [772335] [HailoRT] [info] [edge_elements.cpp:287] [create] Created (HwReadEl0yolo26n/conv94 | hw_frame_size: 3200)
[2026-04-23 16:18:03.073] [772335] [HailoRT] [info] [queue_elements.cpp:657] [create] Created (PullQEl_hw_read0yolo26n/conv94)
[2026-04-23 16:18:03.073] [772335] [HailoRT] [info] [filter_elements.cpp:372] [create] Created (PostInferEl0yolo26n/conv94 | Quantization - src_type: UINT8, dst_type FLOAT32, limvals_min: -155.797, limvals_max: 3.11594 | Reorder - src_order: FCR, src_shape: (20, 20, 8), dst_order: FCR, dst_shape: (20, 20, 1))
[2026-04-23 16:18:03.073] [772335] [HailoRT] [info] [queue_elements.cpp:800] [create] Created (UserBuffQEl0yolo26n/conv94 | timeout: 10s)
[2026-04-23 16:18:03.073] [772335] [HailoRT] [info] [vstream.cpp:1114] [OutputVStreamImpl] Creating yolo26n/conv94...
[2026-04-23 16:18:03.073] [772335] [HailoRT] [info] [vstream_builder.cpp:220] [create_outputs] Output pipeline 'yolo26n/conv94': HW >> (HwReadEl0yolo26n/conv94 | hw_frame_size: 3200) >> (PullQEl_hw_read0yolo26n/conv94) >> (PostInferEl0yolo26n/conv94 | Quantization - src_type: UINT8, dst_type FLOAT32, limvals_min: -155.797, limvals_max: 3.11594 | Reorder - src_order: FCR, src_shape: (20, 20, 8), dst_order: FCR, dst_shape: (20, 20, 1)) >> (UserBuffQEl0yolo26n/conv94 | timeout: 10s)
[2026-04-23 16:18:03.084] [1140187] [HailoRT] [info] [queue_elements.cpp:855] [run_in_thread] Shutdown event was signaled in dequeue of UserBuffQEl3yolo26n/conv61!
[2026-04-23 16:18:03.084] [1140186] [HailoRT] [info] [vdevice_native_stream.cpp:331] [read_impl] Failed read from stream HAILO_STREAM_ABORT(63) (device: 0001:01:00.0)
[2026-04-23 16:18:03.084] [1140186] [HailoRT] [info] [edge_elements.cpp:396] [run_pull] Reading from stream was aborted!
[2026-04-23 16:18:03.084] [1140186] [HailoRT] [info] [queue_elements.cpp:738] [run_in_thread] run_pull of queue element PullQEl_hw_read3yolo26n/conv61 was aborted!
[2026-04-23 16:18:03.084] [1140186] [HailoRT] [info] [queue_elements.cpp:68] [operator()] Thread in element PullQEl_hw_read3yolo26n/conv61 is not running anymore, exiting..
[2026-04-23 16:18:03.084] [772335] [HailoRT] [info] [queue_elements.cpp:46] [~BaseQueueElement] Queue element PullQEl_hw_read3yolo26n/conv61 has 0 frames in his Queue on destruction
[2026-04-23 16:18:03.084] [1140187] [HailoRT] [info] [queue_elements.cpp:68] [operator()] Thread in element UserBuffQEl3yolo26n/conv61 is not running anymore, exiting..
[2026-04-23 16:18:03.085] [772335] [HailoRT] [info] [queue_elements.cpp:46] [~BaseQueueElement] Queue element UserBuffQEl3yolo26n/conv61 has 0 frames in his Queue on destruction
[2026-04-23 16:18:03.085] [1140188] [HailoRT] [info] [vdevice_native_stream.cpp:331] [read_impl] Failed read from stream HAILO_STREAM_ABORT(63) (device: 0001:01:00.0)
[2026-04-23 16:18:03.085] [1140188] [HailoRT] [info] [edge_elements.cpp:396] [run_pull] Reading from stream was aborted!
[2026-04-23 16:18:03.085] [1140189] [HailoRT] [info] [queue_elements.cpp:855] [run_in_thread] Shutdown event was signaled in dequeue of UserBuffQEl2yolo26n/conv64!
[2026-04-23 16:18:03.085] [1140188] [HailoRT] [info] [queue_elements.cpp:738] [run_in_thread] run_pull of queue element PullQEl_hw_read2yolo26n/conv64 was aborted!
[2026-04-23 16:18:03.085] [1140188] [HailoRT] [info] [queue_elements.cpp:68] [operator()] Thread in element PullQEl_hw_read2yolo26n/conv64 is not running anymore, exiting..
[2026-04-23 16:18:03.085] [772335] [HailoRT] [info] [queue_elements.cpp:46] [~BaseQueueElement] Queue element PullQEl_hw_read2yolo26n/conv64 has 0 frames in his Queue on destruction
[2026-04-23 16:18:03.085] [1140189] [HailoRT] [info] [queue_elements.cpp:68] [operator()] Thread in element UserBuffQEl2yolo26n/conv64 is not running anymore, exiting..
[2026-04-23 16:18:03.085] [772335] [HailoRT] [info] [queue_elements.cpp:46] [~BaseQueueElement] Queue element UserBuffQEl2yolo26n/conv64 has 0 frames in his Queue on destruction
[2026-04-23 16:18:03.085] [1140191] [HailoRT] [info] [queue_elements.cpp:855] [run_in_thread] Shutdown event was signaled in dequeue of UserBuffQEl1yolo26n/conv77!
[2026-04-23 16:18:03.085] [1140190] [HailoRT] [info] [vdevice_native_stream.cpp:331] [read_impl] Failed read from stream HAILO_STREAM_ABORT(63) (device: 0001:01:00.0)
[2026-04-23 16:18:03.085] [1140190] [HailoRT] [info] [edge_elements.cpp:396] [run_pull] Reading from stream was aborted!
[2026-04-23 16:18:03.085] [1140190] [HailoRT] [info] [queue_elements.cpp:738] [run_in_thread] run_pull of queue element PullQEl_hw_read1yolo26n/conv77 was aborted!
[2026-04-23 16:18:03.085] [1140190] [HailoRT] [info] [queue_elements.cpp:68] [operator()] Thread in element PullQEl_hw_read1yolo26n/conv77 is not running anymore, exiting..
[2026-04-23 16:18:03.085] [772335] [HailoRT] [info] [queue_elements.cpp:46] [~BaseQueueElement] Queue element PullQEl_hw_read1yolo26n/conv77 has 0 frames in his Queue on destruction
[2026-04-23 16:18:03.085] [1140191] [HailoRT] [info] [queue_elements.cpp:68] [operator()] Thread in element UserBuffQEl1yolo26n/conv77 is not running anymore, exiting..
[2026-04-23 16:18:03.085] [772335] [HailoRT] [info] [queue_elements.cpp:46] [~BaseQueueElement] Queue element UserBuffQEl1yolo26n/conv77 has 0 frames in his Queue on destruction
[2026-04-23 16:18:03.085] [1140193] [HailoRT] [info] [queue_elements.cpp:855] [run_in_thread] Shutdown event was signaled in dequeue of UserBuffQEl0yolo26n/conv80!
[2026-04-23 16:18:03.085] [1140192] [HailoRT] [info] [vdevice_native_stream.cpp:331] [read_impl] Failed read from stream HAILO_STREAM_ABORT(63) (device: 0001:01:00.0)
[2026-04-23 16:18:03.085] [1140192] [HailoRT] [info] [edge_elements.cpp:396] [run_pull] Reading from stream was aborted!
[2026-04-23 16:18:03.085] [1140192] [HailoRT] [info] [queue_elements.cpp:738] [run_in_thread] run_pull of queue element PullQEl_hw_read0yolo26n/conv80 was aborted!
[2026-04-23 16:18:03.085] [1140192] [HailoRT] [info] [queue_elements.cpp:68] [operator()] Thread in element PullQEl_hw_read0yolo26n/conv80 is not running anymore, exiting..
[2026-04-23 16:18:03.085] [772335] [HailoRT] [info] [queue_elements.cpp:46] [~BaseQueueElement] Queue element PullQEl_hw_read0yolo26n/conv80 has 0 frames in his Queue on destruction
[2026-04-23 16:18:03.085] [1140193] [HailoRT] [info] [queue_elements.cpp:68] [operator()] Thread in element UserBuffQEl0yolo26n/conv80 is not running anymore, exiting..
[2026-04-23 16:18:03.085] [772335] [HailoRT] [info] [queue_elements.cpp:46] [~BaseQueueElement] Queue element UserBuffQEl0yolo26n/conv80 has 0 frames in his Queue on destruction
[2026-04-23 16:18:03.085] [1140194] [HailoRT] [info] [vdevice_native_stream.cpp:331] [read_impl] Failed read from stream HAILO_STREAM_ABORT(63) (device: 0001:01:00.0)
[2026-04-23 16:18:03.085] [1140194] [HailoRT] [info] [edge_elements.cpp:396] [run_pull] Reading from stream was aborted!
[2026-04-23 16:18:03.085] [1140195] [HailoRT] [info] [queue_elements.cpp:855] [run_in_thread] Shutdown event was signaled in dequeue of UserBuffQEl1yolo26n/conv91!
[2026-04-23 16:18:03.085] [1140194] [HailoRT] [info] [queue_elements.cpp:738] [run_in_thread] run_pull of queue element PullQEl_hw_read1yolo26n/conv91 was aborted!
[2026-04-23 16:18:03.085] [1140194] [HailoRT] [info] [queue_elements.cpp:68] [operator()] Thread in element PullQEl_hw_read1yolo26n/conv91 is not running anymore, exiting..
[2026-04-23 16:18:03.085] [772335] [HailoRT] [info] [queue_elements.cpp:46] [~BaseQueueElement] Queue element PullQEl_hw_read1yolo26n/conv91 has 0 frames in his Queue on destruction
[2026-04-23 16:18:03.085] [1140195] [HailoRT] [info] [queue_elements.cpp:68] [operator()] Thread in element UserBuffQEl1yolo26n/conv91 is not running anymore, exiting..
[2026-04-23 16:18:03.085] [772335] [HailoRT] [info] [queue_elements.cpp:46] [~BaseQueueElement] Queue element UserBuffQEl1yolo26n/conv91 has 0 frames in his Queue on destruction
[2026-04-23 16:18:03.085] [1140196] [HailoRT] [info] [vdevice_native_stream.cpp:331] [read_impl] Failed read from stream HAILO_STREAM_ABORT(63) (device: 0001:01:00.0)
[2026-04-23 16:18:03.085] [1140197] [HailoRT] [info] [queue_elements.cpp:855] [run_in_thread] Shutdown event was signaled in dequeue of UserBuffQEl0yolo26n/conv94!
[2026-04-23 16:18:03.085] [1140196] [HailoRT] [info] [edge_elements.cpp:396] [run_pull] Reading from stream was aborted!
[2026-04-23 16:18:03.085] [1140196] [HailoRT] [info] [queue_elements.cpp:738] [run_in_thread] run_pull of queue element PullQEl_hw_read0yolo26n/conv94 was aborted!
[2026-04-23 16:18:03.085] [1140196] [HailoRT] [info] [queue_elements.cpp:68] [operator()] Thread in element PullQEl_hw_read0yolo26n/conv94 is not running anymore, exiting..
[2026-04-23 16:18:03.085] [772335] [HailoRT] [info] [queue_elements.cpp:46] [~BaseQueueElement] Queue element PullQEl_hw_read0yolo26n/conv94 has 0 frames in his Queue on destruction
[2026-04-23 16:18:03.085] [1140197] [HailoRT] [info] [queue_elements.cpp:68] [operator()] Thread in element UserBuffQEl0yolo26n/conv94 is not running anymore, exiting..
[2026-04-23 16:18:03.085] [772335] [HailoRT] [info] [queue_elements.cpp:46] [~BaseQueueElement] Queue element UserBuffQEl0yolo26n/conv94 has 0 frames in his Queue on destruction
[2026-04-23 16:18:03.085] [1140185] [HailoRT] [info] [queue_elements.cpp:68] [operator()] Thread in element PushQEl2yolo26n/input_layer1 is not running anymore, exiting..
[2026-04-23 16:18:03.085] [772335] [HailoRT] [info] [queue_elements.cpp:46] [~BaseQueueElement] Queue element PushQEl2yolo26n/input_layer1 has 0 frames in his Queue on destruction
[2026-04-23 16:18:03.086] [772335] [HailoRT] [info] [core_op.cpp:186] [deactivate] Deactivating took 0.50111 ms
[2026-04-23 16:18:03.086] [772335] [HailoRT] [info] [core_op.cpp:186] [deactivate] Deactivating took 0.512499 ms
[2026-04-23 16:18:03.091] [772335] [HailoRT] [info] [core_op.cpp:156] [activate] Activating arcface_mobilefacenet took 0.230888 milliseconds. Note that the function is asynchronous and thus the network is not fully activated yet.
[2026-04-23 16:18:03.091] [772335] [HailoRT] [info] [core_op.cpp:156] [activate] Activating arcface_mobilefacenet took 0.249259 milliseconds. Note that the function is asynchronous and thus the network is not fully activated yet.
[2026-04-23 16:18:03.091] [772335] [HailoRT] [info] [edge_elements.cpp:52] [create] Created (HwWriteEl1arcface_mobilefacenet/input_layer1 | hw_frame_size: 37632)
[2026-04-23 16:18:03.091] [772335] [HailoRT] [info] [vstream.cpp:754] [InputVStreamImpl] Creating arcface_mobilefacenet/input_layer1...
[2026-04-23 16:18:03.091] [772335] [HailoRT] [info] [vstream_builder.cpp:102] [create_inputs] Input pipeline 'arcface_mobilefacenet/input_layer1': (HwWriteEl1arcface_mobilefacenet/input_layer1 | hw_frame_size: 37632) >> HW
[2026-04-23 16:18:03.091] [772335] [HailoRT] [info] [edge_elements.cpp:287] [create] Created (HwReadEl0arcface_mobilefacenet/fc1 | hw_frame_size: 512)
[2026-04-23 16:18:03.091] [772335] [HailoRT] [info] [queue_elements.cpp:657] [create] Created (PullQEl_hw_read0arcface_mobilefacenet/fc1)
[2026-04-23 16:18:03.091] [772335] [HailoRT] [info] [filter_elements.cpp:372] [create] Created (PostInferEl0arcface_mobilefacenet/fc1 | Quantization - src_type: UINT8, dst_type FLOAT32, limvals_min: -2.41025, limvals_max: 1.8579)
[2026-04-23 16:18:03.091] [772335] [HailoRT] [info] [queue_elements.cpp:800] [create] Created (UserBuffQEl0arcface_mobilefacenet/fc1 | timeout: 10s)
[2026-04-23 16:18:03.091] [772335] [HailoRT] [info] [vstream.cpp:1114] [OutputVStreamImpl] Creating arcface_mobilefacenet/fc1...
[2026-04-23 16:18:03.091] [772335] [HailoRT] [info] [vstream_builder.cpp:220] [create_outputs] Output pipeline 'arcface_mobilefacenet/fc1': HW >> (HwReadEl0arcface_mobilefacenet/fc1 | hw_frame_size: 512) >> (PullQEl_hw_read0arcface_mobilefacenet/fc1) >> (PostInferEl0arcface_mobilefacenet/fc1 | Quantization - src_type: UINT8, dst_type FLOAT32, limvals_min: -2.41025, limvals_max: 1.8579) >> (UserBuffQEl0arcface_mobilefacenet/fc1 | timeout: 10s)
[2026-04-23 16:18:03.098] [1140206] [HailoRT] [info] [queue_elements.cpp:855] [run_in_thread] Shutdown event was signaled in dequeue of UserBuffQEl0arcface_mobilefacenet/fc1!
[2026-04-23 16:18:03.098] [1140205] [HailoRT] [info] [vdevice_native_stream.cpp:331] [read_impl] Failed read from stream HAILO_STREAM_ABORT(63) (device: 0001:01:00.0)
[2026-04-23 16:18:03.098] [1140205] [HailoRT] [info] [edge_elements.cpp:396] [run_pull] Reading from stream was aborted!
[2026-04-23 16:18:03.098] [1140205] [HailoRT] [info] [queue_elements.cpp:738] [run_in_thread] run_pull of queue element PullQEl_hw_read0arcface_mobilefacenet/fc1 was aborted!
[2026-04-23 16:18:03.098] [1140205] [HailoRT] [info] [queue_elements.cpp:68] [operator()] Thread in element PullQEl_hw_read0arcface_mobilefacenet/fc1 is not running anymore, exiting..
[2026-04-23 16:18:03.098] [772335] [HailoRT] [info] [queue_elements.cpp:46] [~BaseQueueElement] Queue element PullQEl_hw_read0arcface_mobilefacenet/fc1 has 0 frames in his Queue on destruction
[2026-04-23 16:18:03.098] [1140206] [HailoRT] [info] [queue_elements.cpp:68] [operator()] Thread in element UserBuffQEl0arcface_mobilefacenet/fc1 is not running anymore, exiting..
[2026-04-23 16:18:03.098] [772335] [HailoRT] [info] [queue_elements.cpp:46] [~BaseQueueElement] Queue element UserBuffQEl0arcface_mobilefacenet/fc1 has 0 frames in his Queue on destruction
[2026-04-23 16:18:03.098] [772335] [HailoRT] [info] [core_op.cpp:186] [deactivate] Deactivating took 0.658387 ms
[2026-04-23 16:18:03.098] [772335] [HailoRT] [info] [core_op.cpp:186] [deactivate] Deactivating took 0.667387 ms
[2026-04-23 16:18:03.107] [772335] [HailoRT] [info] [core_op.cpp:156] [activate] Activating yolo26n took 0.477425 milliseconds. Note that the function is asynchronous and thus the network is not fully activated yet.
[2026-04-23 16:18:03.107] [772335] [HailoRT] [info] [core_op.cpp:156] [activate] Activating yolo26n took 0.501684 milliseconds. Note that the function is asynchronous and thus the network is not fully activated yet.
[2026-04-23 16:18:03.107] [772335] [HailoRT] [info] [edge_elements.cpp:52] [create] Created (HwWriteEl2yolo26n/input_layer1 | hw_frame_size: 1228800)
[2026-04-23 16:18:03.107] [772335] [HailoRT] [info] [queue_elements.cpp:284] [create] Created (PushQEl2yolo26n/input_layer1 | timeout: 10s)
[2026-04-23 16:18:03.107] [772335] [HailoRT] [info] [filter_elements.cpp:101] [create] Created (PreInferEl2yolo26n/input_layer1 | Reorder - src_order: NHWC, src_shape: (640, 640, 3), dst_order: NHCW, dst_shape: (640, 640, 3))
[2026-04-23 16:18:03.107] [772335] [HailoRT] [info] [vstream.cpp:754] [InputVStreamImpl] Creating yolo26n/input_layer1...
[2026-04-23 16:18:03.107] [772335] [HailoRT] [info] [vstream_builder.cpp:102] [create_inputs] Input pipeline 'yolo26n/input_layer1': (PreInferEl2yolo26n/input_layer1 | Reorder - src_order: NHWC, src_shape: (640, 640, 3), dst_order: NHCW, dst_shape: (640, 640, 3)) >> (PushQEl2yolo26n/input_layer1 | timeout: 10s) >> (HwWriteEl2yolo26n/input_layer1 | hw_frame_size: 1228800) >> HW
[2026-04-23 16:18:03.107] [772335] [HailoRT] [info] [edge_elements.cpp:287] [create] Created (HwReadEl3yolo26n/conv61 | hw_frame_size: 25600)
[2026-04-23 16:18:03.107] [772335] [HailoRT] [info] [queue_elements.cpp:657] [create] Created (PullQEl_hw_read3yolo26n/conv61)
[2026-04-23 16:18:03.107] [772335] [HailoRT] [info] [filter_elements.cpp:372] [create] Created (PostInferEl3yolo26n/conv61 | Quantization - src_type: UINT8, dst_type FLOAT32, limvals_min: -0.468035, limvals_max: 6.99127)
[2026-04-23 16:18:03.107] [772335] [HailoRT] [info] [queue_elements.cpp:800] [create] Created (UserBuffQEl3yolo26n/conv61 | timeout: 10s)
[2026-04-23 16:18:03.108] [772335] [HailoRT] [info] [vstream.cpp:1114] [OutputVStreamImpl] Creating yolo26n/conv61...
[2026-04-23 16:18:03.108] [772335] [HailoRT] [info] [vstream_builder.cpp:220] [create_outputs] Output pipeline 'yolo26n/conv61': HW >> (HwReadEl3yolo26n/conv61 | hw_frame_size: 25600) >> (PullQEl_hw_read3yolo26n/conv61) >> (PostInferEl3yolo26n/conv61 | Quantization - src_type: UINT8, dst_type FLOAT32, limvals_min: -0.468035, limvals_max: 6.99127) >> (UserBuffQEl3yolo26n/conv61 | timeout: 10s)
[2026-04-23 16:18:03.108] [772335] [HailoRT] [info] [edge_elements.cpp:287] [create] Created (HwReadEl2yolo26n/conv64 | hw_frame_size: 6400)
[2026-04-23 16:18:03.108] [772335] [HailoRT] [info] [queue_elements.cpp:657] [create] Created (PullQEl_hw_read2yolo26n/conv64)
[2026-04-23 16:18:03.108] [772335] [HailoRT] [info] [filter_elements.cpp:372] [create] Created (PostInferEl2yolo26n/conv64 | Quantization - src_type: UINT8, dst_type FLOAT32, limvals_min: -161.763, limvals_max: 2.5779)
[2026-04-23 16:18:03.108] [772335] [HailoRT] [info] [queue_elements.cpp:800] [create] Created (UserBuffQEl2yolo26n/conv64 | timeout: 10s)
[2026-04-23 16:18:03.108] [772335] [HailoRT] [info] [vstream.cpp:1114] [OutputVStreamImpl] Creating yolo26n/conv64...
[2026-04-23 16:18:03.108] [772335] [HailoRT] [info] [vstream_builder.cpp:220] [create_outputs] Output pipeline 'yolo26n/conv64': HW >> (HwReadEl2yolo26n/conv64 | hw_frame_size: 6400) >> (PullQEl_hw_read2yolo26n/conv64) >> (PostInferEl2yolo26n/conv64 | Quantization - src_type: UINT8, dst_type FLOAT32, limvals_min: -161.763, limvals_max: 2.5779) >> (UserBuffQEl2yolo26n/conv64 | timeout: 10s)
[2026-04-23 16:18:03.108] [772335] [HailoRT] [info] [edge_elements.cpp:287] [create] Created (HwReadEl1yolo26n/conv77 | hw_frame_size: 6400)
[2026-04-23 16:18:03.108] [772335] [HailoRT] [info] [queue_elements.cpp:657] [create] Created (PullQEl_hw_read1yolo26n/conv77)
[2026-04-23 16:18:03.108] [772335] [HailoRT] [info] [filter_elements.cpp:372] [create] Created (PostInferEl1yolo26n/conv77 | Quantization - src_type: UINT8, dst_type FLOAT32, limvals_min: -0.560223, limvals_max: 15.3127)
[2026-04-23 16:18:03.108] [772335] [HailoRT] [info] [queue_elements.cpp:800] [create] Created (UserBuffQEl1yolo26n/conv77 | timeout: 10s)
[2026-04-23 16:18:03.108] [772335] [HailoRT] [info] [vstream.cpp:1114] [OutputVStreamImpl] Creating yolo26n/conv77...
[2026-04-23 16:18:03.108] [772335] [HailoRT] [info] [vstream_builder.cpp:220] [create_outputs] Output pipeline 'yolo26n/conv77': HW >> (HwReadEl1yolo26n/conv77 | hw_frame_size: 6400) >> (PullQEl_hw_read1yolo26n/conv77) >> (PostInferEl1yolo26n/conv77 | Quantization - src_type: UINT8, dst_type FLOAT32, limvals_min: -0.560223, limvals_max: 15.3127) >> (UserBuffQEl1yolo26n/conv77 | timeout: 10s)
[2026-04-23 16:18:03.108] [772335] [HailoRT] [info] [edge_elements.cpp:287] [create] Created (HwReadEl0yolo26n/conv80 | hw_frame_size: 1600)
[2026-04-23 16:18:03.108] [772335] [HailoRT] [info] [queue_elements.cpp:657] [create] Created (PullQEl_hw_read0yolo26n/conv80)
[2026-04-23 16:18:03.108] [772335] [HailoRT] [info] [filter_elements.cpp:372] [create] Created (PostInferEl0yolo26n/conv80 | Quantization - src_type: UINT8, dst_type FLOAT32, limvals_min: -204.998, limvals_max: 2.44045)
[2026-04-23 16:18:03.108] [772335] [HailoRT] [info] [queue_elements.cpp:800] [create] Created (UserBuffQEl0yolo26n/conv80 | timeout: 10s)
[2026-04-23 16:18:03.108] [772335] [HailoRT] [info] [vstream.cpp:1114] [OutputVStreamImpl] Creating yolo26n/conv80...
[2026-04-23 16:18:03.108] [772335] [HailoRT] [info] [vstream_builder.cpp:220] [create_outputs] Output pipeline 'yolo26n/conv80': HW >> (HwReadEl0yolo26n/conv80 | hw_frame_size: 1600) >> (PullQEl_hw_read0yolo26n/conv80) >> (PostInferEl0yolo26n/conv80 | Quantization - src_type: UINT8, dst_type FLOAT32, limvals_min: -204.998, limvals_max: 2.44045) >> (UserBuffQEl0yolo26n/conv80 | timeout: 10s)
[2026-04-23 16:18:03.108] [772335] [HailoRT] [info] [edge_elements.cpp:287] [create] Created (HwReadEl1yolo26n/conv91 | hw_frame_size: 3200)
[2026-04-23 16:18:03.108] [772335] [HailoRT] [info] [queue_elements.cpp:657] [create] Created (PullQEl_hw_read1yolo26n/conv91)
[2026-04-23 16:18:03.108] [772335] [HailoRT] [info] [filter_elements.cpp:372] [create] Created (PostInferEl1yolo26n/conv91 | Quantization - src_type: UINT8, dst_type FLOAT32, limvals_min: 0, limvals_max: 14.2269 | Reorder - src_order: FCR, src_shape: (20, 20, 8), dst_order: FCR, dst_shape: (20, 20, 4))
[2026-04-23 16:18:03.108] [772335] [HailoRT] [info] [queue_elements.cpp:800] [create] Created (UserBuffQEl1yolo26n/conv91 | timeout: 10s)
[2026-04-23 16:18:03.108] [772335] [HailoRT] [info] [vstream.cpp:1114] [OutputVStreamImpl] Creating yolo26n/conv91...
[2026-04-23 16:18:03.108] [772335] [HailoRT] [info] [vstream_builder.cpp:220] [create_outputs] Output pipeline 'yolo26n/conv91': HW >> (HwReadEl1yolo26n/conv91 | hw_frame_size: 3200) >> (PullQEl_hw_read1yolo26n/conv91) >> (PostInferEl1yolo26n/conv91 | Quantization - src_type: UINT8, dst_type FLOAT32, limvals_min: 0, limvals_max: 14.2269 | Reorder - src_order: FCR, src_shape: (20, 20, 8), dst_order: FCR, dst_shape: (20, 20, 4)) >> (UserBuffQEl1yolo26n/conv91 | timeout: 10s)
[2026-04-23 16:18:03.108] [772335] [HailoRT] [info] [edge_elements.cpp:287] [create] Created (HwReadEl0yolo26n/conv94 | hw_frame_size: 3200)
[2026-04-23 16:18:03.108] [772335] [HailoRT] [info] [queue_elements.cpp:657] [create] Created (PullQEl_hw_read0yolo26n/conv94)
[2026-04-23 16:18:03.108] [772335] [HailoRT] [info] [filter_elements.cpp:372] [create] Created (PostInferEl0yolo26n/conv94 | Quantization - src_type: UINT8, dst_type FLOAT32, limvals_min: -155.797, limvals_max: 3.11594 | Reorder - src_order: FCR, src_shape: (20, 20, 8), dst_order: FCR, dst_shape: (20, 20, 1))
[2026-04-23 16:18:03.108] [772335] [HailoRT] [info] [queue_elements.cpp:800] [create] Created (UserBuffQEl0yolo26n/conv94 | timeout: 10s)
[2026-04-23 16:18:03.108] [772335] [HailoRT] [info] [vstream.cpp:1114] [OutputVStreamImpl] Creating yolo26n/conv94...
[2026-04-23 16:18:03.108] [772335] [HailoRT] [info] [vstream_builder.cpp:220] [create_outputs] Output pipeline 'yolo26n/conv94': HW >> (HwReadEl0yolo26n/conv94 | hw_frame_size: 3200) >> (PullQEl_hw_read0yolo26n/conv94) >> (PostInferEl0yolo26n/conv94 | Quantization - src_type: UINT8, dst_type FLOAT32, limvals_min: -155.797, limvals_max: 3.11594 | Reorder - src_order: FCR, src_shape: (20, 20, 8), dst_order: FCR, dst_shape: (20, 20, 1)) >> (UserBuffQEl0yolo26n/conv94 | timeout: 10s)
[2026-04-23 16:18:03.119] [1140211] [HailoRT] [info] [queue_elements.cpp:855] [run_in_thread] Shutdown event was signaled in dequeue of UserBuffQEl3yolo26n/conv61!
[2026-04-23 16:18:03.119] [1140210] [HailoRT] [info] [vdevice_native_stream.cpp:331] [read_impl] Failed read from stream HAILO_STREAM_ABORT(63) (device: 0001:01:00.0)
[2026-04-23 16:18:03.119] [1140210] [HailoRT] [info] [edge_elements.cpp:396] [run_pull] Reading from stream was aborted!
[2026-04-23 16:18:03.119] [1140210] [HailoRT] [info] [queue_elements.cpp:738] [run_in_thread] run_pull of queue element PullQEl_hw_read3yolo26n/conv61 was aborted!
[2026-04-23 16:18:03.119] [1140210] [HailoRT] [info] [queue_elements.cpp:68] [operator()] Thread in element PullQEl_hw_read3yolo26n/conv61 is not running anymore, exiting..
[2026-04-23 16:18:03.119] [772335] [HailoRT] [info] [queue_elements.cpp:46] [~BaseQueueElement] Queue element PullQEl_hw_read3yolo26n/conv61 has 0 frames in his Queue on destruction
[2026-04-23 16:18:03.120] [1140211] [HailoRT] [info] [queue_elements.cpp:68] [operator()] Thread in element UserBuffQEl3yolo26n/conv61 is not running anymore, exiting..
[2026-04-23 16:18:03.120] [772335] [HailoRT] [info] [queue_elements.cpp:46] [~BaseQueueElement] Queue element UserBuffQEl3yolo26n/conv61 has 0 frames in his Queue on destruction
[2026-04-23 16:18:03.120] [1140213] [HailoRT] [info] [queue_elements.cpp:855] [run_in_thread] Shutdown event was signaled in dequeue of UserBuffQEl2yolo26n/conv64!
[2026-04-23 16:18:03.120] [1140212] [HailoRT] [info] [vdevice_native_stream.cpp:331] [read_impl] Failed read from stream HAILO_STREAM_ABORT(63) (device: 0001:01:00.0)
[2026-04-23 16:18:03.120] [1140212] [HailoRT] [info] [edge_elements.cpp:396] [run_pull] Reading from stream was aborted!
[2026-04-23 16:18:03.120] [1140212] [HailoRT] [info] [queue_elements.cpp:738] [run_in_thread] run_pull of queue element PullQEl_hw_read2yolo26n/conv64 was aborted!
[2026-04-23 16:18:03.120] [1140212] [HailoRT] [info] [queue_elements.cpp:68] [operator()] Thread in element PullQEl_hw_read2yolo26n/conv64 is not running anymore, exiting..
[2026-04-23 16:18:03.120] [772335] [HailoRT] [info] [queue_elements.cpp:46] [~BaseQueueElement] Queue element PullQEl_hw_read2yolo26n/conv64 has 0 frames in his Queue on destruction
[2026-04-23 16:18:03.120] [1140213] [HailoRT] [info] [queue_elements.cpp:68] [operator()] Thread in element UserBuffQEl2yolo26n/conv64 is not running anymore, exiting..
[2026-04-23 16:18:03.120] [772335] [HailoRT] [info] [queue_elements.cpp:46] [~BaseQueueElement] Queue element UserBuffQEl2yolo26n/conv64 has 0 frames in his Queue on destruction
[2026-04-23 16:18:03.120] [1140215] [HailoRT] [info] [queue_elements.cpp:855] [run_in_thread] Shutdown event was signaled in dequeue of UserBuffQEl1yolo26n/conv77!
[2026-04-23 16:18:03.120] [1140214] [HailoRT] [info] [vdevice_native_stream.cpp:331] [read_impl] Failed read from stream HAILO_STREAM_ABORT(63) (device: 0001:01:00.0)
[2026-04-23 16:18:03.120] [1140214] [HailoRT] [info] [edge_elements.cpp:396] [run_pull] Reading from stream was aborted!
[2026-04-23 16:18:03.120] [1140214] [HailoRT] [info] [queue_elements.cpp:738] [run_in_thread] run_pull of queue element PullQEl_hw_read1yolo26n/conv77 was aborted!
[2026-04-23 16:18:03.120] [1140214] [HailoRT] [info] [queue_elements.cpp:68] [operator()] Thread in element PullQEl_hw_read1yolo26n/conv77 is not running anymore, exiting..
[2026-04-23 16:18:03.120] [772335] [HailoRT] [info] [queue_elements.cpp:46] [~BaseQueueElement] Queue element PullQEl_hw_read1yolo26n/conv77 has 0 frames in his Queue on destruction
[2026-04-23 16:18:03.120] [1140215] [HailoRT] [info] [queue_elements.cpp:68] [operator()] Thread in element UserBuffQEl1yolo26n/conv77 is not running anymore, exiting..
[2026-04-23 16:18:03.120] [772335] [HailoRT] [info] [queue_elements.cpp:46] [~BaseQueueElement] Queue element UserBuffQEl1yolo26n/conv77 has 0 frames in his Queue on destruction
[2026-04-23 16:18:03.120] [1140216] [HailoRT] [info] [vdevice_native_stream.cpp:331] [read_impl] Failed read from stream HAILO_STREAM_ABORT(63) (device: 0001:01:00.0)
[2026-04-23 16:18:03.120] [1140216] [HailoRT] [info] [edge_elements.cpp:396] [run_pull] Reading from stream was aborted!
[2026-04-23 16:18:03.120] [1140217] [HailoRT] [info] [queue_elements.cpp:855] [run_in_thread] Shutdown event was signaled in dequeue of UserBuffQEl0yolo26n/conv80!
[2026-04-23 16:18:03.120] [1140216] [HailoRT] [info] [queue_elements.cpp:738] [run_in_thread] run_pull of queue element PullQEl_hw_read0yolo26n/conv80 was aborted!
[2026-04-23 16:18:03.120] [1140216] [HailoRT] [info] [queue_elements.cpp:68] [operator()] Thread in element PullQEl_hw_read0yolo26n/conv80 is not running anymore, exiting..
[2026-04-23 16:18:03.120] [772335] [HailoRT] [info] [queue_elements.cpp:46] [~BaseQueueElement] Queue element PullQEl_hw_read0yolo26n/conv80 has 0 frames in his Queue on destruction
[2026-04-23 16:18:03.120] [1140217] [HailoRT] [info] [queue_elements.cpp:68] [operator()] Thread in element UserBuffQEl0yolo26n/conv80 is not running anymore, exiting..
[2026-04-23 16:18:03.120] [772335] [HailoRT] [info] [queue_elements.cpp:46] [~BaseQueueElement] Queue element UserBuffQEl0yolo26n/conv80 has 0 frames in his Queue on destruction
[2026-04-23 16:18:03.120] [1140218] [HailoRT] [info] [vdevice_native_stream.cpp:331] [read_impl] Failed read from stream HAILO_STREAM_ABORT(63) (device: 0001:01:00.0)
[2026-04-23 16:18:03.120] [1140218] [HailoRT] [info] [edge_elements.cpp:396] [run_pull] Reading from stream was aborted!
[2026-04-23 16:18:03.120] [1140218] [HailoRT] [info] [queue_elements.cpp:738] [run_in_thread] run_pull of queue element PullQEl_hw_read1yolo26n/conv91 was aborted!
[2026-04-23 16:18:03.120] [1140219] [HailoRT] [info] [queue_elements.cpp:855] [run_in_thread] Shutdown event was signaled in dequeue of UserBuffQEl1yolo26n/conv91!
[2026-04-23 16:18:03.120] [1140218] [HailoRT] [info] [queue_elements.cpp:68] [operator()] Thread in element PullQEl_hw_read1yolo26n/conv91 is not running anymore, exiting..
[2026-04-23 16:18:03.120] [772335] [HailoRT] [info] [queue_elements.cpp:46] [~BaseQueueElement] Queue element PullQEl_hw_read1yolo26n/conv91 has 0 frames in his Queue on destruction
[2026-04-23 16:18:03.120] [1140219] [HailoRT] [info] [queue_elements.cpp:68] [operator()] Thread in element UserBuffQEl1yolo26n/conv91 is not running anymore, exiting..
[2026-04-23 16:18:03.120] [772335] [HailoRT] [info] [queue_elements.cpp:46] [~BaseQueueElement] Queue element UserBuffQEl1yolo26n/conv91 has 0 frames in his Queue on destruction
[2026-04-23 16:18:03.120] [1140220] [HailoRT] [info] [vdevice_native_stream.cpp:331] [read_impl] Failed read from stream HAILO_STREAM_ABORT(63) (device: 0001:01:00.0)
[2026-04-23 16:18:03.120] [1140220] [HailoRT] [info] [edge_elements.cpp:396] [run_pull] Reading from stream was aborted!
[2026-04-23 16:18:03.120] [1140221] [HailoRT] [info] [queue_elements.cpp:855] [run_in_thread] Shutdown event was signaled in dequeue of UserBuffQEl0yolo26n/conv94!
[2026-04-23 16:18:03.120] [1140220] [HailoRT] [info] [queue_elements.cpp:738] [run_in_thread] run_pull of queue element PullQEl_hw_read0yolo26n/conv94 was aborted!
[2026-04-23 16:18:03.120] [1140220] [HailoRT] [info] [queue_elements.cpp:68] [operator()] Thread in element PullQEl_hw_read0yolo26n/conv94 is not running anymore, exiting..
[2026-04-23 16:18:03.120] [772335] [HailoRT] [info] [queue_elements.cpp:46] [~BaseQueueElement] Queue element PullQEl_hw_read0yolo26n/conv94 has 0 frames in his Queue on destruction
[2026-04-23 16:18:03.120] [1140221] [HailoRT] [info] [queue_elements.cpp:68] [operator()] Thread in element UserBuffQEl0yolo26n/conv94 is not running anymore, exiting..
[2026-04-23 16:18:03.120] [772335] [HailoRT] [info] [queue_elements.cpp:46] [~BaseQueueElement] Queue element UserBuffQEl0yolo26n/conv94 has 0 frames in his Queue on destruction
[2026-04-23 16:18:03.120] [1140209] [HailoRT] [info] [queue_elements.cpp:68] [operator()] Thread in element PushQEl2yolo26n/input_layer1 is not running anymore, exiting..
[2026-04-23 16:18:03.120] [772335] [HailoRT] [info] [queue_elements.cpp:46] [~BaseQueueElement] Queue element PushQEl2yolo26n/input_layer1 has 0 frames in his Queue on destruction
[2026-04-23 16:18:03.121] [772335] [HailoRT] [info] [core_op.cpp:186] [deactivate] Deactivating took 0.49511 ms
[2026-04-23 16:18:03.121] [772335] [HailoRT] [info] [core_op.cpp:186] [deactivate] Deactivating took 0.50498 ms
[2026-04-23 16:18:03.126] [772335] [HailoRT] [info] [core_op.cpp:156] [activate] Activating arcface_mobilefacenet took 0.226981 milliseconds. Note that the function is asynchronous and thus the network is not fully activated yet.
[2026-04-23 16:18:03.126] [772335] [HailoRT] [info] [core_op.cpp:156] [activate] Activating arcface_mobilefacenet took 0.244277 milliseconds. Note that the function is asynchronous and thus the network is not fully activated yet.
[2026-04-23 16:18:03.126] [772335] [HailoRT] [info] [edge_elements.cpp:52] [create] Created (HwWriteEl1arcface_mobilefacenet/input_layer1 | hw_frame_size: 37632)
[2026-04-23 16:18:03.126] [772335] [HailoRT] [info] [vstream.cpp:754] [InputVStreamImpl] Creating arcface_mobilefacenet/input_layer1...
[2026-04-23 16:18:03.126] [772335] [HailoRT] [info] [vstream_builder.cpp:102] [create_inputs] Input pipeline 'arcface_mobilefacenet/input_layer1': (HwWriteEl1arcface_mobilefacenet/input_layer1 | hw_frame_size: 37632) >> HW
[2026-04-23 16:18:03.126] [772335] [HailoRT] [info] [edge_elements.cpp:287] [create] Created (HwReadEl0arcface_mobilefacenet/fc1 | hw_frame_size: 512)
[2026-04-23 16:18:03.126] [772335] [HailoRT] [info] [queue_elements.cpp:657] [create] Created (PullQEl_hw_read0arcface_mobilefacenet/fc1)
[2026-04-23 16:18:03.126] [772335] [HailoRT] [info] [filter_elements.cpp:372] [create] Created (PostInferEl0arcface_mobilefacenet/fc1 | Quantization - src_type: UINT8, dst_type FLOAT32, limvals_min: -2.41025, limvals_max: 1.8579)
[2026-04-23 16:18:03.126] [772335] [HailoRT] [info] [queue_elements.cpp:800] [create] Created (UserBuffQEl0arcface_mobilefacenet/fc1 | timeout: 10s)
[2026-04-23 16:18:03.126] [772335] [HailoRT] [info] [vstream.cpp:1114] [OutputVStreamImpl] Creating arcface_mobilefacenet/fc1...
[2026-04-23 16:18:03.126] [772335] [HailoRT] [info] [vstream_builder.cpp:220] [create_outputs] Output pipeline 'arcface_mobilefacenet/fc1': HW >> (HwReadEl0arcface_mobilefacenet/fc1 | hw_frame_size: 512) >> (PullQEl_hw_read0arcface_mobilefacenet/fc1) >> (PostInferEl0arcface_mobilefacenet/fc1 | Quantization - src_type: UINT8, dst_type FLOAT32, limvals_min: -2.41025, limvals_max: 1.8579) >> (UserBuffQEl0arcface_mobilefacenet/fc1 | timeout: 10s)
[2026-04-23 16:18:03.133] [1140229] [HailoRT] [info] [vdevice_native_stream.cpp:331] [read_impl] Failed read from stream HAILO_STREAM_ABORT(63) (device: 0001:01:00.0)
[2026-04-23 16:18:03.133] [1140229] [HailoRT] [info] [edge_elements.cpp:396] [run_pull] Reading from stream was aborted!
[2026-04-23 16:18:03.133] [1140230] [HailoRT] [info] [queue_elements.cpp:855] [run_in_thread] Shutdown event was signaled in dequeue of UserBuffQEl0arcface_mobilefacenet/fc1!
[2026-04-23 16:18:03.133] [1140229] [HailoRT] [info] [queue_elements.cpp:738] [run_in_thread] run_pull of queue element PullQEl_hw_read0arcface_mobilefacenet/fc1 was aborted!
[2026-04-23 16:18:03.133] [1140229] [HailoRT] [info] [queue_elements.cpp:68] [operator()] Thread in element PullQEl_hw_read0arcface_mobilefacenet/fc1 is not running anymore, exiting..
[2026-04-23 16:18:03.133] [772335] [HailoRT] [info] [queue_elements.cpp:46] [~BaseQueueElement] Queue element PullQEl_hw_read0arcface_mobilefacenet/fc1 has 0 frames in his Queue on destruction
[2026-04-23 16:18:03.133] [1140230] [HailoRT] [info] [queue_elements.cpp:68] [operator()] Thread in element UserBuffQEl0arcface_mobilefacenet/fc1 is not running anymore, exiting..
[2026-04-23 16:18:03.133] [772335] [HailoRT] [info] [queue_elements.cpp:46] [~BaseQueueElement] Queue element UserBuffQEl0arcface_mobilefacenet/fc1 has 0 frames in his Queue on destruction
[2026-04-23 16:18:03.133] [772335] [HailoRT] [info] [core_op.cpp:186] [deactivate] Deactivating took 0.382832 ms
[2026-04-23 16:18:03.133] [772335] [HailoRT] [info] [core_op.cpp:186] [deactivate] Deactivating took 0.391833 ms
[2026-04-23 16:18:03.145] [772335] [HailoRT] [info] [core_op.cpp:156] [activate] Activating yolo26n took 1.793422 milliseconds. Note that the function is asynchronous and thus the network is not fully activated yet.
[2026-04-23 16:18:03.145] [772335] [HailoRT] [info] [core_op.cpp:156] [activate] Activating yolo26n took 1.837848 milliseconds. Note that the function is asynchronous and thus the network is not fully activated yet.
[2026-04-23 16:18:03.145] [772335] [HailoRT] [info] [edge_elements.cpp:52] [create] Created (HwWriteEl2yolo26n/input_layer1 | hw_frame_size: 1228800)
[2026-04-23 16:18:03.145] [772335] [HailoRT] [info] [queue_elements.cpp:284] [create] Created (PushQEl2yolo26n/input_layer1 | timeout: 10s)
[2026-04-23 16:18:03.145] [772335] [HailoRT] [info] [filter_elements.cpp:101] [create] Created (PreInferEl2yolo26n/input_layer1 | Reorder - src_order: NHWC, src_shape: (640, 640, 3), dst_order: NHCW, dst_shape: (640, 640, 3))
[2026-04-23 16:18:03.145] [772335] [HailoRT] [info] [vstream.cpp:754] [InputVStreamImpl] Creating yolo26n/input_layer1...
[2026-04-23 16:18:03.145] [772335] [HailoRT] [info] [vstream_builder.cpp:102] [create_inputs] Input pipeline 'yolo26n/input_layer1': (PreInferEl2yolo26n/input_layer1 | Reorder - src_order: NHWC, src_shape: (640, 640, 3), dst_order: NHCW, dst_shape: (640, 640, 3)) >> (PushQEl2yolo26n/input_layer1 | timeout: 10s) >> (HwWriteEl2yolo26n/input_layer1 | hw_frame_size: 1228800) >> HW
[2026-04-23 16:18:03.145] [772335] [HailoRT] [info] [edge_elements.cpp:287] [create] Created (HwReadEl3yolo26n/conv61 | hw_frame_size: 25600)
[2026-04-23 16:18:03.145] [772335] [HailoRT] [info] [queue_elements.cpp:657] [create] Created (PullQEl_hw_read3yolo26n/conv61)
[2026-04-23 16:18:03.146] [772335] [HailoRT] [info] [filter_elements.cpp:372] [create] Created (PostInferEl3yolo26n/conv61 | Quantization - src_type: UINT8, dst_type FLOAT32, limvals_min: -0.468035, limvals_max: 6.99127)
[2026-04-23 16:18:03.146] [772335] [HailoRT] [info] [queue_elements.cpp:800] [create] Created (UserBuffQEl3yolo26n/conv61 | timeout: 10s)
[2026-04-23 16:18:03.146] [772335] [HailoRT] [info] [vstream.cpp:1114] [OutputVStreamImpl] Creating yolo26n/conv61...
[2026-04-23 16:18:03.146] [772335] [HailoRT] [info] [vstream_builder.cpp:220] [create_outputs] Output pipeline 'yolo26n/conv61': HW >> (HwReadEl3yolo26n/conv61 | hw_frame_size: 25600) >> (PullQEl_hw_read3yolo26n/conv61) >> (PostInferEl3yolo26n/conv61 | Quantization - src_type: UINT8, dst_type FLOAT32, limvals_min: -0.468035, limvals_max: 6.99127) >> (UserBuffQEl3yolo26n/conv61 | timeout: 10s)
[2026-04-23 16:18:03.146] [772335] [HailoRT] [info] [edge_elements.cpp:287] [create] Created (HwReadEl2yolo26n/conv64 | hw_frame_size: 6400)
[2026-04-23 16:18:03.146] [772335] [HailoRT] [info] [queue_elements.cpp:657] [create] Created (PullQEl_hw_read2yolo26n/conv64)
[2026-04-23 16:18:03.146] [772335] [HailoRT] [info] [filter_elements.cpp:372] [create] Created (PostInferEl2yolo26n/conv64 | Quantization - src_type: UINT8, dst_type FLOAT32, limvals_min: -161.763, limvals_max: 2.5779)
[2026-04-23 16:18:03.146] [772335] [HailoRT] [info] [queue_elements.cpp:800] [create] Created (UserBuffQEl2yolo26n/conv64 | timeout: 10s)
[2026-04-23 16:18:03.146] [772335] [HailoRT] [info] [vstream.cpp:1114] [OutputVStreamImpl] Creating yolo26n/conv64...
[2026-04-23 16:18:03.146] [772335] [HailoRT] [info] [vstream_builder.cpp:220] [create_outputs] Output pipeline 'yolo26n/conv64': HW >> (HwReadEl2yolo26n/conv64 | hw_frame_size: 6400) >> (PullQEl_hw_read2yolo26n/conv64) >> (PostInferEl2yolo26n/conv64 | Quantization - src_type: UINT8, dst_type FLOAT32, limvals_min: -161.763, limvals_max: 2.5779) >> (UserBuffQEl2yolo26n/conv64 | timeout: 10s)
[2026-04-23 16:18:03.146] [772335] [HailoRT] [info] [edge_elements.cpp:287] [create] Created (HwReadEl1yolo26n/conv77 | hw_frame_size: 6400)
[2026-04-23 16:18:03.146] [772335] [HailoRT] [info] [queue_elements.cpp:657] [create] Created (PullQEl_hw_read1yolo26n/conv77)
[2026-04-23 16:18:03.146] [772335] [HailoRT] [info] [filter_elements.cpp:372] [create] Created (PostInferEl1yolo26n/conv77 | Quantization - src_type: UINT8, dst_type FLOAT32, limvals_min: -0.560223, limvals_max: 15.3127)
[2026-04-23 16:18:03.146] [772335] [HailoRT] [info] [queue_elements.cpp:800] [create] Created (UserBuffQEl1yolo26n/conv77 | timeout: 10s)
[2026-04-23 16:18:03.146] [772335] [HailoRT] [info] [vstream.cpp:1114] [OutputVStreamImpl] Creating yolo26n/conv77...
[2026-04-23 16:18:03.146] [772335] [HailoRT] [info] [vstream_builder.cpp:220] [create_outputs] Output pipeline 'yolo26n/conv77': HW >> (HwReadEl1yolo26n/conv77 | hw_frame_size: 6400) >> (PullQEl_hw_read1yolo26n/conv77) >> (PostInferEl1yolo26n/conv77 | Quantization - src_type: UINT8, dst_type FLOAT32, limvals_min: -0.560223, limvals_max: 15.3127) >> (UserBuffQEl1yolo26n/conv77 | timeout: 10s)
[2026-04-23 16:18:03.146] [772335] [HailoRT] [info] [edge_elements.cpp:287] [create] Created (HwReadEl0yolo26n/conv80 | hw_frame_size: 1600)
[2026-04-23 16:18:03.146] [772335] [HailoRT] [info] [queue_elements.cpp:657] [create] Created (PullQEl_hw_read0yolo26n/conv80)
[2026-04-23 16:18:03.146] [772335] [HailoRT] [info] [filter_elements.cpp:372] [create] Created (PostInferEl0yolo26n/conv80 | Quantization - src_type: UINT8, dst_type FLOAT32, limvals_min: -204.998, limvals_max: 2.44045)
[2026-04-23 16:18:03.146] [772335] [HailoRT] [info] [queue_elements.cpp:800] [create] Created (UserBuffQEl0yolo26n/conv80 | timeout: 10s)
[2026-04-23 16:18:03.146] [772335] [HailoRT] [info] [vstream.cpp:1114] [OutputVStreamImpl] Creating yolo26n/conv80...
[2026-04-23 16:18:03.146] [772335] [HailoRT] [info] [vstream_builder.cpp:220] [create_outputs] Output pipeline 'yolo26n/conv80': HW >> (HwReadEl0yolo26n/conv80 | hw_frame_size: 1600) >> (PullQEl_hw_read0yolo26n/conv80) >> (PostInferEl0yolo26n/conv80 | Quantization - src_type: UINT8, dst_type FLOAT32, limvals_min: -204.998, limvals_max: 2.44045) >> (UserBuffQEl0yolo26n/conv80 | timeout: 10s)
[2026-04-23 16:18:03.146] [772335] [HailoRT] [info] [edge_elements.cpp:287] [create] Created (HwReadEl1yolo26n/conv91 | hw_frame_size: 3200)
[2026-04-23 16:18:03.146] [772335] [HailoRT] [info] [queue_elements.cpp:657] [create] Created (PullQEl_hw_read1yolo26n/conv91)
[2026-04-23 16:18:03.146] [772335] [HailoRT] [info] [filter_elements.cpp:372] [create] Created (PostInferEl1yolo26n/conv91 | Quantization - src_type: UINT8, dst_type FLOAT32, limvals_min: 0, limvals_max: 14.2269 | Reorder - src_order: FCR, src_shape: (20, 20, 8), dst_order: FCR, dst_shape: (20, 20, 4))
[2026-04-23 16:18:03.146] [772335] [HailoRT] [info] [queue_elements.cpp:800] [create] Created (UserBuffQEl1yolo26n/conv91 | timeout: 10s)
[2026-04-23 16:18:03.146] [772335] [HailoRT] [info] [vstream.cpp:1114] [OutputVStreamImpl] Creating yolo26n/conv91...
[2026-04-23 16:18:03.146] [772335] [HailoRT] [info] [vstream_builder.cpp:220] [create_outputs] Output pipeline 'yolo26n/conv91': HW >> (HwReadEl1yolo26n/conv91 | hw_frame_size: 3200) >> (PullQEl_hw_read1yolo26n/conv91) >> (PostInferEl1yolo26n/conv91 | Quantization - src_type: UINT8, dst_type FLOAT32, limvals_min: 0, limvals_max: 14.2269 | Reorder - src_order: FCR, src_shape: (20, 20, 8), dst_order: FCR, dst_shape: (20, 20, 4)) >> (UserBuffQEl1yolo26n/conv91 | timeout: 10s)
[2026-04-23 16:18:03.146] [772335] [HailoRT] [info] [edge_elements.cpp:287] [create] Created (HwReadEl0yolo26n/conv94 | hw_frame_size: 3200)
[2026-04-23 16:18:03.147] [772335] [HailoRT] [info] [queue_elements.cpp:657] [create] Created (PullQEl_hw_read0yolo26n/conv94)
[2026-04-23 16:18:03.147] [772335] [HailoRT] [info] [filter_elements.cpp:372] [create] Created (PostInferEl0yolo26n/conv94 | Quantization - src_type: UINT8, dst_type FLOAT32, limvals_min: -155.797, limvals_max: 3.11594 | Reorder - src_order: FCR, src_shape: (20, 20, 8), dst_order: FCR, dst_shape: (20, 20, 1))
[2026-04-23 16:18:03.147] [772335] [HailoRT] [info] [queue_elements.cpp:800] [create] Created (UserBuffQEl0yolo26n/conv94 | timeout: 10s)
[2026-04-23 16:18:03.147] [772335] [HailoRT] [info] [vstream.cpp:1114] [OutputVStreamImpl] Creating yolo26n/conv94...
[2026-04-23 16:18:03.147] [772335] [HailoRT] [info] [vstream_builder.cpp:220] [create_outputs] Output pipeline 'yolo26n/conv94': HW >> (HwReadEl0yolo26n/conv94 | hw_frame_size: 3200) >> (PullQEl_hw_read0yolo26n/conv94) >> (PostInferEl0yolo26n/conv94 | Quantization - src_type: UINT8, dst_type FLOAT32, limvals_min: -155.797, limvals_max: 3.11594 | Reorder - src_order: FCR, src_shape: (20, 20, 8), dst_order: FCR, dst_shape: (20, 20, 1)) >> (UserBuffQEl0yolo26n/conv94 | timeout: 10s)
[2026-04-23 16:18:03.158] [1140237] [HailoRT] [info] [queue_elements.cpp:855] [run_in_thread] Shutdown event was signaled in dequeue of UserBuffQEl3yolo26n/conv61!
[2026-04-23 16:18:03.158] [1140236] [HailoRT] [info] [vdevice_native_stream.cpp:331] [read_impl] Failed read from stream HAILO_STREAM_ABORT(63) (device: 0001:01:00.0)
[2026-04-23 16:18:03.158] [1140236] [HailoRT] [info] [edge_elements.cpp:396] [run_pull] Reading from stream was aborted!
[2026-04-23 16:18:03.158] [1140236] [HailoRT] [info] [queue_elements.cpp:738] [run_in_thread] run_pull of queue element PullQEl_hw_read3yolo26n/conv61 was aborted!
[2026-04-23 16:18:03.158] [1140236] [HailoRT] [info] [queue_elements.cpp:68] [operator()] Thread in element PullQEl_hw_read3yolo26n/conv61 is not running anymore, exiting..
[2026-04-23 16:18:03.158] [772335] [HailoRT] [info] [queue_elements.cpp:46] [~BaseQueueElement] Queue element PullQEl_hw_read3yolo26n/conv61 has 0 frames in his Queue on destruction
[2026-04-23 16:18:03.158] [1140237] [HailoRT] [info] [queue_elements.cpp:68] [operator()] Thread in element UserBuffQEl3yolo26n/conv61 is not running anymore, exiting..
[2026-04-23 16:18:03.158] [772335] [HailoRT] [info] [queue_elements.cpp:46] [~BaseQueueElement] Queue element UserBuffQEl3yolo26n/conv61 has 0 frames in his Queue on destruction
[2026-04-23 16:18:03.158] [1140238] [HailoRT] [info] [vdevice_native_stream.cpp:331] [read_impl] Failed read from stream HAILO_STREAM_ABORT(63) (device: 0001:01:00.0)
[2026-04-23 16:18:03.158] [1140238] [HailoRT] [info] [edge_elements.cpp:396] [run_pull] Reading from stream was aborted!
[2026-04-23 16:18:03.158] [1140239] [HailoRT] [info] [queue_elements.cpp:855] [run_in_thread] Shutdown event was signaled in dequeue of UserBuffQEl2yolo26n/conv64!
[2026-04-23 16:18:03.158] [1140238] [HailoRT] [info] [queue_elements.cpp:738] [run_in_thread] run_pull of queue element PullQEl_hw_read2yolo26n/conv64 was aborted!
[2026-04-23 16:18:03.158] [1140238] [HailoRT] [info] [queue_elements.cpp:68] [operator()] Thread in element PullQEl_hw_read2yolo26n/conv64 is not running anymore, exiting..
[2026-04-23 16:18:03.158] [772335] [HailoRT] [info] [queue_elements.cpp:46] [~BaseQueueElement] Queue element PullQEl_hw_read2yolo26n/conv64 has 0 frames in his Queue on destruction
[2026-04-23 16:18:03.158] [1140239] [HailoRT] [info] [queue_elements.cpp:68] [operator()] Thread in element UserBuffQEl2yolo26n/conv64 is not running anymore, exiting..
[2026-04-23 16:18:03.158] [772335] [HailoRT] [info] [queue_elements.cpp:46] [~BaseQueueElement] Queue element UserBuffQEl2yolo26n/conv64 has 0 frames in his Queue on destruction
[2026-04-23 16:18:03.158] [1140240] [HailoRT] [info] [vdevice_native_stream.cpp:331] [read_impl] Failed read from stream HAILO_STREAM_ABORT(63) (device: 0001:01:00.0)
[2026-04-23 16:18:03.158] [1140241] [HailoRT] [info] [queue_elements.cpp:855] [run_in_thread] Shutdown event was signaled in dequeue of UserBuffQEl1yolo26n/conv77!
[2026-04-23 16:18:03.158] [1140240] [HailoRT] [info] [edge_elements.cpp:396] [run_pull] Reading from stream was aborted!
[2026-04-23 16:18:03.158] [1140240] [HailoRT] [info] [queue_elements.cpp:738] [run_in_thread] run_pull of queue element PullQEl_hw_read1yolo26n/conv77 was aborted!
[2026-04-23 16:18:03.158] [1140240] [HailoRT] [info] [queue_elements.cpp:68] [operator()] Thread in element PullQEl_hw_read1yolo26n/conv77 is not running anymore, exiting..
[2026-04-23 16:18:03.158] [772335] [HailoRT] [info] [queue_elements.cpp:46] [~BaseQueueElement] Queue element PullQEl_hw_read1yolo26n/conv77 has 0 frames in his Queue on destruction
[2026-04-23 16:18:03.158] [1140241] [HailoRT] [info] [queue_elements.cpp:68] [operator()] Thread in element UserBuffQEl1yolo26n/conv77 is not running anymore, exiting..
[2026-04-23 16:18:03.158] [772335] [HailoRT] [info] [queue_elements.cpp:46] [~BaseQueueElement] Queue element UserBuffQEl1yolo26n/conv77 has 0 frames in his Queue on destruction
[2026-04-23 16:18:03.158] [1140243] [HailoRT] [info] [queue_elements.cpp:855] [run_in_thread] Shutdown event was signaled in dequeue of UserBuffQEl0yolo26n/conv80!
[2026-04-23 16:18:03.158] [1140242] [HailoRT] [info] [vdevice_native_stream.cpp:331] [read_impl] Failed read from stream HAILO_STREAM_ABORT(63) (device: 0001:01:00.0)
[2026-04-23 16:18:03.158] [1140242] [HailoRT] [info] [edge_elements.cpp:396] [run_pull] Reading from stream was aborted!
[2026-04-23 16:18:03.158] [1140242] [HailoRT] [info] [queue_elements.cpp:738] [run_in_thread] run_pull of queue element PullQEl_hw_read0yolo26n/conv80 was aborted!
[2026-04-23 16:18:03.158] [1140242] [HailoRT] [info] [queue_elements.cpp:68] [operator()] Thread in element PullQEl_hw_read0yolo26n/conv80 is not running anymore, exiting..
[2026-04-23 16:18:03.158] [772335] [HailoRT] [info] [queue_elements.cpp:46] [~BaseQueueElement] Queue element PullQEl_hw_read0yolo26n/conv80 has 0 frames in his Queue on destruction
[2026-04-23 16:18:03.158] [1140243] [HailoRT] [info] [queue_elements.cpp:68] [operator()] Thread in element UserBuffQEl0yolo26n/conv80 is not running anymore, exiting..
[2026-04-23 16:18:03.158] [772335] [HailoRT] [info] [queue_elements.cpp:46] [~BaseQueueElement] Queue element UserBuffQEl0yolo26n/conv80 has 0 frames in his Queue on destruction
[2026-04-23 16:18:03.158] [1140245] [HailoRT] [info] [queue_elements.cpp:855] [run_in_thread] Shutdown event was signaled in dequeue of UserBuffQEl1yolo26n/conv91!
[2026-04-23 16:18:03.158] [1140244] [HailoRT] [info] [vdevice_native_stream.cpp:331] [read_impl] Failed read from stream HAILO_STREAM_ABORT(63) (device: 0001:01:00.0)
[2026-04-23 16:18:03.158] [1140244] [HailoRT] [info] [edge_elements.cpp:396] [run_pull] Reading from stream was aborted!
[2026-04-23 16:18:03.158] [1140244] [HailoRT] [info] [queue_elements.cpp:738] [run_in_thread] run_pull of queue element PullQEl_hw_read1yolo26n/conv91 was aborted!
[2026-04-23 16:18:03.158] [1140244] [HailoRT] [info] [queue_elements.cpp:68] [operator()] Thread in element PullQEl_hw_read1yolo26n/conv91 is not running anymore, exiting..
[2026-04-23 16:18:03.159] [772335] [HailoRT] [info] [queue_elements.cpp:46] [~BaseQueueElement] Queue element PullQEl_hw_read1yolo26n/conv91 has 0 frames in his Queue on destruction
[2026-04-23 16:18:03.159] [1140245] [HailoRT] [info] [queue_elements.cpp:68] [operator()] Thread in element UserBuffQEl1yolo26n/conv91 is not running anymore, exiting..
[2026-04-23 16:18:03.159] [772335] [HailoRT] [info] [queue_elements.cpp:46] [~BaseQueueElement] Queue element UserBuffQEl1yolo26n/conv91 has 0 frames in his Queue on destruction
[2026-04-23 16:18:03.159] [1140246] [HailoRT] [info] [vdevice_native_stream.cpp:331] [read_impl] Failed read from stream HAILO_STREAM_ABORT(63) (device: 0001:01:00.0)
[2026-04-23 16:18:03.159] [1140246] [HailoRT] [info] [edge_elements.cpp:396] [run_pull] Reading from stream was aborted!
[2026-04-23 16:18:03.159] [1140247] [HailoRT] [info] [queue_elements.cpp:855] [run_in_thread] Shutdown event was signaled in dequeue of UserBuffQEl0yolo26n/conv94!
[2026-04-23 16:18:03.159] [1140246] [HailoRT] [info] [queue_elements.cpp:738] [run_in_thread] run_pull of queue element PullQEl_hw_read0yolo26n/conv94 was aborted!
[2026-04-23 16:18:03.159] [1140246] [HailoRT] [info] [queue_elements.cpp:68] [operator()] Thread in element PullQEl_hw_read0yolo26n/conv94 is not running anymore, exiting..
[2026-04-23 16:18:03.159] [772335] [HailoRT] [info] [queue_elements.cpp:46] [~BaseQueueElement] Queue element PullQEl_hw_read0yolo26n/conv94 has 0 frames in his Queue on destruction
[2026-04-23 16:18:03.159] [1140247] [HailoRT] [info] [queue_elements.cpp:68] [operator()] Thread in element UserBuffQEl0yolo26n/conv94 is not running anymore, exiting..
[2026-04-23 16:18:03.159] [772335] [HailoRT] [info] [queue_elements.cpp:46] [~BaseQueueElement] Queue element UserBuffQEl0yolo26n/conv94 has 0 frames in his Queue on destruction
[2026-04-23 16:18:03.159] [1140235] [HailoRT] [info] [queue_elements.cpp:68] [operator()] Thread in element PushQEl2yolo26n/input_layer1 is not running anymore, exiting..
[2026-04-23 16:18:03.159] [772335] [HailoRT] [info] [queue_elements.cpp:46] [~BaseQueueElement] Queue element PushQEl2yolo26n/input_layer1 has 0 frames in his Queue on destruction
[2026-04-23 16:18:03.159] [772335] [HailoRT] [info] [core_op.cpp:186] [deactivate] Deactivating took 0.443962 ms
[2026-04-23 16:18:03.159] [772335] [HailoRT] [info] [core_op.cpp:186] [deactivate] Deactivating took 0.454851 ms
[2026-04-23 16:18:03.167] [772335] [HailoRT] [info] [core_op.cpp:156] [activate] Activating arcface_mobilefacenet took 0.218852 milliseconds. Note that the function is asynchronous and thus the network is not fully activated yet.
[2026-04-23 16:18:03.167] [772335] [HailoRT] [info] [core_op.cpp:156] [activate] Activating arcface_mobilefacenet took 0.238333 milliseconds. Note that the function is asynchronous and thus the network is not fully activated yet.
[2026-04-23 16:18:03.167] [772335] [HailoRT] [info] [edge_elements.cpp:52] [create] Created (HwWriteEl1arcface_mobilefacenet/input_layer1 | hw_frame_size: 37632)
[2026-04-23 16:18:03.167] [772335] [HailoRT] [info] [vstream.cpp:754] [InputVStreamImpl] Creating arcface_mobilefacenet/input_layer1...
[2026-04-23 16:18:03.167] [772335] [HailoRT] [info] [vstream_builder.cpp:102] [create_inputs] Input pipeline 'arcface_mobilefacenet/input_layer1': (HwWriteEl1arcface_mobilefacenet/input_layer1 | hw_frame_size: 37632) >> HW
[2026-04-23 16:18:03.167] [772335] [HailoRT] [info] [edge_elements.cpp:287] [create] Created (HwReadEl0arcface_mobilefacenet/fc1 | hw_frame_size: 512)
[2026-04-23 16:18:03.167] [772335] [HailoRT] [info] [queue_elements.cpp:657] [create] Created (PullQEl_hw_read0arcface_mobilefacenet/fc1)
[2026-04-23 16:18:03.167] [772335] [HailoRT] [info] [filter_elements.cpp:372] [create] Created (PostInferEl0arcface_mobilefacenet/fc1 | Quantization - src_type: UINT8, dst_type FLOAT32, limvals_min: -2.41025, limvals_max: 1.8579)
[2026-04-23 16:18:03.167] [772335] [HailoRT] [info] [queue_elements.cpp:800] [create] Created (UserBuffQEl0arcface_mobilefacenet/fc1 | timeout: 10s)
[2026-04-23 16:18:03.167] [772335] [HailoRT] [info] [vstream.cpp:1114] [OutputVStreamImpl] Creating arcface_mobilefacenet/fc1...
[2026-04-23 16:18:03.167] [772335] [HailoRT] [info] [vstream_builder.cpp:220] [create_outputs] Output pipeline 'arcface_mobilefacenet/fc1': HW >> (HwReadEl0arcface_mobilefacenet/fc1 | hw_frame_size: 512) >> (PullQEl_hw_read0arcface_mobilefacenet/fc1) >> (PostInferEl0arcface_mobilefacenet/fc1 | Quantization - src_type: UINT8, dst_type FLOAT32, limvals_min: -2.41025, limvals_max: 1.8579) >> (UserBuffQEl0arcface_mobilefacenet/fc1 | timeout: 10s)
[2026-04-23 16:18:03.174] [1140256] [HailoRT] [info] [queue_elements.cpp:855] [run_in_thread] Shutdown event was signaled in dequeue of UserBuffQEl0arcface_mobilefacenet/fc1!
[2026-04-23 16:18:03.174] [1140255] [HailoRT] [info] [vdevice_native_stream.cpp:331] [read_impl] Failed read from stream HAILO_STREAM_ABORT(63) (device: 0001:01:00.0)
[2026-04-23 16:18:03.174] [1140255] [HailoRT] [info] [edge_elements.cpp:396] [run_pull] Reading from stream was aborted!
[2026-04-23 16:18:03.174] [1140255] [HailoRT] [info] [queue_elements.cpp:738] [run_in_thread] run_pull of queue element PullQEl_hw_read0arcface_mobilefacenet/fc1 was aborted!
[2026-04-23 16:18:03.174] [1140255] [HailoRT] [info] [queue_elements.cpp:68] [operator()] Thread in element PullQEl_hw_read0arcface_mobilefacenet/fc1 is not running anymore, exiting..
[2026-04-23 16:18:03.174] [772335] [HailoRT] [info] [queue_elements.cpp:46] [~BaseQueueElement] Queue element PullQEl_hw_read0arcface_mobilefacenet/fc1 has 0 frames in his Queue on destruction
[2026-04-23 16:18:03.174] [1140256] [HailoRT] [info] [queue_elements.cpp:68] [operator()] Thread in element UserBuffQEl0arcface_mobilefacenet/fc1 is not running anymore, exiting..
[2026-04-23 16:18:03.174] [772335] [HailoRT] [info] [queue_elements.cpp:46] [~BaseQueueElement] Queue element UserBuffQEl0arcface_mobilefacenet/fc1 has 0 frames in his Queue on destruction
[2026-04-23 16:18:03.174] [772335] [HailoRT] [info] [core_op.cpp:186] [deactivate] Deactivating took 0.367796 ms
[2026-04-23 16:18:03.174] [772335] [HailoRT] [info] [core_op.cpp:186] [deactivate] Deactivating took 0.378148 ms
[2026-04-23 16:18:03.183] [772335] [HailoRT] [info] [core_op.cpp:156] [activate] Activating yolo26n took 0.551832 milliseconds. Note that the function is asynchronous and thus the network is not fully activated yet.
[2026-04-23 16:18:03.183] [772335] [HailoRT] [info] [core_op.cpp:156] [activate] Activating yolo26n took 0.580054 milliseconds. Note that the function is asynchronous and thus the network is not fully activated yet.
[2026-04-23 16:18:03.183] [772335] [HailoRT] [info] [edge_elements.cpp:52] [create] Created (HwWriteEl2yolo26n/input_layer1 | hw_frame_size: 1228800)
[2026-04-23 16:18:03.183] [772335] [HailoRT] [info] [queue_elements.cpp:284] [create] Created (PushQEl2yolo26n/input_layer1 | timeout: 10s)
[2026-04-23 16:18:03.183] [772335] [HailoRT] [info] [filter_elements.cpp:101] [create] Created (PreInferEl2yolo26n/input_layer1 | Reorder - src_order: NHWC, src_shape: (640, 640, 3), dst_order: NHCW, dst_shape: (640, 640, 3))
[2026-04-23 16:18:03.183] [772335] [HailoRT] [info] [vstream.cpp:754] [InputVStreamImpl] Creating yolo26n/input_layer1...
[2026-04-23 16:18:03.183] [772335] [HailoRT] [info] [vstream_builder.cpp:102] [create_inputs] Input pipeline 'yolo26n/input_layer1': (PreInferEl2yolo26n/input_layer1 | Reorder - src_order: NHWC, src_shape: (640, 640, 3), dst_order: NHCW, dst_shape: (640, 640, 3)) >> (PushQEl2yolo26n/input_layer1 | timeout: 10s) >> (HwWriteEl2yolo26n/input_layer1 | hw_frame_size: 1228800) >> HW
[2026-04-23 16:18:03.183] [772335] [HailoRT] [info] [edge_elements.cpp:287] [create] Created (HwReadEl3yolo26n/conv61 | hw_frame_size: 25600)
[2026-04-23 16:18:03.183] [772335] [HailoRT] [info] [queue_elements.cpp:657] [create] Created (PullQEl_hw_read3yolo26n/conv61)
[2026-04-23 16:18:03.183] [772335] [HailoRT] [info] [filter_elements.cpp:372] [create] Created (PostInferEl3yolo26n/conv61 | Quantization - src_type: UINT8, dst_type FLOAT32, limvals_min: -0.468035, limvals_max: 6.99127)
[2026-04-23 16:18:03.183] [772335] [HailoRT] [info] [queue_elements.cpp:800] [create] Created (UserBuffQEl3yolo26n/conv61 | timeout: 10s)
[2026-04-23 16:18:03.183] [772335] [HailoRT] [info] [vstream.cpp:1114] [OutputVStreamImpl] Creating yolo26n/conv61...
[2026-04-23 16:18:03.183] [772335] [HailoRT] [info] [vstream_builder.cpp:220] [create_outputs] Output pipeline 'yolo26n/conv61': HW >> (HwReadEl3yolo26n/conv61 | hw_frame_size: 25600) >> (PullQEl_hw_read3yolo26n/conv61) >> (PostInferEl3yolo26n/conv61 | Quantization - src_type: UINT8, dst_type FLOAT32, limvals_min: -0.468035, limvals_max: 6.99127) >> (UserBuffQEl3yolo26n/conv61 | timeout: 10s)
[2026-04-23 16:18:03.183] [772335] [HailoRT] [info] [edge_elements.cpp:287] [create] Created (HwReadEl2yolo26n/conv64 | hw_frame_size: 6400)
[2026-04-23 16:18:03.183] [772335] [HailoRT] [info] [queue_elements.cpp:657] [create] Created (PullQEl_hw_read2yolo26n/conv64)
[2026-04-23 16:18:03.183] [772335] [HailoRT] [info] [filter_elements.cpp:372] [create] Created (PostInferEl2yolo26n/conv64 | Quantization - src_type: UINT8, dst_type FLOAT32, limvals_min: -161.763, limvals_max: 2.5779)
[2026-04-23 16:18:03.183] [772335] [HailoRT] [info] [queue_elements.cpp:800] [create] Created (UserBuffQEl2yolo26n/conv64 | timeout: 10s)
[2026-04-23 16:18:03.183] [772335] [HailoRT] [info] [vstream.cpp:1114] [OutputVStreamImpl] Creating yolo26n/conv64...
[2026-04-23 16:18:03.183] [772335] [HailoRT] [info] [vstream_builder.cpp:220] [create_outputs] Output pipeline 'yolo26n/conv64': HW >> (HwReadEl2yolo26n/conv64 | hw_frame_size: 6400) >> (PullQEl_hw_read2yolo26n/conv64) >> (PostInferEl2yolo26n/conv64 | Quantization - src_type: UINT8, dst_type FLOAT32, limvals_min: -161.763, limvals_max: 2.5779) >> (UserBuffQEl2yolo26n/conv64 | timeout: 10s)
[2026-04-23 16:18:03.183] [772335] [HailoRT] [info] [edge_elements.cpp:287] [create] Created (HwReadEl1yolo26n/conv77 | hw_frame_size: 6400)
[2026-04-23 16:18:03.184] [772335] [HailoRT] [info] [queue_elements.cpp:657] [create] Created (PullQEl_hw_read1yolo26n/conv77)
[2026-04-23 16:18:03.184] [772335] [HailoRT] [info] [filter_elements.cpp:372] [create] Created (PostInferEl1yolo26n/conv77 | Quantization - src_type: UINT8, dst_type FLOAT32, limvals_min: -0.560223, limvals_max: 15.3127)
[2026-04-23 16:18:03.184] [772335] [HailoRT] [info] [queue_elements.cpp:800] [create] Created (UserBuffQEl1yolo26n/conv77 | timeout: 10s)
[2026-04-23 16:18:03.184] [772335] [HailoRT] [info] [vstream.cpp:1114] [OutputVStreamImpl] Creating yolo26n/conv77...
[2026-04-23 16:18:03.184] [772335] [HailoRT] [info] [vstream_builder.cpp:220] [create_outputs] Output pipeline 'yolo26n/conv77': HW >> (HwReadEl1yolo26n/conv77 | hw_frame_size: 6400) >> (PullQEl_hw_read1yolo26n/conv77) >> (PostInferEl1yolo26n/conv77 | Quantization - src_type: UINT8, dst_type FLOAT32, limvals_min: -0.560223, limvals_max: 15.3127) >> (UserBuffQEl1yolo26n/conv77 | timeout: 10s)
[2026-04-23 16:18:03.184] [772335] [HailoRT] [info] [edge_elements.cpp:287] [create] Created (HwReadEl0yolo26n/conv80 | hw_frame_size: 1600)
[2026-04-23 16:18:03.184] [772335] [HailoRT] [info] [queue_elements.cpp:657] [create] Created (PullQEl_hw_read0yolo26n/conv80)
[2026-04-23 16:18:03.184] [772335] [HailoRT] [info] [filter_elements.cpp:372] [create] Created (PostInferEl0yolo26n/conv80 | Quantization - src_type: UINT8, dst_type FLOAT32, limvals_min: -204.998, limvals_max: 2.44045)
[2026-04-23 16:18:03.184] [772335] [HailoRT] [info] [queue_elements.cpp:800] [create] Created (UserBuffQEl0yolo26n/conv80 | timeout: 10s)
[2026-04-23 16:18:03.184] [772335] [HailoRT] [info] [vstream.cpp:1114] [OutputVStreamImpl] Creating yolo26n/conv80...
[2026-04-23 16:18:03.184] [772335] [HailoRT] [info] [vstream_builder.cpp:220] [create_outputs] Output pipeline 'yolo26n/conv80': HW >> (HwReadEl0yolo26n/conv80 | hw_frame_size: 1600) >> (PullQEl_hw_read0yolo26n/conv80) >> (PostInferEl0yolo26n/conv80 | Quantization - src_type: UINT8, dst_type FLOAT32, limvals_min: -204.998, limvals_max: 2.44045) >> (UserBuffQEl0yolo26n/conv80 | timeout: 10s)
[2026-04-23 16:18:03.184] [772335] [HailoRT] [info] [edge_elements.cpp:287] [create] Created (HwReadEl1yolo26n/conv91 | hw_frame_size: 3200)
[2026-04-23 16:18:03.184] [772335] [HailoRT] [info] [queue_elements.cpp:657] [create] Created (PullQEl_hw_read1yolo26n/conv91)
[2026-04-23 16:18:03.184] [772335] [HailoRT] [info] [filter_elements.cpp:372] [create] Created (PostInferEl1yolo26n/conv91 | Quantization - src_type: UINT8, dst_type FLOAT32, limvals_min: 0, limvals_max: 14.2269 | Reorder - src_order: FCR, src_shape: (20, 20, 8), dst_order: FCR, dst_shape: (20, 20, 4))
[2026-04-23 16:18:03.184] [772335] [HailoRT] [info] [queue_elements.cpp:800] [create] Created (UserBuffQEl1yolo26n/conv91 | timeout: 10s)
[2026-04-23 16:18:03.184] [772335] [HailoRT] [info] [vstream.cpp:1114] [OutputVStreamImpl] Creating yolo26n/conv91...
[2026-04-23 16:18:03.184] [772335] [HailoRT] [info] [vstream_builder.cpp:220] [create_outputs] Output pipeline 'yolo26n/conv91': HW >> (HwReadEl1yolo26n/conv91 | hw_frame_size: 3200) >> (PullQEl_hw_read1yolo26n/conv91) >> (PostInferEl1yolo26n/conv91 | Quantization - src_type: UINT8, dst_type FLOAT32, limvals_min: 0, limvals_max: 14.2269 | Reorder - src_order: FCR, src_shape: (20, 20, 8), dst_order: FCR, dst_shape: (20, 20, 4)) >> (UserBuffQEl1yolo26n/conv91 | timeout: 10s)
[2026-04-23 16:18:03.184] [772335] [HailoRT] [info] [edge_elements.cpp:287] [create] Created (HwReadEl0yolo26n/conv94 | hw_frame_size: 3200)
[2026-04-23 16:18:03.184] [772335] [HailoRT] [info] [queue_elements.cpp:657] [create] Created (PullQEl_hw_read0yolo26n/conv94)
[2026-04-23 16:18:03.184] [772335] [HailoRT] [info] [filter_elements.cpp:372] [create] Created (PostInferEl0yolo26n/conv94 | Quantization - src_type: UINT8, dst_type FLOAT32, limvals_min: -155.797, limvals_max: 3.11594 | Reorder - src_order: FCR, src_shape: (20, 20, 8), dst_order: FCR, dst_shape: (20, 20, 1))
[2026-04-23 16:18:03.184] [772335] [HailoRT] [info] [queue_elements.cpp:800] [create] Created (UserBuffQEl0yolo26n/conv94 | timeout: 10s)
[2026-04-23 16:18:03.184] [772335] [HailoRT] [info] [vstream.cpp:1114] [OutputVStreamImpl] Creating yolo26n/conv94...
[2026-04-23 16:18:03.184] [772335] [HailoRT] [info] [vstream_builder.cpp:220] [create_outputs] Output pipeline 'yolo26n/conv94': HW >> (HwReadEl0yolo26n/conv94 | hw_frame_size: 3200) >> (PullQEl_hw_read0yolo26n/conv94) >> (PostInferEl0yolo26n/conv94 | Quantization - src_type: UINT8, dst_type FLOAT32, limvals_min: -155.797, limvals_max: 3.11594 | Reorder - src_order: FCR, src_shape: (20, 20, 8), dst_order: FCR, dst_shape: (20, 20, 1)) >> (UserBuffQEl0yolo26n/conv94 | timeout: 10s)
[2026-04-23 16:18:03.195] [1140261] [HailoRT] [info] [queue_elements.cpp:855] [run_in_thread] Shutdown event was signaled in dequeue of UserBuffQEl3yolo26n/conv61!
[2026-04-23 16:18:03.195] [1140260] [HailoRT] [info] [vdevice_native_stream.cpp:331] [read_impl] Failed read from stream HAILO_STREAM_ABORT(63) (device: 0001:01:00.0)
[2026-04-23 16:18:03.195] [1140260] [HailoRT] [info] [edge_elements.cpp:396] [run_pull] Reading from stream was aborted!
[2026-04-23 16:18:03.195] [1140260] [HailoRT] [info] [queue_elements.cpp:738] [run_in_thread] run_pull of queue element PullQEl_hw_read3yolo26n/conv61 was aborted!
[2026-04-23 16:18:03.195] [1140260] [HailoRT] [info] [queue_elements.cpp:68] [operator()] Thread in element PullQEl_hw_read3yolo26n/conv61 is not running anymore, exiting..
[2026-04-23 16:18:03.196] [772335] [HailoRT] [info] [queue_elements.cpp:46] [~BaseQueueElement] Queue element PullQEl_hw_read3yolo26n/conv61 has 0 frames in his Queue on destruction
[2026-04-23 16:18:03.196] [1140261] [HailoRT] [info] [queue_elements.cpp:68] [operator()] Thread in element UserBuffQEl3yolo26n/conv61 is not running anymore, exiting..
[2026-04-23 16:18:03.196] [772335] [HailoRT] [info] [queue_elements.cpp:46] [~BaseQueueElement] Queue element UserBuffQEl3yolo26n/conv61 has 0 frames in his Queue on destruction
[2026-04-23 16:18:03.196] [1140263] [HailoRT] [info] [queue_elements.cpp:855] [run_in_thread] Shutdown event was signaled in dequeue of UserBuffQEl2yolo26n/conv64!
[2026-04-23 16:18:03.196] [1140262] [HailoRT] [info] [vdevice_native_stream.cpp:331] [read_impl] Failed read from stream HAILO_STREAM_ABORT(63) (device: 0001:01:00.0)
[2026-04-23 16:18:03.196] [1140262] [HailoRT] [info] [edge_elements.cpp:396] [run_pull] Reading from stream was aborted!
[2026-04-23 16:18:03.196] [1140262] [HailoRT] [info] [queue_elements.cpp:738] [run_in_thread] run_pull of queue element PullQEl_hw_read2yolo26n/conv64 was aborted!
[2026-04-23 16:18:03.196] [1140262] [HailoRT] [info] [queue_elements.cpp:68] [operator()] Thread in element PullQEl_hw_read2yolo26n/conv64 is not running anymore, exiting..
[2026-04-23 16:18:03.196] [772335] [HailoRT] [info] [queue_elements.cpp:46] [~BaseQueueElement] Queue element PullQEl_hw_read2yolo26n/conv64 has 0 frames in his Queue on destruction
[2026-04-23 16:18:03.196] [1140263] [HailoRT] [info] [queue_elements.cpp:68] [operator()] Thread in element UserBuffQEl2yolo26n/conv64 is not running anymore, exiting..
[2026-04-23 16:18:03.196] [772335] [HailoRT] [info] [queue_elements.cpp:46] [~BaseQueueElement] Queue element UserBuffQEl2yolo26n/conv64 has 0 frames in his Queue on destruction
[2026-04-23 16:18:03.196] [1140265] [HailoRT] [info] [queue_elements.cpp:855] [run_in_thread] Shutdown event was signaled in dequeue of UserBuffQEl1yolo26n/conv77!
[2026-04-23 16:18:03.196] [1140264] [HailoRT] [info] [vdevice_native_stream.cpp:331] [read_impl] Failed read from stream HAILO_STREAM_ABORT(63) (device: 0001:01:00.0)
[2026-04-23 16:18:03.196] [1140264] [HailoRT] [info] [edge_elements.cpp:396] [run_pull] Reading from stream was aborted!
[2026-04-23 16:18:03.196] [1140264] [HailoRT] [info] [queue_elements.cpp:738] [run_in_thread] run_pull of queue element PullQEl_hw_read1yolo26n/conv77 was aborted!
[2026-04-23 16:18:03.196] [1140264] [HailoRT] [info] [queue_elements.cpp:68] [operator()] Thread in element PullQEl_hw_read1yolo26n/conv77 is not running anymore, exiting..
[2026-04-23 16:18:03.196] [772335] [HailoRT] [info] [queue_elements.cpp:46] [~BaseQueueElement] Queue element PullQEl_hw_read1yolo26n/conv77 has 0 frames in his Queue on destruction
[2026-04-23 16:18:03.196] [1140265] [HailoRT] [info] [queue_elements.cpp:68] [operator()] Thread in element UserBuffQEl1yolo26n/conv77 is not running anymore, exiting..
[2026-04-23 16:18:03.196] [772335] [HailoRT] [info] [queue_elements.cpp:46] [~BaseQueueElement] Queue element UserBuffQEl1yolo26n/conv77 has 0 frames in his Queue on destruction
[2026-04-23 16:18:03.196] [1140266] [HailoRT] [info] [vdevice_native_stream.cpp:331] [read_impl] Failed read from stream HAILO_STREAM_ABORT(63) (device: 0001:01:00.0)
[2026-04-23 16:18:03.196] [1140266] [HailoRT] [info] [edge_elements.cpp:396] [run_pull] Reading from stream was aborted!
[2026-04-23 16:18:03.196] [1140267] [HailoRT] [info] [queue_elements.cpp:855] [run_in_thread] Shutdown event was signaled in dequeue of UserBuffQEl0yolo26n/conv80!
[2026-04-23 16:18:03.196] [1140266] [HailoRT] [info] [queue_elements.cpp:738] [run_in_thread] run_pull of queue element PullQEl_hw_read0yolo26n/conv80 was aborted!
[2026-04-23 16:18:03.196] [1140266] [HailoRT] [info] [queue_elements.cpp:68] [operator()] Thread in element PullQEl_hw_read0yolo26n/conv80 is not running anymore, exiting..
[2026-04-23 16:18:03.196] [772335] [HailoRT] [info] [queue_elements.cpp:46] [~BaseQueueElement] Queue element PullQEl_hw_read0yolo26n/conv80 has 0 frames in his Queue on destruction
[2026-04-23 16:18:03.196] [1140267] [HailoRT] [info] [queue_elements.cpp:68] [operator()] Thread in element UserBuffQEl0yolo26n/conv80 is not running anymore, exiting..
[2026-04-23 16:18:03.196] [772335] [HailoRT] [info] [queue_elements.cpp:46] [~BaseQueueElement] Queue element UserBuffQEl0yolo26n/conv80 has 0 frames in his Queue on destruction
[2026-04-23 16:18:03.196] [1140268] [HailoRT] [info] [vdevice_native_stream.cpp:331] [read_impl] Failed read from stream HAILO_STREAM_ABORT(63) (device: 0001:01:00.0)
[2026-04-23 16:18:03.196] [1140268] [HailoRT] [info] [edge_elements.cpp:396] [run_pull] Reading from stream was aborted!
[2026-04-23 16:18:03.196] [1140269] [HailoRT] [info] [queue_elements.cpp:855] [run_in_thread] Shutdown event was signaled in dequeue of UserBuffQEl1yolo26n/conv91!
[2026-04-23 16:18:03.196] [1140268] [HailoRT] [info] [queue_elements.cpp:738] [run_in_thread] run_pull of queue element PullQEl_hw_read1yolo26n/conv91 was aborted!
[2026-04-23 16:18:03.196] [1140268] [HailoRT] [info] [queue_elements.cpp:68] [operator()] Thread in element PullQEl_hw_read1yolo26n/conv91 is not running anymore, exiting..
[2026-04-23 16:18:03.196] [772335] [HailoRT] [info] [queue_elements.cpp:46] [~BaseQueueElement] Queue element PullQEl_hw_read1yolo26n/conv91 has 0 frames in his Queue on destruction
[2026-04-23 16:18:03.196] [1140269] [HailoRT] [info] [queue_elements.cpp:68] [operator()] Thread in element UserBuffQEl1yolo26n/conv91 is not running anymore, exiting..
[2026-04-23 16:18:03.196] [772335] [HailoRT] [info] [queue_elements.cpp:46] [~BaseQueueElement] Queue element UserBuffQEl1yolo26n/conv91 has 0 frames in his Queue on destruction
[2026-04-23 16:18:03.196] [1140270] [HailoRT] [info] [vdevice_native_stream.cpp:331] [read_impl] Failed read from stream HAILO_STREAM_ABORT(63) (device: 0001:01:00.0)
[2026-04-23 16:18:03.196] [1140271] [HailoRT] [info] [queue_elements.cpp:855] [run_in_thread] Shutdown event was signaled in dequeue of UserBuffQEl0yolo26n/conv94!
[2026-04-23 16:18:03.196] [1140270] [HailoRT] [info] [edge_elements.cpp:396] [run_pull] Reading from stream was aborted!
[2026-04-23 16:18:03.196] [1140270] [HailoRT] [info] [queue_elements.cpp:738] [run_in_thread] run_pull of queue element PullQEl_hw_read0yolo26n/conv94 was aborted!
[2026-04-23 16:18:03.196] [1140270] [HailoRT] [info] [queue_elements.cpp:68] [operator()] Thread in element PullQEl_hw_read0yolo26n/conv94 is not running anymore, exiting..
[2026-04-23 16:18:03.196] [772335] [HailoRT] [info] [queue_elements.cpp:46] [~BaseQueueElement] Queue element PullQEl_hw_read0yolo26n/conv94 has 0 frames in his Queue on destruction
[2026-04-23 16:18:03.196] [1140271] [HailoRT] [info] [queue_elements.cpp:68] [operator()] Thread in element UserBuffQEl0yolo26n/conv94 is not running anymore, exiting..
[2026-04-23 16:18:03.196] [772335] [HailoRT] [info] [queue_elements.cpp:46] [~BaseQueueElement] Queue element UserBuffQEl0yolo26n/conv94 has 0 frames in his Queue on destruction
[2026-04-23 16:18:03.196] [1140259] [HailoRT] [info] [queue_elements.cpp:68] [operator()] Thread in element PushQEl2yolo26n/input_layer1 is not running anymore, exiting..
[2026-04-23 16:18:03.196] [772335] [HailoRT] [info] [queue_elements.cpp:46] [~BaseQueueElement] Queue element PushQEl2yolo26n/input_layer1 has 0 frames in his Queue on destruction
[2026-04-23 16:18:03.197] [772335] [HailoRT] [info] [core_op.cpp:186] [deactivate] Deactivating took 0.431685 ms
[2026-04-23 16:18:03.197] [772335] [HailoRT] [info] [core_op.cpp:186] [deactivate] Deactivating took 0.441591 ms
[2026-04-23 16:18:03.202] [772335] [HailoRT] [info] [core_op.cpp:156] [activate] Activating arcface_mobilefacenet took 0.218852 milliseconds. Note that the function is asynchronous and thus the network is not fully activated yet.
[2026-04-23 16:18:03.202] [772335] [HailoRT] [info] [core_op.cpp:156] [activate] Activating arcface_mobilefacenet took 0.237462 milliseconds. Note that the function is asynchronous and thus the network is not fully activated yet.
[2026-04-23 16:18:03.202] [772335] [HailoRT] [info] [edge_elements.cpp:52] [create] Created (HwWriteEl1arcface_mobilefacenet/input_layer1 | hw_frame_size: 37632)
[2026-04-23 16:18:03.203] [772335] [HailoRT] [info] [vstream.cpp:754] [InputVStreamImpl] Creating arcface_mobilefacenet/input_layer1...
[2026-04-23 16:18:03.203] [772335] [HailoRT] [info] [vstream_builder.cpp:102] [create_inputs] Input pipeline 'arcface_mobilefacenet/input_layer1': (HwWriteEl1arcface_mobilefacenet/input_layer1 | hw_frame_size: 37632) >> HW
[2026-04-23 16:18:03.203] [772335] [HailoRT] [info] [edge_elements.cpp:287] [create] Created (HwReadEl0arcface_mobilefacenet/fc1 | hw_frame_size: 512)
[2026-04-23 16:18:03.203] [772335] [HailoRT] [info] [queue_elements.cpp:657] [create] Created (PullQEl_hw_read0arcface_mobilefacenet/fc1)
[2026-04-23 16:18:03.203] [772335] [HailoRT] [info] [filter_elements.cpp:372] [create] Created (PostInferEl0arcface_mobilefacenet/fc1 | Quantization - src_type: UINT8, dst_type FLOAT32, limvals_min: -2.41025, limvals_max: 1.8579)
[2026-04-23 16:18:03.203] [772335] [HailoRT] [info] [queue_elements.cpp:800] [create] Created (UserBuffQEl0arcface_mobilefacenet/fc1 | timeout: 10s)
[2026-04-23 16:18:03.203] [772335] [HailoRT] [info] [vstream.cpp:1114] [OutputVStreamImpl] Creating arcface_mobilefacenet/fc1...
[2026-04-23 16:18:03.203] [772335] [HailoRT] [info] [vstream_builder.cpp:220] [create_outputs] Output pipeline 'arcface_mobilefacenet/fc1': HW >> (HwReadEl0arcface_mobilefacenet/fc1 | hw_frame_size: 512) >> (PullQEl_hw_read0arcface_mobilefacenet/fc1) >> (PostInferEl0arcface_mobilefacenet/fc1 | Quantization - src_type: UINT8, dst_type FLOAT32, limvals_min: -2.41025, limvals_max: 1.8579) >> (UserBuffQEl0arcface_mobilefacenet/fc1 | timeout: 10s)
[2026-04-23 16:18:03.209] [1140280] [HailoRT] [info] [queue_elements.cpp:855] [run_in_thread] Shutdown event was signaled in dequeue of UserBuffQEl0arcface_mobilefacenet/fc1!
[2026-04-23 16:18:03.209] [1140279] [HailoRT] [info] [vdevice_native_stream.cpp:331] [read_impl] Failed read from stream HAILO_STREAM_ABORT(63) (device: 0001:01:00.0)
[2026-04-23 16:18:03.209] [1140279] [HailoRT] [info] [edge_elements.cpp:396] [run_pull] Reading from stream was aborted!
[2026-04-23 16:18:03.209] [1140279] [HailoRT] [info] [queue_elements.cpp:738] [run_in_thread] run_pull of queue element PullQEl_hw_read0arcface_mobilefacenet/fc1 was aborted!
[2026-04-23 16:18:03.209] [1140279] [HailoRT] [info] [queue_elements.cpp:68] [operator()] Thread in element PullQEl_hw_read0arcface_mobilefacenet/fc1 is not running anymore, exiting..
[2026-04-23 16:18:03.209] [772335] [HailoRT] [info] [queue_elements.cpp:46] [~BaseQueueElement] Queue element PullQEl_hw_read0arcface_mobilefacenet/fc1 has 0 frames in his Queue on destruction
[2026-04-23 16:18:03.209] [1140280] [HailoRT] [info] [queue_elements.cpp:68] [operator()] Thread in element UserBuffQEl0arcface_mobilefacenet/fc1 is not running anymore, exiting..
[2026-04-23 16:18:03.209] [772335] [HailoRT] [info] [queue_elements.cpp:46] [~BaseQueueElement] Queue element UserBuffQEl0arcface_mobilefacenet/fc1 has 0 frames in his Queue on destruction
[2026-04-23 16:18:03.209] [772335] [HailoRT] [info] [core_op.cpp:186] [deactivate] Deactivating took 0.366555 ms
[2026-04-23 16:18:03.209] [772335] [HailoRT] [info] [core_op.cpp:186] [deactivate] Deactivating took 0.374536 ms
[2026-04-23 16:18:03.220] [772335] [HailoRT] [info] [core_op.cpp:156] [activate] Activating yolo26n took 0.470758 milliseconds. Note that the function is asynchronous and thus the network is not fully activated yet.
[2026-04-23 16:18:03.220] [772335] [HailoRT] [info] [core_op.cpp:156] [activate] Activating yolo26n took 0.492648 milliseconds. Note that the function is asynchronous and thus the network is not fully activated yet.
[2026-04-23 16:18:03.220] [772335] [HailoRT] [info] [edge_elements.cpp:52] [create] Created (HwWriteEl2yolo26n/input_layer1 | hw_frame_size: 1228800)
[2026-04-23 16:18:03.220] [772335] [HailoRT] [info] [queue_elements.cpp:284] [create] Created (PushQEl2yolo26n/input_layer1 | timeout: 10s)
[2026-04-23 16:18:03.220] [772335] [HailoRT] [info] [filter_elements.cpp:101] [create] Created (PreInferEl2yolo26n/input_layer1 | Reorder - src_order: NHWC, src_shape: (640, 640, 3), dst_order: NHCW, dst_shape: (640, 640, 3))
[2026-04-23 16:18:03.220] [772335] [HailoRT] [info] [vstream.cpp:754] [InputVStreamImpl] Creating yolo26n/input_layer1...
[2026-04-23 16:18:03.220] [772335] [HailoRT] [info] [vstream_builder.cpp:102] [create_inputs] Input pipeline 'yolo26n/input_layer1': (PreInferEl2yolo26n/input_layer1 | Reorder - src_order: NHWC, src_shape: (640, 640, 3), dst_order: NHCW, dst_shape: (640, 640, 3)) >> (PushQEl2yolo26n/input_layer1 | timeout: 10s) >> (HwWriteEl2yolo26n/input_layer1 | hw_frame_size: 1228800) >> HW
[2026-04-23 16:18:03.220] [772335] [HailoRT] [info] [edge_elements.cpp:287] [create] Created (HwReadEl3yolo26n/conv61 | hw_frame_size: 25600)
[2026-04-23 16:18:03.221] [772335] [HailoRT] [info] [queue_elements.cpp:657] [create] Created (PullQEl_hw_read3yolo26n/conv61)
[2026-04-23 16:18:03.221] [772335] [HailoRT] [info] [filter_elements.cpp:372] [create] Created (PostInferEl3yolo26n/conv61 | Quantization - src_type: UINT8, dst_type FLOAT32, limvals_min: -0.468035, limvals_max: 6.99127)
[2026-04-23 16:18:03.221] [772335] [HailoRT] [info] [queue_elements.cpp:800] [create] Created (UserBuffQEl3yolo26n/conv61 | timeout: 10s)
[2026-04-23 16:18:03.221] [772335] [HailoRT] [info] [vstream.cpp:1114] [OutputVStreamImpl] Creating yolo26n/conv61...
[2026-04-23 16:18:03.221] [772335] [HailoRT] [info] [vstream_builder.cpp:220] [create_outputs] Output pipeline 'yolo26n/conv61': HW >> (HwReadEl3yolo26n/conv61 | hw_frame_size: 25600) >> (PullQEl_hw_read3yolo26n/conv61) >> (PostInferEl3yolo26n/conv61 | Quantization - src_type: UINT8, dst_type FLOAT32, limvals_min: -0.468035, limvals_max: 6.99127) >> (UserBuffQEl3yolo26n/conv61 | timeout: 10s)
[2026-04-23 16:18:03.221] [772335] [HailoRT] [info] [edge_elements.cpp:287] [create] Created (HwReadEl2yolo26n/conv64 | hw_frame_size: 6400)
[2026-04-23 16:18:03.221] [772335] [HailoRT] [info] [queue_elements.cpp:657] [create] Created (PullQEl_hw_read2yolo26n/conv64)
[2026-04-23 16:18:03.221] [772335] [HailoRT] [info] [filter_elements.cpp:372] [create] Created (PostInferEl2yolo26n/conv64 | Quantization - src_type: UINT8, dst_type FLOAT32, limvals_min: -161.763, limvals_max: 2.5779)
[2026-04-23 16:18:03.221] [772335] [HailoRT] [info] [queue_elements.cpp:800] [create] Created (UserBuffQEl2yolo26n/conv64 | timeout: 10s)
[2026-04-23 16:18:03.221] [772335] [HailoRT] [info] [vstream.cpp:1114] [OutputVStreamImpl] Creating yolo26n/conv64...
[2026-04-23 16:18:03.221] [772335] [HailoRT] [info] [vstream_builder.cpp:220] [create_outputs] Output pipeline 'yolo26n/conv64': HW >> (HwReadEl2yolo26n/conv64 | hw_frame_size: 6400) >> (PullQEl_hw_read2yolo26n/conv64) >> (PostInferEl2yolo26n/conv64 | Quantization - src_type: UINT8, dst_type FLOAT32, limvals_min: -161.763, limvals_max: 2.5779) >> (UserBuffQEl2yolo26n/conv64 | timeout: 10s)
[2026-04-23 16:18:03.221] [772335] [HailoRT] [info] [edge_elements.cpp:287] [create] Created (HwReadEl1yolo26n/conv77 | hw_frame_size: 6400)
[2026-04-23 16:18:03.221] [772335] [HailoRT] [info] [queue_elements.cpp:657] [create] Created (PullQEl_hw_read1yolo26n/conv77)
[2026-04-23 16:18:03.221] [772335] [HailoRT] [info] [filter_elements.cpp:372] [create] Created (PostInferEl1yolo26n/conv77 | Quantization - src_type: UINT8, dst_type FLOAT32, limvals_min: -0.560223, limvals_max: 15.3127)
[2026-04-23 16:18:03.221] [772335] [HailoRT] [info] [queue_elements.cpp:800] [create] Created (UserBuffQEl1yolo26n/conv77 | timeout: 10s)
[2026-04-23 16:18:03.221] [772335] [HailoRT] [info] [vstream.cpp:1114] [OutputVStreamImpl] Creating yolo26n/conv77...
[2026-04-23 16:18:03.221] [772335] [HailoRT] [info] [vstream_builder.cpp:220] [create_outputs] Output pipeline 'yolo26n/conv77': HW >> (HwReadEl1yolo26n/conv77 | hw_frame_size: 6400) >> (PullQEl_hw_read1yolo26n/conv77) >> (PostInferEl1yolo26n/conv77 | Quantization - src_type: UINT8, dst_type FLOAT32, limvals_min: -0.560223, limvals_max: 15.3127) >> (UserBuffQEl1yolo26n/conv77 | timeout: 10s)
[2026-04-23 16:18:03.221] [772335] [HailoRT] [info] [edge_elements.cpp:287] [create] Created (HwReadEl0yolo26n/conv80 | hw_frame_size: 1600)
[2026-04-23 16:18:03.221] [772335] [HailoRT] [info] [queue_elements.cpp:657] [create] Created (PullQEl_hw_read0yolo26n/conv80)
[2026-04-23 16:18:03.221] [772335] [HailoRT] [info] [filter_elements.cpp:372] [create] Created (PostInferEl0yolo26n/conv80 | Quantization - src_type: UINT8, dst_type FLOAT32, limvals_min: -204.998, limvals_max: 2.44045)
[2026-04-23 16:18:03.221] [772335] [HailoRT] [info] [queue_elements.cpp:800] [create] Created (UserBuffQEl0yolo26n/conv80 | timeout: 10s)
[2026-04-23 16:18:03.221] [772335] [HailoRT] [info] [vstream.cpp:1114] [OutputVStreamImpl] Creating yolo26n/conv80...
[2026-04-23 16:18:03.221] [772335] [HailoRT] [info] [vstream_builder.cpp:220] [create_outputs] Output pipeline 'yolo26n/conv80': HW >> (HwReadEl0yolo26n/conv80 | hw_frame_size: 1600) >> (PullQEl_hw_read0yolo26n/conv80) >> (PostInferEl0yolo26n/conv80 | Quantization - src_type: UINT8, dst_type FLOAT32, limvals_min: -204.998, limvals_max: 2.44045) >> (UserBuffQEl0yolo26n/conv80 | timeout: 10s)
[2026-04-23 16:18:03.221] [772335] [HailoRT] [info] [edge_elements.cpp:287] [create] Created (HwReadEl1yolo26n/conv91 | hw_frame_size: 3200)
[2026-04-23 16:18:03.221] [772335] [HailoRT] [info] [queue_elements.cpp:657] [create] Created (PullQEl_hw_read1yolo26n/conv91)
[2026-04-23 16:18:03.221] [772335] [HailoRT] [info] [filter_elements.cpp:372] [create] Created (PostInferEl1yolo26n/conv91 | Quantization - src_type: UINT8, dst_type FLOAT32, limvals_min: 0, limvals_max: 14.2269 | Reorder - src_order: FCR, src_shape: (20, 20, 8), dst_order: FCR, dst_shape: (20, 20, 4))
[2026-04-23 16:18:03.221] [772335] [HailoRT] [info] [queue_elements.cpp:800] [create] Created (UserBuffQEl1yolo26n/conv91 | timeout: 10s)
[2026-04-23 16:18:03.221] [772335] [HailoRT] [info] [vstream.cpp:1114] [OutputVStreamImpl] Creating yolo26n/conv91...
[2026-04-23 16:18:03.221] [772335] [HailoRT] [info] [vstream_builder.cpp:220] [create_outputs] Output pipeline 'yolo26n/conv91': HW >> (HwReadEl1yolo26n/conv91 | hw_frame_size: 3200) >> (PullQEl_hw_read1yolo26n/conv91) >> (PostInferEl1yolo26n/conv91 | Quantization - src_type: UINT8, dst_type FLOAT32, limvals_min: 0, limvals_max: 14.2269 | Reorder - src_order: FCR, src_shape: (20, 20, 8), dst_order: FCR, dst_shape: (20, 20, 4)) >> (UserBuffQEl1yolo26n/conv91 | timeout: 10s)
[2026-04-23 16:18:03.221] [772335] [HailoRT] [info] [edge_elements.cpp:287] [create] Created (HwReadEl0yolo26n/conv94 | hw_frame_size: 3200)
[2026-04-23 16:18:03.221] [772335] [HailoRT] [info] [queue_elements.cpp:657] [create] Created (PullQEl_hw_read0yolo26n/conv94)
[2026-04-23 16:18:03.221] [772335] [HailoRT] [info] [filter_elements.cpp:372] [create] Created (PostInferEl0yolo26n/conv94 | Quantization - src_type: UINT8, dst_type FLOAT32, limvals_min: -155.797, limvals_max: 3.11594 | Reorder - src_order: FCR, src_shape: (20, 20, 8), dst_order: FCR, dst_shape: (20, 20, 1))
[2026-04-23 16:18:03.221] [772335] [HailoRT] [info] [queue_elements.cpp:800] [create] Created (UserBuffQEl0yolo26n/conv94 | timeout: 10s)
[2026-04-23 16:18:03.221] [772335] [HailoRT] [info] [vstream.cpp:1114] [OutputVStreamImpl] Creating yolo26n/conv94...
[2026-04-23 16:18:03.221] [772335] [HailoRT] [info] [vstream_builder.cpp:220] [create_outputs] Output pipeline 'yolo26n/conv94': HW >> (HwReadEl0yolo26n/conv94 | hw_frame_size: 3200) >> (PullQEl_hw_read0yolo26n/conv94) >> (PostInferEl0yolo26n/conv94 | Quantization - src_type: UINT8, dst_type FLOAT32, limvals_min: -155.797, limvals_max: 3.11594 | Reorder - src_order: FCR, src_shape: (20, 20, 8), dst_order: FCR, dst_shape: (20, 20, 1)) >> (UserBuffQEl0yolo26n/conv94 | timeout: 10s)
[2026-04-23 16:18:03.233] [1140285] [HailoRT] [info] [queue_elements.cpp:855] [run_in_thread] Shutdown event was signaled in dequeue of UserBuffQEl3yolo26n/conv61!
[2026-04-23 16:18:03.233] [1140284] [HailoRT] [info] [vdevice_native_stream.cpp:331] [read_impl] Failed read from stream HAILO_STREAM_ABORT(63) (device: 0001:01:00.0)
[2026-04-23 16:18:03.233] [1140284] [HailoRT] [info] [edge_elements.cpp:396] [run_pull] Reading from stream was aborted!
[2026-04-23 16:18:03.233] [1140284] [HailoRT] [info] [queue_elements.cpp:738] [run_in_thread] run_pull of queue element PullQEl_hw_read3yolo26n/conv61 was aborted!
[2026-04-23 16:18:03.233] [1140284] [HailoRT] [info] [queue_elements.cpp:68] [operator()] Thread in element PullQEl_hw_read3yolo26n/conv61 is not running anymore, exiting..
[2026-04-23 16:18:03.233] [772335] [HailoRT] [info] [queue_elements.cpp:46] [~BaseQueueElement] Queue element PullQEl_hw_read3yolo26n/conv61 has 0 frames in his Queue on destruction
[2026-04-23 16:18:03.233] [1140285] [HailoRT] [info] [queue_elements.cpp:68] [operator()] Thread in element UserBuffQEl3yolo26n/conv61 is not running anymore, exiting..
[2026-04-23 16:18:03.233] [772335] [HailoRT] [info] [queue_elements.cpp:46] [~BaseQueueElement] Queue element UserBuffQEl3yolo26n/conv61 has 0 frames in his Queue on destruction
[2026-04-23 16:18:03.233] [1140287] [HailoRT] [info] [queue_elements.cpp:855] [run_in_thread] Shutdown event was signaled in dequeue of UserBuffQEl2yolo26n/conv64!
[2026-04-23 16:18:03.233] [1140286] [HailoRT] [info] [vdevice_native_stream.cpp:331] [read_impl] Failed read from stream HAILO_STREAM_ABORT(63) (device: 0001:01:00.0)
[2026-04-23 16:18:03.233] [1140286] [HailoRT] [info] [edge_elements.cpp:396] [run_pull] Reading from stream was aborted!
[2026-04-23 16:18:03.233] [1140286] [HailoRT] [info] [queue_elements.cpp:738] [run_in_thread] run_pull of queue element PullQEl_hw_read2yolo26n/conv64 was aborted!
[2026-04-23 16:18:03.233] [1140286] [HailoRT] [info] [queue_elements.cpp:68] [operator()] Thread in element PullQEl_hw_read2yolo26n/conv64 is not running anymore, exiting..
[2026-04-23 16:18:03.233] [772335] [HailoRT] [info] [queue_elements.cpp:46] [~BaseQueueElement] Queue element PullQEl_hw_read2yolo26n/conv64 has 0 frames in his Queue on destruction
[2026-04-23 16:18:03.233] [1140287] [HailoRT] [info] [queue_elements.cpp:68] [operator()] Thread in element UserBuffQEl2yolo26n/conv64 is not running anymore, exiting..
[2026-04-23 16:18:03.233] [772335] [HailoRT] [info] [queue_elements.cpp:46] [~BaseQueueElement] Queue element UserBuffQEl2yolo26n/conv64 has 0 frames in his Queue on destruction
[2026-04-23 16:18:03.233] [1140289] [HailoRT] [info] [queue_elements.cpp:855] [run_in_thread] Shutdown event was signaled in dequeue of UserBuffQEl1yolo26n/conv77!
[2026-04-23 16:18:03.233] [1140288] [HailoRT] [info] [vdevice_native_stream.cpp:331] [read_impl] Failed read from stream HAILO_STREAM_ABORT(63) (device: 0001:01:00.0)
[2026-04-23 16:18:03.233] [1140288] [HailoRT] [info] [edge_elements.cpp:396] [run_pull] Reading from stream was aborted!
[2026-04-23 16:18:03.233] [1140288] [HailoRT] [info] [queue_elements.cpp:738] [run_in_thread] run_pull of queue element PullQEl_hw_read1yolo26n/conv77 was aborted!
[2026-04-23 16:18:03.233] [1140288] [HailoRT] [info] [queue_elements.cpp:68] [operator()] Thread in element PullQEl_hw_read1yolo26n/conv77 is not running anymore, exiting..
[2026-04-23 16:18:03.233] [772335] [HailoRT] [info] [queue_elements.cpp:46] [~BaseQueueElement] Queue element PullQEl_hw_read1yolo26n/conv77 has 0 frames in his Queue on destruction
[2026-04-23 16:18:03.233] [1140289] [HailoRT] [info] [queue_elements.cpp:68] [operator()] Thread in element UserBuffQEl1yolo26n/conv77 is not running anymore, exiting..
[2026-04-23 16:18:03.233] [772335] [HailoRT] [info] [queue_elements.cpp:46] [~BaseQueueElement] Queue element UserBuffQEl1yolo26n/conv77 has 0 frames in his Queue on destruction
[2026-04-23 16:18:03.233] [1140290] [HailoRT] [info] [vdevice_native_stream.cpp:331] [read_impl] Failed read from stream HAILO_STREAM_ABORT(63) (device: 0001:01:00.0)
[2026-04-23 16:18:03.233] [1140290] [HailoRT] [info] [edge_elements.cpp:396] [run_pull] Reading from stream was aborted!
[2026-04-23 16:18:03.233] [1140290] [HailoRT] [info] [queue_elements.cpp:738] [run_in_thread] run_pull of queue element PullQEl_hw_read0yolo26n/conv80 was aborted!
[2026-04-23 16:18:03.233] [1140291] [HailoRT] [info] [queue_elements.cpp:855] [run_in_thread] Shutdown event was signaled in dequeue of UserBuffQEl0yolo26n/conv80!
[2026-04-23 16:18:03.233] [1140290] [HailoRT] [info] [queue_elements.cpp:68] [operator()] Thread in element PullQEl_hw_read0yolo26n/conv80 is not running anymore, exiting..
[2026-04-23 16:18:03.233] [772335] [HailoRT] [info] [queue_elements.cpp:46] [~BaseQueueElement] Queue element PullQEl_hw_read0yolo26n/conv80 has 0 frames in his Queue on destruction
[2026-04-23 16:18:03.233] [1140291] [HailoRT] [info] [queue_elements.cpp:68] [operator()] Thread in element UserBuffQEl0yolo26n/conv80 is not running anymore, exiting..
[2026-04-23 16:18:03.233] [772335] [HailoRT] [info] [queue_elements.cpp:46] [~BaseQueueElement] Queue element UserBuffQEl0yolo26n/conv80 has 0 frames in his Queue on destruction
[2026-04-23 16:18:03.233] [1140292] [HailoRT] [info] [vdevice_native_stream.cpp:331] [read_impl] Failed read from stream HAILO_STREAM_ABORT(63) (device: 0001:01:00.0)
[2026-04-23 16:18:03.233] [1140293] [HailoRT] [info] [queue_elements.cpp:855] [run_in_thread] Shutdown event was signaled in dequeue of UserBuffQEl1yolo26n/conv91!
[2026-04-23 16:18:03.233] [1140292] [HailoRT] [info] [edge_elements.cpp:396] [run_pull] Reading from stream was aborted!
[2026-04-23 16:18:03.233] [1140292] [HailoRT] [info] [queue_elements.cpp:738] [run_in_thread] run_pull of queue element PullQEl_hw_read1yolo26n/conv91 was aborted!
[2026-04-23 16:18:03.233] [1140292] [HailoRT] [info] [queue_elements.cpp:68] [operator()] Thread in element PullQEl_hw_read1yolo26n/conv91 is not running anymore, exiting..
[2026-04-23 16:18:03.233] [772335] [HailoRT] [info] [queue_elements.cpp:46] [~BaseQueueElement] Queue element PullQEl_hw_read1yolo26n/conv91 has 0 frames in his Queue on destruction
[2026-04-23 16:18:03.233] [1140293] [HailoRT] [info] [queue_elements.cpp:68] [operator()] Thread in element UserBuffQEl1yolo26n/conv91 is not running anymore, exiting..
[2026-04-23 16:18:03.233] [772335] [HailoRT] [info] [queue_elements.cpp:46] [~BaseQueueElement] Queue element UserBuffQEl1yolo26n/conv91 has 0 frames in his Queue on destruction
[2026-04-23 16:18:03.233] [1140294] [HailoRT] [info] [vdevice_native_stream.cpp:331] [read_impl] Failed read from stream HAILO_STREAM_ABORT(63) (device: 0001:01:00.0)
[2026-04-23 16:18:03.233] [1140295] [HailoRT] [info] [queue_elements.cpp:855] [run_in_thread] Shutdown event was signaled in dequeue of UserBuffQEl0yolo26n/conv94!
[2026-04-23 16:18:03.233] [1140294] [HailoRT] [info] [edge_elements.cpp:396] [run_pull] Reading from stream was aborted!
[2026-04-23 16:18:03.233] [1140294] [HailoRT] [info] [queue_elements.cpp:738] [run_in_thread] run_pull of queue element PullQEl_hw_read0yolo26n/conv94 was aborted!
[2026-04-23 16:18:03.233] [1140294] [HailoRT] [info] [queue_elements.cpp:68] [operator()] Thread in element PullQEl_hw_read0yolo26n/conv94 is not running anymore, exiting..
[2026-04-23 16:18:03.233] [772335] [HailoRT] [info] [queue_elements.cpp:46] [~BaseQueueElement] Queue element PullQEl_hw_read0yolo26n/conv94 has 0 frames in his Queue on destruction
[2026-04-23 16:18:03.233] [1140295] [HailoRT] [info] [queue_elements.cpp:68] [operator()] Thread in element UserBuffQEl0yolo26n/conv94 is not running anymore, exiting..
[2026-04-23 16:18:03.233] [772335] [HailoRT] [info] [queue_elements.cpp:46] [~BaseQueueElement] Queue element UserBuffQEl0yolo26n/conv94 has 0 frames in his Queue on destruction
[2026-04-23 16:18:03.233] [1140283] [HailoRT] [info] [queue_elements.cpp:68] [operator()] Thread in element PushQEl2yolo26n/input_layer1 is not running anymore, exiting..
[2026-04-23 16:18:03.233] [772335] [HailoRT] [info] [queue_elements.cpp:46] [~BaseQueueElement] Queue element PushQEl2yolo26n/input_layer1 has 0 frames in his Queue on destruction
[2026-04-23 16:18:03.234] [772335] [HailoRT] [info] [core_op.cpp:186] [deactivate] Deactivating took 0.496573 ms
[2026-04-23 16:18:03.234] [772335] [HailoRT] [info] [core_op.cpp:186] [deactivate] Deactivating took 0.506388 ms
[2026-04-23 16:18:03.239] [772335] [HailoRT] [info] [core_op.cpp:156] [activate] Activating arcface_mobilefacenet took 0.226963 milliseconds. Note that the function is asynchronous and thus the network is not fully activated yet.
[2026-04-23 16:18:03.239] [772335] [HailoRT] [info] [core_op.cpp:156] [activate] Activating arcface_mobilefacenet took 0.245296 milliseconds. Note that the function is asynchronous and thus the network is not fully activated yet.
[2026-04-23 16:18:03.239] [772335] [HailoRT] [info] [edge_elements.cpp:52] [create] Created (HwWriteEl1arcface_mobilefacenet/input_layer1 | hw_frame_size: 37632)
[2026-04-23 16:18:03.239] [772335] [HailoRT] [info] [vstream.cpp:754] [InputVStreamImpl] Creating arcface_mobilefacenet/input_layer1...
[2026-04-23 16:18:03.239] [772335] [HailoRT] [info] [vstream_builder.cpp:102] [create_inputs] Input pipeline 'arcface_mobilefacenet/input_layer1': (HwWriteEl1arcface_mobilefacenet/input_layer1 | hw_frame_size: 37632) >> HW
[2026-04-23 16:18:03.239] [772335] [HailoRT] [info] [edge_elements.cpp:287] [create] Created (HwReadEl0arcface_mobilefacenet/fc1 | hw_frame_size: 512)
[2026-04-23 16:18:03.239] [772335] [HailoRT] [info] [queue_elements.cpp:657] [create] Created (PullQEl_hw_read0arcface_mobilefacenet/fc1)
[2026-04-23 16:18:03.239] [772335] [HailoRT] [info] [filter_elements.cpp:372] [create] Created (PostInferEl0arcface_mobilefacenet/fc1 | Quantization - src_type: UINT8, dst_type FLOAT32, limvals_min: -2.41025, limvals_max: 1.8579)
[2026-04-23 16:18:03.240] [772335] [HailoRT] [info] [queue_elements.cpp:800] [create] Created (UserBuffQEl0arcface_mobilefacenet/fc1 | timeout: 10s)
[2026-04-23 16:18:03.240] [772335] [HailoRT] [info] [vstream.cpp:1114] [OutputVStreamImpl] Creating arcface_mobilefacenet/fc1...
[2026-04-23 16:18:03.240] [772335] [HailoRT] [info] [vstream_builder.cpp:220] [create_outputs] Output pipeline 'arcface_mobilefacenet/fc1': HW >> (HwReadEl0arcface_mobilefacenet/fc1 | hw_frame_size: 512) >> (PullQEl_hw_read0arcface_mobilefacenet/fc1) >> (PostInferEl0arcface_mobilefacenet/fc1 | Quantization - src_type: UINT8, dst_type FLOAT32, limvals_min: -2.41025, limvals_max: 1.8579) >> (UserBuffQEl0arcface_mobilefacenet/fc1 | timeout: 10s)
[2026-04-23 16:18:03.246] [1140304] [HailoRT] [info] [queue_elements.cpp:855] [run_in_thread] Shutdown event was signaled in dequeue of UserBuffQEl0arcface_mobilefacenet/fc1!
[2026-04-23 16:18:03.246] [1140303] [HailoRT] [info] [vdevice_native_stream.cpp:331] [read_impl] Failed read from stream HAILO_STREAM_ABORT(63) (device: 0001:01:00.0)
[2026-04-23 16:18:03.246] [1140303] [HailoRT] [info] [edge_elements.cpp:396] [run_pull] Reading from stream was aborted!
[2026-04-23 16:18:03.246] [1140303] [HailoRT] [info] [queue_elements.cpp:738] [run_in_thread] run_pull of queue element PullQEl_hw_read0arcface_mobilefacenet/fc1 was aborted!
[2026-04-23 16:18:03.246] [1140303] [HailoRT] [info] [queue_elements.cpp:68] [operator()] Thread in element PullQEl_hw_read0arcface_mobilefacenet/fc1 is not running anymore, exiting..
[2026-04-23 16:18:03.246] [772335] [HailoRT] [info] [queue_elements.cpp:46] [~BaseQueueElement] Queue element PullQEl_hw_read0arcface_mobilefacenet/fc1 has 0 frames in his Queue on destruction
[2026-04-23 16:18:03.246] [1140304] [HailoRT] [info] [queue_elements.cpp:68] [operator()] Thread in element UserBuffQEl0arcface_mobilefacenet/fc1 is not running anymore, exiting..
[2026-04-23 16:18:03.246] [772335] [HailoRT] [info] [queue_elements.cpp:46] [~BaseQueueElement] Queue element UserBuffQEl0arcface_mobilefacenet/fc1 has 0 frames in his Queue on destruction
[2026-04-23 16:18:03.246] [772335] [HailoRT] [info] [core_op.cpp:186] [deactivate] Deactivating took 0.362259 ms
[2026-04-23 16:18:03.246] [772335] [HailoRT] [info] [core_op.cpp:186] [deactivate] Deactivating took 0.371037 ms
[2026-04-23 16:18:03.255] [772335] [HailoRT] [info] [core_op.cpp:156] [activate] Activating yolo26n took 0.477796 milliseconds. Note that the function is asynchronous and thus the network is not fully activated yet.
[2026-04-23 16:18:03.255] [772335] [HailoRT] [info] [core_op.cpp:156] [activate] Activating yolo26n took 0.501721 milliseconds. Note that the function is asynchronous and thus the network is not fully activated yet.
[2026-04-23 16:18:03.255] [772335] [HailoRT] [info] [edge_elements.cpp:52] [create] Created (HwWriteEl2yolo26n/input_layer1 | hw_frame_size: 1228800)
[2026-04-23 16:18:03.255] [772335] [HailoRT] [info] [queue_elements.cpp:284] [create] Created (PushQEl2yolo26n/input_layer1 | timeout: 10s)
[2026-04-23 16:18:03.255] [772335] [HailoRT] [info] [filter_elements.cpp:101] [create] Created (PreInferEl2yolo26n/input_layer1 | Reorder - src_order: NHWC, src_shape: (640, 640, 3), dst_order: NHCW, dst_shape: (640, 640, 3))
[2026-04-23 16:18:03.255] [772335] [HailoRT] [info] [vstream.cpp:754] [InputVStreamImpl] Creating yolo26n/input_layer1...
[2026-04-23 16:18:03.255] [772335] [HailoRT] [info] [vstream_builder.cpp:102] [create_inputs] Input pipeline 'yolo26n/input_layer1': (PreInferEl2yolo26n/input_layer1 | Reorder - src_order: NHWC, src_shape: (640, 640, 3), dst_order: NHCW, dst_shape: (640, 640, 3)) >> (PushQEl2yolo26n/input_layer1 | timeout: 10s) >> (HwWriteEl2yolo26n/input_layer1 | hw_frame_size: 1228800) >> HW
[2026-04-23 16:18:03.255] [772335] [HailoRT] [info] [edge_elements.cpp:287] [create] Created (HwReadEl3yolo26n/conv61 | hw_frame_size: 25600)
[2026-04-23 16:18:03.255] [772335] [HailoRT] [info] [queue_elements.cpp:657] [create] Created (PullQEl_hw_read3yolo26n/conv61)
[2026-04-23 16:18:03.255] [772335] [HailoRT] [info] [filter_elements.cpp:372] [create] Created (PostInferEl3yolo26n/conv61 | Quantization - src_type: UINT8, dst_type FLOAT32, limvals_min: -0.468035, limvals_max: 6.99127)
[2026-04-23 16:18:03.255] [772335] [HailoRT] [info] [queue_elements.cpp:800] [create] Created (UserBuffQEl3yolo26n/conv61 | timeout: 10s)
[2026-04-23 16:18:03.255] [772335] [HailoRT] [info] [vstream.cpp:1114] [OutputVStreamImpl] Creating yolo26n/conv61...
[2026-04-23 16:18:03.255] [772335] [HailoRT] [info] [vstream_builder.cpp:220] [create_outputs] Output pipeline 'yolo26n/conv61': HW >> (HwReadEl3yolo26n/conv61 | hw_frame_size: 25600) >> (PullQEl_hw_read3yolo26n/conv61) >> (PostInferEl3yolo26n/conv61 | Quantization - src_type: UINT8, dst_type FLOAT32, limvals_min: -0.468035, limvals_max: 6.99127) >> (UserBuffQEl3yolo26n/conv61 | timeout: 10s)
[2026-04-23 16:18:03.255] [772335] [HailoRT] [info] [edge_elements.cpp:287] [create] Created (HwReadEl2yolo26n/conv64 | hw_frame_size: 6400)
[2026-04-23 16:18:03.255] [772335] [HailoRT] [info] [queue_elements.cpp:657] [create] Created (PullQEl_hw_read2yolo26n/conv64)
[2026-04-23 16:18:03.255] [772335] [HailoRT] [info] [filter_elements.cpp:372] [create] Created (PostInferEl2yolo26n/conv64 | Quantization - src_type: UINT8, dst_type FLOAT32, limvals_min: -161.763, limvals_max: 2.5779)
[2026-04-23 16:18:03.255] [772335] [HailoRT] [info] [queue_elements.cpp:800] [create] Created (UserBuffQEl2yolo26n/conv64 | timeout: 10s)
[2026-04-23 16:18:03.255] [772335] [HailoRT] [info] [vstream.cpp:1114] [OutputVStreamImpl] Creating yolo26n/conv64...
[2026-04-23 16:18:03.256] [772335] [HailoRT] [info] [vstream_builder.cpp:220] [create_outputs] Output pipeline 'yolo26n/conv64': HW >> (HwReadEl2yolo26n/conv64 | hw_frame_size: 6400) >> (PullQEl_hw_read2yolo26n/conv64) >> (PostInferEl2yolo26n/conv64 | Quantization - src_type: UINT8, dst_type FLOAT32, limvals_min: -161.763, limvals_max: 2.5779) >> (UserBuffQEl2yolo26n/conv64 | timeout: 10s)
[2026-04-23 16:18:03.256] [772335] [HailoRT] [info] [edge_elements.cpp:287] [create] Created (HwReadEl1yolo26n/conv77 | hw_frame_size: 6400)
[2026-04-23 16:18:03.256] [772335] [HailoRT] [info] [queue_elements.cpp:657] [create] Created (PullQEl_hw_read1yolo26n/conv77)
[2026-04-23 16:18:03.256] [772335] [HailoRT] [info] [filter_elements.cpp:372] [create] Created (PostInferEl1yolo26n/conv77 | Quantization - src_type: UINT8, dst_type FLOAT32, limvals_min: -0.560223, limvals_max: 15.3127)
[2026-04-23 16:18:03.256] [772335] [HailoRT] [info] [queue_elements.cpp:800] [create] Created (UserBuffQEl1yolo26n/conv77 | timeout: 10s)
[2026-04-23 16:18:03.256] [772335] [HailoRT] [info] [vstream.cpp:1114] [OutputVStreamImpl] Creating yolo26n/conv77...
[2026-04-23 16:18:03.256] [772335] [HailoRT] [info] [vstream_builder.cpp:220] [create_outputs] Output pipeline 'yolo26n/conv77': HW >> (HwReadEl1yolo26n/conv77 | hw_frame_size: 6400) >> (PullQEl_hw_read1yolo26n/conv77) >> (PostInferEl1yolo26n/conv77 | Quantization - src_type: UINT8, dst_type FLOAT32, limvals_min: -0.560223, limvals_max: 15.3127) >> (UserBuffQEl1yolo26n/conv77 | timeout: 10s)
[2026-04-23 16:18:03.256] [772335] [HailoRT] [info] [edge_elements.cpp:287] [create] Created (HwReadEl0yolo26n/conv80 | hw_frame_size: 1600)
[2026-04-23 16:18:03.256] [772335] [HailoRT] [info] [queue_elements.cpp:657] [create] Created (PullQEl_hw_read0yolo26n/conv80)
[2026-04-23 16:18:03.256] [772335] [HailoRT] [info] [filter_elements.cpp:372] [create] Created (PostInferEl0yolo26n/conv80 | Quantization - src_type: UINT8, dst_type FLOAT32, limvals_min: -204.998, limvals_max: 2.44045)
[2026-04-23 16:18:03.256] [772335] [HailoRT] [info] [queue_elements.cpp:800] [create] Created (UserBuffQEl0yolo26n/conv80 | timeout: 10s)
[2026-04-23 16:18:03.256] [772335] [HailoRT] [info] [vstream.cpp:1114] [OutputVStreamImpl] Creating yolo26n/conv80...
[2026-04-23 16:18:03.256] [772335] [HailoRT] [info] [vstream_builder.cpp:220] [create_outputs] Output pipeline 'yolo26n/conv80': HW >> (HwReadEl0yolo26n/conv80 | hw_frame_size: 1600) >> (PullQEl_hw_read0yolo26n/conv80) >> (PostInferEl0yolo26n/conv80 | Quantization - src_type: UINT8, dst_type FLOAT32, limvals_min: -204.998, limvals_max: 2.44045) >> (UserBuffQEl0yolo26n/conv80 | timeout: 10s)
[2026-04-23 16:18:03.256] [772335] [HailoRT] [info] [edge_elements.cpp:287] [create] Created (HwReadEl1yolo26n/conv91 | hw_frame_size: 3200)
[2026-04-23 16:18:03.256] [772335] [HailoRT] [info] [queue_elements.cpp:657] [create] Created (PullQEl_hw_read1yolo26n/conv91)
[2026-04-23 16:18:03.256] [772335] [HailoRT] [info] [filter_elements.cpp:372] [create] Created (PostInferEl1yolo26n/conv91 | Quantization - src_type: UINT8, dst_type FLOAT32, limvals_min: 0, limvals_max: 14.2269 | Reorder - src_order: FCR, src_shape: (20, 20, 8), dst_order: FCR, dst_shape: (20, 20, 4))
[2026-04-23 16:18:03.256] [772335] [HailoRT] [info] [queue_elements.cpp:800] [create] Created (UserBuffQEl1yolo26n/conv91 | timeout: 10s)
[2026-04-23 16:18:03.256] [772335] [HailoRT] [info] [vstream.cpp:1114] [OutputVStreamImpl] Creating yolo26n/conv91...
[2026-04-23 16:18:03.256] [772335] [HailoRT] [info] [vstream_builder.cpp:220] [create_outputs] Output pipeline 'yolo26n/conv91': HW >> (HwReadEl1yolo26n/conv91 | hw_frame_size: 3200) >> (PullQEl_hw_read1yolo26n/conv91) >> (PostInferEl1yolo26n/conv91 | Quantization - src_type: UINT8, dst_type FLOAT32, limvals_min: 0, limvals_max: 14.2269 | Reorder - src_order: FCR, src_shape: (20, 20, 8), dst_order: FCR, dst_shape: (20, 20, 4)) >> (UserBuffQEl1yolo26n/conv91 | timeout: 10s)
[2026-04-23 16:18:03.256] [772335] [HailoRT] [info] [edge_elements.cpp:287] [create] Created (HwReadEl0yolo26n/conv94 | hw_frame_size: 3200)
[2026-04-23 16:18:03.256] [772335] [HailoRT] [info] [queue_elements.cpp:657] [create] Created (PullQEl_hw_read0yolo26n/conv94)
[2026-04-23 16:18:03.256] [772335] [HailoRT] [info] [filter_elements.cpp:372] [create] Created (PostInferEl0yolo26n/conv94 | Quantization - src_type: UINT8, dst_type FLOAT32, limvals_min: -155.797, limvals_max: 3.11594 | Reorder - src_order: FCR, src_shape: (20, 20, 8), dst_order: FCR, dst_shape: (20, 20, 1))
[2026-04-23 16:18:03.256] [772335] [HailoRT] [info] [queue_elements.cpp:800] [create] Created (UserBuffQEl0yolo26n/conv94 | timeout: 10s)
[2026-04-23 16:18:03.256] [772335] [HailoRT] [info] [vstream.cpp:1114] [OutputVStreamImpl] Creating yolo26n/conv94...
[2026-04-23 16:18:03.256] [772335] [HailoRT] [info] [vstream_builder.cpp:220] [create_outputs] Output pipeline 'yolo26n/conv94': HW >> (HwReadEl0yolo26n/conv94 | hw_frame_size: 3200) >> (PullQEl_hw_read0yolo26n/conv94) >> (PostInferEl0yolo26n/conv94 | Quantization - src_type: UINT8, dst_type FLOAT32, limvals_min: -155.797, limvals_max: 3.11594 | Reorder - src_order: FCR, src_shape: (20, 20, 8), dst_order: FCR, dst_shape: (20, 20, 1)) >> (UserBuffQEl0yolo26n/conv94 | timeout: 10s)
[2026-04-23 16:18:03.267] [1140309] [HailoRT] [info] [queue_elements.cpp:855] [run_in_thread] Shutdown event was signaled in dequeue of UserBuffQEl3yolo26n/conv61!
[2026-04-23 16:18:03.267] [1140308] [HailoRT] [info] [vdevice_native_stream.cpp:331] [read_impl] Failed read from stream HAILO_STREAM_ABORT(63) (device: 0001:01:00.0)
[2026-04-23 16:18:03.267] [1140308] [HailoRT] [info] [edge_elements.cpp:396] [run_pull] Reading from stream was aborted!
[2026-04-23 16:18:03.267] [1140308] [HailoRT] [info] [queue_elements.cpp:738] [run_in_thread] run_pull of queue element PullQEl_hw_read3yolo26n/conv61 was aborted!
[2026-04-23 16:18:03.267] [1140308] [HailoRT] [info] [queue_elements.cpp:68] [operator()] Thread in element PullQEl_hw_read3yolo26n/conv61 is not running anymore, exiting..
[2026-04-23 16:18:03.267] [772335] [HailoRT] [info] [queue_elements.cpp:46] [~BaseQueueElement] Queue element PullQEl_hw_read3yolo26n/conv61 has 0 frames in his Queue on destruction
[2026-04-23 16:18:03.267] [1140309] [HailoRT] [info] [queue_elements.cpp:68] [operator()] Thread in element UserBuffQEl3yolo26n/conv61 is not running anymore, exiting..
[2026-04-23 16:18:03.267] [772335] [HailoRT] [info] [queue_elements.cpp:46] [~BaseQueueElement] Queue element UserBuffQEl3yolo26n/conv61 has 0 frames in his Queue on destruction
[2026-04-23 16:18:03.267] [1140311] [HailoRT] [info] [queue_elements.cpp:855] [run_in_thread] Shutdown event was signaled in dequeue of UserBuffQEl2yolo26n/conv64!
[2026-04-23 16:18:03.267] [1140310] [HailoRT] [info] [vdevice_native_stream.cpp:331] [read_impl] Failed read from stream HAILO_STREAM_ABORT(63) (device: 0001:01:00.0)
[2026-04-23 16:18:03.267] [1140310] [HailoRT] [info] [edge_elements.cpp:396] [run_pull] Reading from stream was aborted!
[2026-04-23 16:18:03.267] [1140310] [HailoRT] [info] [queue_elements.cpp:738] [run_in_thread] run_pull of queue element PullQEl_hw_read2yolo26n/conv64 was aborted!
[2026-04-23 16:18:03.267] [1140310] [HailoRT] [info] [queue_elements.cpp:68] [operator()] Thread in element PullQEl_hw_read2yolo26n/conv64 is not running anymore, exiting..
[2026-04-23 16:18:03.267] [772335] [HailoRT] [info] [queue_elements.cpp:46] [~BaseQueueElement] Queue element PullQEl_hw_read2yolo26n/conv64 has 0 frames in his Queue on destruction
[2026-04-23 16:18:03.267] [1140311] [HailoRT] [info] [queue_elements.cpp:68] [operator()] Thread in element UserBuffQEl2yolo26n/conv64 is not running anymore, exiting..
[2026-04-23 16:18:03.267] [772335] [HailoRT] [info] [queue_elements.cpp:46] [~BaseQueueElement] Queue element UserBuffQEl2yolo26n/conv64 has 0 frames in his Queue on destruction
[2026-04-23 16:18:03.267] [1140312] [HailoRT] [info] [vdevice_native_stream.cpp:331] [read_impl] Failed read from stream HAILO_STREAM_ABORT(63) (device: 0001:01:00.0)
[2026-04-23 16:18:03.267] [1140313] [HailoRT] [info] [queue_elements.cpp:855] [run_in_thread] Shutdown event was signaled in dequeue of UserBuffQEl1yolo26n/conv77!
[2026-04-23 16:18:03.267] [1140312] [HailoRT] [info] [edge_elements.cpp:396] [run_pull] Reading from stream was aborted!
[2026-04-23 16:18:03.267] [1140312] [HailoRT] [info] [queue_elements.cpp:738] [run_in_thread] run_pull of queue element PullQEl_hw_read1yolo26n/conv77 was aborted!
[2026-04-23 16:18:03.267] [1140312] [HailoRT] [info] [queue_elements.cpp:68] [operator()] Thread in element PullQEl_hw_read1yolo26n/conv77 is not running anymore, exiting..
[2026-04-23 16:18:03.268] [772335] [HailoRT] [info] [queue_elements.cpp:46] [~BaseQueueElement] Queue element PullQEl_hw_read1yolo26n/conv77 has 0 frames in his Queue on destruction
[2026-04-23 16:18:03.268] [1140313] [HailoRT] [info] [queue_elements.cpp:68] [operator()] Thread in element UserBuffQEl1yolo26n/conv77 is not running anymore, exiting..
[2026-04-23 16:18:03.268] [772335] [HailoRT] [info] [queue_elements.cpp:46] [~BaseQueueElement] Queue element UserBuffQEl1yolo26n/conv77 has 0 frames in his Queue on destruction
[2026-04-23 16:18:03.268] [1140314] [HailoRT] [info] [vdevice_native_stream.cpp:331] [read_impl] Failed read from stream HAILO_STREAM_ABORT(63) (device: 0001:01:00.0)
[2026-04-23 16:18:03.268] [1140315] [HailoRT] [info] [queue_elements.cpp:855] [run_in_thread] Shutdown event was signaled in dequeue of UserBuffQEl0yolo26n/conv80!
[2026-04-23 16:18:03.268] [1140314] [HailoRT] [info] [edge_elements.cpp:396] [run_pull] Reading from stream was aborted!
[2026-04-23 16:18:03.268] [1140314] [HailoRT] [info] [queue_elements.cpp:738] [run_in_thread] run_pull of queue element PullQEl_hw_read0yolo26n/conv80 was aborted!
[2026-04-23 16:18:03.268] [1140314] [HailoRT] [info] [queue_elements.cpp:68] [operator()] Thread in element PullQEl_hw_read0yolo26n/conv80 is not running anymore, exiting..
[2026-04-23 16:18:03.268] [772335] [HailoRT] [info] [queue_elements.cpp:46] [~BaseQueueElement] Queue element PullQEl_hw_read0yolo26n/conv80 has 0 frames in his Queue on destruction
[2026-04-23 16:18:03.268] [1140315] [HailoRT] [info] [queue_elements.cpp:68] [operator()] Thread in element UserBuffQEl0yolo26n/conv80 is not running anymore, exiting..
[2026-04-23 16:18:03.268] [772335] [HailoRT] [info] [queue_elements.cpp:46] [~BaseQueueElement] Queue element UserBuffQEl0yolo26n/conv80 has 0 frames in his Queue on destruction
[2026-04-23 16:18:03.268] [1140316] [HailoRT] [info] [vdevice_native_stream.cpp:331] [read_impl] Failed read from stream HAILO_STREAM_ABORT(63) (device: 0001:01:00.0)
[2026-04-23 16:18:03.268] [1140316] [HailoRT] [info] [edge_elements.cpp:396] [run_pull] Reading from stream was aborted!
[2026-04-23 16:18:03.268] [1140316] [HailoRT] [info] [queue_elements.cpp:738] [run_in_thread] run_pull of queue element PullQEl_hw_read1yolo26n/conv91 was aborted!
[2026-04-23 16:18:03.268] [1140317] [HailoRT] [info] [queue_elements.cpp:855] [run_in_thread] Shutdown event was signaled in dequeue of UserBuffQEl1yolo26n/conv91!
[2026-04-23 16:18:03.268] [1140316] [HailoRT] [info] [queue_elements.cpp:68] [operator()] Thread in element PullQEl_hw_read1yolo26n/conv91 is not running anymore, exiting..
[2026-04-23 16:18:03.268] [772335] [HailoRT] [info] [queue_elements.cpp:46] [~BaseQueueElement] Queue element PullQEl_hw_read1yolo26n/conv91 has 0 frames in his Queue on destruction
[2026-04-23 16:18:03.268] [1140317] [HailoRT] [info] [queue_elements.cpp:68] [operator()] Thread in element UserBuffQEl1yolo26n/conv91 is not running anymore, exiting..
[2026-04-23 16:18:03.268] [772335] [HailoRT] [info] [queue_elements.cpp:46] [~BaseQueueElement] Queue element UserBuffQEl1yolo26n/conv91 has 0 frames in his Queue on destruction
[2026-04-23 16:18:03.268] [1140318] [HailoRT] [info] [vdevice_native_stream.cpp:331] [read_impl] Failed read from stream HAILO_STREAM_ABORT(63) (device: 0001:01:00.0)
[2026-04-23 16:18:03.268] [1140319] [HailoRT] [info] [queue_elements.cpp:855] [run_in_thread] Shutdown event was signaled in dequeue of UserBuffQEl0yolo26n/conv94!
[2026-04-23 16:18:03.268] [1140318] [HailoRT] [info] [edge_elements.cpp:396] [run_pull] Reading from stream was aborted!
[2026-04-23 16:18:03.268] [1140318] [HailoRT] [info] [queue_elements.cpp:738] [run_in_thread] run_pull of queue element PullQEl_hw_read0yolo26n/conv94 was aborted!
[2026-04-23 16:18:03.268] [1140318] [HailoRT] [info] [queue_elements.cpp:68] [operator()] Thread in element PullQEl_hw_read0yolo26n/conv94 is not running anymore, exiting..
[2026-04-23 16:18:03.268] [772335] [HailoRT] [info] [queue_elements.cpp:46] [~BaseQueueElement] Queue element PullQEl_hw_read0yolo26n/conv94 has 0 frames in his Queue on destruction
[2026-04-23 16:18:03.268] [1140319] [HailoRT] [info] [queue_elements.cpp:68] [operator()] Thread in element UserBuffQEl0yolo26n/conv94 is not running anymore, exiting..
[2026-04-23 16:18:03.268] [772335] [HailoRT] [info] [queue_elements.cpp:46] [~BaseQueueElement] Queue element UserBuffQEl0yolo26n/conv94 has 0 frames in his Queue on destruction
[2026-04-23 16:18:03.268] [1140307] [HailoRT] [info] [queue_elements.cpp:68] [operator()] Thread in element PushQEl2yolo26n/input_layer1 is not running anymore, exiting..
[2026-04-23 16:18:03.268] [772335] [HailoRT] [info] [queue_elements.cpp:46] [~BaseQueueElement] Queue element PushQEl2yolo26n/input_layer1 has 0 frames in his Queue on destruction
[2026-04-23 16:18:03.268] [772335] [HailoRT] [info] [core_op.cpp:186] [deactivate] Deactivating took 0.496684 ms
[2026-04-23 16:18:03.268] [772335] [HailoRT] [info] [core_op.cpp:186] [deactivate] Deactivating took 0.50574 ms
[2026-04-23 16:18:03.274] [772335] [HailoRT] [info] [core_op.cpp:156] [activate] Activating arcface_mobilefacenet took 0.698795 milliseconds. Note that the function is asynchronous and thus the network is not fully activated yet.
[2026-04-23 16:18:03.274] [772335] [HailoRT] [info] [core_op.cpp:156] [activate] Activating arcface_mobilefacenet took 0.718758 milliseconds. Note that the function is asynchronous and thus the network is not fully activated yet.
[2026-04-23 16:18:03.274] [772335] [HailoRT] [info] [edge_elements.cpp:52] [create] Created (HwWriteEl1arcface_mobilefacenet/input_layer1 | hw_frame_size: 37632)
[2026-04-23 16:18:03.274] [772335] [HailoRT] [info] [vstream.cpp:754] [InputVStreamImpl] Creating arcface_mobilefacenet/input_layer1...
[2026-04-23 16:18:03.274] [772335] [HailoRT] [info] [vstream_builder.cpp:102] [create_inputs] Input pipeline 'arcface_mobilefacenet/input_layer1': (HwWriteEl1arcface_mobilefacenet/input_layer1 | hw_frame_size: 37632) >> HW
[2026-04-23 16:18:03.274] [772335] [HailoRT] [info] [edge_elements.cpp:287] [create] Created (HwReadEl0arcface_mobilefacenet/fc1 | hw_frame_size: 512)
[2026-04-23 16:18:03.274] [772335] [HailoRT] [info] [queue_elements.cpp:657] [create] Created (PullQEl_hw_read0arcface_mobilefacenet/fc1)
[2026-04-23 16:18:03.275] [772335] [HailoRT] [info] [filter_elements.cpp:372] [create] Created (PostInferEl0arcface_mobilefacenet/fc1 | Quantization - src_type: UINT8, dst_type FLOAT32, limvals_min: -2.41025, limvals_max: 1.8579)
[2026-04-23 16:18:03.275] [772335] [HailoRT] [info] [queue_elements.cpp:800] [create] Created (UserBuffQEl0arcface_mobilefacenet/fc1 | timeout: 10s)
[2026-04-23 16:18:03.275] [772335] [HailoRT] [info] [vstream.cpp:1114] [OutputVStreamImpl] Creating arcface_mobilefacenet/fc1...
[2026-04-23 16:18:03.275] [772335] [HailoRT] [info] [vstream_builder.cpp:220] [create_outputs] Output pipeline 'arcface_mobilefacenet/fc1': HW >> (HwReadEl0arcface_mobilefacenet/fc1 | hw_frame_size: 512) >> (PullQEl_hw_read0arcface_mobilefacenet/fc1) >> (PostInferEl0arcface_mobilefacenet/fc1 | Quantization - src_type: UINT8, dst_type FLOAT32, limvals_min: -2.41025, limvals_max: 1.8579) >> (UserBuffQEl0arcface_mobilefacenet/fc1 | timeout: 10s)
[2026-04-23 16:18:03.280] [1140331] [HailoRT] [info] [queue_elements.cpp:855] [run_in_thread] Shutdown event was signaled in dequeue of UserBuffQEl0arcface_mobilefacenet/fc1!
[2026-04-23 16:18:03.280] [1140330] [HailoRT] [info] [vdevice_native_stream.cpp:331] [read_impl] Failed read from stream HAILO_STREAM_ABORT(63) (device: 0001:01:00.0)
[2026-04-23 16:18:03.280] [1140330] [HailoRT] [info] [edge_elements.cpp:396] [run_pull] Reading from stream was aborted!
[2026-04-23 16:18:03.280] [1140330] [HailoRT] [info] [queue_elements.cpp:738] [run_in_thread] run_pull of queue element PullQEl_hw_read0arcface_mobilefacenet/fc1 was aborted!
[2026-04-23 16:18:03.280] [1140330] [HailoRT] [info] [queue_elements.cpp:68] [operator()] Thread in element PullQEl_hw_read0arcface_mobilefacenet/fc1 is not running anymore, exiting..
[2026-04-23 16:18:03.280] [772335] [HailoRT] [info] [queue_elements.cpp:46] [~BaseQueueElement] Queue element PullQEl_hw_read0arcface_mobilefacenet/fc1 has 0 frames in his Queue on destruction
[2026-04-23 16:18:03.280] [1140331] [HailoRT] [info] [queue_elements.cpp:68] [operator()] Thread in element UserBuffQEl0arcface_mobilefacenet/fc1 is not running anymore, exiting..
[2026-04-23 16:18:03.280] [772335] [HailoRT] [info] [queue_elements.cpp:46] [~BaseQueueElement] Queue element UserBuffQEl0arcface_mobilefacenet/fc1 has 0 frames in his Queue on destruction
[2026-04-23 16:18:03.281] [772335] [HailoRT] [info] [core_op.cpp:186] [deactivate] Deactivating took 0.36937 ms
[2026-04-23 16:18:03.281] [772335] [HailoRT] [info] [core_op.cpp:186] [deactivate] Deactivating took 0.37848 ms
[2026-04-23 16:18:03.291] [772335] [HailoRT] [info] [core_op.cpp:156] [activate] Activating yolo26n took 0.484739 milliseconds. Note that the function is asynchronous and thus the network is not fully activated yet.
[2026-04-23 16:18:03.291] [772335] [HailoRT] [info] [core_op.cpp:156] [activate] Activating yolo26n took 0.507073 milliseconds. Note that the function is asynchronous and thus the network is not fully activated yet.
[2026-04-23 16:18:03.291] [772335] [HailoRT] [info] [edge_elements.cpp:52] [create] Created (HwWriteEl2yolo26n/input_layer1 | hw_frame_size: 1228800)
[2026-04-23 16:18:03.291] [772335] [HailoRT] [info] [queue_elements.cpp:284] [create] Created (PushQEl2yolo26n/input_layer1 | timeout: 10s)
[2026-04-23 16:18:03.291] [772335] [HailoRT] [info] [filter_elements.cpp:101] [create] Created (PreInferEl2yolo26n/input_layer1 | Reorder - src_order: NHWC, src_shape: (640, 640, 3), dst_order: NHCW, dst_shape: (640, 640, 3))
[2026-04-23 16:18:03.291] [772335] [HailoRT] [info] [vstream.cpp:754] [InputVStreamImpl] Creating yolo26n/input_layer1...
[2026-04-23 16:18:03.291] [772335] [HailoRT] [info] [vstream_builder.cpp:102] [create_inputs] Input pipeline 'yolo26n/input_layer1': (PreInferEl2yolo26n/input_layer1 | Reorder - src_order: NHWC, src_shape: (640, 640, 3), dst_order: NHCW, dst_shape: (640, 640, 3)) >> (PushQEl2yolo26n/input_layer1 | timeout: 10s) >> (HwWriteEl2yolo26n/input_layer1 | hw_frame_size: 1228800) >> HW
[2026-04-23 16:18:03.291] [772335] [HailoRT] [info] [edge_elements.cpp:287] [create] Created (HwReadEl3yolo26n/conv61 | hw_frame_size: 25600)
[2026-04-23 16:18:03.291] [772335] [HailoRT] [info] [queue_elements.cpp:657] [create] Created (PullQEl_hw_read3yolo26n/conv61)
[2026-04-23 16:18:03.291] [772335] [HailoRT] [info] [filter_elements.cpp:372] [create] Created (PostInferEl3yolo26n/conv61 | Quantization - src_type: UINT8, dst_type FLOAT32, limvals_min: -0.468035, limvals_max: 6.99127)
[2026-04-23 16:18:03.291] [772335] [HailoRT] [info] [queue_elements.cpp:800] [create] Created (UserBuffQEl3yolo26n/conv61 | timeout: 10s)
[2026-04-23 16:18:03.291] [772335] [HailoRT] [info] [vstream.cpp:1114] [OutputVStreamImpl] Creating yolo26n/conv61...
[2026-04-23 16:18:03.291] [772335] [HailoRT] [info] [vstream_builder.cpp:220] [create_outputs] Output pipeline 'yolo26n/conv61': HW >> (HwReadEl3yolo26n/conv61 | hw_frame_size: 25600) >> (PullQEl_hw_read3yolo26n/conv61) >> (PostInferEl3yolo26n/conv61 | Quantization - src_type: UINT8, dst_type FLOAT32, limvals_min: -0.468035, limvals_max: 6.99127) >> (UserBuffQEl3yolo26n/conv61 | timeout: 10s)
[2026-04-23 16:18:03.291] [772335] [HailoRT] [info] [edge_elements.cpp:287] [create] Created (HwReadEl2yolo26n/conv64 | hw_frame_size: 6400)
[2026-04-23 16:18:03.291] [772335] [HailoRT] [info] [queue_elements.cpp:657] [create] Created (PullQEl_hw_read2yolo26n/conv64)
[2026-04-23 16:18:03.291] [772335] [HailoRT] [info] [filter_elements.cpp:372] [create] Created (PostInferEl2yolo26n/conv64 | Quantization - src_type: UINT8, dst_type FLOAT32, limvals_min: -161.763, limvals_max: 2.5779)
[2026-04-23 16:18:03.291] [772335] [HailoRT] [info] [queue_elements.cpp:800] [create] Created (UserBuffQEl2yolo26n/conv64 | timeout: 10s)
[2026-04-23 16:18:03.291] [772335] [HailoRT] [info] [vstream.cpp:1114] [OutputVStreamImpl] Creating yolo26n/conv64...
[2026-04-23 16:18:03.291] [772335] [HailoRT] [info] [vstream_builder.cpp:220] [create_outputs] Output pipeline 'yolo26n/conv64': HW >> (HwReadEl2yolo26n/conv64 | hw_frame_size: 6400) >> (PullQEl_hw_read2yolo26n/conv64) >> (PostInferEl2yolo26n/conv64 | Quantization - src_type: UINT8, dst_type FLOAT32, limvals_min: -161.763, limvals_max: 2.5779) >> (UserBuffQEl2yolo26n/conv64 | timeout: 10s)
[2026-04-23 16:18:03.291] [772335] [HailoRT] [info] [edge_elements.cpp:287] [create] Created (HwReadEl1yolo26n/conv77 | hw_frame_size: 6400)
[2026-04-23 16:18:03.291] [772335] [HailoRT] [info] [queue_elements.cpp:657] [create] Created (PullQEl_hw_read1yolo26n/conv77)
[2026-04-23 16:18:03.291] [772335] [HailoRT] [info] [filter_elements.cpp:372] [create] Created (PostInferEl1yolo26n/conv77 | Quantization - src_type: UINT8, dst_type FLOAT32, limvals_min: -0.560223, limvals_max: 15.3127)
[2026-04-23 16:18:03.291] [772335] [HailoRT] [info] [queue_elements.cpp:800] [create] Created (UserBuffQEl1yolo26n/conv77 | timeout: 10s)
[2026-04-23 16:18:03.291] [772335] [HailoRT] [info] [vstream.cpp:1114] [OutputVStreamImpl] Creating yolo26n/conv77...
[2026-04-23 16:18:03.291] [772335] [HailoRT] [info] [vstream_builder.cpp:220] [create_outputs] Output pipeline 'yolo26n/conv77': HW >> (HwReadEl1yolo26n/conv77 | hw_frame_size: 6400) >> (PullQEl_hw_read1yolo26n/conv77) >> (PostInferEl1yolo26n/conv77 | Quantization - src_type: UINT8, dst_type FLOAT32, limvals_min: -0.560223, limvals_max: 15.3127) >> (UserBuffQEl1yolo26n/conv77 | timeout: 10s)
[2026-04-23 16:18:03.291] [772335] [HailoRT] [info] [edge_elements.cpp:287] [create] Created (HwReadEl0yolo26n/conv80 | hw_frame_size: 1600)
[2026-04-23 16:18:03.292] [772335] [HailoRT] [info] [queue_elements.cpp:657] [create] Created (PullQEl_hw_read0yolo26n/conv80)
[2026-04-23 16:18:03.292] [772335] [HailoRT] [info] [filter_elements.cpp:372] [create] Created (PostInferEl0yolo26n/conv80 | Quantization - src_type: UINT8, dst_type FLOAT32, limvals_min: -204.998, limvals_max: 2.44045)
[2026-04-23 16:18:03.292] [772335] [HailoRT] [info] [queue_elements.cpp:800] [create] Created (UserBuffQEl0yolo26n/conv80 | timeout: 10s)
[2026-04-23 16:18:03.292] [772335] [HailoRT] [info] [vstream.cpp:1114] [OutputVStreamImpl] Creating yolo26n/conv80...
[2026-04-23 16:18:03.292] [772335] [HailoRT] [info] [vstream_builder.cpp:220] [create_outputs] Output pipeline 'yolo26n/conv80': HW >> (HwReadEl0yolo26n/conv80 | hw_frame_size: 1600) >> (PullQEl_hw_read0yolo26n/conv80) >> (PostInferEl0yolo26n/conv80 | Quantization - src_type: UINT8, dst_type FLOAT32, limvals_min: -204.998, limvals_max: 2.44045) >> (UserBuffQEl0yolo26n/conv80 | timeout: 10s)
[2026-04-23 16:18:03.292] [772335] [HailoRT] [info] [edge_elements.cpp:287] [create] Created (HwReadEl1yolo26n/conv91 | hw_frame_size: 3200)
[2026-04-23 16:18:03.292] [772335] [HailoRT] [info] [queue_elements.cpp:657] [create] Created (PullQEl_hw_read1yolo26n/conv91)
[2026-04-23 16:18:03.292] [772335] [HailoRT] [info] [filter_elements.cpp:372] [create] Created (PostInferEl1yolo26n/conv91 | Quantization - src_type: UINT8, dst_type FLOAT32, limvals_min: 0, limvals_max: 14.2269 | Reorder - src_order: FCR, src_shape: (20, 20, 8), dst_order: FCR, dst_shape: (20, 20, 4))
[2026-04-23 16:18:03.292] [772335] [HailoRT] [info] [queue_elements.cpp:800] [create] Created (UserBuffQEl1yolo26n/conv91 | timeout: 10s)
[2026-04-23 16:18:03.292] [772335] [HailoRT] [info] [vstream.cpp:1114] [OutputVStreamImpl] Creating yolo26n/conv91...
[2026-04-23 16:18:03.292] [772335] [HailoRT] [info] [vstream_builder.cpp:220] [create_outputs] Output pipeline 'yolo26n/conv91': HW >> (HwReadEl1yolo26n/conv91 | hw_frame_size: 3200) >> (PullQEl_hw_read1yolo26n/conv91) >> (PostInferEl1yolo26n/conv91 | Quantization - src_type: UINT8, dst_type FLOAT32, limvals_min: 0, limvals_max: 14.2269 | Reorder - src_order: FCR, src_shape: (20, 20, 8), dst_order: FCR, dst_shape: (20, 20, 4)) >> (UserBuffQEl1yolo26n/conv91 | timeout: 10s)
[2026-04-23 16:18:03.292] [772335] [HailoRT] [info] [edge_elements.cpp:287] [create] Created (HwReadEl0yolo26n/conv94 | hw_frame_size: 3200)
[2026-04-23 16:18:03.292] [772335] [HailoRT] [info] [queue_elements.cpp:657] [create] Created (PullQEl_hw_read0yolo26n/conv94)
[2026-04-23 16:18:03.292] [772335] [HailoRT] [info] [filter_elements.cpp:372] [create] Created (PostInferEl0yolo26n/conv94 | Quantization - src_type: UINT8, dst_type FLOAT32, limvals_min: -155.797, limvals_max: 3.11594 | Reorder - src_order: FCR, src_shape: (20, 20, 8), dst_order: FCR, dst_shape: (20, 20, 1))
[2026-04-23 16:18:03.292] [772335] [HailoRT] [info] [queue_elements.cpp:800] [create] Created (UserBuffQEl0yolo26n/conv94 | timeout: 10s)
[2026-04-23 16:18:03.292] [772335] [HailoRT] [info] [vstream.cpp:1114] [OutputVStreamImpl] Creating yolo26n/conv94...
[2026-04-23 16:18:03.292] [772335] [HailoRT] [info] [vstream_builder.cpp:220] [create_outputs] Output pipeline 'yolo26n/conv94': HW >> (HwReadEl0yolo26n/conv94 | hw_frame_size: 3200) >> (PullQEl_hw_read0yolo26n/conv94) >> (PostInferEl0yolo26n/conv94 | Quantization - src_type: UINT8, dst_type FLOAT32, limvals_min: -155.797, limvals_max: 3.11594 | Reorder - src_order: FCR, src_shape: (20, 20, 8), dst_order: FCR, dst_shape: (20, 20, 1)) >> (UserBuffQEl0yolo26n/conv94 | timeout: 10s)
[2026-04-23 16:18:03.304] [1140336] [HailoRT] [info] [queue_elements.cpp:855] [run_in_thread] Shutdown event was signaled in dequeue of UserBuffQEl3yolo26n/conv61!
[2026-04-23 16:18:03.304] [1140335] [HailoRT] [info] [vdevice_native_stream.cpp:331] [read_impl] Failed read from stream HAILO_STREAM_ABORT(63) (device: 0001:01:00.0)
[2026-04-23 16:18:03.304] [1140335] [HailoRT] [info] [edge_elements.cpp:396] [run_pull] Reading from stream was aborted!
[2026-04-23 16:18:03.304] [1140335] [HailoRT] [info] [queue_elements.cpp:738] [run_in_thread] run_pull of queue element PullQEl_hw_read3yolo26n/conv61 was aborted!
[2026-04-23 16:18:03.304] [1140335] [HailoRT] [info] [queue_elements.cpp:68] [operator()] Thread in element PullQEl_hw_read3yolo26n/conv61 is not running anymore, exiting..
[2026-04-23 16:18:03.304] [772335] [HailoRT] [info] [queue_elements.cpp:46] [~BaseQueueElement] Queue element PullQEl_hw_read3yolo26n/conv61 has 0 frames in his Queue on destruction
[2026-04-23 16:18:03.304] [1140336] [HailoRT] [info] [queue_elements.cpp:68] [operator()] Thread in element UserBuffQEl3yolo26n/conv61 is not running anymore, exiting..
[2026-04-23 16:18:03.304] [772335] [HailoRT] [info] [queue_elements.cpp:46] [~BaseQueueElement] Queue element UserBuffQEl3yolo26n/conv61 has 0 frames in his Queue on destruction
[2026-04-23 16:18:03.304] [1140338] [HailoRT] [info] [queue_elements.cpp:855] [run_in_thread] Shutdown event was signaled in dequeue of UserBuffQEl2yolo26n/conv64!
[2026-04-23 16:18:03.304] [1140337] [HailoRT] [info] [vdevice_native_stream.cpp:331] [read_impl] Failed read from stream HAILO_STREAM_ABORT(63) (device: 0001:01:00.0)
[2026-04-23 16:18:03.304] [1140337] [HailoRT] [info] [edge_elements.cpp:396] [run_pull] Reading from stream was aborted!
[2026-04-23 16:18:03.304] [1140337] [HailoRT] [info] [queue_elements.cpp:738] [run_in_thread] run_pull of queue element PullQEl_hw_read2yolo26n/conv64 was aborted!
[2026-04-23 16:18:03.304] [1140337] [HailoRT] [info] [queue_elements.cpp:68] [operator()] Thread in element PullQEl_hw_read2yolo26n/conv64 is not running anymore, exiting..
[2026-04-23 16:18:03.304] [772335] [HailoRT] [info] [queue_elements.cpp:46] [~BaseQueueElement] Queue element PullQEl_hw_read2yolo26n/conv64 has 0 frames in his Queue on destruction
[2026-04-23 16:18:03.304] [1140338] [HailoRT] [info] [queue_elements.cpp:68] [operator()] Thread in element UserBuffQEl2yolo26n/conv64 is not running anymore, exiting..
[2026-04-23 16:18:03.304] [772335] [HailoRT] [info] [queue_elements.cpp:46] [~BaseQueueElement] Queue element UserBuffQEl2yolo26n/conv64 has 0 frames in his Queue on destruction
[2026-04-23 16:18:03.304] [1140339] [HailoRT] [info] [vdevice_native_stream.cpp:331] [read_impl] Failed read from stream HAILO_STREAM_ABORT(63) (device: 0001:01:00.0)
[2026-04-23 16:18:03.304] [1140339] [HailoRT] [info] [edge_elements.cpp:396] [run_pull] Reading from stream was aborted!
[2026-04-23 16:18:03.304] [1140340] [HailoRT] [info] [queue_elements.cpp:855] [run_in_thread] Shutdown event was signaled in dequeue of UserBuffQEl1yolo26n/conv77!
[2026-04-23 16:18:03.304] [1140339] [HailoRT] [info] [queue_elements.cpp:738] [run_in_thread] run_pull of queue element PullQEl_hw_read1yolo26n/conv77 was aborted!
[2026-04-23 16:18:03.304] [1140339] [HailoRT] [info] [queue_elements.cpp:68] [operator()] Thread in element PullQEl_hw_read1yolo26n/conv77 is not running anymore, exiting..
[2026-04-23 16:18:03.304] [772335] [HailoRT] [info] [queue_elements.cpp:46] [~BaseQueueElement] Queue element PullQEl_hw_read1yolo26n/conv77 has 0 frames in his Queue on destruction
[2026-04-23 16:18:03.304] [1140340] [HailoRT] [info] [queue_elements.cpp:68] [operator()] Thread in element UserBuffQEl1yolo26n/conv77 is not running anymore, exiting..
[2026-04-23 16:18:03.304] [772335] [HailoRT] [info] [queue_elements.cpp:46] [~BaseQueueElement] Queue element UserBuffQEl1yolo26n/conv77 has 0 frames in his Queue on destruction
[2026-04-23 16:18:03.304] [1140341] [HailoRT] [info] [vdevice_native_stream.cpp:331] [read_impl] Failed read from stream HAILO_STREAM_ABORT(63) (device: 0001:01:00.0)
[2026-04-23 16:18:03.304] [1140341] [HailoRT] [info] [edge_elements.cpp:396] [run_pull] Reading from stream was aborted!
[2026-04-23 16:18:03.304] [1140341] [HailoRT] [info] [queue_elements.cpp:738] [run_in_thread] run_pull of queue element PullQEl_hw_read0yolo26n/conv80 was aborted!
[2026-04-23 16:18:03.304] [1140342] [HailoRT] [info] [queue_elements.cpp:855] [run_in_thread] Shutdown event was signaled in dequeue of UserBuffQEl0yolo26n/conv80!
[2026-04-23 16:18:03.304] [1140341] [HailoRT] [info] [queue_elements.cpp:68] [operator()] Thread in element PullQEl_hw_read0yolo26n/conv80 is not running anymore, exiting..
[2026-04-23 16:18:03.304] [772335] [HailoRT] [info] [queue_elements.cpp:46] [~BaseQueueElement] Queue element PullQEl_hw_read0yolo26n/conv80 has 0 frames in his Queue on destruction
[2026-04-23 16:18:03.304] [1140342] [HailoRT] [info] [queue_elements.cpp:68] [operator()] Thread in element UserBuffQEl0yolo26n/conv80 is not running anymore, exiting..
[2026-04-23 16:18:03.304] [772335] [HailoRT] [info] [queue_elements.cpp:46] [~BaseQueueElement] Queue element UserBuffQEl0yolo26n/conv80 has 0 frames in his Queue on destruction
[2026-04-23 16:18:03.304] [1140344] [HailoRT] [info] [queue_elements.cpp:855] [run_in_thread] Shutdown event was signaled in dequeue of UserBuffQEl1yolo26n/conv91!
[2026-04-23 16:18:03.304] [1140343] [HailoRT] [info] [vdevice_native_stream.cpp:331] [read_impl] Failed read from stream HAILO_STREAM_ABORT(63) (device: 0001:01:00.0)
[2026-04-23 16:18:03.304] [1140343] [HailoRT] [info] [edge_elements.cpp:396] [run_pull] Reading from stream was aborted!
[2026-04-23 16:18:03.304] [1140343] [HailoRT] [info] [queue_elements.cpp:738] [run_in_thread] run_pull of queue element PullQEl_hw_read1yolo26n/conv91 was aborted!
[2026-04-23 16:18:03.304] [1140343] [HailoRT] [info] [queue_elements.cpp:68] [operator()] Thread in element PullQEl_hw_read1yolo26n/conv91 is not running anymore, exiting..
[2026-04-23 16:18:03.304] [772335] [HailoRT] [info] [queue_elements.cpp:46] [~BaseQueueElement] Queue element PullQEl_hw_read1yolo26n/conv91 has 0 frames in his Queue on destruction
[2026-04-23 16:18:03.304] [1140344] [HailoRT] [info] [queue_elements.cpp:68] [operator()] Thread in element UserBuffQEl1yolo26n/conv91 is not running anymore, exiting..
[2026-04-23 16:18:03.304] [772335] [HailoRT] [info] [queue_elements.cpp:46] [~BaseQueueElement] Queue element UserBuffQEl1yolo26n/conv91 has 0 frames in his Queue on destruction
[2026-04-23 16:18:03.304] [1140346] [HailoRT] [info] [queue_elements.cpp:855] [run_in_thread] Shutdown event was signaled in dequeue of UserBuffQEl0yolo26n/conv94!
[2026-04-23 16:18:03.304] [1140345] [HailoRT] [info] [vdevice_native_stream.cpp:331] [read_impl] Failed read from stream HAILO_STREAM_ABORT(63) (device: 0001:01:00.0)
[2026-04-23 16:18:03.304] [1140345] [HailoRT] [info] [edge_elements.cpp:396] [run_pull] Reading from stream was aborted!
[2026-04-23 16:18:03.304] [1140345] [HailoRT] [info] [queue_elements.cpp:738] [run_in_thread] run_pull of queue element PullQEl_hw_read0yolo26n/conv94 was aborted!
[2026-04-23 16:18:03.304] [1140345] [HailoRT] [info] [queue_elements.cpp:68] [operator()] Thread in element PullQEl_hw_read0yolo26n/conv94 is not running anymore, exiting..
[2026-04-23 16:18:03.304] [772335] [HailoRT] [info] [queue_elements.cpp:46] [~BaseQueueElement] Queue element PullQEl_hw_read0yolo26n/conv94 has 0 frames in his Queue on destruction
[2026-04-23 16:18:03.304] [1140346] [HailoRT] [info] [queue_elements.cpp:68] [operator()] Thread in element UserBuffQEl0yolo26n/conv94 is not running anymore, exiting..
[2026-04-23 16:18:03.304] [772335] [HailoRT] [info] [queue_elements.cpp:46] [~BaseQueueElement] Queue element UserBuffQEl0yolo26n/conv94 has 0 frames in his Queue on destruction
[2026-04-23 16:18:03.304] [1140334] [HailoRT] [info] [queue_elements.cpp:68] [operator()] Thread in element PushQEl2yolo26n/input_layer1 is not running anymore, exiting..
[2026-04-23 16:18:03.304] [772335] [HailoRT] [info] [queue_elements.cpp:46] [~BaseQueueElement] Queue element PushQEl2yolo26n/input_layer1 has 0 frames in his Queue on destruction
[2026-04-23 16:18:03.305] [772335] [HailoRT] [info] [core_op.cpp:186] [deactivate] Deactivating took 0.507758 ms
[2026-04-23 16:18:03.305] [772335] [HailoRT] [info] [core_op.cpp:186] [deactivate] Deactivating took 0.517351 ms
[2026-04-23 16:18:03.310] [772335] [HailoRT] [info] [core_op.cpp:156] [activate] Activating arcface_mobilefacenet took 0.211851 milliseconds. Note that the function is asynchronous and thus the network is not fully activated yet.
[2026-04-23 16:18:03.310] [772335] [HailoRT] [info] [core_op.cpp:156] [activate] Activating arcface_mobilefacenet took 0.229037 milliseconds. Note that the function is asynchronous and thus the network is not fully activated yet.
[2026-04-23 16:18:03.310] [772335] [HailoRT] [info] [edge_elements.cpp:52] [create] Created (HwWriteEl1arcface_mobilefacenet/input_layer1 | hw_frame_size: 37632)
[2026-04-23 16:18:03.310] [772335] [HailoRT] [info] [vstream.cpp:754] [InputVStreamImpl] Creating arcface_mobilefacenet/input_layer1...
[2026-04-23 16:18:03.310] [772335] [HailoRT] [info] [vstream_builder.cpp:102] [create_inputs] Input pipeline 'arcface_mobilefacenet/input_layer1': (HwWriteEl1arcface_mobilefacenet/input_layer1 | hw_frame_size: 37632) >> HW
[2026-04-23 16:18:03.310] [772335] [HailoRT] [info] [edge_elements.cpp:287] [create] Created (HwReadEl0arcface_mobilefacenet/fc1 | hw_frame_size: 512)
[2026-04-23 16:18:03.311] [772335] [HailoRT] [info] [queue_elements.cpp:657] [create] Created (PullQEl_hw_read0arcface_mobilefacenet/fc1)
[2026-04-23 16:18:03.311] [772335] [HailoRT] [info] [filter_elements.cpp:372] [create] Created (PostInferEl0arcface_mobilefacenet/fc1 | Quantization - src_type: UINT8, dst_type FLOAT32, limvals_min: -2.41025, limvals_max: 1.8579)
[2026-04-23 16:18:03.311] [772335] [HailoRT] [info] [queue_elements.cpp:800] [create] Created (UserBuffQEl0arcface_mobilefacenet/fc1 | timeout: 10s)
[2026-04-23 16:18:03.311] [772335] [HailoRT] [info] [vstream.cpp:1114] [OutputVStreamImpl] Creating arcface_mobilefacenet/fc1...
[2026-04-23 16:18:03.311] [772335] [HailoRT] [info] [vstream_builder.cpp:220] [create_outputs] Output pipeline 'arcface_mobilefacenet/fc1': HW >> (HwReadEl0arcface_mobilefacenet/fc1 | hw_frame_size: 512) >> (PullQEl_hw_read0arcface_mobilefacenet/fc1) >> (PostInferEl0arcface_mobilefacenet/fc1 | Quantization - src_type: UINT8, dst_type FLOAT32, limvals_min: -2.41025, limvals_max: 1.8579) >> (UserBuffQEl0arcface_mobilefacenet/fc1 | timeout: 10s)
[2026-04-23 16:18:03.317] [1140355] [HailoRT] [info] [queue_elements.cpp:855] [run_in_thread] Shutdown event was signaled in dequeue of UserBuffQEl0arcface_mobilefacenet/fc1!
[2026-04-23 16:18:03.317] [1140354] [HailoRT] [info] [vdevice_native_stream.cpp:331] [read_impl] Failed read from stream HAILO_STREAM_ABORT(63) (device: 0001:01:00.0)
[2026-04-23 16:18:03.317] [1140354] [HailoRT] [info] [edge_elements.cpp:396] [run_pull] Reading from stream was aborted!
[2026-04-23 16:18:03.317] [1140354] [HailoRT] [info] [queue_elements.cpp:738] [run_in_thread] run_pull of queue element PullQEl_hw_read0arcface_mobilefacenet/fc1 was aborted!
[2026-04-23 16:18:03.317] [1140354] [HailoRT] [info] [queue_elements.cpp:68] [operator()] Thread in element PullQEl_hw_read0arcface_mobilefacenet/fc1 is not running anymore, exiting..
[2026-04-23 16:18:03.317] [772335] [HailoRT] [info] [queue_elements.cpp:46] [~BaseQueueElement] Queue element PullQEl_hw_read0arcface_mobilefacenet/fc1 has 0 frames in his Queue on destruction
[2026-04-23 16:18:03.317] [1140355] [HailoRT] [info] [queue_elements.cpp:68] [operator()] Thread in element UserBuffQEl0arcface_mobilefacenet/fc1 is not running anymore, exiting..
[2026-04-23 16:18:03.317] [772335] [HailoRT] [info] [queue_elements.cpp:46] [~BaseQueueElement] Queue element UserBuffQEl0arcface_mobilefacenet/fc1 has 0 frames in his Queue on destruction
[2026-04-23 16:18:03.317] [772335] [HailoRT] [info] [core_op.cpp:186] [deactivate] Deactivating took 0.358963 ms
[2026-04-23 16:18:03.317] [772335] [HailoRT] [info] [core_op.cpp:186] [deactivate] Deactivating took 0.366277 ms
[2026-04-23 16:18:03.326] [772335] [HailoRT] [info] [core_op.cpp:156] [activate] Activating yolo26n took 0.480629 milliseconds. Note that the function is asynchronous and thus the network is not fully activated yet.
[2026-04-23 16:18:03.327] [772335] [HailoRT] [info] [core_op.cpp:156] [activate] Activating yolo26n took 0.528295 milliseconds. Note that the function is asynchronous and thus the network is not fully activated yet.
[2026-04-23 16:18:03.327] [772335] [HailoRT] [info] [edge_elements.cpp:52] [create] Created (HwWriteEl2yolo26n/input_layer1 | hw_frame_size: 1228800)
[2026-04-23 16:18:03.327] [772335] [HailoRT] [info] [queue_elements.cpp:284] [create] Created (PushQEl2yolo26n/input_layer1 | timeout: 10s)
[2026-04-23 16:18:03.327] [772335] [HailoRT] [info] [filter_elements.cpp:101] [create] Created (PreInferEl2yolo26n/input_layer1 | Reorder - src_order: NHWC, src_shape: (640, 640, 3), dst_order: NHCW, dst_shape: (640, 640, 3))
[2026-04-23 16:18:03.327] [772335] [HailoRT] [info] [vstream.cpp:754] [InputVStreamImpl] Creating yolo26n/input_layer1...
[2026-04-23 16:18:03.327] [772335] [HailoRT] [info] [vstream_builder.cpp:102] [create_inputs] Input pipeline 'yolo26n/input_layer1': (PreInferEl2yolo26n/input_layer1 | Reorder - src_order: NHWC, src_shape: (640, 640, 3), dst_order: NHCW, dst_shape: (640, 640, 3)) >> (PushQEl2yolo26n/input_layer1 | timeout: 10s) >> (HwWriteEl2yolo26n/input_layer1 | hw_frame_size: 1228800) >> HW
[2026-04-23 16:18:03.327] [772335] [HailoRT] [info] [edge_elements.cpp:287] [create] Created (HwReadEl3yolo26n/conv61 | hw_frame_size: 25600)
[2026-04-23 16:18:03.327] [772335] [HailoRT] [info] [queue_elements.cpp:657] [create] Created (PullQEl_hw_read3yolo26n/conv61)
[2026-04-23 16:18:03.327] [772335] [HailoRT] [info] [filter_elements.cpp:372] [create] Created (PostInferEl3yolo26n/conv61 | Quantization - src_type: UINT8, dst_type FLOAT32, limvals_min: -0.468035, limvals_max: 6.99127)
[2026-04-23 16:18:03.327] [772335] [HailoRT] [info] [queue_elements.cpp:800] [create] Created (UserBuffQEl3yolo26n/conv61 | timeout: 10s)
[2026-04-23 16:18:03.327] [772335] [HailoRT] [info] [vstream.cpp:1114] [OutputVStreamImpl] Creating yolo26n/conv61...
[2026-04-23 16:18:03.327] [772335] [HailoRT] [info] [vstream_builder.cpp:220] [create_outputs] Output pipeline 'yolo26n/conv61': HW >> (HwReadEl3yolo26n/conv61 | hw_frame_size: 25600) >> (PullQEl_hw_read3yolo26n/conv61) >> (PostInferEl3yolo26n/conv61 | Quantization - src_type: UINT8, dst_type FLOAT32, limvals_min: -0.468035, limvals_max: 6.99127) >> (UserBuffQEl3yolo26n/conv61 | timeout: 10s)
[2026-04-23 16:18:03.327] [772335] [HailoRT] [info] [edge_elements.cpp:287] [create] Created (HwReadEl2yolo26n/conv64 | hw_frame_size: 6400)
[2026-04-23 16:18:03.327] [772335] [HailoRT] [info] [queue_elements.cpp:657] [create] Created (PullQEl_hw_read2yolo26n/conv64)
[2026-04-23 16:18:03.327] [772335] [HailoRT] [info] [filter_elements.cpp:372] [create] Created (PostInferEl2yolo26n/conv64 | Quantization - src_type: UINT8, dst_type FLOAT32, limvals_min: -161.763, limvals_max: 2.5779)
[2026-04-23 16:18:03.327] [772335] [HailoRT] [info] [queue_elements.cpp:800] [create] Created (UserBuffQEl2yolo26n/conv64 | timeout: 10s)
[2026-04-23 16:18:03.327] [772335] [HailoRT] [info] [vstream.cpp:1114] [OutputVStreamImpl] Creating yolo26n/conv64...
[2026-04-23 16:18:03.327] [772335] [HailoRT] [info] [vstream_builder.cpp:220] [create_outputs] Output pipeline 'yolo26n/conv64': HW >> (HwReadEl2yolo26n/conv64 | hw_frame_size: 6400) >> (PullQEl_hw_read2yolo26n/conv64) >> (PostInferEl2yolo26n/conv64 | Quantization - src_type: UINT8, dst_type FLOAT32, limvals_min: -161.763, limvals_max: 2.5779) >> (UserBuffQEl2yolo26n/conv64 | timeout: 10s)
[2026-04-23 16:18:03.327] [772335] [HailoRT] [info] [edge_elements.cpp:287] [create] Created (HwReadEl1yolo26n/conv77 | hw_frame_size: 6400)
[2026-04-23 16:18:03.327] [772335] [HailoRT] [info] [queue_elements.cpp:657] [create] Created (PullQEl_hw_read1yolo26n/conv77)
[2026-04-23 16:18:03.327] [772335] [HailoRT] [info] [filter_elements.cpp:372] [create] Created (PostInferEl1yolo26n/conv77 | Quantization - src_type: UINT8, dst_type FLOAT32, limvals_min: -0.560223, limvals_max: 15.3127)
[2026-04-23 16:18:03.327] [772335] [HailoRT] [info] [queue_elements.cpp:800] [create] Created (UserBuffQEl1yolo26n/conv77 | timeout: 10s)
[2026-04-23 16:18:03.327] [772335] [HailoRT] [info] [vstream.cpp:1114] [OutputVStreamImpl] Creating yolo26n/conv77...
[2026-04-23 16:18:03.327] [772335] [HailoRT] [info] [vstream_builder.cpp:220] [create_outputs] Output pipeline 'yolo26n/conv77': HW >> (HwReadEl1yolo26n/conv77 | hw_frame_size: 6400) >> (PullQEl_hw_read1yolo26n/conv77) >> (PostInferEl1yolo26n/conv77 | Quantization - src_type: UINT8, dst_type FLOAT32, limvals_min: -0.560223, limvals_max: 15.3127) >> (UserBuffQEl1yolo26n/conv77 | timeout: 10s)
[2026-04-23 16:18:03.327] [772335] [HailoRT] [info] [edge_elements.cpp:287] [create] Created (HwReadEl0yolo26n/conv80 | hw_frame_size: 1600)
[2026-04-23 16:18:03.327] [772335] [HailoRT] [info] [queue_elements.cpp:657] [create] Created (PullQEl_hw_read0yolo26n/conv80)
[2026-04-23 16:18:03.327] [772335] [HailoRT] [info] [filter_elements.cpp:372] [create] Created (PostInferEl0yolo26n/conv80 | Quantization - src_type: UINT8, dst_type FLOAT32, limvals_min: -204.998, limvals_max: 2.44045)
[2026-04-23 16:18:03.328] [772335] [HailoRT] [info] [queue_elements.cpp:800] [create] Created (UserBuffQEl0yolo26n/conv80 | timeout: 10s)
[2026-04-23 16:18:03.328] [772335] [HailoRT] [info] [vstream.cpp:1114] [OutputVStreamImpl] Creating yolo26n/conv80...
[2026-04-23 16:18:03.328] [772335] [HailoRT] [info] [vstream_builder.cpp:220] [create_outputs] Output pipeline 'yolo26n/conv80': HW >> (HwReadEl0yolo26n/conv80 | hw_frame_size: 1600) >> (PullQEl_hw_read0yolo26n/conv80) >> (PostInferEl0yolo26n/conv80 | Quantization - src_type: UINT8, dst_type FLOAT32, limvals_min: -204.998, limvals_max: 2.44045) >> (UserBuffQEl0yolo26n/conv80 | timeout: 10s)
[2026-04-23 16:18:03.328] [772335] [HailoRT] [info] [edge_elements.cpp:287] [create] Created (HwReadEl1yolo26n/conv91 | hw_frame_size: 3200)
[2026-04-23 16:18:03.328] [772335] [HailoRT] [info] [queue_elements.cpp:657] [create] Created (PullQEl_hw_read1yolo26n/conv91)
[2026-04-23 16:18:03.328] [772335] [HailoRT] [info] [filter_elements.cpp:372] [create] Created (PostInferEl1yolo26n/conv91 | Quantization - src_type: UINT8, dst_type FLOAT32, limvals_min: 0, limvals_max: 14.2269 | Reorder - src_order: FCR, src_shape: (20, 20, 8), dst_order: FCR, dst_shape: (20, 20, 4))
[2026-04-23 16:18:03.328] [772335] [HailoRT] [info] [queue_elements.cpp:800] [create] Created (UserBuffQEl1yolo26n/conv91 | timeout: 10s)
[2026-04-23 16:18:03.328] [772335] [HailoRT] [info] [vstream.cpp:1114] [OutputVStreamImpl] Creating yolo26n/conv91...
[2026-04-23 16:18:03.328] [772335] [HailoRT] [info] [vstream_builder.cpp:220] [create_outputs] Output pipeline 'yolo26n/conv91': HW >> (HwReadEl1yolo26n/conv91 | hw_frame_size: 3200) >> (PullQEl_hw_read1yolo26n/conv91) >> (PostInferEl1yolo26n/conv91 | Quantization - src_type: UINT8, dst_type FLOAT32, limvals_min: 0, limvals_max: 14.2269 | Reorder - src_order: FCR, src_shape: (20, 20, 8), dst_order: FCR, dst_shape: (20, 20, 4)) >> (UserBuffQEl1yolo26n/conv91 | timeout: 10s)
[2026-04-23 16:18:03.328] [772335] [HailoRT] [info] [edge_elements.cpp:287] [create] Created (HwReadEl0yolo26n/conv94 | hw_frame_size: 3200)
[2026-04-23 16:18:03.328] [772335] [HailoRT] [info] [queue_elements.cpp:657] [create] Created (PullQEl_hw_read0yolo26n/conv94)
[2026-04-23 16:18:03.328] [772335] [HailoRT] [info] [filter_elements.cpp:372] [create] Created (PostInferEl0yolo26n/conv94 | Quantization - src_type: UINT8, dst_type FLOAT32, limvals_min: -155.797, limvals_max: 3.11594 | Reorder - src_order: FCR, src_shape: (20, 20, 8), dst_order: FCR, dst_shape: (20, 20, 1))
[2026-04-23 16:18:03.328] [772335] [HailoRT] [info] [queue_elements.cpp:800] [create] Created (UserBuffQEl0yolo26n/conv94 | timeout: 10s)
[2026-04-23 16:18:03.328] [772335] [HailoRT] [info] [vstream.cpp:1114] [OutputVStreamImpl] Creating yolo26n/conv94...
[2026-04-23 16:18:03.328] [772335] [HailoRT] [info] [vstream_builder.cpp:220] [create_outputs] Output pipeline 'yolo26n/conv94': HW >> (HwReadEl0yolo26n/conv94 | hw_frame_size: 3200) >> (PullQEl_hw_read0yolo26n/conv94) >> (PostInferEl0yolo26n/conv94 | Quantization - src_type: UINT8, dst_type FLOAT32, limvals_min: -155.797, limvals_max: 3.11594 | Reorder - src_order: FCR, src_shape: (20, 20, 8), dst_order: FCR, dst_shape: (20, 20, 1)) >> (UserBuffQEl0yolo26n/conv94 | timeout: 10s)
[2026-04-23 16:18:03.339] [1140360] [HailoRT] [info] [queue_elements.cpp:855] [run_in_thread] Shutdown event was signaled in dequeue of UserBuffQEl3yolo26n/conv61!
[2026-04-23 16:18:03.339] [1140359] [HailoRT] [info] [vdevice_native_stream.cpp:331] [read_impl] Failed read from stream HAILO_STREAM_ABORT(63) (device: 0001:01:00.0)
[2026-04-23 16:18:03.339] [1140359] [HailoRT] [info] [edge_elements.cpp:396] [run_pull] Reading from stream was aborted!
[2026-04-23 16:18:03.339] [1140359] [HailoRT] [info] [queue_elements.cpp:738] [run_in_thread] run_pull of queue element PullQEl_hw_read3yolo26n/conv61 was aborted!
[2026-04-23 16:18:03.339] [1140359] [HailoRT] [info] [queue_elements.cpp:68] [operator()] Thread in element PullQEl_hw_read3yolo26n/conv61 is not running anymore, exiting..
[2026-04-23 16:18:03.339] [772335] [HailoRT] [info] [queue_elements.cpp:46] [~BaseQueueElement] Queue element PullQEl_hw_read3yolo26n/conv61 has 0 frames in his Queue on destruction
[2026-04-23 16:18:03.339] [1140360] [HailoRT] [info] [queue_elements.cpp:68] [operator()] Thread in element UserBuffQEl3yolo26n/conv61 is not running anymore, exiting..
[2026-04-23 16:18:03.339] [772335] [HailoRT] [info] [queue_elements.cpp:46] [~BaseQueueElement] Queue element UserBuffQEl3yolo26n/conv61 has 0 frames in his Queue on destruction
[2026-04-23 16:18:03.339] [1140361] [HailoRT] [info] [vdevice_native_stream.cpp:331] [read_impl] Failed read from stream HAILO_STREAM_ABORT(63) (device: 0001:01:00.0)
[2026-04-23 16:18:03.339] [1140361] [HailoRT] [info] [edge_elements.cpp:396] [run_pull] Reading from stream was aborted!
[2026-04-23 16:18:03.339] [1140362] [HailoRT] [info] [queue_elements.cpp:855] [run_in_thread] Shutdown event was signaled in dequeue of UserBuffQEl2yolo26n/conv64!
[2026-04-23 16:18:03.339] [1140361] [HailoRT] [info] [queue_elements.cpp:738] [run_in_thread] run_pull of queue element PullQEl_hw_read2yolo26n/conv64 was aborted!
[2026-04-23 16:18:03.339] [1140361] [HailoRT] [info] [queue_elements.cpp:68] [operator()] Thread in element PullQEl_hw_read2yolo26n/conv64 is not running anymore, exiting..
[2026-04-23 16:18:03.339] [772335] [HailoRT] [info] [queue_elements.cpp:46] [~BaseQueueElement] Queue element PullQEl_hw_read2yolo26n/conv64 has 0 frames in his Queue on destruction
[2026-04-23 16:18:03.339] [1140362] [HailoRT] [info] [queue_elements.cpp:68] [operator()] Thread in element UserBuffQEl2yolo26n/conv64 is not running anymore, exiting..
[2026-04-23 16:18:03.339] [772335] [HailoRT] [info] [queue_elements.cpp:46] [~BaseQueueElement] Queue element UserBuffQEl2yolo26n/conv64 has 0 frames in his Queue on destruction
[2026-04-23 16:18:03.339] [1140363] [HailoRT] [info] [vdevice_native_stream.cpp:331] [read_impl] Failed read from stream HAILO_STREAM_ABORT(63) (device: 0001:01:00.0)
[2026-04-23 16:18:03.339] [1140363] [HailoRT] [info] [edge_elements.cpp:396] [run_pull] Reading from stream was aborted!
[2026-04-23 16:18:03.339] [1140364] [HailoRT] [info] [queue_elements.cpp:855] [run_in_thread] Shutdown event was signaled in dequeue of UserBuffQEl1yolo26n/conv77!
[2026-04-23 16:18:03.339] [1140363] [HailoRT] [info] [queue_elements.cpp:738] [run_in_thread] run_pull of queue element PullQEl_hw_read1yolo26n/conv77 was aborted!
[2026-04-23 16:18:03.339] [1140363] [HailoRT] [info] [queue_elements.cpp:68] [operator()] Thread in element PullQEl_hw_read1yolo26n/conv77 is not running anymore, exiting..
[2026-04-23 16:18:03.339] [772335] [HailoRT] [info] [queue_elements.cpp:46] [~BaseQueueElement] Queue element PullQEl_hw_read1yolo26n/conv77 has 0 frames in his Queue on destruction
[2026-04-23 16:18:03.339] [1140364] [HailoRT] [info] [queue_elements.cpp:68] [operator()] Thread in element UserBuffQEl1yolo26n/conv77 is not running anymore, exiting..
[2026-04-23 16:18:03.339] [772335] [HailoRT] [info] [queue_elements.cpp:46] [~BaseQueueElement] Queue element UserBuffQEl1yolo26n/conv77 has 0 frames in his Queue on destruction
[2026-04-23 16:18:03.339] [1140365] [HailoRT] [info] [vdevice_native_stream.cpp:331] [read_impl] Failed read from stream HAILO_STREAM_ABORT(63) (device: 0001:01:00.0)
[2026-04-23 16:18:03.339] [1140366] [HailoRT] [info] [queue_elements.cpp:855] [run_in_thread] Shutdown event was signaled in dequeue of UserBuffQEl0yolo26n/conv80!
[2026-04-23 16:18:03.339] [1140365] [HailoRT] [info] [edge_elements.cpp:396] [run_pull] Reading from stream was aborted!
[2026-04-23 16:18:03.339] [1140365] [HailoRT] [info] [queue_elements.cpp:738] [run_in_thread] run_pull of queue element PullQEl_hw_read0yolo26n/conv80 was aborted!
[2026-04-23 16:18:03.339] [1140365] [HailoRT] [info] [queue_elements.cpp:68] [operator()] Thread in element PullQEl_hw_read0yolo26n/conv80 is not running anymore, exiting..
[2026-04-23 16:18:03.339] [772335] [HailoRT] [info] [queue_elements.cpp:46] [~BaseQueueElement] Queue element PullQEl_hw_read0yolo26n/conv80 has 0 frames in his Queue on destruction
[2026-04-23 16:18:03.339] [1140366] [HailoRT] [info] [queue_elements.cpp:68] [operator()] Thread in element UserBuffQEl0yolo26n/conv80 is not running anymore, exiting..
[2026-04-23 16:18:03.339] [772335] [HailoRT] [info] [queue_elements.cpp:46] [~BaseQueueElement] Queue element UserBuffQEl0yolo26n/conv80 has 0 frames in his Queue on destruction
[2026-04-23 16:18:03.339] [1140367] [HailoRT] [info] [vdevice_native_stream.cpp:331] [read_impl] Failed read from stream HAILO_STREAM_ABORT(63) (device: 0001:01:00.0)
[2026-04-23 16:18:03.339] [1140367] [HailoRT] [info] [edge_elements.cpp:396] [run_pull] Reading from stream was aborted!
[2026-04-23 16:18:03.339] [1140367] [HailoRT] [info] [queue_elements.cpp:738] [run_in_thread] run_pull of queue element PullQEl_hw_read1yolo26n/conv91 was aborted!
[2026-04-23 16:18:03.339] [1140368] [HailoRT] [info] [queue_elements.cpp:855] [run_in_thread] Shutdown event was signaled in dequeue of UserBuffQEl1yolo26n/conv91!
[2026-04-23 16:18:03.339] [1140367] [HailoRT] [info] [queue_elements.cpp:68] [operator()] Thread in element PullQEl_hw_read1yolo26n/conv91 is not running anymore, exiting..
[2026-04-23 16:18:03.339] [772335] [HailoRT] [info] [queue_elements.cpp:46] [~BaseQueueElement] Queue element PullQEl_hw_read1yolo26n/conv91 has 0 frames in his Queue on destruction
[2026-04-23 16:18:03.339] [1140368] [HailoRT] [info] [queue_elements.cpp:68] [operator()] Thread in element UserBuffQEl1yolo26n/conv91 is not running anymore, exiting..
[2026-04-23 16:18:03.339] [772335] [HailoRT] [info] [queue_elements.cpp:46] [~BaseQueueElement] Queue element UserBuffQEl1yolo26n/conv91 has 0 frames in his Queue on destruction
[2026-04-23 16:18:03.339] [1140369] [HailoRT] [info] [vdevice_native_stream.cpp:331] [read_impl] Failed read from stream HAILO_STREAM_ABORT(63) (device: 0001:01:00.0)
[2026-04-23 16:18:03.339] [1140370] [HailoRT] [info] [queue_elements.cpp:855] [run_in_thread] Shutdown event was signaled in dequeue of UserBuffQEl0yolo26n/conv94!
[2026-04-23 16:18:03.339] [1140369] [HailoRT] [info] [edge_elements.cpp:396] [run_pull] Reading from stream was aborted!
[2026-04-23 16:18:03.339] [1140369] [HailoRT] [info] [queue_elements.cpp:738] [run_in_thread] run_pull of queue element PullQEl_hw_read0yolo26n/conv94 was aborted!
[2026-04-23 16:18:03.339] [1140369] [HailoRT] [info] [queue_elements.cpp:68] [operator()] Thread in element PullQEl_hw_read0yolo26n/conv94 is not running anymore, exiting..
[2026-04-23 16:18:03.340] [772335] [HailoRT] [info] [queue_elements.cpp:46] [~BaseQueueElement] Queue element PullQEl_hw_read0yolo26n/conv94 has 0 frames in his Queue on destruction
[2026-04-23 16:18:03.340] [1140370] [HailoRT] [info] [queue_elements.cpp:68] [operator()] Thread in element UserBuffQEl0yolo26n/conv94 is not running anymore, exiting..
[2026-04-23 16:18:03.340] [772335] [HailoRT] [info] [queue_elements.cpp:46] [~BaseQueueElement] Queue element UserBuffQEl0yolo26n/conv94 has 0 frames in his Queue on destruction
[2026-04-23 16:18:03.340] [1140358] [HailoRT] [info] [queue_elements.cpp:68] [operator()] Thread in element PushQEl2yolo26n/input_layer1 is not running anymore, exiting..
[2026-04-23 16:18:03.340] [772335] [HailoRT] [info] [queue_elements.cpp:46] [~BaseQueueElement] Queue element PushQEl2yolo26n/input_layer1 has 0 frames in his Queue on destruction
[2026-04-23 16:18:03.340] [772335] [HailoRT] [info] [core_op.cpp:186] [deactivate] Deactivating took 0.497795 ms
[2026-04-23 16:18:03.340] [772335] [HailoRT] [info] [core_op.cpp:186] [deactivate] Deactivating took 0.508221 ms
[2026-04-23 16:18:03.346] [772335] [HailoRT] [info] [core_op.cpp:156] [activate] Activating arcface_mobilefacenet took 0.226147 milliseconds. Note that the function is asynchronous and thus the network is not fully activated yet.
[2026-04-23 16:18:03.346] [772335] [HailoRT] [info] [core_op.cpp:156] [activate] Activating arcface_mobilefacenet took 0.243851 milliseconds. Note that the function is asynchronous and thus the network is not fully activated yet.
[2026-04-23 16:18:03.346] [772335] [HailoRT] [info] [edge_elements.cpp:52] [create] Created (HwWriteEl1arcface_mobilefacenet/input_layer1 | hw_frame_size: 37632)
[2026-04-23 16:18:03.346] [772335] [HailoRT] [info] [vstream.cpp:754] [InputVStreamImpl] Creating arcface_mobilefacenet/input_layer1...
[2026-04-23 16:18:03.346] [772335] [HailoRT] [info] [vstream_builder.cpp:102] [create_inputs] Input pipeline 'arcface_mobilefacenet/input_layer1': (HwWriteEl1arcface_mobilefacenet/input_layer1 | hw_frame_size: 37632) >> HW
[2026-04-23 16:18:03.346] [772335] [HailoRT] [info] [edge_elements.cpp:287] [create] Created (HwReadEl0arcface_mobilefacenet/fc1 | hw_frame_size: 512)
[2026-04-23 16:18:03.346] [772335] [HailoRT] [info] [queue_elements.cpp:657] [create] Created (PullQEl_hw_read0arcface_mobilefacenet/fc1)
[2026-04-23 16:18:03.346] [772335] [HailoRT] [info] [filter_elements.cpp:372] [create] Created (PostInferEl0arcface_mobilefacenet/fc1 | Quantization - src_type: UINT8, dst_type FLOAT32, limvals_min: -2.41025, limvals_max: 1.8579)
[2026-04-23 16:18:03.346] [772335] [HailoRT] [info] [queue_elements.cpp:800] [create] Created (UserBuffQEl0arcface_mobilefacenet/fc1 | timeout: 10s)
[2026-04-23 16:18:03.346] [772335] [HailoRT] [info] [vstream.cpp:1114] [OutputVStreamImpl] Creating arcface_mobilefacenet/fc1...
[2026-04-23 16:18:03.346] [772335] [HailoRT] [info] [vstream_builder.cpp:220] [create_outputs] Output pipeline 'arcface_mobilefacenet/fc1': HW >> (HwReadEl0arcface_mobilefacenet/fc1 | hw_frame_size: 512) >> (PullQEl_hw_read0arcface_mobilefacenet/fc1) >> (PostInferEl0arcface_mobilefacenet/fc1 | Quantization - src_type: UINT8, dst_type FLOAT32, limvals_min: -2.41025, limvals_max: 1.8579) >> (UserBuffQEl0arcface_mobilefacenet/fc1 | timeout: 10s)
[2026-04-23 16:18:03.352] [1140379] [HailoRT] [info] [queue_elements.cpp:855] [run_in_thread] Shutdown event was signaled in dequeue of UserBuffQEl0arcface_mobilefacenet/fc1!
[2026-04-23 16:18:03.352] [1140378] [HailoRT] [info] [vdevice_native_stream.cpp:331] [read_impl] Failed read from stream HAILO_STREAM_ABORT(63) (device: 0001:01:00.0)
[2026-04-23 16:18:03.352] [1140378] [HailoRT] [info] [edge_elements.cpp:396] [run_pull] Reading from stream was aborted!
[2026-04-23 16:18:03.352] [1140378] [HailoRT] [info] [queue_elements.cpp:738] [run_in_thread] run_pull of queue element PullQEl_hw_read0arcface_mobilefacenet/fc1 was aborted!
[2026-04-23 16:18:03.352] [1140378] [HailoRT] [info] [queue_elements.cpp:68] [operator()] Thread in element PullQEl_hw_read0arcface_mobilefacenet/fc1 is not running anymore, exiting..
[2026-04-23 16:18:03.352] [772335] [HailoRT] [info] [queue_elements.cpp:46] [~BaseQueueElement] Queue element PullQEl_hw_read0arcface_mobilefacenet/fc1 has 0 frames in his Queue on destruction
[2026-04-23 16:18:03.352] [1140379] [HailoRT] [info] [queue_elements.cpp:68] [operator()] Thread in element UserBuffQEl0arcface_mobilefacenet/fc1 is not running anymore, exiting..
[2026-04-23 16:18:03.352] [772335] [HailoRT] [info] [queue_elements.cpp:46] [~BaseQueueElement] Queue element UserBuffQEl0arcface_mobilefacenet/fc1 has 0 frames in his Queue on destruction
[2026-04-23 16:18:03.353] [772335] [HailoRT] [info] [core_op.cpp:186] [deactivate] Deactivating took 0.359537 ms
[2026-04-23 16:18:03.353] [772335] [HailoRT] [info] [core_op.cpp:186] [deactivate] Deactivating took 0.366722 ms
[2026-04-23 16:18:03.364] [772335] [HailoRT] [info] [core_op.cpp:156] [activate] Activating yolo26n took 0.476314 milliseconds. Note that the function is asynchronous and thus the network is not fully activated yet.
[2026-04-23 16:18:03.364] [772335] [HailoRT] [info] [core_op.cpp:156] [activate] Activating yolo26n took 0.498314 milliseconds. Note that the function is asynchronous and thus the network is not fully activated yet.
[2026-04-23 16:18:03.364] [772335] [HailoRT] [info] [edge_elements.cpp:52] [create] Created (HwWriteEl2yolo26n/input_layer1 | hw_frame_size: 1228800)
[2026-04-23 16:18:03.364] [772335] [HailoRT] [info] [queue_elements.cpp:284] [create] Created (PushQEl2yolo26n/input_layer1 | timeout: 10s)
[2026-04-23 16:18:03.364] [772335] [HailoRT] [info] [filter_elements.cpp:101] [create] Created (PreInferEl2yolo26n/input_layer1 | Reorder - src_order: NHWC, src_shape: (640, 640, 3), dst_order: NHCW, dst_shape: (640, 640, 3))
[2026-04-23 16:18:03.364] [772335] [HailoRT] [info] [vstream.cpp:754] [InputVStreamImpl] Creating yolo26n/input_layer1...
[2026-04-23 16:18:03.364] [772335] [HailoRT] [info] [vstream_builder.cpp:102] [create_inputs] Input pipeline 'yolo26n/input_layer1': (PreInferEl2yolo26n/input_layer1 | Reorder - src_order: NHWC, src_shape: (640, 640, 3), dst_order: NHCW, dst_shape: (640, 640, 3)) >> (PushQEl2yolo26n/input_layer1 | timeout: 10s) >> (HwWriteEl2yolo26n/input_layer1 | hw_frame_size: 1228800) >> HW
[2026-04-23 16:18:03.364] [772335] [HailoRT] [info] [edge_elements.cpp:287] [create] Created (HwReadEl3yolo26n/conv61 | hw_frame_size: 25600)
[2026-04-23 16:18:03.364] [772335] [HailoRT] [info] [queue_elements.cpp:657] [create] Created (PullQEl_hw_read3yolo26n/conv61)
[2026-04-23 16:18:03.364] [772335] [HailoRT] [info] [filter_elements.cpp:372] [create] Created (PostInferEl3yolo26n/conv61 | Quantization - src_type: UINT8, dst_type FLOAT32, limvals_min: -0.468035, limvals_max: 6.99127)
[2026-04-23 16:18:03.364] [772335] [HailoRT] [info] [queue_elements.cpp:800] [create] Created (UserBuffQEl3yolo26n/conv61 | timeout: 10s)
[2026-04-23 16:18:03.364] [772335] [HailoRT] [info] [vstream.cpp:1114] [OutputVStreamImpl] Creating yolo26n/conv61...
[2026-04-23 16:18:03.364] [772335] [HailoRT] [info] [vstream_builder.cpp:220] [create_outputs] Output pipeline 'yolo26n/conv61': HW >> (HwReadEl3yolo26n/conv61 | hw_frame_size: 25600) >> (PullQEl_hw_read3yolo26n/conv61) >> (PostInferEl3yolo26n/conv61 | Quantization - src_type: UINT8, dst_type FLOAT32, limvals_min: -0.468035, limvals_max: 6.99127) >> (UserBuffQEl3yolo26n/conv61 | timeout: 10s)
[2026-04-23 16:18:03.364] [772335] [HailoRT] [info] [edge_elements.cpp:287] [create] Created (HwReadEl2yolo26n/conv64 | hw_frame_size: 6400)
[2026-04-23 16:18:03.364] [772335] [HailoRT] [info] [queue_elements.cpp:657] [create] Created (PullQEl_hw_read2yolo26n/conv64)
[2026-04-23 16:18:03.364] [772335] [HailoRT] [info] [filter_elements.cpp:372] [create] Created (PostInferEl2yolo26n/conv64 | Quantization - src_type: UINT8, dst_type FLOAT32, limvals_min: -161.763, limvals_max: 2.5779)
[2026-04-23 16:18:03.364] [772335] [HailoRT] [info] [queue_elements.cpp:800] [create] Created (UserBuffQEl2yolo26n/conv64 | timeout: 10s)
[2026-04-23 16:18:03.364] [772335] [HailoRT] [info] [vstream.cpp:1114] [OutputVStreamImpl] Creating yolo26n/conv64...
[2026-04-23 16:18:03.364] [772335] [HailoRT] [info] [vstream_builder.cpp:220] [create_outputs] Output pipeline 'yolo26n/conv64': HW >> (HwReadEl2yolo26n/conv64 | hw_frame_size: 6400) >> (PullQEl_hw_read2yolo26n/conv64) >> (PostInferEl2yolo26n/conv64 | Quantization - src_type: UINT8, dst_type FLOAT32, limvals_min: -161.763, limvals_max: 2.5779) >> (UserBuffQEl2yolo26n/conv64 | timeout: 10s)
[2026-04-23 16:18:03.364] [772335] [HailoRT] [info] [edge_elements.cpp:287] [create] Created (HwReadEl1yolo26n/conv77 | hw_frame_size: 6400)
[2026-04-23 16:18:03.364] [772335] [HailoRT] [info] [queue_elements.cpp:657] [create] Created (PullQEl_hw_read1yolo26n/conv77)
[2026-04-23 16:18:03.364] [772335] [HailoRT] [info] [filter_elements.cpp:372] [create] Created (PostInferEl1yolo26n/conv77 | Quantization - src_type: UINT8, dst_type FLOAT32, limvals_min: -0.560223, limvals_max: 15.3127)
[2026-04-23 16:18:03.365] [772335] [HailoRT] [info] [queue_elements.cpp:800] [create] Created (UserBuffQEl1yolo26n/conv77 | timeout: 10s)
[2026-04-23 16:18:03.365] [772335] [HailoRT] [info] [vstream.cpp:1114] [OutputVStreamImpl] Creating yolo26n/conv77...
[2026-04-23 16:18:03.365] [772335] [HailoRT] [info] [vstream_builder.cpp:220] [create_outputs] Output pipeline 'yolo26n/conv77': HW >> (HwReadEl1yolo26n/conv77 | hw_frame_size: 6400) >> (PullQEl_hw_read1yolo26n/conv77) >> (PostInferEl1yolo26n/conv77 | Quantization - src_type: UINT8, dst_type FLOAT32, limvals_min: -0.560223, limvals_max: 15.3127) >> (UserBuffQEl1yolo26n/conv77 | timeout: 10s)
[2026-04-23 16:18:03.365] [772335] [HailoRT] [info] [edge_elements.cpp:287] [create] Created (HwReadEl0yolo26n/conv80 | hw_frame_size: 1600)
[2026-04-23 16:18:03.365] [772335] [HailoRT] [info] [queue_elements.cpp:657] [create] Created (PullQEl_hw_read0yolo26n/conv80)
[2026-04-23 16:18:03.365] [772335] [HailoRT] [info] [filter_elements.cpp:372] [create] Created (PostInferEl0yolo26n/conv80 | Quantization - src_type: UINT8, dst_type FLOAT32, limvals_min: -204.998, limvals_max: 2.44045)
[2026-04-23 16:18:03.365] [772335] [HailoRT] [info] [queue_elements.cpp:800] [create] Created (UserBuffQEl0yolo26n/conv80 | timeout: 10s)
[2026-04-23 16:18:03.365] [772335] [HailoRT] [info] [vstream.cpp:1114] [OutputVStreamImpl] Creating yolo26n/conv80...
[2026-04-23 16:18:03.365] [772335] [HailoRT] [info] [vstream_builder.cpp:220] [create_outputs] Output pipeline 'yolo26n/conv80': HW >> (HwReadEl0yolo26n/conv80 | hw_frame_size: 1600) >> (PullQEl_hw_read0yolo26n/conv80) >> (PostInferEl0yolo26n/conv80 | Quantization - src_type: UINT8, dst_type FLOAT32, limvals_min: -204.998, limvals_max: 2.44045) >> (UserBuffQEl0yolo26n/conv80 | timeout: 10s)
[2026-04-23 16:18:03.365] [772335] [HailoRT] [info] [edge_elements.cpp:287] [create] Created (HwReadEl1yolo26n/conv91 | hw_frame_size: 3200)
[2026-04-23 16:18:03.365] [772335] [HailoRT] [info] [queue_elements.cpp:657] [create] Created (PullQEl_hw_read1yolo26n/conv91)
[2026-04-23 16:18:03.365] [772335] [HailoRT] [info] [filter_elements.cpp:372] [create] Created (PostInferEl1yolo26n/conv91 | Quantization - src_type: UINT8, dst_type FLOAT32, limvals_min: 0, limvals_max: 14.2269 | Reorder - src_order: FCR, src_shape: (20, 20, 8), dst_order: FCR, dst_shape: (20, 20, 4))
[2026-04-23 16:18:03.365] [772335] [HailoRT] [info] [queue_elements.cpp:800] [create] Created (UserBuffQEl1yolo26n/conv91 | timeout: 10s)
[2026-04-23 16:18:03.365] [772335] [HailoRT] [info] [vstream.cpp:1114] [OutputVStreamImpl] Creating yolo26n/conv91...
[2026-04-23 16:18:03.365] [772335] [HailoRT] [info] [vstream_builder.cpp:220] [create_outputs] Output pipeline 'yolo26n/conv91': HW >> (HwReadEl1yolo26n/conv91 | hw_frame_size: 3200) >> (PullQEl_hw_read1yolo26n/conv91) >> (PostInferEl1yolo26n/conv91 | Quantization - src_type: UINT8, dst_type FLOAT32, limvals_min: 0, limvals_max: 14.2269 | Reorder - src_order: FCR, src_shape: (20, 20, 8), dst_order: FCR, dst_shape: (20, 20, 4)) >> (UserBuffQEl1yolo26n/conv91 | timeout: 10s)
[2026-04-23 16:18:03.365] [772335] [HailoRT] [info] [edge_elements.cpp:287] [create] Created (HwReadEl0yolo26n/conv94 | hw_frame_size: 3200)
[2026-04-23 16:18:03.365] [772335] [HailoRT] [info] [queue_elements.cpp:657] [create] Created (PullQEl_hw_read0yolo26n/conv94)
[2026-04-23 16:18:03.365] [772335] [HailoRT] [info] [filter_elements.cpp:372] [create] Created (PostInferEl0yolo26n/conv94 | Quantization - src_type: UINT8, dst_type FLOAT32, limvals_min: -155.797, limvals_max: 3.11594 | Reorder - src_order: FCR, src_shape: (20, 20, 8), dst_order: FCR, dst_shape: (20, 20, 1))
[2026-04-23 16:18:03.365] [772335] [HailoRT] [info] [queue_elements.cpp:800] [create] Created (UserBuffQEl0yolo26n/conv94 | timeout: 10s)
[2026-04-23 16:18:03.365] [772335] [HailoRT] [info] [vstream.cpp:1114] [OutputVStreamImpl] Creating yolo26n/conv94...
[2026-04-23 16:18:03.365] [772335] [HailoRT] [info] [vstream_builder.cpp:220] [create_outputs] Output pipeline 'yolo26n/conv94': HW >> (HwReadEl0yolo26n/conv94 | hw_frame_size: 3200) >> (PullQEl_hw_read0yolo26n/conv94) >> (PostInferEl0yolo26n/conv94 | Quantization - src_type: UINT8, dst_type FLOAT32, limvals_min: -155.797, limvals_max: 3.11594 | Reorder - src_order: FCR, src_shape: (20, 20, 8), dst_order: FCR, dst_shape: (20, 20, 1)) >> (UserBuffQEl0yolo26n/conv94 | timeout: 10s)
[2026-04-23 16:18:03.376] [1140384] [HailoRT] [info] [queue_elements.cpp:855] [run_in_thread] Shutdown event was signaled in dequeue of UserBuffQEl3yolo26n/conv61!
[2026-04-23 16:18:03.376] [1140383] [HailoRT] [info] [vdevice_native_stream.cpp:331] [read_impl] Failed read from stream HAILO_STREAM_ABORT(63) (device: 0001:01:00.0)
[2026-04-23 16:18:03.376] [1140383] [HailoRT] [info] [edge_elements.cpp:396] [run_pull] Reading from stream was aborted!
[2026-04-23 16:18:03.376] [1140383] [HailoRT] [info] [queue_elements.cpp:738] [run_in_thread] run_pull of queue element PullQEl_hw_read3yolo26n/conv61 was aborted!
[2026-04-23 16:18:03.376] [1140383] [HailoRT] [info] [queue_elements.cpp:68] [operator()] Thread in element PullQEl_hw_read3yolo26n/conv61 is not running anymore, exiting..
[2026-04-23 16:18:03.376] [772335] [HailoRT] [info] [queue_elements.cpp:46] [~BaseQueueElement] Queue element PullQEl_hw_read3yolo26n/conv61 has 0 frames in his Queue on destruction
[2026-04-23 16:18:03.376] [1140384] [HailoRT] [info] [queue_elements.cpp:68] [operator()] Thread in element UserBuffQEl3yolo26n/conv61 is not running anymore, exiting..
[2026-04-23 16:18:03.376] [772335] [HailoRT] [info] [queue_elements.cpp:46] [~BaseQueueElement] Queue element UserBuffQEl3yolo26n/conv61 has 0 frames in his Queue on destruction
[2026-04-23 16:18:03.376] [1140386] [HailoRT] [info] [queue_elements.cpp:855] [run_in_thread] Shutdown event was signaled in dequeue of UserBuffQEl2yolo26n/conv64!
[2026-04-23 16:18:03.376] [1140385] [HailoRT] [info] [vdevice_native_stream.cpp:331] [read_impl] Failed read from stream HAILO_STREAM_ABORT(63) (device: 0001:01:00.0)
[2026-04-23 16:18:03.376] [1140385] [HailoRT] [info] [edge_elements.cpp:396] [run_pull] Reading from stream was aborted!
[2026-04-23 16:18:03.376] [1140385] [HailoRT] [info] [queue_elements.cpp:738] [run_in_thread] run_pull of queue element PullQEl_hw_read2yolo26n/conv64 was aborted!
[2026-04-23 16:18:03.376] [1140385] [HailoRT] [info] [queue_elements.cpp:68] [operator()] Thread in element PullQEl_hw_read2yolo26n/conv64 is not running anymore, exiting..
[2026-04-23 16:18:03.376] [772335] [HailoRT] [info] [queue_elements.cpp:46] [~BaseQueueElement] Queue element PullQEl_hw_read2yolo26n/conv64 has 0 frames in his Queue on destruction
[2026-04-23 16:18:03.376] [1140386] [HailoRT] [info] [queue_elements.cpp:68] [operator()] Thread in element UserBuffQEl2yolo26n/conv64 is not running anymore, exiting..
[2026-04-23 16:18:03.376] [772335] [HailoRT] [info] [queue_elements.cpp:46] [~BaseQueueElement] Queue element UserBuffQEl2yolo26n/conv64 has 0 frames in his Queue on destruction
[2026-04-23 16:18:03.376] [1140388] [HailoRT] [info] [queue_elements.cpp:855] [run_in_thread] Shutdown event was signaled in dequeue of UserBuffQEl1yolo26n/conv77!
[2026-04-23 16:18:03.376] [1140387] [HailoRT] [info] [vdevice_native_stream.cpp:331] [read_impl] Failed read from stream HAILO_STREAM_ABORT(63) (device: 0001:01:00.0)
[2026-04-23 16:18:03.376] [1140387] [HailoRT] [info] [edge_elements.cpp:396] [run_pull] Reading from stream was aborted!
[2026-04-23 16:18:03.376] [1140387] [HailoRT] [info] [queue_elements.cpp:738] [run_in_thread] run_pull of queue element PullQEl_hw_read1yolo26n/conv77 was aborted!
[2026-04-23 16:18:03.376] [1140387] [HailoRT] [info] [queue_elements.cpp:68] [operator()] Thread in element PullQEl_hw_read1yolo26n/conv77 is not running anymore, exiting..
[2026-04-23 16:18:03.376] [772335] [HailoRT] [info] [queue_elements.cpp:46] [~BaseQueueElement] Queue element PullQEl_hw_read1yolo26n/conv77 has 0 frames in his Queue on destruction
[2026-04-23 16:18:03.376] [1140388] [HailoRT] [info] [queue_elements.cpp:68] [operator()] Thread in element UserBuffQEl1yolo26n/conv77 is not running anymore, exiting..
[2026-04-23 16:18:03.376] [772335] [HailoRT] [info] [queue_elements.cpp:46] [~BaseQueueElement] Queue element UserBuffQEl1yolo26n/conv77 has 0 frames in his Queue on destruction
[2026-04-23 16:18:03.376] [1140389] [HailoRT] [info] [vdevice_native_stream.cpp:331] [read_impl] Failed read from stream HAILO_STREAM_ABORT(63) (device: 0001:01:00.0)
[2026-04-23 16:18:03.376] [1140389] [HailoRT] [info] [edge_elements.cpp:396] [run_pull] Reading from stream was aborted!
[2026-04-23 16:18:03.376] [1140389] [HailoRT] [info] [queue_elements.cpp:738] [run_in_thread] run_pull of queue element PullQEl_hw_read0yolo26n/conv80 was aborted!
[2026-04-23 16:18:03.376] [1140390] [HailoRT] [info] [queue_elements.cpp:855] [run_in_thread] Shutdown event was signaled in dequeue of UserBuffQEl0yolo26n/conv80!
[2026-04-23 16:18:03.376] [1140389] [HailoRT] [info] [queue_elements.cpp:68] [operator()] Thread in element PullQEl_hw_read0yolo26n/conv80 is not running anymore, exiting..
[2026-04-23 16:18:03.377] [772335] [HailoRT] [info] [queue_elements.cpp:46] [~BaseQueueElement] Queue element PullQEl_hw_read0yolo26n/conv80 has 0 frames in his Queue on destruction
[2026-04-23 16:18:03.377] [1140390] [HailoRT] [info] [queue_elements.cpp:68] [operator()] Thread in element UserBuffQEl0yolo26n/conv80 is not running anymore, exiting..
[2026-04-23 16:18:03.377] [772335] [HailoRT] [info] [queue_elements.cpp:46] [~BaseQueueElement] Queue element UserBuffQEl0yolo26n/conv80 has 0 frames in his Queue on destruction
[2026-04-23 16:18:03.377] [1140392] [HailoRT] [info] [queue_elements.cpp:855] [run_in_thread] Shutdown event was signaled in dequeue of UserBuffQEl1yolo26n/conv91!
[2026-04-23 16:18:03.377] [1140391] [HailoRT] [info] [vdevice_native_stream.cpp:331] [read_impl] Failed read from stream HAILO_STREAM_ABORT(63) (device: 0001:01:00.0)
[2026-04-23 16:18:03.377] [1140391] [HailoRT] [info] [edge_elements.cpp:396] [run_pull] Reading from stream was aborted!
[2026-04-23 16:18:03.377] [1140391] [HailoRT] [info] [queue_elements.cpp:738] [run_in_thread] run_pull of queue element PullQEl_hw_read1yolo26n/conv91 was aborted!
[2026-04-23 16:18:03.377] [1140391] [HailoRT] [info] [queue_elements.cpp:68] [operator()] Thread in element PullQEl_hw_read1yolo26n/conv91 is not running anymore, exiting..
[2026-04-23 16:18:03.377] [772335] [HailoRT] [info] [queue_elements.cpp:46] [~BaseQueueElement] Queue element PullQEl_hw_read1yolo26n/conv91 has 0 frames in his Queue on destruction
[2026-04-23 16:18:03.377] [1140392] [HailoRT] [info] [queue_elements.cpp:68] [operator()] Thread in element UserBuffQEl1yolo26n/conv91 is not running anymore, exiting..
[2026-04-23 16:18:03.377] [772335] [HailoRT] [info] [queue_elements.cpp:46] [~BaseQueueElement] Queue element UserBuffQEl1yolo26n/conv91 has 0 frames in his Queue on destruction
[2026-04-23 16:18:03.377] [1140393] [HailoRT] [info] [vdevice_native_stream.cpp:331] [read_impl] Failed read from stream HAILO_STREAM_ABORT(63) (device: 0001:01:00.0)
[2026-04-23 16:18:03.377] [1140393] [HailoRT] [info] [edge_elements.cpp:396] [run_pull] Reading from stream was aborted!
[2026-04-23 16:18:03.377] [1140394] [HailoRT] [info] [queue_elements.cpp:855] [run_in_thread] Shutdown event was signaled in dequeue of UserBuffQEl0yolo26n/conv94!
[2026-04-23 16:18:03.377] [1140393] [HailoRT] [info] [queue_elements.cpp:738] [run_in_thread] run_pull of queue element PullQEl_hw_read0yolo26n/conv94 was aborted!
[2026-04-23 16:18:03.377] [1140393] [HailoRT] [info] [queue_elements.cpp:68] [operator()] Thread in element PullQEl_hw_read0yolo26n/conv94 is not running anymore, exiting..
[2026-04-23 16:18:03.377] [772335] [HailoRT] [info] [queue_elements.cpp:46] [~BaseQueueElement] Queue element PullQEl_hw_read0yolo26n/conv94 has 0 frames in his Queue on destruction
[2026-04-23 16:18:03.377] [1140394] [HailoRT] [info] [queue_elements.cpp:68] [operator()] Thread in element UserBuffQEl0yolo26n/conv94 is not running anymore, exiting..
[2026-04-23 16:18:03.377] [772335] [HailoRT] [info] [queue_elements.cpp:46] [~BaseQueueElement] Queue element UserBuffQEl0yolo26n/conv94 has 0 frames in his Queue on destruction
[2026-04-23 16:18:03.377] [1140382] [HailoRT] [info] [queue_elements.cpp:68] [operator()] Thread in element PushQEl2yolo26n/input_layer1 is not running anymore, exiting..
[2026-04-23 16:18:03.377] [772335] [HailoRT] [info] [queue_elements.cpp:46] [~BaseQueueElement] Queue element PushQEl2yolo26n/input_layer1 has 0 frames in his Queue on destruction
[2026-04-23 16:18:03.377] [772335] [HailoRT] [info] [core_op.cpp:186] [deactivate] Deactivating took 0.493406 ms
[2026-04-23 16:18:03.377] [772335] [HailoRT] [info] [core_op.cpp:186] [deactivate] Deactivating took 0.502907 ms
[2026-04-23 16:18:03.383] [772335] [HailoRT] [info] [core_op.cpp:156] [activate] Activating arcface_mobilefacenet took 0.227778 milliseconds. Note that the function is asynchronous and thus the network is not fully activated yet.
[2026-04-23 16:18:03.383] [772335] [HailoRT] [info] [core_op.cpp:156] [activate] Activating arcface_mobilefacenet took 0.279055 milliseconds. Note that the function is asynchronous and thus the network is not fully activated yet.
[2026-04-23 16:18:03.383] [772335] [HailoRT] [info] [edge_elements.cpp:52] [create] Created (HwWriteEl1arcface_mobilefacenet/input_layer1 | hw_frame_size: 37632)
[2026-04-23 16:18:03.383] [772335] [HailoRT] [info] [vstream.cpp:754] [InputVStreamImpl] Creating arcface_mobilefacenet/input_layer1...
[2026-04-23 16:18:03.383] [772335] [HailoRT] [info] [vstream_builder.cpp:102] [create_inputs] Input pipeline 'arcface_mobilefacenet/input_layer1': (HwWriteEl1arcface_mobilefacenet/input_layer1 | hw_frame_size: 37632) >> HW
[2026-04-23 16:18:03.383] [772335] [HailoRT] [info] [edge_elements.cpp:287] [create] Created (HwReadEl0arcface_mobilefacenet/fc1 | hw_frame_size: 512)
[2026-04-23 16:18:03.383] [772335] [HailoRT] [info] [queue_elements.cpp:657] [create] Created (PullQEl_hw_read0arcface_mobilefacenet/fc1)
[2026-04-23 16:18:03.383] [772335] [HailoRT] [info] [filter_elements.cpp:372] [create] Created (PostInferEl0arcface_mobilefacenet/fc1 | Quantization - src_type: UINT8, dst_type FLOAT32, limvals_min: -2.41025, limvals_max: 1.8579)
[2026-04-23 16:18:03.383] [772335] [HailoRT] [info] [queue_elements.cpp:800] [create] Created (UserBuffQEl0arcface_mobilefacenet/fc1 | timeout: 10s)
[2026-04-23 16:18:03.383] [772335] [HailoRT] [info] [vstream.cpp:1114] [OutputVStreamImpl] Creating arcface_mobilefacenet/fc1...
[2026-04-23 16:18:03.383] [772335] [HailoRT] [info] [vstream_builder.cpp:220] [create_outputs] Output pipeline 'arcface_mobilefacenet/fc1': HW >> (HwReadEl0arcface_mobilefacenet/fc1 | hw_frame_size: 512) >> (PullQEl_hw_read0arcface_mobilefacenet/fc1) >> (PostInferEl0arcface_mobilefacenet/fc1 | Quantization - src_type: UINT8, dst_type FLOAT32, limvals_min: -2.41025, limvals_max: 1.8579) >> (UserBuffQEl0arcface_mobilefacenet/fc1 | timeout: 10s)
[2026-04-23 16:18:03.389] [1140403] [HailoRT] [info] [queue_elements.cpp:855] [run_in_thread] Shutdown event was signaled in dequeue of UserBuffQEl0arcface_mobilefacenet/fc1!
[2026-04-23 16:18:03.389] [1140402] [HailoRT] [info] [vdevice_native_stream.cpp:331] [read_impl] Failed read from stream HAILO_STREAM_ABORT(63) (device: 0001:01:00.0)
[2026-04-23 16:18:03.389] [1140402] [HailoRT] [info] [edge_elements.cpp:396] [run_pull] Reading from stream was aborted!
[2026-04-23 16:18:03.389] [1140402] [HailoRT] [info] [queue_elements.cpp:738] [run_in_thread] run_pull of queue element PullQEl_hw_read0arcface_mobilefacenet/fc1 was aborted!
[2026-04-23 16:18:03.389] [1140402] [HailoRT] [info] [queue_elements.cpp:68] [operator()] Thread in element PullQEl_hw_read0arcface_mobilefacenet/fc1 is not running anymore, exiting..
[2026-04-23 16:18:03.389] [772335] [HailoRT] [info] [queue_elements.cpp:46] [~BaseQueueElement] Queue element PullQEl_hw_read0arcface_mobilefacenet/fc1 has 0 frames in his Queue on destruction
[2026-04-23 16:18:03.389] [1140403] [HailoRT] [info] [queue_elements.cpp:68] [operator()] Thread in element UserBuffQEl0arcface_mobilefacenet/fc1 is not running anymore, exiting..
[2026-04-23 16:18:03.389] [772335] [HailoRT] [info] [queue_elements.cpp:46] [~BaseQueueElement] Queue element UserBuffQEl0arcface_mobilefacenet/fc1 has 0 frames in his Queue on destruction
[2026-04-23 16:18:03.390] [772335] [HailoRT] [info] [core_op.cpp:186] [deactivate] Deactivating took 0.356592 ms
[2026-04-23 16:18:03.390] [772335] [HailoRT] [info] [core_op.cpp:186] [deactivate] Deactivating took 0.364369 ms
[2026-04-23 16:18:03.398] [772335] [HailoRT] [info] [core_op.cpp:156] [activate] Activating yolo26n took 0.479017 milliseconds. Note that the function is asynchronous and thus the network is not fully activated yet.
[2026-04-23 16:18:03.398] [772335] [HailoRT] [info] [core_op.cpp:156] [activate] Activating yolo26n took 0.500925 milliseconds. Note that the function is asynchronous and thus the network is not fully activated yet.
[2026-04-23 16:18:03.398] [772335] [HailoRT] [info] [edge_elements.cpp:52] [create] Created (HwWriteEl2yolo26n/input_layer1 | hw_frame_size: 1228800)
[2026-04-23 16:18:03.399] [772335] [HailoRT] [info] [queue_elements.cpp:284] [create] Created (PushQEl2yolo26n/input_layer1 | timeout: 10s)
[2026-04-23 16:18:03.399] [772335] [HailoRT] [info] [filter_elements.cpp:101] [create] Created (PreInferEl2yolo26n/input_layer1 | Reorder - src_order: NHWC, src_shape: (640, 640, 3), dst_order: NHCW, dst_shape: (640, 640, 3))
[2026-04-23 16:18:03.399] [772335] [HailoRT] [info] [vstream.cpp:754] [InputVStreamImpl] Creating yolo26n/input_layer1...
[2026-04-23 16:18:03.399] [772335] [HailoRT] [info] [vstream_builder.cpp:102] [create_inputs] Input pipeline 'yolo26n/input_layer1': (PreInferEl2yolo26n/input_layer1 | Reorder - src_order: NHWC, src_shape: (640, 640, 3), dst_order: NHCW, dst_shape: (640, 640, 3)) >> (PushQEl2yolo26n/input_layer1 | timeout: 10s) >> (HwWriteEl2yolo26n/input_layer1 | hw_frame_size: 1228800) >> HW
[2026-04-23 16:18:03.399] [772335] [HailoRT] [info] [edge_elements.cpp:287] [create] Created (HwReadEl3yolo26n/conv61 | hw_frame_size: 25600)
[2026-04-23 16:18:03.399] [772335] [HailoRT] [info] [queue_elements.cpp:657] [create] Created (PullQEl_hw_read3yolo26n/conv61)
[2026-04-23 16:18:03.399] [772335] [HailoRT] [info] [filter_elements.cpp:372] [create] Created (PostInferEl3yolo26n/conv61 | Quantization - src_type: UINT8, dst_type FLOAT32, limvals_min: -0.468035, limvals_max: 6.99127)
[2026-04-23 16:18:03.399] [772335] [HailoRT] [info] [queue_elements.cpp:800] [create] Created (UserBuffQEl3yolo26n/conv61 | timeout: 10s)
[2026-04-23 16:18:03.399] [772335] [HailoRT] [info] [vstream.cpp:1114] [OutputVStreamImpl] Creating yolo26n/conv61...
[2026-04-23 16:18:03.399] [772335] [HailoRT] [info] [vstream_builder.cpp:220] [create_outputs] Output pipeline 'yolo26n/conv61': HW >> (HwReadEl3yolo26n/conv61 | hw_frame_size: 25600) >> (PullQEl_hw_read3yolo26n/conv61) >> (PostInferEl3yolo26n/conv61 | Quantization - src_type: UINT8, dst_type FLOAT32, limvals_min: -0.468035, limvals_max: 6.99127) >> (UserBuffQEl3yolo26n/conv61 | timeout: 10s)
[2026-04-23 16:18:03.399] [772335] [HailoRT] [info] [edge_elements.cpp:287] [create] Created (HwReadEl2yolo26n/conv64 | hw_frame_size: 6400)
[2026-04-23 16:18:03.399] [772335] [HailoRT] [info] [queue_elements.cpp:657] [create] Created (PullQEl_hw_read2yolo26n/conv64)
[2026-04-23 16:18:03.399] [772335] [HailoRT] [info] [filter_elements.cpp:372] [create] Created (PostInferEl2yolo26n/conv64 | Quantization - src_type: UINT8, dst_type FLOAT32, limvals_min: -161.763, limvals_max: 2.5779)
[2026-04-23 16:18:03.399] [772335] [HailoRT] [info] [queue_elements.cpp:800] [create] Created (UserBuffQEl2yolo26n/conv64 | timeout: 10s)
[2026-04-23 16:18:03.399] [772335] [HailoRT] [info] [vstream.cpp:1114] [OutputVStreamImpl] Creating yolo26n/conv64...
[2026-04-23 16:18:03.399] [772335] [HailoRT] [info] [vstream_builder.cpp:220] [create_outputs] Output pipeline 'yolo26n/conv64': HW >> (HwReadEl2yolo26n/conv64 | hw_frame_size: 6400) >> (PullQEl_hw_read2yolo26n/conv64) >> (PostInferEl2yolo26n/conv64 | Quantization - src_type: UINT8, dst_type FLOAT32, limvals_min: -161.763, limvals_max: 2.5779) >> (UserBuffQEl2yolo26n/conv64 | timeout: 10s)
[2026-04-23 16:18:03.399] [772335] [HailoRT] [info] [edge_elements.cpp:287] [create] Created (HwReadEl1yolo26n/conv77 | hw_frame_size: 6400)
[2026-04-23 16:18:03.399] [772335] [HailoRT] [info] [queue_elements.cpp:657] [create] Created (PullQEl_hw_read1yolo26n/conv77)
[2026-04-23 16:18:03.399] [772335] [HailoRT] [info] [filter_elements.cpp:372] [create] Created (PostInferEl1yolo26n/conv77 | Quantization - src_type: UINT8, dst_type FLOAT32, limvals_min: -0.560223, limvals_max: 15.3127)
[2026-04-23 16:18:03.399] [772335] [HailoRT] [info] [queue_elements.cpp:800] [create] Created (UserBuffQEl1yolo26n/conv77 | timeout: 10s)
[2026-04-23 16:18:03.399] [772335] [HailoRT] [info] [vstream.cpp:1114] [OutputVStreamImpl] Creating yolo26n/conv77...
[2026-04-23 16:18:03.399] [772335] [HailoRT] [info] [vstream_builder.cpp:220] [create_outputs] Output pipeline 'yolo26n/conv77': HW >> (HwReadEl1yolo26n/conv77 | hw_frame_size: 6400) >> (PullQEl_hw_read1yolo26n/conv77) >> (PostInferEl1yolo26n/conv77 | Quantization - src_type: UINT8, dst_type FLOAT32, limvals_min: -0.560223, limvals_max: 15.3127) >> (UserBuffQEl1yolo26n/conv77 | timeout: 10s)
[2026-04-23 16:18:03.399] [772335] [HailoRT] [info] [edge_elements.cpp:287] [create] Created (HwReadEl0yolo26n/conv80 | hw_frame_size: 1600)
[2026-04-23 16:18:03.399] [772335] [HailoRT] [info] [queue_elements.cpp:657] [create] Created (PullQEl_hw_read0yolo26n/conv80)
[2026-04-23 16:18:03.399] [772335] [HailoRT] [info] [filter_elements.cpp:372] [create] Created (PostInferEl0yolo26n/conv80 | Quantization - src_type: UINT8, dst_type FLOAT32, limvals_min: -204.998, limvals_max: 2.44045)
[2026-04-23 16:18:03.399] [772335] [HailoRT] [info] [queue_elements.cpp:800] [create] Created (UserBuffQEl0yolo26n/conv80 | timeout: 10s)
[2026-04-23 16:18:03.399] [772335] [HailoRT] [info] [vstream.cpp:1114] [OutputVStreamImpl] Creating yolo26n/conv80...
[2026-04-23 16:18:03.399] [772335] [HailoRT] [info] [vstream_builder.cpp:220] [create_outputs] Output pipeline 'yolo26n/conv80': HW >> (HwReadEl0yolo26n/conv80 | hw_frame_size: 1600) >> (PullQEl_hw_read0yolo26n/conv80) >> (PostInferEl0yolo26n/conv80 | Quantization - src_type: UINT8, dst_type FLOAT32, limvals_min: -204.998, limvals_max: 2.44045) >> (UserBuffQEl0yolo26n/conv80 | timeout: 10s)
[2026-04-23 16:18:03.399] [772335] [HailoRT] [info] [edge_elements.cpp:287] [create] Created (HwReadEl1yolo26n/conv91 | hw_frame_size: 3200)
[2026-04-23 16:18:03.399] [772335] [HailoRT] [info] [queue_elements.cpp:657] [create] Created (PullQEl_hw_read1yolo26n/conv91)
[2026-04-23 16:18:03.399] [772335] [HailoRT] [info] [filter_elements.cpp:372] [create] Created (PostInferEl1yolo26n/conv91 | Quantization - src_type: UINT8, dst_type FLOAT32, limvals_min: 0, limvals_max: 14.2269 | Reorder - src_order: FCR, src_shape: (20, 20, 8), dst_order: FCR, dst_shape: (20, 20, 4))
[2026-04-23 16:18:03.399] [772335] [HailoRT] [info] [queue_elements.cpp:800] [create] Created (UserBuffQEl1yolo26n/conv91 | timeout: 10s)
[2026-04-23 16:18:03.399] [772335] [HailoRT] [info] [vstream.cpp:1114] [OutputVStreamImpl] Creating yolo26n/conv91...
[2026-04-23 16:18:03.399] [772335] [HailoRT] [info] [vstream_builder.cpp:220] [create_outputs] Output pipeline 'yolo26n/conv91': HW >> (HwReadEl1yolo26n/conv91 | hw_frame_size: 3200) >> (PullQEl_hw_read1yolo26n/conv91) >> (PostInferEl1yolo26n/conv91 | Quantization - src_type: UINT8, dst_type FLOAT32, limvals_min: 0, limvals_max: 14.2269 | Reorder - src_order: FCR, src_shape: (20, 20, 8), dst_order: FCR, dst_shape: (20, 20, 4)) >> (UserBuffQEl1yolo26n/conv91 | timeout: 10s)
[2026-04-23 16:18:03.399] [772335] [HailoRT] [info] [edge_elements.cpp:287] [create] Created (HwReadEl0yolo26n/conv94 | hw_frame_size: 3200)
[2026-04-23 16:18:03.399] [772335] [HailoRT] [info] [queue_elements.cpp:657] [create] Created (PullQEl_hw_read0yolo26n/conv94)
[2026-04-23 16:18:03.400] [772335] [HailoRT] [info] [filter_elements.cpp:372] [create] Created (PostInferEl0yolo26n/conv94 | Quantization - src_type: UINT8, dst_type FLOAT32, limvals_min: -155.797, limvals_max: 3.11594 | Reorder - src_order: FCR, src_shape: (20, 20, 8), dst_order: FCR, dst_shape: (20, 20, 1))
[2026-04-23 16:18:03.400] [772335] [HailoRT] [info] [queue_elements.cpp:800] [create] Created (UserBuffQEl0yolo26n/conv94 | timeout: 10s)
[2026-04-23 16:18:03.400] [772335] [HailoRT] [info] [vstream.cpp:1114] [OutputVStreamImpl] Creating yolo26n/conv94...
[2026-04-23 16:18:03.400] [772335] [HailoRT] [info] [vstream_builder.cpp:220] [create_outputs] Output pipeline 'yolo26n/conv94': HW >> (HwReadEl0yolo26n/conv94 | hw_frame_size: 3200) >> (PullQEl_hw_read0yolo26n/conv94) >> (PostInferEl0yolo26n/conv94 | Quantization - src_type: UINT8, dst_type FLOAT32, limvals_min: -155.797, limvals_max: 3.11594 | Reorder - src_order: FCR, src_shape: (20, 20, 8), dst_order: FCR, dst_shape: (20, 20, 1)) >> (UserBuffQEl0yolo26n/conv94 | timeout: 10s)
[2026-04-23 16:18:03.411] [1140408] [HailoRT] [info] [queue_elements.cpp:855] [run_in_thread] Shutdown event was signaled in dequeue of UserBuffQEl3yolo26n/conv61!
[2026-04-23 16:18:03.411] [1140407] [HailoRT] [info] [vdevice_native_stream.cpp:331] [read_impl] Failed read from stream HAILO_STREAM_ABORT(63) (device: 0001:01:00.0)
[2026-04-23 16:18:03.411] [1140407] [HailoRT] [info] [edge_elements.cpp:396] [run_pull] Reading from stream was aborted!
[2026-04-23 16:18:03.411] [1140407] [HailoRT] [info] [queue_elements.cpp:738] [run_in_thread] run_pull of queue element PullQEl_hw_read3yolo26n/conv61 was aborted!
[2026-04-23 16:18:03.411] [1140407] [HailoRT] [info] [queue_elements.cpp:68] [operator()] Thread in element PullQEl_hw_read3yolo26n/conv61 is not running anymore, exiting..
[2026-04-23 16:18:03.411] [772335] [HailoRT] [info] [queue_elements.cpp:46] [~BaseQueueElement] Queue element PullQEl_hw_read3yolo26n/conv61 has 0 frames in his Queue on destruction
[2026-04-23 16:18:03.411] [1140408] [HailoRT] [info] [queue_elements.cpp:68] [operator()] Thread in element UserBuffQEl3yolo26n/conv61 is not running anymore, exiting..
[2026-04-23 16:18:03.411] [772335] [HailoRT] [info] [queue_elements.cpp:46] [~BaseQueueElement] Queue element UserBuffQEl3yolo26n/conv61 has 0 frames in his Queue on destruction
[2026-04-23 16:18:03.411] [1140410] [HailoRT] [info] [queue_elements.cpp:855] [run_in_thread] Shutdown event was signaled in dequeue of UserBuffQEl2yolo26n/conv64!
[2026-04-23 16:18:03.411] [1140409] [HailoRT] [info] [vdevice_native_stream.cpp:331] [read_impl] Failed read from stream HAILO_STREAM_ABORT(63) (device: 0001:01:00.0)
[2026-04-23 16:18:03.411] [1140409] [HailoRT] [info] [edge_elements.cpp:396] [run_pull] Reading from stream was aborted!
[2026-04-23 16:18:03.411] [1140409] [HailoRT] [info] [queue_elements.cpp:738] [run_in_thread] run_pull of queue element PullQEl_hw_read2yolo26n/conv64 was aborted!
[2026-04-23 16:18:03.411] [1140409] [HailoRT] [info] [queue_elements.cpp:68] [operator()] Thread in element PullQEl_hw_read2yolo26n/conv64 is not running anymore, exiting..
[2026-04-23 16:18:03.411] [772335] [HailoRT] [info] [queue_elements.cpp:46] [~BaseQueueElement] Queue element PullQEl_hw_read2yolo26n/conv64 has 0 frames in his Queue on destruction
[2026-04-23 16:18:03.411] [1140410] [HailoRT] [info] [queue_elements.cpp:68] [operator()] Thread in element UserBuffQEl2yolo26n/conv64 is not running anymore, exiting..
[2026-04-23 16:18:03.411] [772335] [HailoRT] [info] [queue_elements.cpp:46] [~BaseQueueElement] Queue element UserBuffQEl2yolo26n/conv64 has 0 frames in his Queue on destruction
[2026-04-23 16:18:03.411] [1140412] [HailoRT] [info] [queue_elements.cpp:855] [run_in_thread] Shutdown event was signaled in dequeue of UserBuffQEl1yolo26n/conv77!
[2026-04-23 16:18:03.411] [1140411] [HailoRT] [info] [vdevice_native_stream.cpp:331] [read_impl] Failed read from stream HAILO_STREAM_ABORT(63) (device: 0001:01:00.0)
[2026-04-23 16:18:03.411] [1140411] [HailoRT] [info] [edge_elements.cpp:396] [run_pull] Reading from stream was aborted!
[2026-04-23 16:18:03.411] [1140411] [HailoRT] [info] [queue_elements.cpp:738] [run_in_thread] run_pull of queue element PullQEl_hw_read1yolo26n/conv77 was aborted!
[2026-04-23 16:18:03.411] [1140411] [HailoRT] [info] [queue_elements.cpp:68] [operator()] Thread in element PullQEl_hw_read1yolo26n/conv77 is not running anymore, exiting..
[2026-04-23 16:18:03.411] [772335] [HailoRT] [info] [queue_elements.cpp:46] [~BaseQueueElement] Queue element PullQEl_hw_read1yolo26n/conv77 has 0 frames in his Queue on destruction
[2026-04-23 16:18:03.411] [1140412] [HailoRT] [info] [queue_elements.cpp:68] [operator()] Thread in element UserBuffQEl1yolo26n/conv77 is not running anymore, exiting..
[2026-04-23 16:18:03.411] [772335] [HailoRT] [info] [queue_elements.cpp:46] [~BaseQueueElement] Queue element UserBuffQEl1yolo26n/conv77 has 0 frames in his Queue on destruction
[2026-04-23 16:18:03.411] [1140413] [HailoRT] [info] [vdevice_native_stream.cpp:331] [read_impl] Failed read from stream HAILO_STREAM_ABORT(63) (device: 0001:01:00.0)
[2026-04-23 16:18:03.411] [1140413] [HailoRT] [info] [edge_elements.cpp:396] [run_pull] Reading from stream was aborted!
[2026-04-23 16:18:03.411] [1140414] [HailoRT] [info] [queue_elements.cpp:855] [run_in_thread] Shutdown event was signaled in dequeue of UserBuffQEl0yolo26n/conv80!
[2026-04-23 16:18:03.411] [1140413] [HailoRT] [info] [queue_elements.cpp:738] [run_in_thread] run_pull of queue element PullQEl_hw_read0yolo26n/conv80 was aborted!
[2026-04-23 16:18:03.411] [1140413] [HailoRT] [info] [queue_elements.cpp:68] [operator()] Thread in element PullQEl_hw_read0yolo26n/conv80 is not running anymore, exiting..
[2026-04-23 16:18:03.411] [772335] [HailoRT] [info] [queue_elements.cpp:46] [~BaseQueueElement] Queue element PullQEl_hw_read0yolo26n/conv80 has 0 frames in his Queue on destruction
[2026-04-23 16:18:03.411] [1140414] [HailoRT] [info] [queue_elements.cpp:68] [operator()] Thread in element UserBuffQEl0yolo26n/conv80 is not running anymore, exiting..
[2026-04-23 16:18:03.411] [772335] [HailoRT] [info] [queue_elements.cpp:46] [~BaseQueueElement] Queue element UserBuffQEl0yolo26n/conv80 has 0 frames in his Queue on destruction
[2026-04-23 16:18:03.411] [1140415] [HailoRT] [info] [vdevice_native_stream.cpp:331] [read_impl] Failed read from stream HAILO_STREAM_ABORT(63) (device: 0001:01:00.0)
[2026-04-23 16:18:03.411] [1140415] [HailoRT] [info] [edge_elements.cpp:396] [run_pull] Reading from stream was aborted!
[2026-04-23 16:18:03.411] [1140416] [HailoRT] [info] [queue_elements.cpp:855] [run_in_thread] Shutdown event was signaled in dequeue of UserBuffQEl1yolo26n/conv91!
[2026-04-23 16:18:03.411] [1140415] [HailoRT] [info] [queue_elements.cpp:738] [run_in_thread] run_pull of queue element PullQEl_hw_read1yolo26n/conv91 was aborted!
[2026-04-23 16:18:03.411] [1140415] [HailoRT] [info] [queue_elements.cpp:68] [operator()] Thread in element PullQEl_hw_read1yolo26n/conv91 is not running anymore, exiting..
[2026-04-23 16:18:03.411] [772335] [HailoRT] [info] [queue_elements.cpp:46] [~BaseQueueElement] Queue element PullQEl_hw_read1yolo26n/conv91 has 0 frames in his Queue on destruction
[2026-04-23 16:18:03.411] [1140416] [HailoRT] [info] [queue_elements.cpp:68] [operator()] Thread in element UserBuffQEl1yolo26n/conv91 is not running anymore, exiting..
[2026-04-23 16:18:03.411] [772335] [HailoRT] [info] [queue_elements.cpp:46] [~BaseQueueElement] Queue element UserBuffQEl1yolo26n/conv91 has 0 frames in his Queue on destruction
[2026-04-23 16:18:03.411] [1140417] [HailoRT] [info] [vdevice_native_stream.cpp:331] [read_impl] Failed read from stream HAILO_STREAM_ABORT(63) (device: 0001:01:00.0)
[2026-04-23 16:18:03.411] [1140417] [HailoRT] [info] [edge_elements.cpp:396] [run_pull] Reading from stream was aborted!
[2026-04-23 16:18:03.411] [1140418] [HailoRT] [info] [queue_elements.cpp:855] [run_in_thread] Shutdown event was signaled in dequeue of UserBuffQEl0yolo26n/conv94!
[2026-04-23 16:18:03.411] [1140417] [HailoRT] [info] [queue_elements.cpp:738] [run_in_thread] run_pull of queue element PullQEl_hw_read0yolo26n/conv94 was aborted!
[2026-04-23 16:18:03.411] [1140417] [HailoRT] [info] [queue_elements.cpp:68] [operator()] Thread in element PullQEl_hw_read0yolo26n/conv94 is not running anymore, exiting..
[2026-04-23 16:18:03.411] [772335] [HailoRT] [info] [queue_elements.cpp:46] [~BaseQueueElement] Queue element PullQEl_hw_read0yolo26n/conv94 has 0 frames in his Queue on destruction
[2026-04-23 16:18:03.411] [1140418] [HailoRT] [info] [queue_elements.cpp:68] [operator()] Thread in element UserBuffQEl0yolo26n/conv94 is not running anymore, exiting..
[2026-04-23 16:18:03.411] [772335] [HailoRT] [info] [queue_elements.cpp:46] [~BaseQueueElement] Queue element UserBuffQEl0yolo26n/conv94 has 0 frames in his Queue on destruction
[2026-04-23 16:18:03.411] [1140406] [HailoRT] [info] [queue_elements.cpp:68] [operator()] Thread in element PushQEl2yolo26n/input_layer1 is not running anymore, exiting..
[2026-04-23 16:18:03.411] [772335] [HailoRT] [info] [queue_elements.cpp:46] [~BaseQueueElement] Queue element PushQEl2yolo26n/input_layer1 has 0 frames in his Queue on destruction
[2026-04-23 16:18:03.412] [772335] [HailoRT] [info] [core_op.cpp:186] [deactivate] Deactivating took 0.497684 ms
[2026-04-23 16:18:03.412] [772335] [HailoRT] [info] [core_op.cpp:186] [deactivate] Deactivating took 0.506202 ms
[2026-04-23 16:18:03.417] [772335] [HailoRT] [info] [core_op.cpp:156] [activate] Activating arcface_mobilefacenet took 0.219518 milliseconds. Note that the function is asynchronous and thus the network is not fully activated yet.
[2026-04-23 16:18:03.417] [772335] [HailoRT] [info] [core_op.cpp:156] [activate] Activating arcface_mobilefacenet took 0.237277 milliseconds. Note that the function is asynchronous and thus the network is not fully activated yet.
[2026-04-23 16:18:03.417] [772335] [HailoRT] [info] [edge_elements.cpp:52] [create] Created (HwWriteEl1arcface_mobilefacenet/input_layer1 | hw_frame_size: 37632)
[2026-04-23 16:18:03.417] [772335] [HailoRT] [info] [vstream.cpp:754] [InputVStreamImpl] Creating arcface_mobilefacenet/input_layer1...
[2026-04-23 16:18:03.417] [772335] [HailoRT] [info] [vstream_builder.cpp:102] [create_inputs] Input pipeline 'arcface_mobilefacenet/input_layer1': (HwWriteEl1arcface_mobilefacenet/input_layer1 | hw_frame_size: 37632) >> HW
[2026-04-23 16:18:03.417] [772335] [HailoRT] [info] [edge_elements.cpp:287] [create] Created (HwReadEl0arcface_mobilefacenet/fc1 | hw_frame_size: 512)
[2026-04-23 16:18:03.417] [772335] [HailoRT] [info] [queue_elements.cpp:657] [create] Created (PullQEl_hw_read0arcface_mobilefacenet/fc1)
[2026-04-23 16:18:03.417] [772335] [HailoRT] [info] [filter_elements.cpp:372] [create] Created (PostInferEl0arcface_mobilefacenet/fc1 | Quantization - src_type: UINT8, dst_type FLOAT32, limvals_min: -2.41025, limvals_max: 1.8579)
[2026-04-23 16:18:03.418] [772335] [HailoRT] [info] [queue_elements.cpp:800] [create] Created (UserBuffQEl0arcface_mobilefacenet/fc1 | timeout: 10s)
[2026-04-23 16:18:03.418] [772335] [HailoRT] [info] [vstream.cpp:1114] [OutputVStreamImpl] Creating arcface_mobilefacenet/fc1...
[2026-04-23 16:18:03.418] [772335] [HailoRT] [info] [vstream_builder.cpp:220] [create_outputs] Output pipeline 'arcface_mobilefacenet/fc1': HW >> (HwReadEl0arcface_mobilefacenet/fc1 | hw_frame_size: 512) >> (PullQEl_hw_read0arcface_mobilefacenet/fc1) >> (PostInferEl0arcface_mobilefacenet/fc1 | Quantization - src_type: UINT8, dst_type FLOAT32, limvals_min: -2.41025, limvals_max: 1.8579) >> (UserBuffQEl0arcface_mobilefacenet/fc1 | timeout: 10s)
[2026-04-23 16:18:03.424] [1140427] [HailoRT] [info] [queue_elements.cpp:855] [run_in_thread] Shutdown event was signaled in dequeue of UserBuffQEl0arcface_mobilefacenet/fc1!
[2026-04-23 16:18:03.424] [1140426] [HailoRT] [info] [vdevice_native_stream.cpp:331] [read_impl] Failed read from stream HAILO_STREAM_ABORT(63) (device: 0001:01:00.0)
[2026-04-23 16:18:03.424] [1140426] [HailoRT] [info] [edge_elements.cpp:396] [run_pull] Reading from stream was aborted!
[2026-04-23 16:18:03.424] [1140426] [HailoRT] [info] [queue_elements.cpp:738] [run_in_thread] run_pull of queue element PullQEl_hw_read0arcface_mobilefacenet/fc1 was aborted!
[2026-04-23 16:18:03.424] [1140426] [HailoRT] [info] [queue_elements.cpp:68] [operator()] Thread in element PullQEl_hw_read0arcface_mobilefacenet/fc1 is not running anymore, exiting..
[2026-04-23 16:18:03.424] [772335] [HailoRT] [info] [queue_elements.cpp:46] [~BaseQueueElement] Queue element PullQEl_hw_read0arcface_mobilefacenet/fc1 has 0 frames in his Queue on destruction
[2026-04-23 16:18:03.424] [1140427] [HailoRT] [info] [queue_elements.cpp:68] [operator()] Thread in element UserBuffQEl0arcface_mobilefacenet/fc1 is not running anymore, exiting..
[2026-04-23 16:18:03.424] [772335] [HailoRT] [info] [queue_elements.cpp:46] [~BaseQueueElement] Queue element UserBuffQEl0arcface_mobilefacenet/fc1 has 0 frames in his Queue on destruction
[2026-04-23 16:18:03.424] [772335] [HailoRT] [info] [core_op.cpp:186] [deactivate] Deactivating took 0.354055 ms
[2026-04-23 16:18:03.424] [772335] [HailoRT] [info] [core_op.cpp:186] [deactivate] Deactivating took 0.371851 ms
[2026-04-23 16:18:03.434] [772335] [HailoRT] [info] [core_op.cpp:156] [activate] Activating yolo26n took 0.480147 milliseconds. Note that the function is asynchronous and thus the network is not fully activated yet.
[2026-04-23 16:18:03.434] [772335] [HailoRT] [info] [core_op.cpp:156] [activate] Activating yolo26n took 0.502518 milliseconds. Note that the function is asynchronous and thus the network is not fully activated yet.
[2026-04-23 16:18:03.434] [772335] [HailoRT] [info] [edge_elements.cpp:52] [create] Created (HwWriteEl2yolo26n/input_layer1 | hw_frame_size: 1228800)
[2026-04-23 16:18:03.434] [772335] [HailoRT] [info] [queue_elements.cpp:284] [create] Created (PushQEl2yolo26n/input_layer1 | timeout: 10s)
[2026-04-23 16:18:03.434] [772335] [HailoRT] [info] [filter_elements.cpp:101] [create] Created (PreInferEl2yolo26n/input_layer1 | Reorder - src_order: NHWC, src_shape: (640, 640, 3), dst_order: NHCW, dst_shape: (640, 640, 3))
[2026-04-23 16:18:03.434] [772335] [HailoRT] [info] [vstream.cpp:754] [InputVStreamImpl] Creating yolo26n/input_layer1...
[2026-04-23 16:18:03.434] [772335] [HailoRT] [info] [vstream_builder.cpp:102] [create_inputs] Input pipeline 'yolo26n/input_layer1': (PreInferEl2yolo26n/input_layer1 | Reorder - src_order: NHWC, src_shape: (640, 640, 3), dst_order: NHCW, dst_shape: (640, 640, 3)) >> (PushQEl2yolo26n/input_layer1 | timeout: 10s) >> (HwWriteEl2yolo26n/input_layer1 | hw_frame_size: 1228800) >> HW
[2026-04-23 16:18:03.434] [772335] [HailoRT] [info] [edge_elements.cpp:287] [create] Created (HwReadEl3yolo26n/conv61 | hw_frame_size: 25600)
[2026-04-23 16:18:03.434] [772335] [HailoRT] [info] [queue_elements.cpp:657] [create] Created (PullQEl_hw_read3yolo26n/conv61)
[2026-04-23 16:18:03.434] [772335] [HailoRT] [info] [filter_elements.cpp:372] [create] Created (PostInferEl3yolo26n/conv61 | Quantization - src_type: UINT8, dst_type FLOAT32, limvals_min: -0.468035, limvals_max: 6.99127)
[2026-04-23 16:18:03.434] [772335] [HailoRT] [info] [queue_elements.cpp:800] [create] Created (UserBuffQEl3yolo26n/conv61 | timeout: 10s)
[2026-04-23 16:18:03.434] [772335] [HailoRT] [info] [vstream.cpp:1114] [OutputVStreamImpl] Creating yolo26n/conv61...
[2026-04-23 16:18:03.434] [772335] [HailoRT] [info] [vstream_builder.cpp:220] [create_outputs] Output pipeline 'yolo26n/conv61': HW >> (HwReadEl3yolo26n/conv61 | hw_frame_size: 25600) >> (PullQEl_hw_read3yolo26n/conv61) >> (PostInferEl3yolo26n/conv61 | Quantization - src_type: UINT8, dst_type FLOAT32, limvals_min: -0.468035, limvals_max: 6.99127) >> (UserBuffQEl3yolo26n/conv61 | timeout: 10s)
[2026-04-23 16:18:03.434] [772335] [HailoRT] [info] [edge_elements.cpp:287] [create] Created (HwReadEl2yolo26n/conv64 | hw_frame_size: 6400)
[2026-04-23 16:18:03.434] [772335] [HailoRT] [info] [queue_elements.cpp:657] [create] Created (PullQEl_hw_read2yolo26n/conv64)
[2026-04-23 16:18:03.434] [772335] [HailoRT] [info] [filter_elements.cpp:372] [create] Created (PostInferEl2yolo26n/conv64 | Quantization - src_type: UINT8, dst_type FLOAT32, limvals_min: -161.763, limvals_max: 2.5779)
[2026-04-23 16:18:03.434] [772335] [HailoRT] [info] [queue_elements.cpp:800] [create] Created (UserBuffQEl2yolo26n/conv64 | timeout: 10s)
[2026-04-23 16:18:03.434] [772335] [HailoRT] [info] [vstream.cpp:1114] [OutputVStreamImpl] Creating yolo26n/conv64...
[2026-04-23 16:18:03.434] [772335] [HailoRT] [info] [vstream_builder.cpp:220] [create_outputs] Output pipeline 'yolo26n/conv64': HW >> (HwReadEl2yolo26n/conv64 | hw_frame_size: 6400) >> (PullQEl_hw_read2yolo26n/conv64) >> (PostInferEl2yolo26n/conv64 | Quantization - src_type: UINT8, dst_type FLOAT32, limvals_min: -161.763, limvals_max: 2.5779) >> (UserBuffQEl2yolo26n/conv64 | timeout: 10s)
[2026-04-23 16:18:03.435] [772335] [HailoRT] [info] [edge_elements.cpp:287] [create] Created (HwReadEl1yolo26n/conv77 | hw_frame_size: 6400)
[2026-04-23 16:18:03.435] [772335] [HailoRT] [info] [queue_elements.cpp:657] [create] Created (PullQEl_hw_read1yolo26n/conv77)
[2026-04-23 16:18:03.435] [772335] [HailoRT] [info] [filter_elements.cpp:372] [create] Created (PostInferEl1yolo26n/conv77 | Quantization - src_type: UINT8, dst_type FLOAT32, limvals_min: -0.560223, limvals_max: 15.3127)
[2026-04-23 16:18:03.435] [772335] [HailoRT] [info] [queue_elements.cpp:800] [create] Created (UserBuffQEl1yolo26n/conv77 | timeout: 10s)
[2026-04-23 16:18:03.435] [772335] [HailoRT] [info] [vstream.cpp:1114] [OutputVStreamImpl] Creating yolo26n/conv77...
[2026-04-23 16:18:03.435] [772335] [HailoRT] [info] [vstream_builder.cpp:220] [create_outputs] Output pipeline 'yolo26n/conv77': HW >> (HwReadEl1yolo26n/conv77 | hw_frame_size: 6400) >> (PullQEl_hw_read1yolo26n/conv77) >> (PostInferEl1yolo26n/conv77 | Quantization - src_type: UINT8, dst_type FLOAT32, limvals_min: -0.560223, limvals_max: 15.3127) >> (UserBuffQEl1yolo26n/conv77 | timeout: 10s)
[2026-04-23 16:18:03.435] [772335] [HailoRT] [info] [edge_elements.cpp:287] [create] Created (HwReadEl0yolo26n/conv80 | hw_frame_size: 1600)
[2026-04-23 16:18:03.435] [772335] [HailoRT] [info] [queue_elements.cpp:657] [create] Created (PullQEl_hw_read0yolo26n/conv80)
[2026-04-23 16:18:03.435] [772335] [HailoRT] [info] [filter_elements.cpp:372] [create] Created (PostInferEl0yolo26n/conv80 | Quantization - src_type: UINT8, dst_type FLOAT32, limvals_min: -204.998, limvals_max: 2.44045)
[2026-04-23 16:18:03.435] [772335] [HailoRT] [info] [queue_elements.cpp:800] [create] Created (UserBuffQEl0yolo26n/conv80 | timeout: 10s)
[2026-04-23 16:18:03.435] [772335] [HailoRT] [info] [vstream.cpp:1114] [OutputVStreamImpl] Creating yolo26n/conv80...
[2026-04-23 16:18:03.435] [772335] [HailoRT] [info] [vstream_builder.cpp:220] [create_outputs] Output pipeline 'yolo26n/conv80': HW >> (HwReadEl0yolo26n/conv80 | hw_frame_size: 1600) >> (PullQEl_hw_read0yolo26n/conv80) >> (PostInferEl0yolo26n/conv80 | Quantization - src_type: UINT8, dst_type FLOAT32, limvals_min: -204.998, limvals_max: 2.44045) >> (UserBuffQEl0yolo26n/conv80 | timeout: 10s)
[2026-04-23 16:18:03.435] [772335] [HailoRT] [info] [edge_elements.cpp:287] [create] Created (HwReadEl1yolo26n/conv91 | hw_frame_size: 3200)
[2026-04-23 16:18:03.435] [772335] [HailoRT] [info] [queue_elements.cpp:657] [create] Created (PullQEl_hw_read1yolo26n/conv91)
[2026-04-23 16:18:03.435] [772335] [HailoRT] [info] [filter_elements.cpp:372] [create] Created (PostInferEl1yolo26n/conv91 | Quantization - src_type: UINT8, dst_type FLOAT32, limvals_min: 0, limvals_max: 14.2269 | Reorder - src_order: FCR, src_shape: (20, 20, 8), dst_order: FCR, dst_shape: (20, 20, 4))
[2026-04-23 16:18:03.435] [772335] [HailoRT] [info] [queue_elements.cpp:800] [create] Created (UserBuffQEl1yolo26n/conv91 | timeout: 10s)
[2026-04-23 16:18:03.435] [772335] [HailoRT] [info] [vstream.cpp:1114] [OutputVStreamImpl] Creating yolo26n/conv91...
[2026-04-23 16:18:03.435] [772335] [HailoRT] [info] [vstream_builder.cpp:220] [create_outputs] Output pipeline 'yolo26n/conv91': HW >> (HwReadEl1yolo26n/conv91 | hw_frame_size: 3200) >> (PullQEl_hw_read1yolo26n/conv91) >> (PostInferEl1yolo26n/conv91 | Quantization - src_type: UINT8, dst_type FLOAT32, limvals_min: 0, limvals_max: 14.2269 | Reorder - src_order: FCR, src_shape: (20, 20, 8), dst_order: FCR, dst_shape: (20, 20, 4)) >> (UserBuffQEl1yolo26n/conv91 | timeout: 10s)
[2026-04-23 16:18:03.435] [772335] [HailoRT] [info] [edge_elements.cpp:287] [create] Created (HwReadEl0yolo26n/conv94 | hw_frame_size: 3200)
[2026-04-23 16:18:03.435] [772335] [HailoRT] [info] [queue_elements.cpp:657] [create] Created (PullQEl_hw_read0yolo26n/conv94)
[2026-04-23 16:18:03.435] [772335] [HailoRT] [info] [filter_elements.cpp:372] [create] Created (PostInferEl0yolo26n/conv94 | Quantization - src_type: UINT8, dst_type FLOAT32, limvals_min: -155.797, limvals_max: 3.11594 | Reorder - src_order: FCR, src_shape: (20, 20, 8), dst_order: FCR, dst_shape: (20, 20, 1))
[2026-04-23 16:18:03.435] [772335] [HailoRT] [info] [queue_elements.cpp:800] [create] Created (UserBuffQEl0yolo26n/conv94 | timeout: 10s)
[2026-04-23 16:18:03.435] [772335] [HailoRT] [info] [vstream.cpp:1114] [OutputVStreamImpl] Creating yolo26n/conv94...
[2026-04-23 16:18:03.435] [772335] [HailoRT] [info] [vstream_builder.cpp:220] [create_outputs] Output pipeline 'yolo26n/conv94': HW >> (HwReadEl0yolo26n/conv94 | hw_frame_size: 3200) >> (PullQEl_hw_read0yolo26n/conv94) >> (PostInferEl0yolo26n/conv94 | Quantization - src_type: UINT8, dst_type FLOAT32, limvals_min: -155.797, limvals_max: 3.11594 | Reorder - src_order: FCR, src_shape: (20, 20, 8), dst_order: FCR, dst_shape: (20, 20, 1)) >> (UserBuffQEl0yolo26n/conv94 | timeout: 10s)
[2026-04-23 16:18:03.446] [1140432] [HailoRT] [info] [queue_elements.cpp:855] [run_in_thread] Shutdown event was signaled in dequeue of UserBuffQEl3yolo26n/conv61!
[2026-04-23 16:18:03.446] [1140431] [HailoRT] [info] [vdevice_native_stream.cpp:331] [read_impl] Failed read from stream HAILO_STREAM_ABORT(63) (device: 0001:01:00.0)
[2026-04-23 16:18:03.446] [1140431] [HailoRT] [info] [edge_elements.cpp:396] [run_pull] Reading from stream was aborted!
[2026-04-23 16:18:03.446] [1140431] [HailoRT] [info] [queue_elements.cpp:738] [run_in_thread] run_pull of queue element PullQEl_hw_read3yolo26n/conv61 was aborted!
[2026-04-23 16:18:03.446] [1140431] [HailoRT] [info] [queue_elements.cpp:68] [operator()] Thread in element PullQEl_hw_read3yolo26n/conv61 is not running anymore, exiting..
[2026-04-23 16:18:03.446] [772335] [HailoRT] [info] [queue_elements.cpp:46] [~BaseQueueElement] Queue element PullQEl_hw_read3yolo26n/conv61 has 0 frames in his Queue on destruction
[2026-04-23 16:18:03.446] [1140432] [HailoRT] [info] [queue_elements.cpp:68] [operator()] Thread in element UserBuffQEl3yolo26n/conv61 is not running anymore, exiting..
[2026-04-23 16:18:03.446] [772335] [HailoRT] [info] [queue_elements.cpp:46] [~BaseQueueElement] Queue element UserBuffQEl3yolo26n/conv61 has 0 frames in his Queue on destruction
[2026-04-23 16:18:03.446] [1140433] [HailoRT] [info] [vdevice_native_stream.cpp:331] [read_impl] Failed read from stream HAILO_STREAM_ABORT(63) (device: 0001:01:00.0)
[2026-04-23 16:18:03.446] [1140434] [HailoRT] [info] [queue_elements.cpp:855] [run_in_thread] Shutdown event was signaled in dequeue of UserBuffQEl2yolo26n/conv64!
[2026-04-23 16:18:03.446] [1140433] [HailoRT] [info] [edge_elements.cpp:396] [run_pull] Reading from stream was aborted!
[2026-04-23 16:18:03.446] [1140433] [HailoRT] [info] [queue_elements.cpp:738] [run_in_thread] run_pull of queue element PullQEl_hw_read2yolo26n/conv64 was aborted!
[2026-04-23 16:18:03.446] [1140433] [HailoRT] [info] [queue_elements.cpp:68] [operator()] Thread in element PullQEl_hw_read2yolo26n/conv64 is not running anymore, exiting..
[2026-04-23 16:18:03.446] [772335] [HailoRT] [info] [queue_elements.cpp:46] [~BaseQueueElement] Queue element PullQEl_hw_read2yolo26n/conv64 has 0 frames in his Queue on destruction
[2026-04-23 16:18:03.446] [1140434] [HailoRT] [info] [queue_elements.cpp:68] [operator()] Thread in element UserBuffQEl2yolo26n/conv64 is not running anymore, exiting..
[2026-04-23 16:18:03.447] [772335] [HailoRT] [info] [queue_elements.cpp:46] [~BaseQueueElement] Queue element UserBuffQEl2yolo26n/conv64 has 0 frames in his Queue on destruction
[2026-04-23 16:18:03.447] [1140436] [HailoRT] [info] [queue_elements.cpp:855] [run_in_thread] Shutdown event was signaled in dequeue of UserBuffQEl1yolo26n/conv77!
[2026-04-23 16:18:03.447] [1140435] [HailoRT] [info] [vdevice_native_stream.cpp:331] [read_impl] Failed read from stream HAILO_STREAM_ABORT(63) (device: 0001:01:00.0)
[2026-04-23 16:18:03.447] [1140435] [HailoRT] [info] [edge_elements.cpp:396] [run_pull] Reading from stream was aborted!
[2026-04-23 16:18:03.447] [1140435] [HailoRT] [info] [queue_elements.cpp:738] [run_in_thread] run_pull of queue element PullQEl_hw_read1yolo26n/conv77 was aborted!
[2026-04-23 16:18:03.447] [1140435] [HailoRT] [info] [queue_elements.cpp:68] [operator()] Thread in element PullQEl_hw_read1yolo26n/conv77 is not running anymore, exiting..
[2026-04-23 16:18:03.447] [772335] [HailoRT] [info] [queue_elements.cpp:46] [~BaseQueueElement] Queue element PullQEl_hw_read1yolo26n/conv77 has 0 frames in his Queue on destruction
[2026-04-23 16:18:03.447] [1140436] [HailoRT] [info] [queue_elements.cpp:68] [operator()] Thread in element UserBuffQEl1yolo26n/conv77 is not running anymore, exiting..
[2026-04-23 16:18:03.447] [772335] [HailoRT] [info] [queue_elements.cpp:46] [~BaseQueueElement] Queue element UserBuffQEl1yolo26n/conv77 has 0 frames in his Queue on destruction
[2026-04-23 16:18:03.447] [1140437] [HailoRT] [info] [vdevice_native_stream.cpp:331] [read_impl] Failed read from stream HAILO_STREAM_ABORT(63) (device: 0001:01:00.0)
[2026-04-23 16:18:03.447] [1140438] [HailoRT] [info] [queue_elements.cpp:855] [run_in_thread] Shutdown event was signaled in dequeue of UserBuffQEl0yolo26n/conv80!
[2026-04-23 16:18:03.447] [1140437] [HailoRT] [info] [edge_elements.cpp:396] [run_pull] Reading from stream was aborted!
[2026-04-23 16:18:03.447] [1140437] [HailoRT] [info] [queue_elements.cpp:738] [run_in_thread] run_pull of queue element PullQEl_hw_read0yolo26n/conv80 was aborted!
[2026-04-23 16:18:03.447] [1140437] [HailoRT] [info] [queue_elements.cpp:68] [operator()] Thread in element PullQEl_hw_read0yolo26n/conv80 is not running anymore, exiting..
[2026-04-23 16:18:03.447] [772335] [HailoRT] [info] [queue_elements.cpp:46] [~BaseQueueElement] Queue element PullQEl_hw_read0yolo26n/conv80 has 0 frames in his Queue on destruction
[2026-04-23 16:18:03.447] [1140438] [HailoRT] [info] [queue_elements.cpp:68] [operator()] Thread in element UserBuffQEl0yolo26n/conv80 is not running anymore, exiting..
[2026-04-23 16:18:03.447] [772335] [HailoRT] [info] [queue_elements.cpp:46] [~BaseQueueElement] Queue element UserBuffQEl0yolo26n/conv80 has 0 frames in his Queue on destruction
[2026-04-23 16:18:03.447] [1140440] [HailoRT] [info] [queue_elements.cpp:855] [run_in_thread] Shutdown event was signaled in dequeue of UserBuffQEl1yolo26n/conv91!
[2026-04-23 16:18:03.447] [1140439] [HailoRT] [info] [vdevice_native_stream.cpp:331] [read_impl] Failed read from stream HAILO_STREAM_ABORT(63) (device: 0001:01:00.0)
[2026-04-23 16:18:03.447] [1140439] [HailoRT] [info] [edge_elements.cpp:396] [run_pull] Reading from stream was aborted!
[2026-04-23 16:18:03.447] [1140439] [HailoRT] [info] [queue_elements.cpp:738] [run_in_thread] run_pull of queue element PullQEl_hw_read1yolo26n/conv91 was aborted!
[2026-04-23 16:18:03.447] [1140439] [HailoRT] [info] [queue_elements.cpp:68] [operator()] Thread in element PullQEl_hw_read1yolo26n/conv91 is not running anymore, exiting..
[2026-04-23 16:18:03.447] [772335] [HailoRT] [info] [queue_elements.cpp:46] [~BaseQueueElement] Queue element PullQEl_hw_read1yolo26n/conv91 has 0 frames in his Queue on destruction
[2026-04-23 16:18:03.447] [1140440] [HailoRT] [info] [queue_elements.cpp:68] [operator()] Thread in element UserBuffQEl1yolo26n/conv91 is not running anymore, exiting..
[2026-04-23 16:18:03.447] [772335] [HailoRT] [info] [queue_elements.cpp:46] [~BaseQueueElement] Queue element UserBuffQEl1yolo26n/conv91 has 0 frames in his Queue on destruction
[2026-04-23 16:18:03.447] [1140441] [HailoRT] [info] [vdevice_native_stream.cpp:331] [read_impl] Failed read from stream HAILO_STREAM_ABORT(63) (device: 0001:01:00.0)
[2026-04-23 16:18:03.447] [1140441] [HailoRT] [info] [edge_elements.cpp:396] [run_pull] Reading from stream was aborted!
[2026-04-23 16:18:03.447] [1140442] [HailoRT] [info] [queue_elements.cpp:855] [run_in_thread] Shutdown event was signaled in dequeue of UserBuffQEl0yolo26n/conv94!
[2026-04-23 16:18:03.447] [1140441] [HailoRT] [info] [queue_elements.cpp:738] [run_in_thread] run_pull of queue element PullQEl_hw_read0yolo26n/conv94 was aborted!
[2026-04-23 16:18:03.447] [1140441] [HailoRT] [info] [queue_elements.cpp:68] [operator()] Thread in element PullQEl_hw_read0yolo26n/conv94 is not running anymore, exiting..
[2026-04-23 16:18:03.447] [772335] [HailoRT] [info] [queue_elements.cpp:46] [~BaseQueueElement] Queue element PullQEl_hw_read0yolo26n/conv94 has 0 frames in his Queue on destruction
[2026-04-23 16:18:03.447] [1140442] [HailoRT] [info] [queue_elements.cpp:68] [operator()] Thread in element UserBuffQEl0yolo26n/conv94 is not running anymore, exiting..
[2026-04-23 16:18:03.447] [772335] [HailoRT] [info] [queue_elements.cpp:46] [~BaseQueueElement] Queue element UserBuffQEl0yolo26n/conv94 has 0 frames in his Queue on destruction
[2026-04-23 16:18:03.447] [1140430] [HailoRT] [info] [queue_elements.cpp:68] [operator()] Thread in element PushQEl2yolo26n/input_layer1 is not running anymore, exiting..
[2026-04-23 16:18:03.447] [772335] [HailoRT] [info] [queue_elements.cpp:46] [~BaseQueueElement] Queue element PushQEl2yolo26n/input_layer1 has 0 frames in his Queue on destruction
[2026-04-23 16:18:03.448] [772335] [HailoRT] [info] [core_op.cpp:186] [deactivate] Deactivating took 0.497258 ms
[2026-04-23 16:18:03.448] [772335] [HailoRT] [info] [core_op.cpp:186] [deactivate] Deactivating took 0.507148 ms
[2026-04-23 16:18:03.453] [772335] [HailoRT] [info] [core_op.cpp:156] [activate] Activating arcface_mobilefacenet took 0.228332 milliseconds. Note that the function is asynchronous and thus the network is not fully activated yet.
[2026-04-23 16:18:03.453] [772335] [HailoRT] [info] [core_op.cpp:156] [activate] Activating arcface_mobilefacenet took 0.246278 milliseconds. Note that the function is asynchronous and thus the network is not fully activated yet.
[2026-04-23 16:18:03.453] [772335] [HailoRT] [info] [edge_elements.cpp:52] [create] Created (HwWriteEl1arcface_mobilefacenet/input_layer1 | hw_frame_size: 37632)
[2026-04-23 16:18:03.453] [772335] [HailoRT] [info] [vstream.cpp:754] [InputVStreamImpl] Creating arcface_mobilefacenet/input_layer1...
[2026-04-23 16:18:03.453] [772335] [HailoRT] [info] [vstream_builder.cpp:102] [create_inputs] Input pipeline 'arcface_mobilefacenet/input_layer1': (HwWriteEl1arcface_mobilefacenet/input_layer1 | hw_frame_size: 37632) >> HW
[2026-04-23 16:18:03.453] [772335] [HailoRT] [info] [edge_elements.cpp:287] [create] Created (HwReadEl0arcface_mobilefacenet/fc1 | hw_frame_size: 512)
[2026-04-23 16:18:03.453] [772335] [HailoRT] [info] [queue_elements.cpp:657] [create] Created (PullQEl_hw_read0arcface_mobilefacenet/fc1)
[2026-04-23 16:18:03.453] [772335] [HailoRT] [info] [filter_elements.cpp:372] [create] Created (PostInferEl0arcface_mobilefacenet/fc1 | Quantization - src_type: UINT8, dst_type FLOAT32, limvals_min: -2.41025, limvals_max: 1.8579)
[2026-04-23 16:18:03.453] [772335] [HailoRT] [info] [queue_elements.cpp:800] [create] Created (UserBuffQEl0arcface_mobilefacenet/fc1 | timeout: 10s)
[2026-04-23 16:18:03.453] [772335] [HailoRT] [info] [vstream.cpp:1114] [OutputVStreamImpl] Creating arcface_mobilefacenet/fc1...
[2026-04-23 16:18:03.453] [772335] [HailoRT] [info] [vstream_builder.cpp:220] [create_outputs] Output pipeline 'arcface_mobilefacenet/fc1': HW >> (HwReadEl0arcface_mobilefacenet/fc1 | hw_frame_size: 512) >> (PullQEl_hw_read0arcface_mobilefacenet/fc1) >> (PostInferEl0arcface_mobilefacenet/fc1 | Quantization - src_type: UINT8, dst_type FLOAT32, limvals_min: -2.41025, limvals_max: 1.8579) >> (UserBuffQEl0arcface_mobilefacenet/fc1 | timeout: 10s)
[2026-04-23 16:18:03.459] [1140451] [HailoRT] [info] [queue_elements.cpp:855] [run_in_thread] Shutdown event was signaled in dequeue of UserBuffQEl0arcface_mobilefacenet/fc1!
[2026-04-23 16:18:03.459] [1140450] [HailoRT] [info] [vdevice_native_stream.cpp:331] [read_impl] Failed read from stream HAILO_STREAM_ABORT(63) (device: 0001:01:00.0)
[2026-04-23 16:18:03.459] [1140450] [HailoRT] [info] [edge_elements.cpp:396] [run_pull] Reading from stream was aborted!
[2026-04-23 16:18:03.459] [1140450] [HailoRT] [info] [queue_elements.cpp:738] [run_in_thread] run_pull of queue element PullQEl_hw_read0arcface_mobilefacenet/fc1 was aborted!
[2026-04-23 16:18:03.459] [1140450] [HailoRT] [info] [queue_elements.cpp:68] [operator()] Thread in element PullQEl_hw_read0arcface_mobilefacenet/fc1 is not running anymore, exiting..
[2026-04-23 16:18:03.459] [772335] [HailoRT] [info] [queue_elements.cpp:46] [~BaseQueueElement] Queue element PullQEl_hw_read0arcface_mobilefacenet/fc1 has 0 frames in his Queue on destruction
[2026-04-23 16:18:03.459] [1140451] [HailoRT] [info] [queue_elements.cpp:68] [operator()] Thread in element UserBuffQEl0arcface_mobilefacenet/fc1 is not running anymore, exiting..
[2026-04-23 16:18:03.459] [772335] [HailoRT] [info] [queue_elements.cpp:46] [~BaseQueueElement] Queue element UserBuffQEl0arcface_mobilefacenet/fc1 has 0 frames in his Queue on destruction
[2026-04-23 16:18:03.460] [772335] [HailoRT] [info] [core_op.cpp:186] [deactivate] Deactivating took 0.355333 ms
[2026-04-23 16:18:03.460] [772335] [HailoRT] [info] [core_op.cpp:186] [deactivate] Deactivating took 0.362203 ms
[2026-04-23 16:18:03.468] [772335] [HailoRT] [info] [core_op.cpp:156] [activate] Activating yolo26n took 0.477184 milliseconds. Note that the function is asynchronous and thus the network is not fully activated yet.
[2026-04-23 16:18:03.468] [772335] [HailoRT] [info] [core_op.cpp:156] [activate] Activating yolo26n took 0.500332 milliseconds. Note that the function is asynchronous and thus the network is not fully activated yet.
[2026-04-23 16:18:03.469] [772335] [HailoRT] [info] [edge_elements.cpp:52] [create] Created (HwWriteEl2yolo26n/input_layer1 | hw_frame_size: 1228800)
[2026-04-23 16:18:03.469] [772335] [HailoRT] [info] [queue_elements.cpp:284] [create] Created (PushQEl2yolo26n/input_layer1 | timeout: 10s)
[2026-04-23 16:18:03.469] [772335] [HailoRT] [info] [filter_elements.cpp:101] [create] Created (PreInferEl2yolo26n/input_layer1 | Reorder - src_order: NHWC, src_shape: (640, 640, 3), dst_order: NHCW, dst_shape: (640, 640, 3))
[2026-04-23 16:18:03.469] [772335] [HailoRT] [info] [vstream.cpp:754] [InputVStreamImpl] Creating yolo26n/input_layer1...
[2026-04-23 16:18:03.469] [772335] [HailoRT] [info] [vstream_builder.cpp:102] [create_inputs] Input pipeline 'yolo26n/input_layer1': (PreInferEl2yolo26n/input_layer1 | Reorder - src_order: NHWC, src_shape: (640, 640, 3), dst_order: NHCW, dst_shape: (640, 640, 3)) >> (PushQEl2yolo26n/input_layer1 | timeout: 10s) >> (HwWriteEl2yolo26n/input_layer1 | hw_frame_size: 1228800) >> HW
[2026-04-23 16:18:03.469] [772335] [HailoRT] [info] [edge_elements.cpp:287] [create] Created (HwReadEl3yolo26n/conv61 | hw_frame_size: 25600)
[2026-04-23 16:18:03.469] [772335] [HailoRT] [info] [queue_elements.cpp:657] [create] Created (PullQEl_hw_read3yolo26n/conv61)
[2026-04-23 16:18:03.469] [772335] [HailoRT] [info] [filter_elements.cpp:372] [create] Created (PostInferEl3yolo26n/conv61 | Quantization - src_type: UINT8, dst_type FLOAT32, limvals_min: -0.468035, limvals_max: 6.99127)
[2026-04-23 16:18:03.469] [772335] [HailoRT] [info] [queue_elements.cpp:800] [create] Created (UserBuffQEl3yolo26n/conv61 | timeout: 10s)
[2026-04-23 16:18:03.469] [772335] [HailoRT] [info] [vstream.cpp:1114] [OutputVStreamImpl] Creating yolo26n/conv61...
[2026-04-23 16:18:03.469] [772335] [HailoRT] [info] [vstream_builder.cpp:220] [create_outputs] Output pipeline 'yolo26n/conv61': HW >> (HwReadEl3yolo26n/conv61 | hw_frame_size: 25600) >> (PullQEl_hw_read3yolo26n/conv61) >> (PostInferEl3yolo26n/conv61 | Quantization - src_type: UINT8, dst_type FLOAT32, limvals_min: -0.468035, limvals_max: 6.99127) >> (UserBuffQEl3yolo26n/conv61 | timeout: 10s)
[2026-04-23 16:18:03.469] [772335] [HailoRT] [info] [edge_elements.cpp:287] [create] Created (HwReadEl2yolo26n/conv64 | hw_frame_size: 6400)
[2026-04-23 16:18:03.469] [772335] [HailoRT] [info] [queue_elements.cpp:657] [create] Created (PullQEl_hw_read2yolo26n/conv64)
[2026-04-23 16:18:03.469] [772335] [HailoRT] [info] [filter_elements.cpp:372] [create] Created (PostInferEl2yolo26n/conv64 | Quantization - src_type: UINT8, dst_type FLOAT32, limvals_min: -161.763, limvals_max: 2.5779)
[2026-04-23 16:18:03.469] [772335] [HailoRT] [info] [queue_elements.cpp:800] [create] Created (UserBuffQEl2yolo26n/conv64 | timeout: 10s)
[2026-04-23 16:18:03.469] [772335] [HailoRT] [info] [vstream.cpp:1114] [OutputVStreamImpl] Creating yolo26n/conv64...
[2026-04-23 16:18:03.469] [772335] [HailoRT] [info] [vstream_builder.cpp:220] [create_outputs] Output pipeline 'yolo26n/conv64': HW >> (HwReadEl2yolo26n/conv64 | hw_frame_size: 6400) >> (PullQEl_hw_read2yolo26n/conv64) >> (PostInferEl2yolo26n/conv64 | Quantization - src_type: UINT8, dst_type FLOAT32, limvals_min: -161.763, limvals_max: 2.5779) >> (UserBuffQEl2yolo26n/conv64 | timeout: 10s)
[2026-04-23 16:18:03.469] [772335] [HailoRT] [info] [edge_elements.cpp:287] [create] Created (HwReadEl1yolo26n/conv77 | hw_frame_size: 6400)
[2026-04-23 16:18:03.469] [772335] [HailoRT] [info] [queue_elements.cpp:657] [create] Created (PullQEl_hw_read1yolo26n/conv77)
[2026-04-23 16:18:03.469] [772335] [HailoRT] [info] [filter_elements.cpp:372] [create] Created (PostInferEl1yolo26n/conv77 | Quantization - src_type: UINT8, dst_type FLOAT32, limvals_min: -0.560223, limvals_max: 15.3127)
[2026-04-23 16:18:03.469] [772335] [HailoRT] [info] [queue_elements.cpp:800] [create] Created (UserBuffQEl1yolo26n/conv77 | timeout: 10s)
[2026-04-23 16:18:03.469] [772335] [HailoRT] [info] [vstream.cpp:1114] [OutputVStreamImpl] Creating yolo26n/conv77...
[2026-04-23 16:18:03.469] [772335] [HailoRT] [info] [vstream_builder.cpp:220] [create_outputs] Output pipeline 'yolo26n/conv77': HW >> (HwReadEl1yolo26n/conv77 | hw_frame_size: 6400) >> (PullQEl_hw_read1yolo26n/conv77) >> (PostInferEl1yolo26n/conv77 | Quantization - src_type: UINT8, dst_type FLOAT32, limvals_min: -0.560223, limvals_max: 15.3127) >> (UserBuffQEl1yolo26n/conv77 | timeout: 10s)
[2026-04-23 16:18:03.469] [772335] [HailoRT] [info] [edge_elements.cpp:287] [create] Created (HwReadEl0yolo26n/conv80 | hw_frame_size: 1600)
[2026-04-23 16:18:03.469] [772335] [HailoRT] [info] [queue_elements.cpp:657] [create] Created (PullQEl_hw_read0yolo26n/conv80)
[2026-04-23 16:18:03.469] [772335] [HailoRT] [info] [filter_elements.cpp:372] [create] Created (PostInferEl0yolo26n/conv80 | Quantization - src_type: UINT8, dst_type FLOAT32, limvals_min: -204.998, limvals_max: 2.44045)
[2026-04-23 16:18:03.469] [772335] [HailoRT] [info] [queue_elements.cpp:800] [create] Created (UserBuffQEl0yolo26n/conv80 | timeout: 10s)
[2026-04-23 16:18:03.469] [772335] [HailoRT] [info] [vstream.cpp:1114] [OutputVStreamImpl] Creating yolo26n/conv80...
[2026-04-23 16:18:03.469] [772335] [HailoRT] [info] [vstream_builder.cpp:220] [create_outputs] Output pipeline 'yolo26n/conv80': HW >> (HwReadEl0yolo26n/conv80 | hw_frame_size: 1600) >> (PullQEl_hw_read0yolo26n/conv80) >> (PostInferEl0yolo26n/conv80 | Quantization - src_type: UINT8, dst_type FLOAT32, limvals_min: -204.998, limvals_max: 2.44045) >> (UserBuffQEl0yolo26n/conv80 | timeout: 10s)
[2026-04-23 16:18:03.470] [772335] [HailoRT] [info] [edge_elements.cpp:287] [create] Created (HwReadEl1yolo26n/conv91 | hw_frame_size: 3200)
[2026-04-23 16:18:03.470] [772335] [HailoRT] [info] [queue_elements.cpp:657] [create] Created (PullQEl_hw_read1yolo26n/conv91)
[2026-04-23 16:18:03.470] [772335] [HailoRT] [info] [filter_elements.cpp:372] [create] Created (PostInferEl1yolo26n/conv91 | Quantization - src_type: UINT8, dst_type FLOAT32, limvals_min: 0, limvals_max: 14.2269 | Reorder - src_order: FCR, src_shape: (20, 20, 8), dst_order: FCR, dst_shape: (20, 20, 4))
[2026-04-23 16:18:03.470] [772335] [HailoRT] [info] [queue_elements.cpp:800] [create] Created (UserBuffQEl1yolo26n/conv91 | timeout: 10s)
[2026-04-23 16:18:03.470] [772335] [HailoRT] [info] [vstream.cpp:1114] [OutputVStreamImpl] Creating yolo26n/conv91...
[2026-04-23 16:18:03.470] [772335] [HailoRT] [info] [vstream_builder.cpp:220] [create_outputs] Output pipeline 'yolo26n/conv91': HW >> (HwReadEl1yolo26n/conv91 | hw_frame_size: 3200) >> (PullQEl_hw_read1yolo26n/conv91) >> (PostInferEl1yolo26n/conv91 | Quantization - src_type: UINT8, dst_type FLOAT32, limvals_min: 0, limvals_max: 14.2269 | Reorder - src_order: FCR, src_shape: (20, 20, 8), dst_order: FCR, dst_shape: (20, 20, 4)) >> (UserBuffQEl1yolo26n/conv91 | timeout: 10s)
[2026-04-23 16:18:03.470] [772335] [HailoRT] [info] [edge_elements.cpp:287] [create] Created (HwReadEl0yolo26n/conv94 | hw_frame_size: 3200)
[2026-04-23 16:18:03.470] [772335] [HailoRT] [info] [queue_elements.cpp:657] [create] Created (PullQEl_hw_read0yolo26n/conv94)
[2026-04-23 16:18:03.470] [772335] [HailoRT] [info] [filter_elements.cpp:372] [create] Created (PostInferEl0yolo26n/conv94 | Quantization - src_type: UINT8, dst_type FLOAT32, limvals_min: -155.797, limvals_max: 3.11594 | Reorder - src_order: FCR, src_shape: (20, 20, 8), dst_order: FCR, dst_shape: (20, 20, 1))
[2026-04-23 16:18:03.470] [772335] [HailoRT] [info] [queue_elements.cpp:800] [create] Created (UserBuffQEl0yolo26n/conv94 | timeout: 10s)
[2026-04-23 16:18:03.470] [772335] [HailoRT] [info] [vstream.cpp:1114] [OutputVStreamImpl] Creating yolo26n/conv94...
[2026-04-23 16:18:03.470] [772335] [HailoRT] [info] [vstream_builder.cpp:220] [create_outputs] Output pipeline 'yolo26n/conv94': HW >> (HwReadEl0yolo26n/conv94 | hw_frame_size: 3200) >> (PullQEl_hw_read0yolo26n/conv94) >> (PostInferEl0yolo26n/conv94 | Quantization - src_type: UINT8, dst_type FLOAT32, limvals_min: -155.797, limvals_max: 3.11594 | Reorder - src_order: FCR, src_shape: (20, 20, 8), dst_order: FCR, dst_shape: (20, 20, 1)) >> (UserBuffQEl0yolo26n/conv94 | timeout: 10s)
[2026-04-23 16:18:03.481] [1140456] [HailoRT] [info] [queue_elements.cpp:855] [run_in_thread] Shutdown event was signaled in dequeue of UserBuffQEl3yolo26n/conv61!
[2026-04-23 16:18:03.481] [1140455] [HailoRT] [info] [vdevice_native_stream.cpp:331] [read_impl] Failed read from stream HAILO_STREAM_ABORT(63) (device: 0001:01:00.0)
[2026-04-23 16:18:03.481] [1140455] [HailoRT] [info] [edge_elements.cpp:396] [run_pull] Reading from stream was aborted!
[2026-04-23 16:18:03.481] [1140455] [HailoRT] [info] [queue_elements.cpp:738] [run_in_thread] run_pull of queue element PullQEl_hw_read3yolo26n/conv61 was aborted!
[2026-04-23 16:18:03.481] [1140455] [HailoRT] [info] [queue_elements.cpp:68] [operator()] Thread in element PullQEl_hw_read3yolo26n/conv61 is not running anymore, exiting..
[2026-04-23 16:18:03.481] [772335] [HailoRT] [info] [queue_elements.cpp:46] [~BaseQueueElement] Queue element PullQEl_hw_read3yolo26n/conv61 has 0 frames in his Queue on destruction
[2026-04-23 16:18:03.481] [1140456] [HailoRT] [info] [queue_elements.cpp:68] [operator()] Thread in element UserBuffQEl3yolo26n/conv61 is not running anymore, exiting..
[2026-04-23 16:18:03.481] [772335] [HailoRT] [info] [queue_elements.cpp:46] [~BaseQueueElement] Queue element UserBuffQEl3yolo26n/conv61 has 0 frames in his Queue on destruction
[2026-04-23 16:18:03.481] [1140458] [HailoRT] [info] [queue_elements.cpp:855] [run_in_thread] Shutdown event was signaled in dequeue of UserBuffQEl2yolo26n/conv64!
[2026-04-23 16:18:03.481] [1140457] [HailoRT] [info] [vdevice_native_stream.cpp:331] [read_impl] Failed read from stream HAILO_STREAM_ABORT(63) (device: 0001:01:00.0)
[2026-04-23 16:18:03.481] [1140457] [HailoRT] [info] [edge_elements.cpp:396] [run_pull] Reading from stream was aborted!
[2026-04-23 16:18:03.481] [1140457] [HailoRT] [info] [queue_elements.cpp:738] [run_in_thread] run_pull of queue element PullQEl_hw_read2yolo26n/conv64 was aborted!
[2026-04-23 16:18:03.481] [1140457] [HailoRT] [info] [queue_elements.cpp:68] [operator()] Thread in element PullQEl_hw_read2yolo26n/conv64 is not running anymore, exiting..
[2026-04-23 16:18:03.481] [772335] [HailoRT] [info] [queue_elements.cpp:46] [~BaseQueueElement] Queue element PullQEl_hw_read2yolo26n/conv64 has 0 frames in his Queue on destruction
[2026-04-23 16:18:03.481] [1140458] [HailoRT] [info] [queue_elements.cpp:68] [operator()] Thread in element UserBuffQEl2yolo26n/conv64 is not running anymore, exiting..
[2026-04-23 16:18:03.481] [772335] [HailoRT] [info] [queue_elements.cpp:46] [~BaseQueueElement] Queue element UserBuffQEl2yolo26n/conv64 has 0 frames in his Queue on destruction
[2026-04-23 16:18:03.481] [1140460] [HailoRT] [info] [queue_elements.cpp:855] [run_in_thread] Shutdown event was signaled in dequeue of UserBuffQEl1yolo26n/conv77!
[2026-04-23 16:18:03.481] [1140459] [HailoRT] [info] [vdevice_native_stream.cpp:331] [read_impl] Failed read from stream HAILO_STREAM_ABORT(63) (device: 0001:01:00.0)
[2026-04-23 16:18:03.481] [1140459] [HailoRT] [info] [edge_elements.cpp:396] [run_pull] Reading from stream was aborted!
[2026-04-23 16:18:03.481] [1140459] [HailoRT] [info] [queue_elements.cpp:738] [run_in_thread] run_pull of queue element PullQEl_hw_read1yolo26n/conv77 was aborted!
[2026-04-23 16:18:03.481] [1140459] [HailoRT] [info] [queue_elements.cpp:68] [operator()] Thread in element PullQEl_hw_read1yolo26n/conv77 is not running anymore, exiting..
[2026-04-23 16:18:03.481] [772335] [HailoRT] [info] [queue_elements.cpp:46] [~BaseQueueElement] Queue element PullQEl_hw_read1yolo26n/conv77 has 0 frames in his Queue on destruction
[2026-04-23 16:18:03.481] [1140460] [HailoRT] [info] [queue_elements.cpp:68] [operator()] Thread in element UserBuffQEl1yolo26n/conv77 is not running anymore, exiting..
[2026-04-23 16:18:03.481] [772335] [HailoRT] [info] [queue_elements.cpp:46] [~BaseQueueElement] Queue element UserBuffQEl1yolo26n/conv77 has 0 frames in his Queue on destruction
[2026-04-23 16:18:03.481] [1140461] [HailoRT] [info] [vdevice_native_stream.cpp:331] [read_impl] Failed read from stream HAILO_STREAM_ABORT(63) (device: 0001:01:00.0)
[2026-04-23 16:18:03.481] [1140462] [HailoRT] [info] [queue_elements.cpp:855] [run_in_thread] Shutdown event was signaled in dequeue of UserBuffQEl0yolo26n/conv80!
[2026-04-23 16:18:03.481] [1140461] [HailoRT] [info] [edge_elements.cpp:396] [run_pull] Reading from stream was aborted!
[2026-04-23 16:18:03.481] [1140461] [HailoRT] [info] [queue_elements.cpp:738] [run_in_thread] run_pull of queue element PullQEl_hw_read0yolo26n/conv80 was aborted!
[2026-04-23 16:18:03.481] [1140461] [HailoRT] [info] [queue_elements.cpp:68] [operator()] Thread in element PullQEl_hw_read0yolo26n/conv80 is not running anymore, exiting..
[2026-04-23 16:18:03.481] [772335] [HailoRT] [info] [queue_elements.cpp:46] [~BaseQueueElement] Queue element PullQEl_hw_read0yolo26n/conv80 has 0 frames in his Queue on destruction
[2026-04-23 16:18:03.481] [1140462] [HailoRT] [info] [queue_elements.cpp:68] [operator()] Thread in element UserBuffQEl0yolo26n/conv80 is not running anymore, exiting..
[2026-04-23 16:18:03.481] [772335] [HailoRT] [info] [queue_elements.cpp:46] [~BaseQueueElement] Queue element UserBuffQEl0yolo26n/conv80 has 0 frames in his Queue on destruction
[2026-04-23 16:18:03.481] [1140463] [HailoRT] [info] [vdevice_native_stream.cpp:331] [read_impl] Failed read from stream HAILO_STREAM_ABORT(63) (device: 0001:01:00.0)
[2026-04-23 16:18:03.481] [1140464] [HailoRT] [info] [queue_elements.cpp:855] [run_in_thread] Shutdown event was signaled in dequeue of UserBuffQEl1yolo26n/conv91!
[2026-04-23 16:18:03.481] [1140463] [HailoRT] [info] [edge_elements.cpp:396] [run_pull] Reading from stream was aborted!
[2026-04-23 16:18:03.481] [1140463] [HailoRT] [info] [queue_elements.cpp:738] [run_in_thread] run_pull of queue element PullQEl_hw_read1yolo26n/conv91 was aborted!
[2026-04-23 16:18:03.481] [1140463] [HailoRT] [info] [queue_elements.cpp:68] [operator()] Thread in element PullQEl_hw_read1yolo26n/conv91 is not running anymore, exiting..
[2026-04-23 16:18:03.481] [772335] [HailoRT] [info] [queue_elements.cpp:46] [~BaseQueueElement] Queue element PullQEl_hw_read1yolo26n/conv91 has 0 frames in his Queue on destruction
[2026-04-23 16:18:03.481] [1140464] [HailoRT] [info] [queue_elements.cpp:68] [operator()] Thread in element UserBuffQEl1yolo26n/conv91 is not running anymore, exiting..
[2026-04-23 16:18:03.481] [772335] [HailoRT] [info] [queue_elements.cpp:46] [~BaseQueueElement] Queue element UserBuffQEl1yolo26n/conv91 has 0 frames in his Queue on destruction
[2026-04-23 16:18:03.481] [1140465] [HailoRT] [info] [vdevice_native_stream.cpp:331] [read_impl] Failed read from stream HAILO_STREAM_ABORT(63) (device: 0001:01:00.0)
[2026-04-23 16:18:03.481] [1140465] [HailoRT] [info] [edge_elements.cpp:396] [run_pull] Reading from stream was aborted!
[2026-04-23 16:18:03.481] [1140466] [HailoRT] [info] [queue_elements.cpp:855] [run_in_thread] Shutdown event was signaled in dequeue of UserBuffQEl0yolo26n/conv94!
[2026-04-23 16:18:03.481] [1140465] [HailoRT] [info] [queue_elements.cpp:738] [run_in_thread] run_pull of queue element PullQEl_hw_read0yolo26n/conv94 was aborted!
[2026-04-23 16:18:03.481] [1140465] [HailoRT] [info] [queue_elements.cpp:68] [operator()] Thread in element PullQEl_hw_read0yolo26n/conv94 is not running anymore, exiting..
[2026-04-23 16:18:03.482] [772335] [HailoRT] [info] [queue_elements.cpp:46] [~BaseQueueElement] Queue element PullQEl_hw_read0yolo26n/conv94 has 0 frames in his Queue on destruction
[2026-04-23 16:18:03.482] [1140466] [HailoRT] [info] [queue_elements.cpp:68] [operator()] Thread in element UserBuffQEl0yolo26n/conv94 is not running anymore, exiting..
[2026-04-23 16:18:03.482] [772335] [HailoRT] [info] [queue_elements.cpp:46] [~BaseQueueElement] Queue element UserBuffQEl0yolo26n/conv94 has 0 frames in his Queue on destruction
[2026-04-23 16:18:03.482] [1140454] [HailoRT] [info] [queue_elements.cpp:68] [operator()] Thread in element PushQEl2yolo26n/input_layer1 is not running anymore, exiting..
[2026-04-23 16:18:03.482] [772335] [HailoRT] [info] [queue_elements.cpp:46] [~BaseQueueElement] Queue element PushQEl2yolo26n/input_layer1 has 0 frames in his Queue on destruction
[2026-04-23 16:18:03.482] [772335] [HailoRT] [info] [core_op.cpp:186] [deactivate] Deactivating took 0.496128 ms
[2026-04-23 16:18:03.482] [772335] [HailoRT] [info] [core_op.cpp:186] [deactivate] Deactivating took 0.50561 ms
[2026-04-23 16:18:03.487] [772335] [HailoRT] [info] [core_op.cpp:156] [activate] Activating arcface_mobilefacenet took 0.231629 milliseconds. Note that the function is asynchronous and thus the network is not fully activated yet.
[2026-04-23 16:18:03.488] [772335] [HailoRT] [info] [core_op.cpp:156] [activate] Activating arcface_mobilefacenet took 0.250907 milliseconds. Note that the function is asynchronous and thus the network is not fully activated yet.
[2026-04-23 16:18:03.488] [772335] [HailoRT] [info] [edge_elements.cpp:52] [create] Created (HwWriteEl1arcface_mobilefacenet/input_layer1 | hw_frame_size: 37632)
[2026-04-23 16:18:03.488] [772335] [HailoRT] [info] [vstream.cpp:754] [InputVStreamImpl] Creating arcface_mobilefacenet/input_layer1...
[2026-04-23 16:18:03.488] [772335] [HailoRT] [info] [vstream_builder.cpp:102] [create_inputs] Input pipeline 'arcface_mobilefacenet/input_layer1': (HwWriteEl1arcface_mobilefacenet/input_layer1 | hw_frame_size: 37632) >> HW
[2026-04-23 16:18:03.488] [772335] [HailoRT] [info] [edge_elements.cpp:287] [create] Created (HwReadEl0arcface_mobilefacenet/fc1 | hw_frame_size: 512)
[2026-04-23 16:18:03.488] [772335] [HailoRT] [info] [queue_elements.cpp:657] [create] Created (PullQEl_hw_read0arcface_mobilefacenet/fc1)
[2026-04-23 16:18:03.488] [772335] [HailoRT] [info] [filter_elements.cpp:372] [create] Created (PostInferEl0arcface_mobilefacenet/fc1 | Quantization - src_type: UINT8, dst_type FLOAT32, limvals_min: -2.41025, limvals_max: 1.8579)
[2026-04-23 16:18:03.488] [772335] [HailoRT] [info] [queue_elements.cpp:800] [create] Created (UserBuffQEl0arcface_mobilefacenet/fc1 | timeout: 10s)
[2026-04-23 16:18:03.488] [772335] [HailoRT] [info] [vstream.cpp:1114] [OutputVStreamImpl] Creating arcface_mobilefacenet/fc1...
[2026-04-23 16:18:03.488] [772335] [HailoRT] [info] [vstream_builder.cpp:220] [create_outputs] Output pipeline 'arcface_mobilefacenet/fc1': HW >> (HwReadEl0arcface_mobilefacenet/fc1 | hw_frame_size: 512) >> (PullQEl_hw_read0arcface_mobilefacenet/fc1) >> (PostInferEl0arcface_mobilefacenet/fc1 | Quantization - src_type: UINT8, dst_type FLOAT32, limvals_min: -2.41025, limvals_max: 1.8579) >> (UserBuffQEl0arcface_mobilefacenet/fc1 | timeout: 10s)
[2026-04-23 16:18:03.494] [1140475] [HailoRT] [info] [queue_elements.cpp:855] [run_in_thread] Shutdown event was signaled in dequeue of UserBuffQEl0arcface_mobilefacenet/fc1!
[2026-04-23 16:18:03.494] [1140474] [HailoRT] [info] [vdevice_native_stream.cpp:331] [read_impl] Failed read from stream HAILO_STREAM_ABORT(63) (device: 0001:01:00.0)
[2026-04-23 16:18:03.494] [1140474] [HailoRT] [info] [edge_elements.cpp:396] [run_pull] Reading from stream was aborted!
[2026-04-23 16:18:03.494] [1140474] [HailoRT] [info] [queue_elements.cpp:738] [run_in_thread] run_pull of queue element PullQEl_hw_read0arcface_mobilefacenet/fc1 was aborted!
[2026-04-23 16:18:03.494] [1140474] [HailoRT] [info] [queue_elements.cpp:68] [operator()] Thread in element PullQEl_hw_read0arcface_mobilefacenet/fc1 is not running anymore, exiting..
[2026-04-23 16:18:03.494] [772335] [HailoRT] [info] [queue_elements.cpp:46] [~BaseQueueElement] Queue element PullQEl_hw_read0arcface_mobilefacenet/fc1 has 0 frames in his Queue on destruction
[2026-04-23 16:18:03.494] [1140475] [HailoRT] [info] [queue_elements.cpp:68] [operator()] Thread in element UserBuffQEl0arcface_mobilefacenet/fc1 is not running anymore, exiting..
[2026-04-23 16:18:03.494] [772335] [HailoRT] [info] [queue_elements.cpp:46] [~BaseQueueElement] Queue element UserBuffQEl0arcface_mobilefacenet/fc1 has 0 frames in his Queue on destruction
[2026-04-23 16:18:03.494] [772335] [HailoRT] [info] [core_op.cpp:186] [deactivate] Deactivating took 0.357 ms
[2026-04-23 16:18:03.495] [772335] [HailoRT] [info] [core_op.cpp:186] [deactivate] Deactivating took 0.364314 ms
[2026-04-23 16:18:03.504] [772335] [HailoRT] [info] [core_op.cpp:156] [activate] Activating yolo26n took 0.490332 milliseconds. Note that the function is asynchronous and thus the network is not fully activated yet.
[2026-04-23 16:18:03.504] [772335] [HailoRT] [info] [core_op.cpp:156] [activate] Activating yolo26n took 0.513628 milliseconds. Note that the function is asynchronous and thus the network is not fully activated yet.
[2026-04-23 16:18:03.504] [772335] [HailoRT] [info] [edge_elements.cpp:52] [create] Created (HwWriteEl2yolo26n/input_layer1 | hw_frame_size: 1228800)
[2026-04-23 16:18:03.504] [772335] [HailoRT] [info] [queue_elements.cpp:284] [create] Created (PushQEl2yolo26n/input_layer1 | timeout: 10s)
[2026-04-23 16:18:03.504] [772335] [HailoRT] [info] [filter_elements.cpp:101] [create] Created (PreInferEl2yolo26n/input_layer1 | Reorder - src_order: NHWC, src_shape: (640, 640, 3), dst_order: NHCW, dst_shape: (640, 640, 3))
[2026-04-23 16:18:03.504] [772335] [HailoRT] [info] [vstream.cpp:754] [InputVStreamImpl] Creating yolo26n/input_layer1...
[2026-04-23 16:18:03.504] [772335] [HailoRT] [info] [vstream_builder.cpp:102] [create_inputs] Input pipeline 'yolo26n/input_layer1': (PreInferEl2yolo26n/input_layer1 | Reorder - src_order: NHWC, src_shape: (640, 640, 3), dst_order: NHCW, dst_shape: (640, 640, 3)) >> (PushQEl2yolo26n/input_layer1 | timeout: 10s) >> (HwWriteEl2yolo26n/input_layer1 | hw_frame_size: 1228800) >> HW
[2026-04-23 16:18:03.504] [772335] [HailoRT] [info] [edge_elements.cpp:287] [create] Created (HwReadEl3yolo26n/conv61 | hw_frame_size: 25600)
[2026-04-23 16:18:03.504] [772335] [HailoRT] [info] [queue_elements.cpp:657] [create] Created (PullQEl_hw_read3yolo26n/conv61)
[2026-04-23 16:18:03.504] [772335] [HailoRT] [info] [filter_elements.cpp:372] [create] Created (PostInferEl3yolo26n/conv61 | Quantization - src_type: UINT8, dst_type FLOAT32, limvals_min: -0.468035, limvals_max: 6.99127)
[2026-04-23 16:18:03.504] [772335] [HailoRT] [info] [queue_elements.cpp:800] [create] Created (UserBuffQEl3yolo26n/conv61 | timeout: 10s)
[2026-04-23 16:18:03.505] [772335] [HailoRT] [info] [vstream.cpp:1114] [OutputVStreamImpl] Creating yolo26n/conv61...
[2026-04-23 16:18:03.505] [772335] [HailoRT] [info] [vstream_builder.cpp:220] [create_outputs] Output pipeline 'yolo26n/conv61': HW >> (HwReadEl3yolo26n/conv61 | hw_frame_size: 25600) >> (PullQEl_hw_read3yolo26n/conv61) >> (PostInferEl3yolo26n/conv61 | Quantization - src_type: UINT8, dst_type FLOAT32, limvals_min: -0.468035, limvals_max: 6.99127) >> (UserBuffQEl3yolo26n/conv61 | timeout: 10s)
[2026-04-23 16:18:03.505] [772335] [HailoRT] [info] [edge_elements.cpp:287] [create] Created (HwReadEl2yolo26n/conv64 | hw_frame_size: 6400)
[2026-04-23 16:18:03.505] [772335] [HailoRT] [info] [queue_elements.cpp:657] [create] Created (PullQEl_hw_read2yolo26n/conv64)
[2026-04-23 16:18:03.505] [772335] [HailoRT] [info] [filter_elements.cpp:372] [create] Created (PostInferEl2yolo26n/conv64 | Quantization - src_type: UINT8, dst_type FLOAT32, limvals_min: -161.763, limvals_max: 2.5779)
[2026-04-23 16:18:03.505] [772335] [HailoRT] [info] [queue_elements.cpp:800] [create] Created (UserBuffQEl2yolo26n/conv64 | timeout: 10s)
[2026-04-23 16:18:03.505] [772335] [HailoRT] [info] [vstream.cpp:1114] [OutputVStreamImpl] Creating yolo26n/conv64...
[2026-04-23 16:18:03.505] [772335] [HailoRT] [info] [vstream_builder.cpp:220] [create_outputs] Output pipeline 'yolo26n/conv64': HW >> (HwReadEl2yolo26n/conv64 | hw_frame_size: 6400) >> (PullQEl_hw_read2yolo26n/conv64) >> (PostInferEl2yolo26n/conv64 | Quantization - src_type: UINT8, dst_type FLOAT32, limvals_min: -161.763, limvals_max: 2.5779) >> (UserBuffQEl2yolo26n/conv64 | timeout: 10s)
[2026-04-23 16:18:03.505] [772335] [HailoRT] [info] [edge_elements.cpp:287] [create] Created (HwReadEl1yolo26n/conv77 | hw_frame_size: 6400)
[2026-04-23 16:18:03.505] [772335] [HailoRT] [info] [queue_elements.cpp:657] [create] Created (PullQEl_hw_read1yolo26n/conv77)
[2026-04-23 16:18:03.505] [772335] [HailoRT] [info] [filter_elements.cpp:372] [create] Created (PostInferEl1yolo26n/conv77 | Quantization - src_type: UINT8, dst_type FLOAT32, limvals_min: -0.560223, limvals_max: 15.3127)
[2026-04-23 16:18:03.505] [772335] [HailoRT] [info] [queue_elements.cpp:800] [create] Created (UserBuffQEl1yolo26n/conv77 | timeout: 10s)
[2026-04-23 16:18:03.505] [772335] [HailoRT] [info] [vstream.cpp:1114] [OutputVStreamImpl] Creating yolo26n/conv77...
[2026-04-23 16:18:03.505] [772335] [HailoRT] [info] [vstream_builder.cpp:220] [create_outputs] Output pipeline 'yolo26n/conv77': HW >> (HwReadEl1yolo26n/conv77 | hw_frame_size: 6400) >> (PullQEl_hw_read1yolo26n/conv77) >> (PostInferEl1yolo26n/conv77 | Quantization - src_type: UINT8, dst_type FLOAT32, limvals_min: -0.560223, limvals_max: 15.3127) >> (UserBuffQEl1yolo26n/conv77 | timeout: 10s)
[2026-04-23 16:18:03.505] [772335] [HailoRT] [info] [edge_elements.cpp:287] [create] Created (HwReadEl0yolo26n/conv80 | hw_frame_size: 1600)
[2026-04-23 16:18:03.505] [772335] [HailoRT] [info] [queue_elements.cpp:657] [create] Created (PullQEl_hw_read0yolo26n/conv80)
[2026-04-23 16:18:03.505] [772335] [HailoRT] [info] [filter_elements.cpp:372] [create] Created (PostInferEl0yolo26n/conv80 | Quantization - src_type: UINT8, dst_type FLOAT32, limvals_min: -204.998, limvals_max: 2.44045)
[2026-04-23 16:18:03.505] [772335] [HailoRT] [info] [queue_elements.cpp:800] [create] Created (UserBuffQEl0yolo26n/conv80 | timeout: 10s)
[2026-04-23 16:18:03.505] [772335] [HailoRT] [info] [vstream.cpp:1114] [OutputVStreamImpl] Creating yolo26n/conv80...
[2026-04-23 16:18:03.505] [772335] [HailoRT] [info] [vstream_builder.cpp:220] [create_outputs] Output pipeline 'yolo26n/conv80': HW >> (HwReadEl0yolo26n/conv80 | hw_frame_size: 1600) >> (PullQEl_hw_read0yolo26n/conv80) >> (PostInferEl0yolo26n/conv80 | Quantization - src_type: UINT8, dst_type FLOAT32, limvals_min: -204.998, limvals_max: 2.44045) >> (UserBuffQEl0yolo26n/conv80 | timeout: 10s)
[2026-04-23 16:18:03.505] [772335] [HailoRT] [info] [edge_elements.cpp:287] [create] Created (HwReadEl1yolo26n/conv91 | hw_frame_size: 3200)
[2026-04-23 16:18:03.505] [772335] [HailoRT] [info] [queue_elements.cpp:657] [create] Created (PullQEl_hw_read1yolo26n/conv91)
[2026-04-23 16:18:03.505] [772335] [HailoRT] [info] [filter_elements.cpp:372] [create] Created (PostInferEl1yolo26n/conv91 | Quantization - src_type: UINT8, dst_type FLOAT32, limvals_min: 0, limvals_max: 14.2269 | Reorder - src_order: FCR, src_shape: (20, 20, 8), dst_order: FCR, dst_shape: (20, 20, 4))
[2026-04-23 16:18:03.505] [772335] [HailoRT] [info] [queue_elements.cpp:800] [create] Created (UserBuffQEl1yolo26n/conv91 | timeout: 10s)
[2026-04-23 16:18:03.505] [772335] [HailoRT] [info] [vstream.cpp:1114] [OutputVStreamImpl] Creating yolo26n/conv91...
[2026-04-23 16:18:03.505] [772335] [HailoRT] [info] [vstream_builder.cpp:220] [create_outputs] Output pipeline 'yolo26n/conv91': HW >> (HwReadEl1yolo26n/conv91 | hw_frame_size: 3200) >> (PullQEl_hw_read1yolo26n/conv91) >> (PostInferEl1yolo26n/conv91 | Quantization - src_type: UINT8, dst_type FLOAT32, limvals_min: 0, limvals_max: 14.2269 | Reorder - src_order: FCR, src_shape: (20, 20, 8), dst_order: FCR, dst_shape: (20, 20, 4)) >> (UserBuffQEl1yolo26n/conv91 | timeout: 10s)
[2026-04-23 16:18:03.505] [772335] [HailoRT] [info] [edge_elements.cpp:287] [create] Created (HwReadEl0yolo26n/conv94 | hw_frame_size: 3200)
[2026-04-23 16:18:03.505] [772335] [HailoRT] [info] [queue_elements.cpp:657] [create] Created (PullQEl_hw_read0yolo26n/conv94)
[2026-04-23 16:18:03.505] [772335] [HailoRT] [info] [filter_elements.cpp:372] [create] Created (PostInferEl0yolo26n/conv94 | Quantization - src_type: UINT8, dst_type FLOAT32, limvals_min: -155.797, limvals_max: 3.11594 | Reorder - src_order: FCR, src_shape: (20, 20, 8), dst_order: FCR, dst_shape: (20, 20, 1))
[2026-04-23 16:18:03.505] [772335] [HailoRT] [info] [queue_elements.cpp:800] [create] Created (UserBuffQEl0yolo26n/conv94 | timeout: 10s)
[2026-04-23 16:18:03.505] [772335] [HailoRT] [info] [vstream.cpp:1114] [OutputVStreamImpl] Creating yolo26n/conv94...
[2026-04-23 16:18:03.505] [772335] [HailoRT] [info] [vstream_builder.cpp:220] [create_outputs] Output pipeline 'yolo26n/conv94': HW >> (HwReadEl0yolo26n/conv94 | hw_frame_size: 3200) >> (PullQEl_hw_read0yolo26n/conv94) >> (PostInferEl0yolo26n/conv94 | Quantization - src_type: UINT8, dst_type FLOAT32, limvals_min: -155.797, limvals_max: 3.11594 | Reorder - src_order: FCR, src_shape: (20, 20, 8), dst_order: FCR, dst_shape: (20, 20, 1)) >> (UserBuffQEl0yolo26n/conv94 | timeout: 10s)
[2026-04-23 16:18:03.516] [1140480] [HailoRT] [info] [queue_elements.cpp:855] [run_in_thread] Shutdown event was signaled in dequeue of UserBuffQEl3yolo26n/conv61!
[2026-04-23 16:18:03.516] [1140479] [HailoRT] [info] [vdevice_native_stream.cpp:331] [read_impl] Failed read from stream HAILO_STREAM_ABORT(63) (device: 0001:01:00.0)
[2026-04-23 16:18:03.516] [1140479] [HailoRT] [info] [edge_elements.cpp:396] [run_pull] Reading from stream was aborted!
[2026-04-23 16:18:03.516] [1140479] [HailoRT] [info] [queue_elements.cpp:738] [run_in_thread] run_pull of queue element PullQEl_hw_read3yolo26n/conv61 was aborted!
[2026-04-23 16:18:03.516] [1140479] [HailoRT] [info] [queue_elements.cpp:68] [operator()] Thread in element PullQEl_hw_read3yolo26n/conv61 is not running anymore, exiting..
[2026-04-23 16:18:03.516] [772335] [HailoRT] [info] [queue_elements.cpp:46] [~BaseQueueElement] Queue element PullQEl_hw_read3yolo26n/conv61 has 0 frames in his Queue on destruction
[2026-04-23 16:18:03.516] [1140480] [HailoRT] [info] [queue_elements.cpp:68] [operator()] Thread in element UserBuffQEl3yolo26n/conv61 is not running anymore, exiting..
[2026-04-23 16:18:03.516] [772335] [HailoRT] [info] [queue_elements.cpp:46] [~BaseQueueElement] Queue element UserBuffQEl3yolo26n/conv61 has 0 frames in his Queue on destruction
[2026-04-23 16:18:03.517] [1140482] [HailoRT] [info] [queue_elements.cpp:855] [run_in_thread] Shutdown event was signaled in dequeue of UserBuffQEl2yolo26n/conv64!
[2026-04-23 16:18:03.517] [1140481] [HailoRT] [info] [vdevice_native_stream.cpp:331] [read_impl] Failed read from stream HAILO_STREAM_ABORT(63) (device: 0001:01:00.0)
[2026-04-23 16:18:03.517] [1140481] [HailoRT] [info] [edge_elements.cpp:396] [run_pull] Reading from stream was aborted!
[2026-04-23 16:18:03.517] [1140481] [HailoRT] [info] [queue_elements.cpp:738] [run_in_thread] run_pull of queue element PullQEl_hw_read2yolo26n/conv64 was aborted!
[2026-04-23 16:18:03.517] [1140481] [HailoRT] [info] [queue_elements.cpp:68] [operator()] Thread in element PullQEl_hw_read2yolo26n/conv64 is not running anymore, exiting..
[2026-04-23 16:18:03.517] [772335] [HailoRT] [info] [queue_elements.cpp:46] [~BaseQueueElement] Queue element PullQEl_hw_read2yolo26n/conv64 has 0 frames in his Queue on destruction
[2026-04-23 16:18:03.517] [1140482] [HailoRT] [info] [queue_elements.cpp:68] [operator()] Thread in element UserBuffQEl2yolo26n/conv64 is not running anymore, exiting..
[2026-04-23 16:18:03.517] [772335] [HailoRT] [info] [queue_elements.cpp:46] [~BaseQueueElement] Queue element UserBuffQEl2yolo26n/conv64 has 0 frames in his Queue on destruction
[2026-04-23 16:18:03.517] [1140483] [HailoRT] [info] [vdevice_native_stream.cpp:331] [read_impl] Failed read from stream HAILO_STREAM_ABORT(63) (device: 0001:01:00.0)
[2026-04-23 16:18:03.517] [1140483] [HailoRT] [info] [edge_elements.cpp:396] [run_pull] Reading from stream was aborted!
[2026-04-23 16:18:03.517] [1140484] [HailoRT] [info] [queue_elements.cpp:855] [run_in_thread] Shutdown event was signaled in dequeue of UserBuffQEl1yolo26n/conv77!
[2026-04-23 16:18:03.517] [1140483] [HailoRT] [info] [queue_elements.cpp:738] [run_in_thread] run_pull of queue element PullQEl_hw_read1yolo26n/conv77 was aborted!
[2026-04-23 16:18:03.517] [1140483] [HailoRT] [info] [queue_elements.cpp:68] [operator()] Thread in element PullQEl_hw_read1yolo26n/conv77 is not running anymore, exiting..
[2026-04-23 16:18:03.517] [772335] [HailoRT] [info] [queue_elements.cpp:46] [~BaseQueueElement] Queue element PullQEl_hw_read1yolo26n/conv77 has 0 frames in his Queue on destruction
[2026-04-23 16:18:03.517] [1140484] [HailoRT] [info] [queue_elements.cpp:68] [operator()] Thread in element UserBuffQEl1yolo26n/conv77 is not running anymore, exiting..
[2026-04-23 16:18:03.517] [772335] [HailoRT] [info] [queue_elements.cpp:46] [~BaseQueueElement] Queue element UserBuffQEl1yolo26n/conv77 has 0 frames in his Queue on destruction
[2026-04-23 16:18:03.517] [1140485] [HailoRT] [info] [vdevice_native_stream.cpp:331] [read_impl] Failed read from stream HAILO_STREAM_ABORT(63) (device: 0001:01:00.0)
[2026-04-23 16:18:03.517] [1140485] [HailoRT] [info] [edge_elements.cpp:396] [run_pull] Reading from stream was aborted!
[2026-04-23 16:18:03.517] [1140486] [HailoRT] [info] [queue_elements.cpp:855] [run_in_thread] Shutdown event was signaled in dequeue of UserBuffQEl0yolo26n/conv80!
[2026-04-23 16:18:03.517] [1140485] [HailoRT] [info] [queue_elements.cpp:738] [run_in_thread] run_pull of queue element PullQEl_hw_read0yolo26n/conv80 was aborted!
[2026-04-23 16:18:03.517] [1140485] [HailoRT] [info] [queue_elements.cpp:68] [operator()] Thread in element PullQEl_hw_read0yolo26n/conv80 is not running anymore, exiting..
[2026-04-23 16:18:03.517] [772335] [HailoRT] [info] [queue_elements.cpp:46] [~BaseQueueElement] Queue element PullQEl_hw_read0yolo26n/conv80 has 0 frames in his Queue on destruction
[2026-04-23 16:18:03.517] [1140486] [HailoRT] [info] [queue_elements.cpp:68] [operator()] Thread in element UserBuffQEl0yolo26n/conv80 is not running anymore, exiting..
[2026-04-23 16:18:03.517] [772335] [HailoRT] [info] [queue_elements.cpp:46] [~BaseQueueElement] Queue element UserBuffQEl0yolo26n/conv80 has 0 frames in his Queue on destruction
[2026-04-23 16:18:03.517] [1140488] [HailoRT] [info] [queue_elements.cpp:855] [run_in_thread] Shutdown event was signaled in dequeue of UserBuffQEl1yolo26n/conv91!
[2026-04-23 16:18:03.517] [1140487] [HailoRT] [info] [vdevice_native_stream.cpp:331] [read_impl] Failed read from stream HAILO_STREAM_ABORT(63) (device: 0001:01:00.0)
[2026-04-23 16:18:03.517] [1140487] [HailoRT] [info] [edge_elements.cpp:396] [run_pull] Reading from stream was aborted!
[2026-04-23 16:18:03.517] [1140487] [HailoRT] [info] [queue_elements.cpp:738] [run_in_thread] run_pull of queue element PullQEl_hw_read1yolo26n/conv91 was aborted!
[2026-04-23 16:18:03.517] [1140487] [HailoRT] [info] [queue_elements.cpp:68] [operator()] Thread in element PullQEl_hw_read1yolo26n/conv91 is not running anymore, exiting..
[2026-04-23 16:18:03.517] [772335] [HailoRT] [info] [queue_elements.cpp:46] [~BaseQueueElement] Queue element PullQEl_hw_read1yolo26n/conv91 has 0 frames in his Queue on destruction
[2026-04-23 16:18:03.517] [1140488] [HailoRT] [info] [queue_elements.cpp:68] [operator()] Thread in element UserBuffQEl1yolo26n/conv91 is not running anymore, exiting..
[2026-04-23 16:18:03.517] [772335] [HailoRT] [info] [queue_elements.cpp:46] [~BaseQueueElement] Queue element UserBuffQEl1yolo26n/conv91 has 0 frames in his Queue on destruction
[2026-04-23 16:18:03.517] [1140489] [HailoRT] [info] [vdevice_native_stream.cpp:331] [read_impl] Failed read from stream HAILO_STREAM_ABORT(63) (device: 0001:01:00.0)
[2026-04-23 16:18:03.517] [1140489] [HailoRT] [info] [edge_elements.cpp:396] [run_pull] Reading from stream was aborted!
[2026-04-23 16:18:03.517] [1140490] [HailoRT] [info] [queue_elements.cpp:855] [run_in_thread] Shutdown event was signaled in dequeue of UserBuffQEl0yolo26n/conv94!
[2026-04-23 16:18:03.517] [1140489] [HailoRT] [info] [queue_elements.cpp:738] [run_in_thread] run_pull of queue element PullQEl_hw_read0yolo26n/conv94 was aborted!
[2026-04-23 16:18:03.517] [1140489] [HailoRT] [info] [queue_elements.cpp:68] [operator()] Thread in element PullQEl_hw_read0yolo26n/conv94 is not running anymore, exiting..
[2026-04-23 16:18:03.517] [772335] [HailoRT] [info] [queue_elements.cpp:46] [~BaseQueueElement] Queue element PullQEl_hw_read0yolo26n/conv94 has 0 frames in his Queue on destruction
[2026-04-23 16:18:03.517] [1140490] [HailoRT] [info] [queue_elements.cpp:68] [operator()] Thread in element UserBuffQEl0yolo26n/conv94 is not running anymore, exiting..
[2026-04-23 16:18:03.517] [772335] [HailoRT] [info] [queue_elements.cpp:46] [~BaseQueueElement] Queue element UserBuffQEl0yolo26n/conv94 has 0 frames in his Queue on destruction
[2026-04-23 16:18:03.517] [1140478] [HailoRT] [info] [queue_elements.cpp:68] [operator()] Thread in element PushQEl2yolo26n/input_layer1 is not running anymore, exiting..
[2026-04-23 16:18:03.517] [772335] [HailoRT] [info] [queue_elements.cpp:46] [~BaseQueueElement] Queue element PushQEl2yolo26n/input_layer1 has 0 frames in his Queue on destruction
[2026-04-23 16:18:03.518] [772335] [HailoRT] [info] [core_op.cpp:186] [deactivate] Deactivating took 0.495943 ms
[2026-04-23 16:18:03.518] [772335] [HailoRT] [info] [core_op.cpp:186] [deactivate] Deactivating took 0.505758 ms
[2026-04-23 16:18:03.523] [772335] [HailoRT] [info] [core_op.cpp:156] [activate] Activating arcface_mobilefacenet took 0.226796 milliseconds. Note that the function is asynchronous and thus the network is not fully activated yet.
[2026-04-23 16:18:03.523] [772335] [HailoRT] [info] [core_op.cpp:156] [activate] Activating arcface_mobilefacenet took 0.244018 milliseconds. Note that the function is asynchronous and thus the network is not fully activated yet.
[2026-04-23 16:18:03.523] [772335] [HailoRT] [info] [edge_elements.cpp:52] [create] Created (HwWriteEl1arcface_mobilefacenet/input_layer1 | hw_frame_size: 37632)
[2026-04-23 16:18:03.523] [772335] [HailoRT] [info] [vstream.cpp:754] [InputVStreamImpl] Creating arcface_mobilefacenet/input_layer1...
[2026-04-23 16:18:03.523] [772335] [HailoRT] [info] [vstream_builder.cpp:102] [create_inputs] Input pipeline 'arcface_mobilefacenet/input_layer1': (HwWriteEl1arcface_mobilefacenet/input_layer1 | hw_frame_size: 37632) >> HW
[2026-04-23 16:18:03.523] [772335] [HailoRT] [info] [edge_elements.cpp:287] [create] Created (HwReadEl0arcface_mobilefacenet/fc1 | hw_frame_size: 512)
[2026-04-23 16:18:03.523] [772335] [HailoRT] [info] [queue_elements.cpp:657] [create] Created (PullQEl_hw_read0arcface_mobilefacenet/fc1)
[2026-04-23 16:18:03.523] [772335] [HailoRT] [info] [filter_elements.cpp:372] [create] Created (PostInferEl0arcface_mobilefacenet/fc1 | Quantization - src_type: UINT8, dst_type FLOAT32, limvals_min: -2.41025, limvals_max: 1.8579)
[2026-04-23 16:18:03.523] [772335] [HailoRT] [info] [queue_elements.cpp:800] [create] Created (UserBuffQEl0arcface_mobilefacenet/fc1 | timeout: 10s)
[2026-04-23 16:18:03.523] [772335] [HailoRT] [info] [vstream.cpp:1114] [OutputVStreamImpl] Creating arcface_mobilefacenet/fc1...
[2026-04-23 16:18:03.523] [772335] [HailoRT] [info] [vstream_builder.cpp:220] [create_outputs] Output pipeline 'arcface_mobilefacenet/fc1': HW >> (HwReadEl0arcface_mobilefacenet/fc1 | hw_frame_size: 512) >> (PullQEl_hw_read0arcface_mobilefacenet/fc1) >> (PostInferEl0arcface_mobilefacenet/fc1 | Quantization - src_type: UINT8, dst_type FLOAT32, limvals_min: -2.41025, limvals_max: 1.8579) >> (UserBuffQEl0arcface_mobilefacenet/fc1 | timeout: 10s)
[2026-04-23 16:18:03.529] [1140499] [HailoRT] [info] [queue_elements.cpp:855] [run_in_thread] Shutdown event was signaled in dequeue of UserBuffQEl0arcface_mobilefacenet/fc1!
[2026-04-23 16:18:03.529] [1140498] [HailoRT] [info] [vdevice_native_stream.cpp:331] [read_impl] Failed read from stream HAILO_STREAM_ABORT(63) (device: 0001:01:00.0)
[2026-04-23 16:18:03.530] [1140498] [HailoRT] [info] [edge_elements.cpp:396] [run_pull] Reading from stream was aborted!
[2026-04-23 16:18:03.530] [1140498] [HailoRT] [info] [queue_elements.cpp:738] [run_in_thread] run_pull of queue element PullQEl_hw_read0arcface_mobilefacenet/fc1 was aborted!
[2026-04-23 16:18:03.530] [1140498] [HailoRT] [info] [queue_elements.cpp:68] [operator()] Thread in element PullQEl_hw_read0arcface_mobilefacenet/fc1 is not running anymore, exiting..
[2026-04-23 16:18:03.530] [772335] [HailoRT] [info] [queue_elements.cpp:46] [~BaseQueueElement] Queue element PullQEl_hw_read0arcface_mobilefacenet/fc1 has 0 frames in his Queue on destruction
[2026-04-23 16:18:03.530] [1140499] [HailoRT] [info] [queue_elements.cpp:68] [operator()] Thread in element UserBuffQEl0arcface_mobilefacenet/fc1 is not running anymore, exiting..
[2026-04-23 16:18:03.530] [772335] [HailoRT] [info] [queue_elements.cpp:46] [~BaseQueueElement] Queue element UserBuffQEl0arcface_mobilefacenet/fc1 has 0 frames in his Queue on destruction
[2026-04-23 16:18:03.530] [772335] [HailoRT] [info] [core_op.cpp:186] [deactivate] Deactivating took 0.360351 ms
[2026-04-23 16:18:03.530] [772335] [HailoRT] [info] [core_op.cpp:186] [deactivate] Deactivating took 0.367981 ms
[2026-04-23 16:18:03.539] [772335] [HailoRT] [info] [core_op.cpp:156] [activate] Activating yolo26n took 0.484906 milliseconds. Note that the function is asynchronous and thus the network is not fully activated yet.
[2026-04-23 16:18:03.539] [772335] [HailoRT] [info] [core_op.cpp:156] [activate] Activating yolo26n took 0.507869 milliseconds. Note that the function is asynchronous and thus the network is not fully activated yet.
[2026-04-23 16:18:03.540] [772335] [HailoRT] [info] [edge_elements.cpp:52] [create] Created (HwWriteEl2yolo26n/input_layer1 | hw_frame_size: 1228800)
[2026-04-23 16:18:03.540] [772335] [HailoRT] [info] [queue_elements.cpp:284] [create] Created (PushQEl2yolo26n/input_layer1 | timeout: 10s)
[2026-04-23 16:18:03.540] [772335] [HailoRT] [info] [filter_elements.cpp:101] [create] Created (PreInferEl2yolo26n/input_layer1 | Reorder - src_order: NHWC, src_shape: (640, 640, 3), dst_order: NHCW, dst_shape: (640, 640, 3))
[2026-04-23 16:18:03.540] [772335] [HailoRT] [info] [vstream.cpp:754] [InputVStreamImpl] Creating yolo26n/input_layer1...
[2026-04-23 16:18:03.540] [772335] [HailoRT] [info] [vstream_builder.cpp:102] [create_inputs] Input pipeline 'yolo26n/input_layer1': (PreInferEl2yolo26n/input_layer1 | Reorder - src_order: NHWC, src_shape: (640, 640, 3), dst_order: NHCW, dst_shape: (640, 640, 3)) >> (PushQEl2yolo26n/input_layer1 | timeout: 10s) >> (HwWriteEl2yolo26n/input_layer1 | hw_frame_size: 1228800) >> HW
[2026-04-23 16:18:03.540] [772335] [HailoRT] [info] [edge_elements.cpp:287] [create] Created (HwReadEl3yolo26n/conv61 | hw_frame_size: 25600)
[2026-04-23 16:18:03.540] [772335] [HailoRT] [info] [queue_elements.cpp:657] [create] Created (PullQEl_hw_read3yolo26n/conv61)
[2026-04-23 16:18:03.540] [772335] [HailoRT] [info] [filter_elements.cpp:372] [create] Created (PostInferEl3yolo26n/conv61 | Quantization - src_type: UINT8, dst_type FLOAT32, limvals_min: -0.468035, limvals_max: 6.99127)
[2026-04-23 16:18:03.540] [772335] [HailoRT] [info] [queue_elements.cpp:800] [create] Created (UserBuffQEl3yolo26n/conv61 | timeout: 10s)
[2026-04-23 16:18:03.540] [772335] [HailoRT] [info] [vstream.cpp:1114] [OutputVStreamImpl] Creating yolo26n/conv61...
[2026-04-23 16:18:03.540] [772335] [HailoRT] [info] [vstream_builder.cpp:220] [create_outputs] Output pipeline 'yolo26n/conv61': HW >> (HwReadEl3yolo26n/conv61 | hw_frame_size: 25600) >> (PullQEl_hw_read3yolo26n/conv61) >> (PostInferEl3yolo26n/conv61 | Quantization - src_type: UINT8, dst_type FLOAT32, limvals_min: -0.468035, limvals_max: 6.99127) >> (UserBuffQEl3yolo26n/conv61 | timeout: 10s)
[2026-04-23 16:18:03.540] [772335] [HailoRT] [info] [edge_elements.cpp:287] [create] Created (HwReadEl2yolo26n/conv64 | hw_frame_size: 6400)
[2026-04-23 16:18:03.540] [772335] [HailoRT] [info] [queue_elements.cpp:657] [create] Created (PullQEl_hw_read2yolo26n/conv64)
[2026-04-23 16:18:03.540] [772335] [HailoRT] [info] [filter_elements.cpp:372] [create] Created (PostInferEl2yolo26n/conv64 | Quantization - src_type: UINT8, dst_type FLOAT32, limvals_min: -161.763, limvals_max: 2.5779)
[2026-04-23 16:18:03.540] [772335] [HailoRT] [info] [queue_elements.cpp:800] [create] Created (UserBuffQEl2yolo26n/conv64 | timeout: 10s)
[2026-04-23 16:18:03.540] [772335] [HailoRT] [info] [vstream.cpp:1114] [OutputVStreamImpl] Creating yolo26n/conv64...
[2026-04-23 16:18:03.540] [772335] [HailoRT] [info] [vstream_builder.cpp:220] [create_outputs] Output pipeline 'yolo26n/conv64': HW >> (HwReadEl2yolo26n/conv64 | hw_frame_size: 6400) >> (PullQEl_hw_read2yolo26n/conv64) >> (PostInferEl2yolo26n/conv64 | Quantization - src_type: UINT8, dst_type FLOAT32, limvals_min: -161.763, limvals_max: 2.5779) >> (UserBuffQEl2yolo26n/conv64 | timeout: 10s)
[2026-04-23 16:18:03.540] [772335] [HailoRT] [info] [edge_elements.cpp:287] [create] Created (HwReadEl1yolo26n/conv77 | hw_frame_size: 6400)
[2026-04-23 16:18:03.540] [772335] [HailoRT] [info] [queue_elements.cpp:657] [create] Created (PullQEl_hw_read1yolo26n/conv77)
[2026-04-23 16:18:03.540] [772335] [HailoRT] [info] [filter_elements.cpp:372] [create] Created (PostInferEl1yolo26n/conv77 | Quantization - src_type: UINT8, dst_type FLOAT32, limvals_min: -0.560223, limvals_max: 15.3127)
[2026-04-23 16:18:03.540] [772335] [HailoRT] [info] [queue_elements.cpp:800] [create] Created (UserBuffQEl1yolo26n/conv77 | timeout: 10s)
[2026-04-23 16:18:03.540] [772335] [HailoRT] [info] [vstream.cpp:1114] [OutputVStreamImpl] Creating yolo26n/conv77...
[2026-04-23 16:18:03.540] [772335] [HailoRT] [info] [vstream_builder.cpp:220] [create_outputs] Output pipeline 'yolo26n/conv77': HW >> (HwReadEl1yolo26n/conv77 | hw_frame_size: 6400) >> (PullQEl_hw_read1yolo26n/conv77) >> (PostInferEl1yolo26n/conv77 | Quantization - src_type: UINT8, dst_type FLOAT32, limvals_min: -0.560223, limvals_max: 15.3127) >> (UserBuffQEl1yolo26n/conv77 | timeout: 10s)
[2026-04-23 16:18:03.540] [772335] [HailoRT] [info] [edge_elements.cpp:287] [create] Created (HwReadEl0yolo26n/conv80 | hw_frame_size: 1600)
[2026-04-23 16:18:03.540] [772335] [HailoRT] [info] [queue_elements.cpp:657] [create] Created (PullQEl_hw_read0yolo26n/conv80)
[2026-04-23 16:18:03.540] [772335] [HailoRT] [info] [filter_elements.cpp:372] [create] Created (PostInferEl0yolo26n/conv80 | Quantization - src_type: UINT8, dst_type FLOAT32, limvals_min: -204.998, limvals_max: 2.44045)
[2026-04-23 16:18:03.540] [772335] [HailoRT] [info] [queue_elements.cpp:800] [create] Created (UserBuffQEl0yolo26n/conv80 | timeout: 10s)
[2026-04-23 16:18:03.541] [772335] [HailoRT] [info] [vstream.cpp:1114] [OutputVStreamImpl] Creating yolo26n/conv80...
[2026-04-23 16:18:03.541] [772335] [HailoRT] [info] [vstream_builder.cpp:220] [create_outputs] Output pipeline 'yolo26n/conv80': HW >> (HwReadEl0yolo26n/conv80 | hw_frame_size: 1600) >> (PullQEl_hw_read0yolo26n/conv80) >> (PostInferEl0yolo26n/conv80 | Quantization - src_type: UINT8, dst_type FLOAT32, limvals_min: -204.998, limvals_max: 2.44045) >> (UserBuffQEl0yolo26n/conv80 | timeout: 10s)
[2026-04-23 16:18:03.541] [772335] [HailoRT] [info] [edge_elements.cpp:287] [create] Created (HwReadEl1yolo26n/conv91 | hw_frame_size: 3200)
[2026-04-23 16:18:03.541] [772335] [HailoRT] [info] [queue_elements.cpp:657] [create] Created (PullQEl_hw_read1yolo26n/conv91)
[2026-04-23 16:18:03.541] [772335] [HailoRT] [info] [filter_elements.cpp:372] [create] Created (PostInferEl1yolo26n/conv91 | Quantization - src_type: UINT8, dst_type FLOAT32, limvals_min: 0, limvals_max: 14.2269 | Reorder - src_order: FCR, src_shape: (20, 20, 8), dst_order: FCR, dst_shape: (20, 20, 4))
[2026-04-23 16:18:03.541] [772335] [HailoRT] [info] [queue_elements.cpp:800] [create] Created (UserBuffQEl1yolo26n/conv91 | timeout: 10s)
[2026-04-23 16:18:03.541] [772335] [HailoRT] [info] [vstream.cpp:1114] [OutputVStreamImpl] Creating yolo26n/conv91...
[2026-04-23 16:18:03.541] [772335] [HailoRT] [info] [vstream_builder.cpp:220] [create_outputs] Output pipeline 'yolo26n/conv91': HW >> (HwReadEl1yolo26n/conv91 | hw_frame_size: 3200) >> (PullQEl_hw_read1yolo26n/conv91) >> (PostInferEl1yolo26n/conv91 | Quantization - src_type: UINT8, dst_type FLOAT32, limvals_min: 0, limvals_max: 14.2269 | Reorder - src_order: FCR, src_shape: (20, 20, 8), dst_order: FCR, dst_shape: (20, 20, 4)) >> (UserBuffQEl1yolo26n/conv91 | timeout: 10s)
[2026-04-23 16:18:03.541] [772335] [HailoRT] [info] [edge_elements.cpp:287] [create] Created (HwReadEl0yolo26n/conv94 | hw_frame_size: 3200)
[2026-04-23 16:18:03.541] [772335] [HailoRT] [info] [queue_elements.cpp:657] [create] Created (PullQEl_hw_read0yolo26n/conv94)
[2026-04-23 16:18:03.541] [772335] [HailoRT] [info] [filter_elements.cpp:372] [create] Created (PostInferEl0yolo26n/conv94 | Quantization - src_type: UINT8, dst_type FLOAT32, limvals_min: -155.797, limvals_max: 3.11594 | Reorder - src_order: FCR, src_shape: (20, 20, 8), dst_order: FCR, dst_shape: (20, 20, 1))
[2026-04-23 16:18:03.541] [772335] [HailoRT] [info] [queue_elements.cpp:800] [create] Created (UserBuffQEl0yolo26n/conv94 | timeout: 10s)
[2026-04-23 16:18:03.541] [772335] [HailoRT] [info] [vstream.cpp:1114] [OutputVStreamImpl] Creating yolo26n/conv94...
[2026-04-23 16:18:03.541] [772335] [HailoRT] [info] [vstream_builder.cpp:220] [create_outputs] Output pipeline 'yolo26n/conv94': HW >> (HwReadEl0yolo26n/conv94 | hw_frame_size: 3200) >> (PullQEl_hw_read0yolo26n/conv94) >> (PostInferEl0yolo26n/conv94 | Quantization - src_type: UINT8, dst_type FLOAT32, limvals_min: -155.797, limvals_max: 3.11594 | Reorder - src_order: FCR, src_shape: (20, 20, 8), dst_order: FCR, dst_shape: (20, 20, 1)) >> (UserBuffQEl0yolo26n/conv94 | timeout: 10s)
[2026-04-23 16:18:03.552] [1140504] [HailoRT] [info] [queue_elements.cpp:855] [run_in_thread] Shutdown event was signaled in dequeue of UserBuffQEl3yolo26n/conv61!
[2026-04-23 16:18:03.552] [1140503] [HailoRT] [info] [vdevice_native_stream.cpp:331] [read_impl] Failed read from stream HAILO_STREAM_ABORT(63) (device: 0001:01:00.0)
[2026-04-23 16:18:03.552] [1140503] [HailoRT] [info] [edge_elements.cpp:396] [run_pull] Reading from stream was aborted!
[2026-04-23 16:18:03.552] [1140503] [HailoRT] [info] [queue_elements.cpp:738] [run_in_thread] run_pull of queue element PullQEl_hw_read3yolo26n/conv61 was aborted!
[2026-04-23 16:18:03.552] [1140503] [HailoRT] [info] [queue_elements.cpp:68] [operator()] Thread in element PullQEl_hw_read3yolo26n/conv61 is not running anymore, exiting..
[2026-04-23 16:18:03.552] [772335] [HailoRT] [info] [queue_elements.cpp:46] [~BaseQueueElement] Queue element PullQEl_hw_read3yolo26n/conv61 has 0 frames in his Queue on destruction
[2026-04-23 16:18:03.552] [1140504] [HailoRT] [info] [queue_elements.cpp:68] [operator()] Thread in element UserBuffQEl3yolo26n/conv61 is not running anymore, exiting..
[2026-04-23 16:18:03.552] [772335] [HailoRT] [info] [queue_elements.cpp:46] [~BaseQueueElement] Queue element UserBuffQEl3yolo26n/conv61 has 0 frames in his Queue on destruction
[2026-04-23 16:18:03.552] [1140506] [HailoRT] [info] [queue_elements.cpp:855] [run_in_thread] Shutdown event was signaled in dequeue of UserBuffQEl2yolo26n/conv64!
[2026-04-23 16:18:03.552] [1140505] [HailoRT] [info] [vdevice_native_stream.cpp:331] [read_impl] Failed read from stream HAILO_STREAM_ABORT(63) (device: 0001:01:00.0)
[2026-04-23 16:18:03.552] [1140505] [HailoRT] [info] [edge_elements.cpp:396] [run_pull] Reading from stream was aborted!
[2026-04-23 16:18:03.552] [1140505] [HailoRT] [info] [queue_elements.cpp:738] [run_in_thread] run_pull of queue element PullQEl_hw_read2yolo26n/conv64 was aborted!
[2026-04-23 16:18:03.552] [1140505] [HailoRT] [info] [queue_elements.cpp:68] [operator()] Thread in element PullQEl_hw_read2yolo26n/conv64 is not running anymore, exiting..
[2026-04-23 16:18:03.552] [772335] [HailoRT] [info] [queue_elements.cpp:46] [~BaseQueueElement] Queue element PullQEl_hw_read2yolo26n/conv64 has 0 frames in his Queue on destruction
[2026-04-23 16:18:03.552] [1140506] [HailoRT] [info] [queue_elements.cpp:68] [operator()] Thread in element UserBuffQEl2yolo26n/conv64 is not running anymore, exiting..
[2026-04-23 16:18:03.552] [772335] [HailoRT] [info] [queue_elements.cpp:46] [~BaseQueueElement] Queue element UserBuffQEl2yolo26n/conv64 has 0 frames in his Queue on destruction
[2026-04-23 16:18:03.552] [1140507] [HailoRT] [info] [vdevice_native_stream.cpp:331] [read_impl] Failed read from stream HAILO_STREAM_ABORT(63) (device: 0001:01:00.0)
[2026-04-23 16:18:03.552] [1140508] [HailoRT] [info] [queue_elements.cpp:855] [run_in_thread] Shutdown event was signaled in dequeue of UserBuffQEl1yolo26n/conv77!
[2026-04-23 16:18:03.552] [1140507] [HailoRT] [info] [edge_elements.cpp:396] [run_pull] Reading from stream was aborted!
[2026-04-23 16:18:03.552] [1140507] [HailoRT] [info] [queue_elements.cpp:738] [run_in_thread] run_pull of queue element PullQEl_hw_read1yolo26n/conv77 was aborted!
[2026-04-23 16:18:03.552] [1140507] [HailoRT] [info] [queue_elements.cpp:68] [operator()] Thread in element PullQEl_hw_read1yolo26n/conv77 is not running anymore, exiting..
[2026-04-23 16:18:03.552] [772335] [HailoRT] [info] [queue_elements.cpp:46] [~BaseQueueElement] Queue element PullQEl_hw_read1yolo26n/conv77 has 0 frames in his Queue on destruction
[2026-04-23 16:18:03.552] [1140508] [HailoRT] [info] [queue_elements.cpp:68] [operator()] Thread in element UserBuffQEl1yolo26n/conv77 is not running anymore, exiting..
[2026-04-23 16:18:03.552] [772335] [HailoRT] [info] [queue_elements.cpp:46] [~BaseQueueElement] Queue element UserBuffQEl1yolo26n/conv77 has 0 frames in his Queue on destruction
[2026-04-23 16:18:03.552] [1140509] [HailoRT] [info] [vdevice_native_stream.cpp:331] [read_impl] Failed read from stream HAILO_STREAM_ABORT(63) (device: 0001:01:00.0)
[2026-04-23 16:18:03.552] [1140509] [HailoRT] [info] [edge_elements.cpp:396] [run_pull] Reading from stream was aborted!
[2026-04-23 16:18:03.552] [1140510] [HailoRT] [info] [queue_elements.cpp:855] [run_in_thread] Shutdown event was signaled in dequeue of UserBuffQEl0yolo26n/conv80!
[2026-04-23 16:18:03.552] [1140509] [HailoRT] [info] [queue_elements.cpp:738] [run_in_thread] run_pull of queue element PullQEl_hw_read0yolo26n/conv80 was aborted!
[2026-04-23 16:18:03.552] [1140509] [HailoRT] [info] [queue_elements.cpp:68] [operator()] Thread in element PullQEl_hw_read0yolo26n/conv80 is not running anymore, exiting..
[2026-04-23 16:18:03.552] [772335] [HailoRT] [info] [queue_elements.cpp:46] [~BaseQueueElement] Queue element PullQEl_hw_read0yolo26n/conv80 has 0 frames in his Queue on destruction
[2026-04-23 16:18:03.552] [1140510] [HailoRT] [info] [queue_elements.cpp:68] [operator()] Thread in element UserBuffQEl0yolo26n/conv80 is not running anymore, exiting..
[2026-04-23 16:18:03.552] [772335] [HailoRT] [info] [queue_elements.cpp:46] [~BaseQueueElement] Queue element UserBuffQEl0yolo26n/conv80 has 0 frames in his Queue on destruction
[2026-04-23 16:18:03.552] [1140511] [HailoRT] [info] [vdevice_native_stream.cpp:331] [read_impl] Failed read from stream HAILO_STREAM_ABORT(63) (device: 0001:01:00.0)
[2026-04-23 16:18:03.552] [1140511] [HailoRT] [info] [edge_elements.cpp:396] [run_pull] Reading from stream was aborted!
[2026-04-23 16:18:03.552] [1140512] [HailoRT] [info] [queue_elements.cpp:855] [run_in_thread] Shutdown event was signaled in dequeue of UserBuffQEl1yolo26n/conv91!
[2026-04-23 16:18:03.552] [1140511] [HailoRT] [info] [queue_elements.cpp:738] [run_in_thread] run_pull of queue element PullQEl_hw_read1yolo26n/conv91 was aborted!
[2026-04-23 16:18:03.552] [1140511] [HailoRT] [info] [queue_elements.cpp:68] [operator()] Thread in element PullQEl_hw_read1yolo26n/conv91 is not running anymore, exiting..
[2026-04-23 16:18:03.552] [772335] [HailoRT] [info] [queue_elements.cpp:46] [~BaseQueueElement] Queue element PullQEl_hw_read1yolo26n/conv91 has 0 frames in his Queue on destruction
[2026-04-23 16:18:03.552] [1140512] [HailoRT] [info] [queue_elements.cpp:68] [operator()] Thread in element UserBuffQEl1yolo26n/conv91 is not running anymore, exiting..
[2026-04-23 16:18:03.552] [772335] [HailoRT] [info] [queue_elements.cpp:46] [~BaseQueueElement] Queue element UserBuffQEl1yolo26n/conv91 has 0 frames in his Queue on destruction
[2026-04-23 16:18:03.552] [1140513] [HailoRT] [info] [vdevice_native_stream.cpp:331] [read_impl] Failed read from stream HAILO_STREAM_ABORT(63) (device: 0001:01:00.0)
[2026-04-23 16:18:03.552] [1140514] [HailoRT] [info] [queue_elements.cpp:855] [run_in_thread] Shutdown event was signaled in dequeue of UserBuffQEl0yolo26n/conv94!
[2026-04-23 16:18:03.552] [1140513] [HailoRT] [info] [edge_elements.cpp:396] [run_pull] Reading from stream was aborted!
[2026-04-23 16:18:03.552] [1140513] [HailoRT] [info] [queue_elements.cpp:738] [run_in_thread] run_pull of queue element PullQEl_hw_read0yolo26n/conv94 was aborted!
[2026-04-23 16:18:03.552] [1140513] [HailoRT] [info] [queue_elements.cpp:68] [operator()] Thread in element PullQEl_hw_read0yolo26n/conv94 is not running anymore, exiting..
[2026-04-23 16:18:03.553] [772335] [HailoRT] [info] [queue_elements.cpp:46] [~BaseQueueElement] Queue element PullQEl_hw_read0yolo26n/conv94 has 0 frames in his Queue on destruction
[2026-04-23 16:18:03.553] [1140514] [HailoRT] [info] [queue_elements.cpp:68] [operator()] Thread in element UserBuffQEl0yolo26n/conv94 is not running anymore, exiting..
[2026-04-23 16:18:03.553] [772335] [HailoRT] [info] [queue_elements.cpp:46] [~BaseQueueElement] Queue element UserBuffQEl0yolo26n/conv94 has 0 frames in his Queue on destruction
[2026-04-23 16:18:03.553] [1140502] [HailoRT] [info] [queue_elements.cpp:68] [operator()] Thread in element PushQEl2yolo26n/input_layer1 is not running anymore, exiting..
[2026-04-23 16:18:03.553] [772335] [HailoRT] [info] [queue_elements.cpp:46] [~BaseQueueElement] Queue element PushQEl2yolo26n/input_layer1 has 0 frames in his Queue on destruction
[2026-04-23 16:18:03.553] [772335] [HailoRT] [info] [core_op.cpp:186] [deactivate] Deactivating took 0.493665 ms
[2026-04-23 16:18:03.553] [772335] [HailoRT] [info] [core_op.cpp:186] [deactivate] Deactivating took 0.503647 ms
[2026-04-23 16:18:03.558] [772335] [HailoRT] [info] [core_op.cpp:156] [activate] Activating arcface_mobilefacenet took 0.220962 milliseconds. Note that the function is asynchronous and thus the network is not fully activated yet.
[2026-04-23 16:18:03.558] [772335] [HailoRT] [info] [core_op.cpp:156] [activate] Activating arcface_mobilefacenet took 0.240314 milliseconds. Note that the function is asynchronous and thus the network is not fully activated yet.
[2026-04-23 16:18:03.559] [772335] [HailoRT] [info] [edge_elements.cpp:52] [create] Created (HwWriteEl1arcface_mobilefacenet/input_layer1 | hw_frame_size: 37632)
[2026-04-23 16:18:03.559] [772335] [HailoRT] [info] [vstream.cpp:754] [InputVStreamImpl] Creating arcface_mobilefacenet/input_layer1...
[2026-04-23 16:18:03.559] [772335] [HailoRT] [info] [vstream_builder.cpp:102] [create_inputs] Input pipeline 'arcface_mobilefacenet/input_layer1': (HwWriteEl1arcface_mobilefacenet/input_layer1 | hw_frame_size: 37632) >> HW
[2026-04-23 16:18:03.559] [772335] [HailoRT] [info] [edge_elements.cpp:287] [create] Created (HwReadEl0arcface_mobilefacenet/fc1 | hw_frame_size: 512)
[2026-04-23 16:18:03.559] [772335] [HailoRT] [info] [queue_elements.cpp:657] [create] Created (PullQEl_hw_read0arcface_mobilefacenet/fc1)
[2026-04-23 16:18:03.559] [772335] [HailoRT] [info] [filter_elements.cpp:372] [create] Created (PostInferEl0arcface_mobilefacenet/fc1 | Quantization - src_type: UINT8, dst_type FLOAT32, limvals_min: -2.41025, limvals_max: 1.8579)
[2026-04-23 16:18:03.559] [772335] [HailoRT] [info] [queue_elements.cpp:800] [create] Created (UserBuffQEl0arcface_mobilefacenet/fc1 | timeout: 10s)
[2026-04-23 16:18:03.559] [772335] [HailoRT] [info] [vstream.cpp:1114] [OutputVStreamImpl] Creating arcface_mobilefacenet/fc1...
[2026-04-23 16:18:03.559] [772335] [HailoRT] [info] [vstream_builder.cpp:220] [create_outputs] Output pipeline 'arcface_mobilefacenet/fc1': HW >> (HwReadEl0arcface_mobilefacenet/fc1 | hw_frame_size: 512) >> (PullQEl_hw_read0arcface_mobilefacenet/fc1) >> (PostInferEl0arcface_mobilefacenet/fc1 | Quantization - src_type: UINT8, dst_type FLOAT32, limvals_min: -2.41025, limvals_max: 1.8579) >> (UserBuffQEl0arcface_mobilefacenet/fc1 | timeout: 10s)
[2026-04-23 16:18:03.565] [1140523] [HailoRT] [info] [queue_elements.cpp:855] [run_in_thread] Shutdown event was signaled in dequeue of UserBuffQEl0arcface_mobilefacenet/fc1!
[2026-04-23 16:18:03.565] [1140522] [HailoRT] [info] [vdevice_native_stream.cpp:331] [read_impl] Failed read from stream HAILO_STREAM_ABORT(63) (device: 0001:01:00.0)
[2026-04-23 16:18:03.565] [1140522] [HailoRT] [info] [edge_elements.cpp:396] [run_pull] Reading from stream was aborted!
[2026-04-23 16:18:03.565] [1140522] [HailoRT] [info] [queue_elements.cpp:738] [run_in_thread] run_pull of queue element PullQEl_hw_read0arcface_mobilefacenet/fc1 was aborted!
[2026-04-23 16:18:03.565] [1140522] [HailoRT] [info] [queue_elements.cpp:68] [operator()] Thread in element PullQEl_hw_read0arcface_mobilefacenet/fc1 is not running anymore, exiting..
[2026-04-23 16:18:03.565] [772335] [HailoRT] [info] [queue_elements.cpp:46] [~BaseQueueElement] Queue element PullQEl_hw_read0arcface_mobilefacenet/fc1 has 0 frames in his Queue on destruction
[2026-04-23 16:18:03.565] [1140523] [HailoRT] [info] [queue_elements.cpp:68] [operator()] Thread in element UserBuffQEl0arcface_mobilefacenet/fc1 is not running anymore, exiting..
[2026-04-23 16:18:03.565] [772335] [HailoRT] [info] [queue_elements.cpp:46] [~BaseQueueElement] Queue element UserBuffQEl0arcface_mobilefacenet/fc1 has 0 frames in his Queue on destruction
[2026-04-23 16:18:03.565] [772335] [HailoRT] [info] [core_op.cpp:186] [deactivate] Deactivating took 0.357165 ms
[2026-04-23 16:18:03.566] [772335] [HailoRT] [info] [core_op.cpp:186] [deactivate] Deactivating took 0.36474 ms
[2026-04-23 16:18:03.574] [772335] [HailoRT] [info] [core_op.cpp:156] [activate] Activating yolo26n took 0.475944 milliseconds. Note that the function is asynchronous and thus the network is not fully activated yet.
[2026-04-23 16:18:03.574] [772335] [HailoRT] [info] [core_op.cpp:156] [activate] Activating yolo26n took 0.498666 milliseconds. Note that the function is asynchronous and thus the network is not fully activated yet.
[2026-04-23 16:18:03.574] [772335] [HailoRT] [info] [edge_elements.cpp:52] [create] Created (HwWriteEl2yolo26n/input_layer1 | hw_frame_size: 1228800)
[2026-04-23 16:18:03.575] [772335] [HailoRT] [info] [queue_elements.cpp:284] [create] Created (PushQEl2yolo26n/input_layer1 | timeout: 10s)
[2026-04-23 16:18:03.575] [772335] [HailoRT] [info] [filter_elements.cpp:101] [create] Created (PreInferEl2yolo26n/input_layer1 | Reorder - src_order: NHWC, src_shape: (640, 640, 3), dst_order: NHCW, dst_shape: (640, 640, 3))
[2026-04-23 16:18:03.575] [772335] [HailoRT] [info] [vstream.cpp:754] [InputVStreamImpl] Creating yolo26n/input_layer1...
[2026-04-23 16:18:03.575] [772335] [HailoRT] [info] [vstream_builder.cpp:102] [create_inputs] Input pipeline 'yolo26n/input_layer1': (PreInferEl2yolo26n/input_layer1 | Reorder - src_order: NHWC, src_shape: (640, 640, 3), dst_order: NHCW, dst_shape: (640, 640, 3)) >> (PushQEl2yolo26n/input_layer1 | timeout: 10s) >> (HwWriteEl2yolo26n/input_layer1 | hw_frame_size: 1228800) >> HW
[2026-04-23 16:18:03.575] [772335] [HailoRT] [info] [edge_elements.cpp:287] [create] Created (HwReadEl3yolo26n/conv61 | hw_frame_size: 25600)
[2026-04-23 16:18:03.575] [772335] [HailoRT] [info] [queue_elements.cpp:657] [create] Created (PullQEl_hw_read3yolo26n/conv61)
[2026-04-23 16:18:03.575] [772335] [HailoRT] [info] [filter_elements.cpp:372] [create] Created (PostInferEl3yolo26n/conv61 | Quantization - src_type: UINT8, dst_type FLOAT32, limvals_min: -0.468035, limvals_max: 6.99127)
[2026-04-23 16:18:03.575] [772335] [HailoRT] [info] [queue_elements.cpp:800] [create] Created (UserBuffQEl3yolo26n/conv61 | timeout: 10s)
[2026-04-23 16:18:03.575] [772335] [HailoRT] [info] [vstream.cpp:1114] [OutputVStreamImpl] Creating yolo26n/conv61...
[2026-04-23 16:18:03.575] [772335] [HailoRT] [info] [vstream_builder.cpp:220] [create_outputs] Output pipeline 'yolo26n/conv61': HW >> (HwReadEl3yolo26n/conv61 | hw_frame_size: 25600) >> (PullQEl_hw_read3yolo26n/conv61) >> (PostInferEl3yolo26n/conv61 | Quantization - src_type: UINT8, dst_type FLOAT32, limvals_min: -0.468035, limvals_max: 6.99127) >> (UserBuffQEl3yolo26n/conv61 | timeout: 10s)
[2026-04-23 16:18:03.575] [772335] [HailoRT] [info] [edge_elements.cpp:287] [create] Created (HwReadEl2yolo26n/conv64 | hw_frame_size: 6400)
[2026-04-23 16:18:03.575] [772335] [HailoRT] [info] [queue_elements.cpp:657] [create] Created (PullQEl_hw_read2yolo26n/conv64)
[2026-04-23 16:18:03.575] [772335] [HailoRT] [info] [filter_elements.cpp:372] [create] Created (PostInferEl2yolo26n/conv64 | Quantization - src_type: UINT8, dst_type FLOAT32, limvals_min: -161.763, limvals_max: 2.5779)
[2026-04-23 16:18:03.575] [772335] [HailoRT] [info] [queue_elements.cpp:800] [create] Created (UserBuffQEl2yolo26n/conv64 | timeout: 10s)
[2026-04-23 16:18:03.575] [772335] [HailoRT] [info] [vstream.cpp:1114] [OutputVStreamImpl] Creating yolo26n/conv64...
[2026-04-23 16:18:03.575] [772335] [HailoRT] [info] [vstream_builder.cpp:220] [create_outputs] Output pipeline 'yolo26n/conv64': HW >> (HwReadEl2yolo26n/conv64 | hw_frame_size: 6400) >> (PullQEl_hw_read2yolo26n/conv64) >> (PostInferEl2yolo26n/conv64 | Quantization - src_type: UINT8, dst_type FLOAT32, limvals_min: -161.763, limvals_max: 2.5779) >> (UserBuffQEl2yolo26n/conv64 | timeout: 10s)
[2026-04-23 16:18:03.575] [772335] [HailoRT] [info] [edge_elements.cpp:287] [create] Created (HwReadEl1yolo26n/conv77 | hw_frame_size: 6400)
[2026-04-23 16:18:03.575] [772335] [HailoRT] [info] [queue_elements.cpp:657] [create] Created (PullQEl_hw_read1yolo26n/conv77)
[2026-04-23 16:18:03.575] [772335] [HailoRT] [info] [filter_elements.cpp:372] [create] Created (PostInferEl1yolo26n/conv77 | Quantization - src_type: UINT8, dst_type FLOAT32, limvals_min: -0.560223, limvals_max: 15.3127)
[2026-04-23 16:18:03.575] [772335] [HailoRT] [info] [queue_elements.cpp:800] [create] Created (UserBuffQEl1yolo26n/conv77 | timeout: 10s)
[2026-04-23 16:18:03.575] [772335] [HailoRT] [info] [vstream.cpp:1114] [OutputVStreamImpl] Creating yolo26n/conv77...
[2026-04-23 16:18:03.575] [772335] [HailoRT] [info] [vstream_builder.cpp:220] [create_outputs] Output pipeline 'yolo26n/conv77': HW >> (HwReadEl1yolo26n/conv77 | hw_frame_size: 6400) >> (PullQEl_hw_read1yolo26n/conv77) >> (PostInferEl1yolo26n/conv77 | Quantization - src_type: UINT8, dst_type FLOAT32, limvals_min: -0.560223, limvals_max: 15.3127) >> (UserBuffQEl1yolo26n/conv77 | timeout: 10s)
[2026-04-23 16:18:03.575] [772335] [HailoRT] [info] [edge_elements.cpp:287] [create] Created (HwReadEl0yolo26n/conv80 | hw_frame_size: 1600)
[2026-04-23 16:18:03.575] [772335] [HailoRT] [info] [queue_elements.cpp:657] [create] Created (PullQEl_hw_read0yolo26n/conv80)
[2026-04-23 16:18:03.575] [772335] [HailoRT] [info] [filter_elements.cpp:372] [create] Created (PostInferEl0yolo26n/conv80 | Quantization - src_type: UINT8, dst_type FLOAT32, limvals_min: -204.998, limvals_max: 2.44045)
[2026-04-23 16:18:03.575] [772335] [HailoRT] [info] [queue_elements.cpp:800] [create] Created (UserBuffQEl0yolo26n/conv80 | timeout: 10s)
[2026-04-23 16:18:03.575] [772335] [HailoRT] [info] [vstream.cpp:1114] [OutputVStreamImpl] Creating yolo26n/conv80...
[2026-04-23 16:18:03.575] [772335] [HailoRT] [info] [vstream_builder.cpp:220] [create_outputs] Output pipeline 'yolo26n/conv80': HW >> (HwReadEl0yolo26n/conv80 | hw_frame_size: 1600) >> (PullQEl_hw_read0yolo26n/conv80) >> (PostInferEl0yolo26n/conv80 | Quantization - src_type: UINT8, dst_type FLOAT32, limvals_min: -204.998, limvals_max: 2.44045) >> (UserBuffQEl0yolo26n/conv80 | timeout: 10s)
[2026-04-23 16:18:03.575] [772335] [HailoRT] [info] [edge_elements.cpp:287] [create] Created (HwReadEl1yolo26n/conv91 | hw_frame_size: 3200)
[2026-04-23 16:18:03.575] [772335] [HailoRT] [info] [queue_elements.cpp:657] [create] Created (PullQEl_hw_read1yolo26n/conv91)
[2026-04-23 16:18:03.575] [772335] [HailoRT] [info] [filter_elements.cpp:372] [create] Created (PostInferEl1yolo26n/conv91 | Quantization - src_type: UINT8, dst_type FLOAT32, limvals_min: 0, limvals_max: 14.2269 | Reorder - src_order: FCR, src_shape: (20, 20, 8), dst_order: FCR, dst_shape: (20, 20, 4))
[2026-04-23 16:18:03.576] [772335] [HailoRT] [info] [queue_elements.cpp:800] [create] Created (UserBuffQEl1yolo26n/conv91 | timeout: 10s)
[2026-04-23 16:18:03.576] [772335] [HailoRT] [info] [vstream.cpp:1114] [OutputVStreamImpl] Creating yolo26n/conv91...
[2026-04-23 16:18:03.576] [772335] [HailoRT] [info] [vstream_builder.cpp:220] [create_outputs] Output pipeline 'yolo26n/conv91': HW >> (HwReadEl1yolo26n/conv91 | hw_frame_size: 3200) >> (PullQEl_hw_read1yolo26n/conv91) >> (PostInferEl1yolo26n/conv91 | Quantization - src_type: UINT8, dst_type FLOAT32, limvals_min: 0, limvals_max: 14.2269 | Reorder - src_order: FCR, src_shape: (20, 20, 8), dst_order: FCR, dst_shape: (20, 20, 4)) >> (UserBuffQEl1yolo26n/conv91 | timeout: 10s)
[2026-04-23 16:18:03.576] [772335] [HailoRT] [info] [edge_elements.cpp:287] [create] Created (HwReadEl0yolo26n/conv94 | hw_frame_size: 3200)
[2026-04-23 16:18:03.576] [772335] [HailoRT] [info] [queue_elements.cpp:657] [create] Created (PullQEl_hw_read0yolo26n/conv94)
[2026-04-23 16:18:03.576] [772335] [HailoRT] [info] [filter_elements.cpp:372] [create] Created (PostInferEl0yolo26n/conv94 | Quantization - src_type: UINT8, dst_type FLOAT32, limvals_min: -155.797, limvals_max: 3.11594 | Reorder - src_order: FCR, src_shape: (20, 20, 8), dst_order: FCR, dst_shape: (20, 20, 1))
[2026-04-23 16:18:03.576] [772335] [HailoRT] [info] [queue_elements.cpp:800] [create] Created (UserBuffQEl0yolo26n/conv94 | timeout: 10s)
[2026-04-23 16:18:03.576] [772335] [HailoRT] [info] [vstream.cpp:1114] [OutputVStreamImpl] Creating yolo26n/conv94...
[2026-04-23 16:18:03.576] [772335] [HailoRT] [info] [vstream_builder.cpp:220] [create_outputs] Output pipeline 'yolo26n/conv94': HW >> (HwReadEl0yolo26n/conv94 | hw_frame_size: 3200) >> (PullQEl_hw_read0yolo26n/conv94) >> (PostInferEl0yolo26n/conv94 | Quantization - src_type: UINT8, dst_type FLOAT32, limvals_min: -155.797, limvals_max: 3.11594 | Reorder - src_order: FCR, src_shape: (20, 20, 8), dst_order: FCR, dst_shape: (20, 20, 1)) >> (UserBuffQEl0yolo26n/conv94 | timeout: 10s)
[2026-04-23 16:18:03.587] [1140528] [HailoRT] [info] [queue_elements.cpp:855] [run_in_thread] Shutdown event was signaled in dequeue of UserBuffQEl3yolo26n/conv61!
[2026-04-23 16:18:03.587] [1140527] [HailoRT] [info] [vdevice_native_stream.cpp:331] [read_impl] Failed read from stream HAILO_STREAM_ABORT(63) (device: 0001:01:00.0)
[2026-04-23 16:18:03.587] [1140527] [HailoRT] [info] [edge_elements.cpp:396] [run_pull] Reading from stream was aborted!
[2026-04-23 16:18:03.587] [1140527] [HailoRT] [info] [queue_elements.cpp:738] [run_in_thread] run_pull of queue element PullQEl_hw_read3yolo26n/conv61 was aborted!
[2026-04-23 16:18:03.587] [1140527] [HailoRT] [info] [queue_elements.cpp:68] [operator()] Thread in element PullQEl_hw_read3yolo26n/conv61 is not running anymore, exiting..
[2026-04-23 16:18:03.587] [772335] [HailoRT] [info] [queue_elements.cpp:46] [~BaseQueueElement] Queue element PullQEl_hw_read3yolo26n/conv61 has 0 frames in his Queue on destruction
[2026-04-23 16:18:03.587] [1140528] [HailoRT] [info] [queue_elements.cpp:68] [operator()] Thread in element UserBuffQEl3yolo26n/conv61 is not running anymore, exiting..
[2026-04-23 16:18:03.587] [772335] [HailoRT] [info] [queue_elements.cpp:46] [~BaseQueueElement] Queue element UserBuffQEl3yolo26n/conv61 has 0 frames in his Queue on destruction
[2026-04-23 16:18:03.587] [1140530] [HailoRT] [info] [queue_elements.cpp:855] [run_in_thread] Shutdown event was signaled in dequeue of UserBuffQEl2yolo26n/conv64!
[2026-04-23 16:18:03.587] [1140529] [HailoRT] [info] [vdevice_native_stream.cpp:331] [read_impl] Failed read from stream HAILO_STREAM_ABORT(63) (device: 0001:01:00.0)
[2026-04-23 16:18:03.587] [1140529] [HailoRT] [info] [edge_elements.cpp:396] [run_pull] Reading from stream was aborted!
[2026-04-23 16:18:03.587] [1140529] [HailoRT] [info] [queue_elements.cpp:738] [run_in_thread] run_pull of queue element PullQEl_hw_read2yolo26n/conv64 was aborted!
[2026-04-23 16:18:03.587] [1140529] [HailoRT] [info] [queue_elements.cpp:68] [operator()] Thread in element PullQEl_hw_read2yolo26n/conv64 is not running anymore, exiting..
[2026-04-23 16:18:03.587] [772335] [HailoRT] [info] [queue_elements.cpp:46] [~BaseQueueElement] Queue element PullQEl_hw_read2yolo26n/conv64 has 0 frames in his Queue on destruction
[2026-04-23 16:18:03.587] [1140530] [HailoRT] [info] [queue_elements.cpp:68] [operator()] Thread in element UserBuffQEl2yolo26n/conv64 is not running anymore, exiting..
[2026-04-23 16:18:03.587] [772335] [HailoRT] [info] [queue_elements.cpp:46] [~BaseQueueElement] Queue element UserBuffQEl2yolo26n/conv64 has 0 frames in his Queue on destruction
[2026-04-23 16:18:03.587] [1140532] [HailoRT] [info] [queue_elements.cpp:855] [run_in_thread] Shutdown event was signaled in dequeue of UserBuffQEl1yolo26n/conv77!
[2026-04-23 16:18:03.587] [1140531] [HailoRT] [info] [vdevice_native_stream.cpp:331] [read_impl] Failed read from stream HAILO_STREAM_ABORT(63) (device: 0001:01:00.0)
[2026-04-23 16:18:03.587] [1140531] [HailoRT] [info] [edge_elements.cpp:396] [run_pull] Reading from stream was aborted!
[2026-04-23 16:18:03.587] [1140531] [HailoRT] [info] [queue_elements.cpp:738] [run_in_thread] run_pull of queue element PullQEl_hw_read1yolo26n/conv77 was aborted!
[2026-04-23 16:18:03.587] [1140531] [HailoRT] [info] [queue_elements.cpp:68] [operator()] Thread in element PullQEl_hw_read1yolo26n/conv77 is not running anymore, exiting..
[2026-04-23 16:18:03.587] [772335] [HailoRT] [info] [queue_elements.cpp:46] [~BaseQueueElement] Queue element PullQEl_hw_read1yolo26n/conv77 has 0 frames in his Queue on destruction
[2026-04-23 16:18:03.587] [1140532] [HailoRT] [info] [queue_elements.cpp:68] [operator()] Thread in element UserBuffQEl1yolo26n/conv77 is not running anymore, exiting..
[2026-04-23 16:18:03.587] [772335] [HailoRT] [info] [queue_elements.cpp:46] [~BaseQueueElement] Queue element UserBuffQEl1yolo26n/conv77 has 0 frames in his Queue on destruction
[2026-04-23 16:18:03.587] [1140533] [HailoRT] [info] [vdevice_native_stream.cpp:331] [read_impl] Failed read from stream HAILO_STREAM_ABORT(63) (device: 0001:01:00.0)
[2026-04-23 16:18:03.587] [1140534] [HailoRT] [info] [queue_elements.cpp:855] [run_in_thread] Shutdown event was signaled in dequeue of UserBuffQEl0yolo26n/conv80!
[2026-04-23 16:18:03.587] [1140533] [HailoRT] [info] [edge_elements.cpp:396] [run_pull] Reading from stream was aborted!
[2026-04-23 16:18:03.587] [1140533] [HailoRT] [info] [queue_elements.cpp:738] [run_in_thread] run_pull of queue element PullQEl_hw_read0yolo26n/conv80 was aborted!
[2026-04-23 16:18:03.587] [1140533] [HailoRT] [info] [queue_elements.cpp:68] [operator()] Thread in element PullQEl_hw_read0yolo26n/conv80 is not running anymore, exiting..
[2026-04-23 16:18:03.587] [772335] [HailoRT] [info] [queue_elements.cpp:46] [~BaseQueueElement] Queue element PullQEl_hw_read0yolo26n/conv80 has 0 frames in his Queue on destruction
[2026-04-23 16:18:03.587] [1140534] [HailoRT] [info] [queue_elements.cpp:68] [operator()] Thread in element UserBuffQEl0yolo26n/conv80 is not running anymore, exiting..
[2026-04-23 16:18:03.587] [772335] [HailoRT] [info] [queue_elements.cpp:46] [~BaseQueueElement] Queue element UserBuffQEl0yolo26n/conv80 has 0 frames in his Queue on destruction
[2026-04-23 16:18:03.587] [1140535] [HailoRT] [info] [vdevice_native_stream.cpp:331] [read_impl] Failed read from stream HAILO_STREAM_ABORT(63) (device: 0001:01:00.0)
[2026-04-23 16:18:03.587] [1140535] [HailoRT] [info] [edge_elements.cpp:396] [run_pull] Reading from stream was aborted!
[2026-04-23 16:18:03.587] [1140535] [HailoRT] [info] [queue_elements.cpp:738] [run_in_thread] run_pull of queue element PullQEl_hw_read1yolo26n/conv91 was aborted!
[2026-04-23 16:18:03.587] [1140536] [HailoRT] [info] [queue_elements.cpp:855] [run_in_thread] Shutdown event was signaled in dequeue of UserBuffQEl1yolo26n/conv91!
[2026-04-23 16:18:03.587] [1140535] [HailoRT] [info] [queue_elements.cpp:68] [operator()] Thread in element PullQEl_hw_read1yolo26n/conv91 is not running anymore, exiting..
[2026-04-23 16:18:03.587] [772335] [HailoRT] [info] [queue_elements.cpp:46] [~BaseQueueElement] Queue element PullQEl_hw_read1yolo26n/conv91 has 0 frames in his Queue on destruction
[2026-04-23 16:18:03.587] [1140536] [HailoRT] [info] [queue_elements.cpp:68] [operator()] Thread in element UserBuffQEl1yolo26n/conv91 is not running anymore, exiting..
[2026-04-23 16:18:03.587] [772335] [HailoRT] [info] [queue_elements.cpp:46] [~BaseQueueElement] Queue element UserBuffQEl1yolo26n/conv91 has 0 frames in his Queue on destruction
[2026-04-23 16:18:03.587] [1140537] [HailoRT] [info] [vdevice_native_stream.cpp:331] [read_impl] Failed read from stream HAILO_STREAM_ABORT(63) (device: 0001:01:00.0)
[2026-04-23 16:18:03.587] [1140538] [HailoRT] [info] [queue_elements.cpp:855] [run_in_thread] Shutdown event was signaled in dequeue of UserBuffQEl0yolo26n/conv94!
[2026-04-23 16:18:03.587] [1140537] [HailoRT] [info] [edge_elements.cpp:396] [run_pull] Reading from stream was aborted!
[2026-04-23 16:18:03.587] [1140537] [HailoRT] [info] [queue_elements.cpp:738] [run_in_thread] run_pull of queue element PullQEl_hw_read0yolo26n/conv94 was aborted!
[2026-04-23 16:18:03.587] [1140537] [HailoRT] [info] [queue_elements.cpp:68] [operator()] Thread in element PullQEl_hw_read0yolo26n/conv94 is not running anymore, exiting..
[2026-04-23 16:18:03.587] [772335] [HailoRT] [info] [queue_elements.cpp:46] [~BaseQueueElement] Queue element PullQEl_hw_read0yolo26n/conv94 has 0 frames in his Queue on destruction
[2026-04-23 16:18:03.587] [1140538] [HailoRT] [info] [queue_elements.cpp:68] [operator()] Thread in element UserBuffQEl0yolo26n/conv94 is not running anymore, exiting..
[2026-04-23 16:18:03.587] [772335] [HailoRT] [info] [queue_elements.cpp:46] [~BaseQueueElement] Queue element UserBuffQEl0yolo26n/conv94 has 0 frames in his Queue on destruction
[2026-04-23 16:18:03.587] [1140526] [HailoRT] [info] [queue_elements.cpp:68] [operator()] Thread in element PushQEl2yolo26n/input_layer1 is not running anymore, exiting..
[2026-04-23 16:18:03.587] [772335] [HailoRT] [info] [queue_elements.cpp:46] [~BaseQueueElement] Queue element PushQEl2yolo26n/input_layer1 has 0 frames in his Queue on destruction
[2026-04-23 16:18:03.588] [772335] [HailoRT] [info] [core_op.cpp:186] [deactivate] Deactivating took 0.49548 ms
[2026-04-23 16:18:03.588] [772335] [HailoRT] [info] [core_op.cpp:186] [deactivate] Deactivating took 0.50535 ms
[2026-04-23 16:18:03.593] [772335] [HailoRT] [info] [core_op.cpp:156] [activate] Activating arcface_mobilefacenet took 0.219406 milliseconds. Note that the function is asynchronous and thus the network is not fully activated yet.
[2026-04-23 16:18:03.593] [772335] [HailoRT] [info] [core_op.cpp:156] [activate] Activating arcface_mobilefacenet took 0.268943 milliseconds. Note that the function is asynchronous and thus the network is not fully activated yet.
[2026-04-23 16:18:03.594] [772335] [HailoRT] [info] [edge_elements.cpp:52] [create] Created (HwWriteEl1arcface_mobilefacenet/input_layer1 | hw_frame_size: 37632)
[2026-04-23 16:18:03.594] [772335] [HailoRT] [info] [vstream.cpp:754] [InputVStreamImpl] Creating arcface_mobilefacenet/input_layer1...
[2026-04-23 16:18:03.594] [772335] [HailoRT] [info] [vstream_builder.cpp:102] [create_inputs] Input pipeline 'arcface_mobilefacenet/input_layer1': (HwWriteEl1arcface_mobilefacenet/input_layer1 | hw_frame_size: 37632) >> HW
[2026-04-23 16:18:03.594] [772335] [HailoRT] [info] [edge_elements.cpp:287] [create] Created (HwReadEl0arcface_mobilefacenet/fc1 | hw_frame_size: 512)
[2026-04-23 16:18:03.594] [772335] [HailoRT] [info] [queue_elements.cpp:657] [create] Created (PullQEl_hw_read0arcface_mobilefacenet/fc1)
[2026-04-23 16:18:03.594] [772335] [HailoRT] [info] [filter_elements.cpp:372] [create] Created (PostInferEl0arcface_mobilefacenet/fc1 | Quantization - src_type: UINT8, dst_type FLOAT32, limvals_min: -2.41025, limvals_max: 1.8579)
[2026-04-23 16:18:03.594] [772335] [HailoRT] [info] [queue_elements.cpp:800] [create] Created (UserBuffQEl0arcface_mobilefacenet/fc1 | timeout: 10s)
[2026-04-23 16:18:03.594] [772335] [HailoRT] [info] [vstream.cpp:1114] [OutputVStreamImpl] Creating arcface_mobilefacenet/fc1...
[2026-04-23 16:18:03.594] [772335] [HailoRT] [info] [vstream_builder.cpp:220] [create_outputs] Output pipeline 'arcface_mobilefacenet/fc1': HW >> (HwReadEl0arcface_mobilefacenet/fc1 | hw_frame_size: 512) >> (PullQEl_hw_read0arcface_mobilefacenet/fc1) >> (PostInferEl0arcface_mobilefacenet/fc1 | Quantization - src_type: UINT8, dst_type FLOAT32, limvals_min: -2.41025, limvals_max: 1.8579) >> (UserBuffQEl0arcface_mobilefacenet/fc1 | timeout: 10s)
[2026-04-23 16:18:03.600] [1140547] [HailoRT] [info] [queue_elements.cpp:855] [run_in_thread] Shutdown event was signaled in dequeue of UserBuffQEl0arcface_mobilefacenet/fc1!
[2026-04-23 16:18:03.600] [1140546] [HailoRT] [info] [vdevice_native_stream.cpp:331] [read_impl] Failed read from stream HAILO_STREAM_ABORT(63) (device: 0001:01:00.0)
[2026-04-23 16:18:03.600] [1140546] [HailoRT] [info] [edge_elements.cpp:396] [run_pull] Reading from stream was aborted!
[2026-04-23 16:18:03.600] [1140546] [HailoRT] [info] [queue_elements.cpp:738] [run_in_thread] run_pull of queue element PullQEl_hw_read0arcface_mobilefacenet/fc1 was aborted!
[2026-04-23 16:18:03.600] [1140546] [HailoRT] [info] [queue_elements.cpp:68] [operator()] Thread in element PullQEl_hw_read0arcface_mobilefacenet/fc1 is not running anymore, exiting..
[2026-04-23 16:18:03.600] [772335] [HailoRT] [info] [queue_elements.cpp:46] [~BaseQueueElement] Queue element PullQEl_hw_read0arcface_mobilefacenet/fc1 has 0 frames in his Queue on destruction
[2026-04-23 16:18:03.600] [1140547] [HailoRT] [info] [queue_elements.cpp:68] [operator()] Thread in element UserBuffQEl0arcface_mobilefacenet/fc1 is not running anymore, exiting..
[2026-04-23 16:18:03.600] [772335] [HailoRT] [info] [queue_elements.cpp:46] [~BaseQueueElement] Queue element UserBuffQEl0arcface_mobilefacenet/fc1 has 0 frames in his Queue on destruction
[2026-04-23 16:18:03.600] [772335] [HailoRT] [info] [core_op.cpp:186] [deactivate] Deactivating took 0.356833 ms
[2026-04-23 16:18:03.600] [772335] [HailoRT] [info] [core_op.cpp:186] [deactivate] Deactivating took 0.363629 ms
[2026-04-23 16:18:03.611] [772335] [HailoRT] [info] [core_op.cpp:156] [activate] Activating yolo26n took 0.548258 milliseconds. Note that the function is asynchronous and thus the network is not fully activated yet.
[2026-04-23 16:18:03.611] [772335] [HailoRT] [info] [core_op.cpp:156] [activate] Activating yolo26n took 0.591535 milliseconds. Note that the function is asynchronous and thus the network is not fully activated yet.
[2026-04-23 16:18:03.611] [772335] [HailoRT] [info] [edge_elements.cpp:52] [create] Created (HwWriteEl2yolo26n/input_layer1 | hw_frame_size: 1228800)
[2026-04-23 16:18:03.611] [772335] [HailoRT] [info] [queue_elements.cpp:284] [create] Created (PushQEl2yolo26n/input_layer1 | timeout: 10s)
[2026-04-23 16:18:03.611] [772335] [HailoRT] [info] [filter_elements.cpp:101] [create] Created (PreInferEl2yolo26n/input_layer1 | Reorder - src_order: NHWC, src_shape: (640, 640, 3), dst_order: NHCW, dst_shape: (640, 640, 3))
[2026-04-23 16:18:03.611] [772335] [HailoRT] [info] [vstream.cpp:754] [InputVStreamImpl] Creating yolo26n/input_layer1...
[2026-04-23 16:18:03.611] [772335] [HailoRT] [info] [vstream_builder.cpp:102] [create_inputs] Input pipeline 'yolo26n/input_layer1': (PreInferEl2yolo26n/input_layer1 | Reorder - src_order: NHWC, src_shape: (640, 640, 3), dst_order: NHCW, dst_shape: (640, 640, 3)) >> (PushQEl2yolo26n/input_layer1 | timeout: 10s) >> (HwWriteEl2yolo26n/input_layer1 | hw_frame_size: 1228800) >> HW
[2026-04-23 16:18:03.611] [772335] [HailoRT] [info] [edge_elements.cpp:287] [create] Created (HwReadEl3yolo26n/conv61 | hw_frame_size: 25600)
[2026-04-23 16:18:03.611] [772335] [HailoRT] [info] [queue_elements.cpp:657] [create] Created (PullQEl_hw_read3yolo26n/conv61)
[2026-04-23 16:18:03.611] [772335] [HailoRT] [info] [filter_elements.cpp:372] [create] Created (PostInferEl3yolo26n/conv61 | Quantization - src_type: UINT8, dst_type FLOAT32, limvals_min: -0.468035, limvals_max: 6.99127)
[2026-04-23 16:18:03.611] [772335] [HailoRT] [info] [queue_elements.cpp:800] [create] Created (UserBuffQEl3yolo26n/conv61 | timeout: 10s)
[2026-04-23 16:18:03.611] [772335] [HailoRT] [info] [vstream.cpp:1114] [OutputVStreamImpl] Creating yolo26n/conv61...
[2026-04-23 16:18:03.611] [772335] [HailoRT] [info] [vstream_builder.cpp:220] [create_outputs] Output pipeline 'yolo26n/conv61': HW >> (HwReadEl3yolo26n/conv61 | hw_frame_size: 25600) >> (PullQEl_hw_read3yolo26n/conv61) >> (PostInferEl3yolo26n/conv61 | Quantization - src_type: UINT8, dst_type FLOAT32, limvals_min: -0.468035, limvals_max: 6.99127) >> (UserBuffQEl3yolo26n/conv61 | timeout: 10s)
[2026-04-23 16:18:03.611] [772335] [HailoRT] [info] [edge_elements.cpp:287] [create] Created (HwReadEl2yolo26n/conv64 | hw_frame_size: 6400)
[2026-04-23 16:18:03.612] [772335] [HailoRT] [info] [queue_elements.cpp:657] [create] Created (PullQEl_hw_read2yolo26n/conv64)
[2026-04-23 16:18:03.612] [772335] [HailoRT] [info] [filter_elements.cpp:372] [create] Created (PostInferEl2yolo26n/conv64 | Quantization - src_type: UINT8, dst_type FLOAT32, limvals_min: -161.763, limvals_max: 2.5779)
[2026-04-23 16:18:03.612] [772335] [HailoRT] [info] [queue_elements.cpp:800] [create] Created (UserBuffQEl2yolo26n/conv64 | timeout: 10s)
[2026-04-23 16:18:03.612] [772335] [HailoRT] [info] [vstream.cpp:1114] [OutputVStreamImpl] Creating yolo26n/conv64...
[2026-04-23 16:18:03.612] [772335] [HailoRT] [info] [vstream_builder.cpp:220] [create_outputs] Output pipeline 'yolo26n/conv64': HW >> (HwReadEl2yolo26n/conv64 | hw_frame_size: 6400) >> (PullQEl_hw_read2yolo26n/conv64) >> (PostInferEl2yolo26n/conv64 | Quantization - src_type: UINT8, dst_type FLOAT32, limvals_min: -161.763, limvals_max: 2.5779) >> (UserBuffQEl2yolo26n/conv64 | timeout: 10s)
[2026-04-23 16:18:03.612] [772335] [HailoRT] [info] [edge_elements.cpp:287] [create] Created (HwReadEl1yolo26n/conv77 | hw_frame_size: 6400)
[2026-04-23 16:18:03.612] [772335] [HailoRT] [info] [queue_elements.cpp:657] [create] Created (PullQEl_hw_read1yolo26n/conv77)
[2026-04-23 16:18:03.612] [772335] [HailoRT] [info] [filter_elements.cpp:372] [create] Created (PostInferEl1yolo26n/conv77 | Quantization - src_type: UINT8, dst_type FLOAT32, limvals_min: -0.560223, limvals_max: 15.3127)
[2026-04-23 16:18:03.612] [772335] [HailoRT] [info] [queue_elements.cpp:800] [create] Created (UserBuffQEl1yolo26n/conv77 | timeout: 10s)
[2026-04-23 16:18:03.612] [772335] [HailoRT] [info] [vstream.cpp:1114] [OutputVStreamImpl] Creating yolo26n/conv77...
[2026-04-23 16:18:03.612] [772335] [HailoRT] [info] [vstream_builder.cpp:220] [create_outputs] Output pipeline 'yolo26n/conv77': HW >> (HwReadEl1yolo26n/conv77 | hw_frame_size: 6400) >> (PullQEl_hw_read1yolo26n/conv77) >> (PostInferEl1yolo26n/conv77 | Quantization - src_type: UINT8, dst_type FLOAT32, limvals_min: -0.560223, limvals_max: 15.3127) >> (UserBuffQEl1yolo26n/conv77 | timeout: 10s)
[2026-04-23 16:18:03.612] [772335] [HailoRT] [info] [edge_elements.cpp:287] [create] Created (HwReadEl0yolo26n/conv80 | hw_frame_size: 1600)
[2026-04-23 16:18:03.612] [772335] [HailoRT] [info] [queue_elements.cpp:657] [create] Created (PullQEl_hw_read0yolo26n/conv80)
[2026-04-23 16:18:03.612] [772335] [HailoRT] [info] [filter_elements.cpp:372] [create] Created (PostInferEl0yolo26n/conv80 | Quantization - src_type: UINT8, dst_type FLOAT32, limvals_min: -204.998, limvals_max: 2.44045)
[2026-04-23 16:18:03.612] [772335] [HailoRT] [info] [queue_elements.cpp:800] [create] Created (UserBuffQEl0yolo26n/conv80 | timeout: 10s)
[2026-04-23 16:18:03.612] [772335] [HailoRT] [info] [vstream.cpp:1114] [OutputVStreamImpl] Creating yolo26n/conv80...
[2026-04-23 16:18:03.612] [772335] [HailoRT] [info] [vstream_builder.cpp:220] [create_outputs] Output pipeline 'yolo26n/conv80': HW >> (HwReadEl0yolo26n/conv80 | hw_frame_size: 1600) >> (PullQEl_hw_read0yolo26n/conv80) >> (PostInferEl0yolo26n/conv80 | Quantization - src_type: UINT8, dst_type FLOAT32, limvals_min: -204.998, limvals_max: 2.44045) >> (UserBuffQEl0yolo26n/conv80 | timeout: 10s)
[2026-04-23 16:18:03.612] [772335] [HailoRT] [info] [edge_elements.cpp:287] [create] Created (HwReadEl1yolo26n/conv91 | hw_frame_size: 3200)
[2026-04-23 16:18:03.612] [772335] [HailoRT] [info] [queue_elements.cpp:657] [create] Created (PullQEl_hw_read1yolo26n/conv91)
[2026-04-23 16:18:03.612] [772335] [HailoRT] [info] [filter_elements.cpp:372] [create] Created (PostInferEl1yolo26n/conv91 | Quantization - src_type: UINT8, dst_type FLOAT32, limvals_min: 0, limvals_max: 14.2269 | Reorder - src_order: FCR, src_shape: (20, 20, 8), dst_order: FCR, dst_shape: (20, 20, 4))
[2026-04-23 16:18:03.612] [772335] [HailoRT] [info] [queue_elements.cpp:800] [create] Created (UserBuffQEl1yolo26n/conv91 | timeout: 10s)
[2026-04-23 16:18:03.612] [772335] [HailoRT] [info] [vstream.cpp:1114] [OutputVStreamImpl] Creating yolo26n/conv91...
[2026-04-23 16:18:03.612] [772335] [HailoRT] [info] [vstream_builder.cpp:220] [create_outputs] Output pipeline 'yolo26n/conv91': HW >> (HwReadEl1yolo26n/conv91 | hw_frame_size: 3200) >> (PullQEl_hw_read1yolo26n/conv91) >> (PostInferEl1yolo26n/conv91 | Quantization - src_type: UINT8, dst_type FLOAT32, limvals_min: 0, limvals_max: 14.2269 | Reorder - src_order: FCR, src_shape: (20, 20, 8), dst_order: FCR, dst_shape: (20, 20, 4)) >> (UserBuffQEl1yolo26n/conv91 | timeout: 10s)
[2026-04-23 16:18:03.612] [772335] [HailoRT] [info] [edge_elements.cpp:287] [create] Created (HwReadEl0yolo26n/conv94 | hw_frame_size: 3200)
[2026-04-23 16:18:03.612] [772335] [HailoRT] [info] [queue_elements.cpp:657] [create] Created (PullQEl_hw_read0yolo26n/conv94)
[2026-04-23 16:18:03.612] [772335] [HailoRT] [info] [filter_elements.cpp:372] [create] Created (PostInferEl0yolo26n/conv94 | Quantization - src_type: UINT8, dst_type FLOAT32, limvals_min: -155.797, limvals_max: 3.11594 | Reorder - src_order: FCR, src_shape: (20, 20, 8), dst_order: FCR, dst_shape: (20, 20, 1))
[2026-04-23 16:18:03.612] [772335] [HailoRT] [info] [queue_elements.cpp:800] [create] Created (UserBuffQEl0yolo26n/conv94 | timeout: 10s)
[2026-04-23 16:18:03.612] [772335] [HailoRT] [info] [vstream.cpp:1114] [OutputVStreamImpl] Creating yolo26n/conv94...
[2026-04-23 16:18:03.612] [772335] [HailoRT] [info] [vstream_builder.cpp:220] [create_outputs] Output pipeline 'yolo26n/conv94': HW >> (HwReadEl0yolo26n/conv94 | hw_frame_size: 3200) >> (PullQEl_hw_read0yolo26n/conv94) >> (PostInferEl0yolo26n/conv94 | Quantization - src_type: UINT8, dst_type FLOAT32, limvals_min: -155.797, limvals_max: 3.11594 | Reorder - src_order: FCR, src_shape: (20, 20, 8), dst_order: FCR, dst_shape: (20, 20, 1)) >> (UserBuffQEl0yolo26n/conv94 | timeout: 10s)
[2026-04-23 16:18:03.624] [1140552] [HailoRT] [info] [queue_elements.cpp:855] [run_in_thread] Shutdown event was signaled in dequeue of UserBuffQEl3yolo26n/conv61!
[2026-04-23 16:18:03.624] [1140551] [HailoRT] [info] [vdevice_native_stream.cpp:331] [read_impl] Failed read from stream HAILO_STREAM_ABORT(63) (device: 0001:01:00.0)
[2026-04-23 16:18:03.624] [1140551] [HailoRT] [info] [edge_elements.cpp:396] [run_pull] Reading from stream was aborted!
[2026-04-23 16:18:03.624] [1140551] [HailoRT] [info] [queue_elements.cpp:738] [run_in_thread] run_pull of queue element PullQEl_hw_read3yolo26n/conv61 was aborted!
[2026-04-23 16:18:03.624] [1140551] [HailoRT] [info] [queue_elements.cpp:68] [operator()] Thread in element PullQEl_hw_read3yolo26n/conv61 is not running anymore, exiting..
[2026-04-23 16:18:03.624] [772335] [HailoRT] [info] [queue_elements.cpp:46] [~BaseQueueElement] Queue element PullQEl_hw_read3yolo26n/conv61 has 0 frames in his Queue on destruction
[2026-04-23 16:18:03.624] [1140552] [HailoRT] [info] [queue_elements.cpp:68] [operator()] Thread in element UserBuffQEl3yolo26n/conv61 is not running anymore, exiting..
[2026-04-23 16:18:03.624] [772335] [HailoRT] [info] [queue_elements.cpp:46] [~BaseQueueElement] Queue element UserBuffQEl3yolo26n/conv61 has 0 frames in his Queue on destruction
[2026-04-23 16:18:03.624] [1140554] [HailoRT] [info] [queue_elements.cpp:855] [run_in_thread] Shutdown event was signaled in dequeue of UserBuffQEl2yolo26n/conv64!
[2026-04-23 16:18:03.624] [1140553] [HailoRT] [info] [vdevice_native_stream.cpp:331] [read_impl] Failed read from stream HAILO_STREAM_ABORT(63) (device: 0001:01:00.0)
[2026-04-23 16:18:03.624] [1140553] [HailoRT] [info] [edge_elements.cpp:396] [run_pull] Reading from stream was aborted!
[2026-04-23 16:18:03.624] [1140553] [HailoRT] [info] [queue_elements.cpp:738] [run_in_thread] run_pull of queue element PullQEl_hw_read2yolo26n/conv64 was aborted!
[2026-04-23 16:18:03.624] [1140553] [HailoRT] [info] [queue_elements.cpp:68] [operator()] Thread in element PullQEl_hw_read2yolo26n/conv64 is not running anymore, exiting..
[2026-04-23 16:18:03.624] [772335] [HailoRT] [info] [queue_elements.cpp:46] [~BaseQueueElement] Queue element PullQEl_hw_read2yolo26n/conv64 has 0 frames in his Queue on destruction
[2026-04-23 16:18:03.624] [1140554] [HailoRT] [info] [queue_elements.cpp:68] [operator()] Thread in element UserBuffQEl2yolo26n/conv64 is not running anymore, exiting..
[2026-04-23 16:18:03.624] [772335] [HailoRT] [info] [queue_elements.cpp:46] [~BaseQueueElement] Queue element UserBuffQEl2yolo26n/conv64 has 0 frames in his Queue on destruction
[2026-04-23 16:18:03.624] [1140556] [HailoRT] [info] [queue_elements.cpp:855] [run_in_thread] Shutdown event was signaled in dequeue of UserBuffQEl1yolo26n/conv77!
[2026-04-23 16:18:03.624] [1140555] [HailoRT] [info] [vdevice_native_stream.cpp:331] [read_impl] Failed read from stream HAILO_STREAM_ABORT(63) (device: 0001:01:00.0)
[2026-04-23 16:18:03.624] [1140555] [HailoRT] [info] [edge_elements.cpp:396] [run_pull] Reading from stream was aborted!
[2026-04-23 16:18:03.624] [1140555] [HailoRT] [info] [queue_elements.cpp:738] [run_in_thread] run_pull of queue element PullQEl_hw_read1yolo26n/conv77 was aborted!
[2026-04-23 16:18:03.624] [1140555] [HailoRT] [info] [queue_elements.cpp:68] [operator()] Thread in element PullQEl_hw_read1yolo26n/conv77 is not running anymore, exiting..
[2026-04-23 16:18:03.624] [772335] [HailoRT] [info] [queue_elements.cpp:46] [~BaseQueueElement] Queue element PullQEl_hw_read1yolo26n/conv77 has 0 frames in his Queue on destruction
[2026-04-23 16:18:03.624] [1140556] [HailoRT] [info] [queue_elements.cpp:68] [operator()] Thread in element UserBuffQEl1yolo26n/conv77 is not running anymore, exiting..
[2026-04-23 16:18:03.624] [772335] [HailoRT] [info] [queue_elements.cpp:46] [~BaseQueueElement] Queue element UserBuffQEl1yolo26n/conv77 has 0 frames in his Queue on destruction
[2026-04-23 16:18:03.624] [1140557] [HailoRT] [info] [vdevice_native_stream.cpp:331] [read_impl] Failed read from stream HAILO_STREAM_ABORT(63) (device: 0001:01:00.0)
[2026-04-23 16:18:03.624] [1140558] [HailoRT] [info] [queue_elements.cpp:855] [run_in_thread] Shutdown event was signaled in dequeue of UserBuffQEl0yolo26n/conv80!
[2026-04-23 16:18:03.624] [1140557] [HailoRT] [info] [edge_elements.cpp:396] [run_pull] Reading from stream was aborted!
[2026-04-23 16:18:03.624] [1140557] [HailoRT] [info] [queue_elements.cpp:738] [run_in_thread] run_pull of queue element PullQEl_hw_read0yolo26n/conv80 was aborted!
[2026-04-23 16:18:03.624] [1140557] [HailoRT] [info] [queue_elements.cpp:68] [operator()] Thread in element PullQEl_hw_read0yolo26n/conv80 is not running anymore, exiting..
[2026-04-23 16:18:03.624] [772335] [HailoRT] [info] [queue_elements.cpp:46] [~BaseQueueElement] Queue element PullQEl_hw_read0yolo26n/conv80 has 0 frames in his Queue on destruction
[2026-04-23 16:18:03.624] [1140558] [HailoRT] [info] [queue_elements.cpp:68] [operator()] Thread in element UserBuffQEl0yolo26n/conv80 is not running anymore, exiting..
[2026-04-23 16:18:03.624] [772335] [HailoRT] [info] [queue_elements.cpp:46] [~BaseQueueElement] Queue element UserBuffQEl0yolo26n/conv80 has 0 frames in his Queue on destruction
[2026-04-23 16:18:03.624] [1140559] [HailoRT] [info] [vdevice_native_stream.cpp:331] [read_impl] Failed read from stream HAILO_STREAM_ABORT(63) (device: 0001:01:00.0)
[2026-04-23 16:18:03.624] [1140559] [HailoRT] [info] [edge_elements.cpp:396] [run_pull] Reading from stream was aborted!
[2026-04-23 16:18:03.624] [1140560] [HailoRT] [info] [queue_elements.cpp:855] [run_in_thread] Shutdown event was signaled in dequeue of UserBuffQEl1yolo26n/conv91!
[2026-04-23 16:18:03.624] [1140559] [HailoRT] [info] [queue_elements.cpp:738] [run_in_thread] run_pull of queue element PullQEl_hw_read1yolo26n/conv91 was aborted!
[2026-04-23 16:18:03.624] [1140559] [HailoRT] [info] [queue_elements.cpp:68] [operator()] Thread in element PullQEl_hw_read1yolo26n/conv91 is not running anymore, exiting..
[2026-04-23 16:18:03.624] [772335] [HailoRT] [info] [queue_elements.cpp:46] [~BaseQueueElement] Queue element PullQEl_hw_read1yolo26n/conv91 has 0 frames in his Queue on destruction
[2026-04-23 16:18:03.624] [1140560] [HailoRT] [info] [queue_elements.cpp:68] [operator()] Thread in element UserBuffQEl1yolo26n/conv91 is not running anymore, exiting..
[2026-04-23 16:18:03.624] [772335] [HailoRT] [info] [queue_elements.cpp:46] [~BaseQueueElement] Queue element UserBuffQEl1yolo26n/conv91 has 0 frames in his Queue on destruction
[2026-04-23 16:18:03.624] [1140561] [HailoRT] [info] [vdevice_native_stream.cpp:331] [read_impl] Failed read from stream HAILO_STREAM_ABORT(63) (device: 0001:01:00.0)
[2026-04-23 16:18:03.624] [1140561] [HailoRT] [info] [edge_elements.cpp:396] [run_pull] Reading from stream was aborted!
[2026-04-23 16:18:03.624] [1140561] [HailoRT] [info] [queue_elements.cpp:738] [run_in_thread] run_pull of queue element PullQEl_hw_read0yolo26n/conv94 was aborted!
[2026-04-23 16:18:03.624] [1140562] [HailoRT] [info] [queue_elements.cpp:855] [run_in_thread] Shutdown event was signaled in dequeue of UserBuffQEl0yolo26n/conv94!
[2026-04-23 16:18:03.624] [1140561] [HailoRT] [info] [queue_elements.cpp:68] [operator()] Thread in element PullQEl_hw_read0yolo26n/conv94 is not running anymore, exiting..
[2026-04-23 16:18:03.624] [772335] [HailoRT] [info] [queue_elements.cpp:46] [~BaseQueueElement] Queue element PullQEl_hw_read0yolo26n/conv94 has 0 frames in his Queue on destruction
[2026-04-23 16:18:03.624] [1140562] [HailoRT] [info] [queue_elements.cpp:68] [operator()] Thread in element UserBuffQEl0yolo26n/conv94 is not running anymore, exiting..
[2026-04-23 16:18:03.624] [772335] [HailoRT] [info] [queue_elements.cpp:46] [~BaseQueueElement] Queue element UserBuffQEl0yolo26n/conv94 has 0 frames in his Queue on destruction
[2026-04-23 16:18:03.624] [1140550] [HailoRT] [info] [queue_elements.cpp:68] [operator()] Thread in element PushQEl2yolo26n/input_layer1 is not running anymore, exiting..
[2026-04-23 16:18:03.624] [772335] [HailoRT] [info] [queue_elements.cpp:46] [~BaseQueueElement] Queue element PushQEl2yolo26n/input_layer1 has 0 frames in his Queue on destruction
[2026-04-23 16:18:03.625] [772335] [HailoRT] [info] [core_op.cpp:186] [deactivate] Deactivating took 0.492962 ms
[2026-04-23 16:18:03.625] [772335] [HailoRT] [info] [core_op.cpp:186] [deactivate] Deactivating took 0.502518 ms
[2026-04-23 16:18:03.630] [772335] [HailoRT] [info] [core_op.cpp:156] [activate] Activating arcface_mobilefacenet took 0.224315 milliseconds. Note that the function is asynchronous and thus the network is not fully activated yet.
[2026-04-23 16:18:03.630] [772335] [HailoRT] [info] [core_op.cpp:156] [activate] Activating arcface_mobilefacenet took 0.245814 milliseconds. Note that the function is asynchronous and thus the network is not fully activated yet.
[2026-04-23 16:18:03.630] [772335] [HailoRT] [info] [edge_elements.cpp:52] [create] Created (HwWriteEl1arcface_mobilefacenet/input_layer1 | hw_frame_size: 37632)
[2026-04-23 16:18:03.630] [772335] [HailoRT] [info] [vstream.cpp:754] [InputVStreamImpl] Creating arcface_mobilefacenet/input_layer1...
[2026-04-23 16:18:03.630] [772335] [HailoRT] [info] [vstream_builder.cpp:102] [create_inputs] Input pipeline 'arcface_mobilefacenet/input_layer1': (HwWriteEl1arcface_mobilefacenet/input_layer1 | hw_frame_size: 37632) >> HW
[2026-04-23 16:18:03.630] [772335] [HailoRT] [info] [edge_elements.cpp:287] [create] Created (HwReadEl0arcface_mobilefacenet/fc1 | hw_frame_size: 512)
[2026-04-23 16:18:03.631] [772335] [HailoRT] [info] [queue_elements.cpp:657] [create] Created (PullQEl_hw_read0arcface_mobilefacenet/fc1)
[2026-04-23 16:18:03.631] [772335] [HailoRT] [info] [filter_elements.cpp:372] [create] Created (PostInferEl0arcface_mobilefacenet/fc1 | Quantization - src_type: UINT8, dst_type FLOAT32, limvals_min: -2.41025, limvals_max: 1.8579)
[2026-04-23 16:18:03.631] [772335] [HailoRT] [info] [queue_elements.cpp:800] [create] Created (UserBuffQEl0arcface_mobilefacenet/fc1 | timeout: 10s)
[2026-04-23 16:18:03.631] [772335] [HailoRT] [info] [vstream.cpp:1114] [OutputVStreamImpl] Creating arcface_mobilefacenet/fc1...
[2026-04-23 16:18:03.631] [772335] [HailoRT] [info] [vstream_builder.cpp:220] [create_outputs] Output pipeline 'arcface_mobilefacenet/fc1': HW >> (HwReadEl0arcface_mobilefacenet/fc1 | hw_frame_size: 512) >> (PullQEl_hw_read0arcface_mobilefacenet/fc1) >> (PostInferEl0arcface_mobilefacenet/fc1 | Quantization - src_type: UINT8, dst_type FLOAT32, limvals_min: -2.41025, limvals_max: 1.8579) >> (UserBuffQEl0arcface_mobilefacenet/fc1 | timeout: 10s)
[2026-04-23 16:18:03.637] [1140571] [HailoRT] [info] [queue_elements.cpp:855] [run_in_thread] Shutdown event was signaled in dequeue of UserBuffQEl0arcface_mobilefacenet/fc1!
[2026-04-23 16:18:03.637] [1140570] [HailoRT] [info] [queue_elements.cpp:734] [run_in_thread] Shutdown event was signaled in run_pull of queue element PullQEl_hw_read0arcface_mobilefacenet/fc1!
[2026-04-23 16:18:03.637] [1140570] [HailoRT] [info] [queue_elements.cpp:68] [operator()] Thread in element PullQEl_hw_read0arcface_mobilefacenet/fc1 is not running anymore, exiting..
[2026-04-23 16:18:03.637] [772335] [HailoRT] [info] [queue_elements.cpp:46] [~BaseQueueElement] Queue element PullQEl_hw_read0arcface_mobilefacenet/fc1 has 0 frames in his Queue on destruction
[2026-04-23 16:18:03.637] [1140571] [HailoRT] [info] [queue_elements.cpp:68] [operator()] Thread in element UserBuffQEl0arcface_mobilefacenet/fc1 is not running anymore, exiting..
[2026-04-23 16:18:03.637] [772335] [HailoRT] [info] [queue_elements.cpp:46] [~BaseQueueElement] Queue element UserBuffQEl0arcface_mobilefacenet/fc1 has 0 frames in his Queue on destruction
[2026-04-23 16:18:03.638] [772335] [HailoRT] [info] [core_op.cpp:186] [deactivate] Deactivating took 0.362203 ms
[2026-04-23 16:18:03.638] [772335] [HailoRT] [info] [core_op.cpp:186] [deactivate] Deactivating took 0.370629 ms
[2026-04-23 16:18:03.646] [772335] [HailoRT] [info] [core_op.cpp:156] [activate] Activating yolo26n took 0.476499 milliseconds. Note that the function is asynchronous and thus the network is not fully activated yet.
[2026-04-23 16:18:03.646] [772335] [HailoRT] [info] [core_op.cpp:156] [activate] Activating yolo26n took 0.499925 milliseconds. Note that the function is asynchronous and thus the network is not fully activated yet.
[2026-04-23 16:18:03.646] [772335] [HailoRT] [info] [edge_elements.cpp:52] [create] Created (HwWriteEl2yolo26n/input_layer1 | hw_frame_size: 1228800)
[2026-04-23 16:18:03.646] [772335] [HailoRT] [info] [queue_elements.cpp:284] [create] Created (PushQEl2yolo26n/input_layer1 | timeout: 10s)
[2026-04-23 16:18:03.646] [772335] [HailoRT] [info] [filter_elements.cpp:101] [create] Created (PreInferEl2yolo26n/input_layer1 | Reorder - src_order: NHWC, src_shape: (640, 640, 3), dst_order: NHCW, dst_shape: (640, 640, 3))
[2026-04-23 16:18:03.646] [772335] [HailoRT] [info] [vstream.cpp:754] [InputVStreamImpl] Creating yolo26n/input_layer1...
[2026-04-23 16:18:03.646] [772335] [HailoRT] [info] [vstream_builder.cpp:102] [create_inputs] Input pipeline 'yolo26n/input_layer1': (PreInferEl2yolo26n/input_layer1 | Reorder - src_order: NHWC, src_shape: (640, 640, 3), dst_order: NHCW, dst_shape: (640, 640, 3)) >> (PushQEl2yolo26n/input_layer1 | timeout: 10s) >> (HwWriteEl2yolo26n/input_layer1 | hw_frame_size: 1228800) >> HW
[2026-04-23 16:18:03.647] [772335] [HailoRT] [info] [edge_elements.cpp:287] [create] Created (HwReadEl3yolo26n/conv61 | hw_frame_size: 25600)
[2026-04-23 16:18:03.647] [772335] [HailoRT] [info] [queue_elements.cpp:657] [create] Created (PullQEl_hw_read3yolo26n/conv61)
[2026-04-23 16:18:03.647] [772335] [HailoRT] [info] [filter_elements.cpp:372] [create] Created (PostInferEl3yolo26n/conv61 | Quantization - src_type: UINT8, dst_type FLOAT32, limvals_min: -0.468035, limvals_max: 6.99127)
[2026-04-23 16:18:03.647] [772335] [HailoRT] [info] [queue_elements.cpp:800] [create] Created (UserBuffQEl3yolo26n/conv61 | timeout: 10s)
[2026-04-23 16:18:03.647] [772335] [HailoRT] [info] [vstream.cpp:1114] [OutputVStreamImpl] Creating yolo26n/conv61...
[2026-04-23 16:18:03.647] [772335] [HailoRT] [info] [vstream_builder.cpp:220] [create_outputs] Output pipeline 'yolo26n/conv61': HW >> (HwReadEl3yolo26n/conv61 | hw_frame_size: 25600) >> (PullQEl_hw_read3yolo26n/conv61) >> (PostInferEl3yolo26n/conv61 | Quantization - src_type: UINT8, dst_type FLOAT32, limvals_min: -0.468035, limvals_max: 6.99127) >> (UserBuffQEl3yolo26n/conv61 | timeout: 10s)
[2026-04-23 16:18:03.647] [772335] [HailoRT] [info] [edge_elements.cpp:287] [create] Created (HwReadEl2yolo26n/conv64 | hw_frame_size: 6400)
[2026-04-23 16:18:03.647] [772335] [HailoRT] [info] [queue_elements.cpp:657] [create] Created (PullQEl_hw_read2yolo26n/conv64)
[2026-04-23 16:18:03.647] [772335] [HailoRT] [info] [filter_elements.cpp:372] [create] Created (PostInferEl2yolo26n/conv64 | Quantization - src_type: UINT8, dst_type FLOAT32, limvals_min: -161.763, limvals_max: 2.5779)
[2026-04-23 16:18:03.647] [772335] [HailoRT] [info] [queue_elements.cpp:800] [create] Created (UserBuffQEl2yolo26n/conv64 | timeout: 10s)
[2026-04-23 16:18:03.647] [772335] [HailoRT] [info] [vstream.cpp:1114] [OutputVStreamImpl] Creating yolo26n/conv64...
[2026-04-23 16:18:03.647] [772335] [HailoRT] [info] [vstream_builder.cpp:220] [create_outputs] Output pipeline 'yolo26n/conv64': HW >> (HwReadEl2yolo26n/conv64 | hw_frame_size: 6400) >> (PullQEl_hw_read2yolo26n/conv64) >> (PostInferEl2yolo26n/conv64 | Quantization - src_type: UINT8, dst_type FLOAT32, limvals_min: -161.763, limvals_max: 2.5779) >> (UserBuffQEl2yolo26n/conv64 | timeout: 10s)
[2026-04-23 16:18:03.647] [772335] [HailoRT] [info] [edge_elements.cpp:287] [create] Created (HwReadEl1yolo26n/conv77 | hw_frame_size: 6400)
[2026-04-23 16:18:03.647] [772335] [HailoRT] [info] [queue_elements.cpp:657] [create] Created (PullQEl_hw_read1yolo26n/conv77)
[2026-04-23 16:18:03.647] [772335] [HailoRT] [info] [filter_elements.cpp:372] [create] Created (PostInferEl1yolo26n/conv77 | Quantization - src_type: UINT8, dst_type FLOAT32, limvals_min: -0.560223, limvals_max: 15.3127)
[2026-04-23 16:18:03.647] [772335] [HailoRT] [info] [queue_elements.cpp:800] [create] Created (UserBuffQEl1yolo26n/conv77 | timeout: 10s)
[2026-04-23 16:18:03.647] [772335] [HailoRT] [info] [vstream.cpp:1114] [OutputVStreamImpl] Creating yolo26n/conv77...
[2026-04-23 16:18:03.647] [772335] [HailoRT] [info] [vstream_builder.cpp:220] [create_outputs] Output pipeline 'yolo26n/conv77': HW >> (HwReadEl1yolo26n/conv77 | hw_frame_size: 6400) >> (PullQEl_hw_read1yolo26n/conv77) >> (PostInferEl1yolo26n/conv77 | Quantization - src_type: UINT8, dst_type FLOAT32, limvals_min: -0.560223, limvals_max: 15.3127) >> (UserBuffQEl1yolo26n/conv77 | timeout: 10s)
[2026-04-23 16:18:03.647] [772335] [HailoRT] [info] [edge_elements.cpp:287] [create] Created (HwReadEl0yolo26n/conv80 | hw_frame_size: 1600)
[2026-04-23 16:18:03.647] [772335] [HailoRT] [info] [queue_elements.cpp:657] [create] Created (PullQEl_hw_read0yolo26n/conv80)
[2026-04-23 16:18:03.647] [772335] [HailoRT] [info] [filter_elements.cpp:372] [create] Created (PostInferEl0yolo26n/conv80 | Quantization - src_type: UINT8, dst_type FLOAT32, limvals_min: -204.998, limvals_max: 2.44045)
[2026-04-23 16:18:03.647] [772335] [HailoRT] [info] [queue_elements.cpp:800] [create] Created (UserBuffQEl0yolo26n/conv80 | timeout: 10s)
[2026-04-23 16:18:03.647] [772335] [HailoRT] [info] [vstream.cpp:1114] [OutputVStreamImpl] Creating yolo26n/conv80...
[2026-04-23 16:18:03.647] [772335] [HailoRT] [info] [vstream_builder.cpp:220] [create_outputs] Output pipeline 'yolo26n/conv80': HW >> (HwReadEl0yolo26n/conv80 | hw_frame_size: 1600) >> (PullQEl_hw_read0yolo26n/conv80) >> (PostInferEl0yolo26n/conv80 | Quantization - src_type: UINT8, dst_type FLOAT32, limvals_min: -204.998, limvals_max: 2.44045) >> (UserBuffQEl0yolo26n/conv80 | timeout: 10s)
[2026-04-23 16:18:03.647] [772335] [HailoRT] [info] [edge_elements.cpp:287] [create] Created (HwReadEl1yolo26n/conv91 | hw_frame_size: 3200)
[2026-04-23 16:18:03.647] [772335] [HailoRT] [info] [queue_elements.cpp:657] [create] Created (PullQEl_hw_read1yolo26n/conv91)
[2026-04-23 16:18:03.647] [772335] [HailoRT] [info] [filter_elements.cpp:372] [create] Created (PostInferEl1yolo26n/conv91 | Quantization - src_type: UINT8, dst_type FLOAT32, limvals_min: 0, limvals_max: 14.2269 | Reorder - src_order: FCR, src_shape: (20, 20, 8), dst_order: FCR, dst_shape: (20, 20, 4))
[2026-04-23 16:18:03.647] [772335] [HailoRT] [info] [queue_elements.cpp:800] [create] Created (UserBuffQEl1yolo26n/conv91 | timeout: 10s)
[2026-04-23 16:18:03.647] [772335] [HailoRT] [info] [vstream.cpp:1114] [OutputVStreamImpl] Creating yolo26n/conv91...
[2026-04-23 16:18:03.647] [772335] [HailoRT] [info] [vstream_builder.cpp:220] [create_outputs] Output pipeline 'yolo26n/conv91': HW >> (HwReadEl1yolo26n/conv91 | hw_frame_size: 3200) >> (PullQEl_hw_read1yolo26n/conv91) >> (PostInferEl1yolo26n/conv91 | Quantization - src_type: UINT8, dst_type FLOAT32, limvals_min: 0, limvals_max: 14.2269 | Reorder - src_order: FCR, src_shape: (20, 20, 8), dst_order: FCR, dst_shape: (20, 20, 4)) >> (UserBuffQEl1yolo26n/conv91 | timeout: 10s)
[2026-04-23 16:18:03.647] [772335] [HailoRT] [info] [edge_elements.cpp:287] [create] Created (HwReadEl0yolo26n/conv94 | hw_frame_size: 3200)
[2026-04-23 16:18:03.647] [772335] [HailoRT] [info] [queue_elements.cpp:657] [create] Created (PullQEl_hw_read0yolo26n/conv94)
[2026-04-23 16:18:03.647] [772335] [HailoRT] [info] [filter_elements.cpp:372] [create] Created (PostInferEl0yolo26n/conv94 | Quantization - src_type: UINT8, dst_type FLOAT32, limvals_min: -155.797, limvals_max: 3.11594 | Reorder - src_order: FCR, src_shape: (20, 20, 8), dst_order: FCR, dst_shape: (20, 20, 1))
[2026-04-23 16:18:03.648] [772335] [HailoRT] [info] [queue_elements.cpp:800] [create] Created (UserBuffQEl0yolo26n/conv94 | timeout: 10s)
[2026-04-23 16:18:03.648] [772335] [HailoRT] [info] [vstream.cpp:1114] [OutputVStreamImpl] Creating yolo26n/conv94...
[2026-04-23 16:18:03.648] [772335] [HailoRT] [info] [vstream_builder.cpp:220] [create_outputs] Output pipeline 'yolo26n/conv94': HW >> (HwReadEl0yolo26n/conv94 | hw_frame_size: 3200) >> (PullQEl_hw_read0yolo26n/conv94) >> (PostInferEl0yolo26n/conv94 | Quantization - src_type: UINT8, dst_type FLOAT32, limvals_min: -155.797, limvals_max: 3.11594 | Reorder - src_order: FCR, src_shape: (20, 20, 8), dst_order: FCR, dst_shape: (20, 20, 1)) >> (UserBuffQEl0yolo26n/conv94 | timeout: 10s)
[2026-04-23 16:18:03.659] [1140576] [HailoRT] [info] [queue_elements.cpp:855] [run_in_thread] Shutdown event was signaled in dequeue of UserBuffQEl3yolo26n/conv61!
[2026-04-23 16:18:03.659] [1140575] [HailoRT] [info] [vdevice_native_stream.cpp:331] [read_impl] Failed read from stream HAILO_STREAM_ABORT(63) (device: 0001:01:00.0)
[2026-04-23 16:18:03.659] [1140575] [HailoRT] [info] [edge_elements.cpp:396] [run_pull] Reading from stream was aborted!
[2026-04-23 16:18:03.659] [1140575] [HailoRT] [info] [queue_elements.cpp:738] [run_in_thread] run_pull of queue element PullQEl_hw_read3yolo26n/conv61 was aborted!
[2026-04-23 16:18:03.659] [1140575] [HailoRT] [info] [queue_elements.cpp:68] [operator()] Thread in element PullQEl_hw_read3yolo26n/conv61 is not running anymore, exiting..
[2026-04-23 16:18:03.659] [772335] [HailoRT] [info] [queue_elements.cpp:46] [~BaseQueueElement] Queue element PullQEl_hw_read3yolo26n/conv61 has 0 frames in his Queue on destruction
[2026-04-23 16:18:03.659] [1140576] [HailoRT] [info] [queue_elements.cpp:68] [operator()] Thread in element UserBuffQEl3yolo26n/conv61 is not running anymore, exiting..
[2026-04-23 16:18:03.659] [772335] [HailoRT] [info] [queue_elements.cpp:46] [~BaseQueueElement] Queue element UserBuffQEl3yolo26n/conv61 has 0 frames in his Queue on destruction
[2026-04-23 16:18:03.659] [1140578] [HailoRT] [info] [queue_elements.cpp:855] [run_in_thread] Shutdown event was signaled in dequeue of UserBuffQEl2yolo26n/conv64!
[2026-04-23 16:18:03.659] [1140577] [HailoRT] [info] [vdevice_native_stream.cpp:331] [read_impl] Failed read from stream HAILO_STREAM_ABORT(63) (device: 0001:01:00.0)
[2026-04-23 16:18:03.659] [1140577] [HailoRT] [info] [edge_elements.cpp:396] [run_pull] Reading from stream was aborted!
[2026-04-23 16:18:03.659] [1140577] [HailoRT] [info] [queue_elements.cpp:738] [run_in_thread] run_pull of queue element PullQEl_hw_read2yolo26n/conv64 was aborted!
[2026-04-23 16:18:03.659] [1140577] [HailoRT] [info] [queue_elements.cpp:68] [operator()] Thread in element PullQEl_hw_read2yolo26n/conv64 is not running anymore, exiting..
[2026-04-23 16:18:03.659] [772335] [HailoRT] [info] [queue_elements.cpp:46] [~BaseQueueElement] Queue element PullQEl_hw_read2yolo26n/conv64 has 0 frames in his Queue on destruction
[2026-04-23 16:18:03.659] [1140578] [HailoRT] [info] [queue_elements.cpp:68] [operator()] Thread in element UserBuffQEl2yolo26n/conv64 is not running anymore, exiting..
[2026-04-23 16:18:03.659] [772335] [HailoRT] [info] [queue_elements.cpp:46] [~BaseQueueElement] Queue element UserBuffQEl2yolo26n/conv64 has 0 frames in his Queue on destruction
[2026-04-23 16:18:03.659] [1140579] [HailoRT] [info] [vdevice_native_stream.cpp:331] [read_impl] Failed read from stream HAILO_STREAM_ABORT(63) (device: 0001:01:00.0)
[2026-04-23 16:18:03.659] [1140579] [HailoRT] [info] [edge_elements.cpp:396] [run_pull] Reading from stream was aborted!
[2026-04-23 16:18:03.659] [1140580] [HailoRT] [info] [queue_elements.cpp:855] [run_in_thread] Shutdown event was signaled in dequeue of UserBuffQEl1yolo26n/conv77!
[2026-04-23 16:18:03.659] [1140579] [HailoRT] [info] [queue_elements.cpp:738] [run_in_thread] run_pull of queue element PullQEl_hw_read1yolo26n/conv77 was aborted!
[2026-04-23 16:18:03.659] [1140579] [HailoRT] [info] [queue_elements.cpp:68] [operator()] Thread in element PullQEl_hw_read1yolo26n/conv77 is not running anymore, exiting..
[2026-04-23 16:18:03.659] [772335] [HailoRT] [info] [queue_elements.cpp:46] [~BaseQueueElement] Queue element PullQEl_hw_read1yolo26n/conv77 has 0 frames in his Queue on destruction
[2026-04-23 16:18:03.659] [1140580] [HailoRT] [info] [queue_elements.cpp:68] [operator()] Thread in element UserBuffQEl1yolo26n/conv77 is not running anymore, exiting..
[2026-04-23 16:18:03.659] [772335] [HailoRT] [info] [queue_elements.cpp:46] [~BaseQueueElement] Queue element UserBuffQEl1yolo26n/conv77 has 0 frames in his Queue on destruction
[2026-04-23 16:18:03.659] [1140581] [HailoRT] [info] [vdevice_native_stream.cpp:331] [read_impl] Failed read from stream HAILO_STREAM_ABORT(63) (device: 0001:01:00.0)
[2026-04-23 16:18:03.659] [1140581] [HailoRT] [info] [edge_elements.cpp:396] [run_pull] Reading from stream was aborted!
[2026-04-23 16:18:03.659] [1140582] [HailoRT] [info] [queue_elements.cpp:855] [run_in_thread] Shutdown event was signaled in dequeue of UserBuffQEl0yolo26n/conv80!
[2026-04-23 16:18:03.659] [1140581] [HailoRT] [info] [queue_elements.cpp:738] [run_in_thread] run_pull of queue element PullQEl_hw_read0yolo26n/conv80 was aborted!
[2026-04-23 16:18:03.659] [1140581] [HailoRT] [info] [queue_elements.cpp:68] [operator()] Thread in element PullQEl_hw_read0yolo26n/conv80 is not running anymore, exiting..
[2026-04-23 16:18:03.659] [772335] [HailoRT] [info] [queue_elements.cpp:46] [~BaseQueueElement] Queue element PullQEl_hw_read0yolo26n/conv80 has 0 frames in his Queue on destruction
[2026-04-23 16:18:03.659] [1140582] [HailoRT] [info] [queue_elements.cpp:68] [operator()] Thread in element UserBuffQEl0yolo26n/conv80 is not running anymore, exiting..
[2026-04-23 16:18:03.659] [772335] [HailoRT] [info] [queue_elements.cpp:46] [~BaseQueueElement] Queue element UserBuffQEl0yolo26n/conv80 has 0 frames in his Queue on destruction
[2026-04-23 16:18:03.659] [1140583] [HailoRT] [info] [vdevice_native_stream.cpp:331] [read_impl] Failed read from stream HAILO_STREAM_ABORT(63) (device: 0001:01:00.0)
[2026-04-23 16:18:03.659] [1140583] [HailoRT] [info] [edge_elements.cpp:396] [run_pull] Reading from stream was aborted!
[2026-04-23 16:18:03.659] [1140584] [HailoRT] [info] [queue_elements.cpp:855] [run_in_thread] Shutdown event was signaled in dequeue of UserBuffQEl1yolo26n/conv91!
[2026-04-23 16:18:03.659] [1140583] [HailoRT] [info] [queue_elements.cpp:738] [run_in_thread] run_pull of queue element PullQEl_hw_read1yolo26n/conv91 was aborted!
[2026-04-23 16:18:03.659] [1140583] [HailoRT] [info] [queue_elements.cpp:68] [operator()] Thread in element PullQEl_hw_read1yolo26n/conv91 is not running anymore, exiting..
[2026-04-23 16:18:03.659] [772335] [HailoRT] [info] [queue_elements.cpp:46] [~BaseQueueElement] Queue element PullQEl_hw_read1yolo26n/conv91 has 0 frames in his Queue on destruction
[2026-04-23 16:18:03.659] [1140584] [HailoRT] [info] [queue_elements.cpp:68] [operator()] Thread in element UserBuffQEl1yolo26n/conv91 is not running anymore, exiting..
[2026-04-23 16:18:03.659] [772335] [HailoRT] [info] [queue_elements.cpp:46] [~BaseQueueElement] Queue element UserBuffQEl1yolo26n/conv91 has 0 frames in his Queue on destruction
[2026-04-23 16:18:03.659] [1140585] [HailoRT] [info] [vdevice_native_stream.cpp:331] [read_impl] Failed read from stream HAILO_STREAM_ABORT(63) (device: 0001:01:00.0)
[2026-04-23 16:18:03.659] [1140585] [HailoRT] [info] [edge_elements.cpp:396] [run_pull] Reading from stream was aborted!
[2026-04-23 16:18:03.659] [1140586] [HailoRT] [info] [queue_elements.cpp:855] [run_in_thread] Shutdown event was signaled in dequeue of UserBuffQEl0yolo26n/conv94!
[2026-04-23 16:18:03.659] [1140585] [HailoRT] [info] [queue_elements.cpp:738] [run_in_thread] run_pull of queue element PullQEl_hw_read0yolo26n/conv94 was aborted!
[2026-04-23 16:18:03.659] [1140585] [HailoRT] [info] [queue_elements.cpp:68] [operator()] Thread in element PullQEl_hw_read0yolo26n/conv94 is not running anymore, exiting..
[2026-04-23 16:18:03.659] [772335] [HailoRT] [info] [queue_elements.cpp:46] [~BaseQueueElement] Queue element PullQEl_hw_read0yolo26n/conv94 has 0 frames in his Queue on destruction
[2026-04-23 16:18:03.659] [1140586] [HailoRT] [info] [queue_elements.cpp:68] [operator()] Thread in element UserBuffQEl0yolo26n/conv94 is not running anymore, exiting..
[2026-04-23 16:18:03.659] [772335] [HailoRT] [info] [queue_elements.cpp:46] [~BaseQueueElement] Queue element UserBuffQEl0yolo26n/conv94 has 0 frames in his Queue on destruction
[2026-04-23 16:18:03.659] [1140574] [HailoRT] [info] [queue_elements.cpp:68] [operator()] Thread in element PushQEl2yolo26n/input_layer1 is not running anymore, exiting..
[2026-04-23 16:18:03.659] [772335] [HailoRT] [info] [queue_elements.cpp:46] [~BaseQueueElement] Queue element PushQEl2yolo26n/input_layer1 has 0 frames in his Queue on destruction
[2026-04-23 16:18:03.660] [772335] [HailoRT] [info] [core_op.cpp:186] [deactivate] Deactivating took 0.494462 ms
[2026-04-23 16:18:03.660] [772335] [HailoRT] [info] [core_op.cpp:186] [deactivate] Deactivating took 0.503907 ms
[2026-04-23 16:18:03.665] [772335] [HailoRT] [info] [core_op.cpp:156] [activate] Activating arcface_mobilefacenet took 0.22711 milliseconds. Note that the function is asynchronous and thus the network is not fully activated yet.
[2026-04-23 16:18:03.665] [772335] [HailoRT] [info] [core_op.cpp:156] [activate] Activating arcface_mobilefacenet took 0.256481 milliseconds. Note that the function is asynchronous and thus the network is not fully activated yet.
[2026-04-23 16:18:03.665] [772335] [HailoRT] [info] [edge_elements.cpp:52] [create] Created (HwWriteEl1arcface_mobilefacenet/input_layer1 | hw_frame_size: 37632)
[2026-04-23 16:18:03.665] [772335] [HailoRT] [info] [vstream.cpp:754] [InputVStreamImpl] Creating arcface_mobilefacenet/input_layer1...
[2026-04-23 16:18:03.665] [772335] [HailoRT] [info] [vstream_builder.cpp:102] [create_inputs] Input pipeline 'arcface_mobilefacenet/input_layer1': (HwWriteEl1arcface_mobilefacenet/input_layer1 | hw_frame_size: 37632) >> HW
[2026-04-23 16:18:03.665] [772335] [HailoRT] [info] [edge_elements.cpp:287] [create] Created (HwReadEl0arcface_mobilefacenet/fc1 | hw_frame_size: 512)
[2026-04-23 16:18:03.665] [772335] [HailoRT] [info] [queue_elements.cpp:657] [create] Created (PullQEl_hw_read0arcface_mobilefacenet/fc1)
[2026-04-23 16:18:03.665] [772335] [HailoRT] [info] [filter_elements.cpp:372] [create] Created (PostInferEl0arcface_mobilefacenet/fc1 | Quantization - src_type: UINT8, dst_type FLOAT32, limvals_min: -2.41025, limvals_max: 1.8579)
[2026-04-23 16:18:03.665] [772335] [HailoRT] [info] [queue_elements.cpp:800] [create] Created (UserBuffQEl0arcface_mobilefacenet/fc1 | timeout: 10s)
[2026-04-23 16:18:03.665] [772335] [HailoRT] [info] [vstream.cpp:1114] [OutputVStreamImpl] Creating arcface_mobilefacenet/fc1...
[2026-04-23 16:18:03.665] [772335] [HailoRT] [info] [vstream_builder.cpp:220] [create_outputs] Output pipeline 'arcface_mobilefacenet/fc1': HW >> (HwReadEl0arcface_mobilefacenet/fc1 | hw_frame_size: 512) >> (PullQEl_hw_read0arcface_mobilefacenet/fc1) >> (PostInferEl0arcface_mobilefacenet/fc1 | Quantization - src_type: UINT8, dst_type FLOAT32, limvals_min: -2.41025, limvals_max: 1.8579) >> (UserBuffQEl0arcface_mobilefacenet/fc1 | timeout: 10s)
[2026-04-23 16:18:03.672] [1140595] [HailoRT] [info] [queue_elements.cpp:855] [run_in_thread] Shutdown event was signaled in dequeue of UserBuffQEl0arcface_mobilefacenet/fc1!
[2026-04-23 16:18:03.672] [1140594] [HailoRT] [info] [vdevice_native_stream.cpp:331] [read_impl] Failed read from stream HAILO_STREAM_ABORT(63) (device: 0001:01:00.0)
[2026-04-23 16:18:03.672] [1140594] [HailoRT] [info] [edge_elements.cpp:396] [run_pull] Reading from stream was aborted!
[2026-04-23 16:18:03.672] [1140594] [HailoRT] [info] [queue_elements.cpp:738] [run_in_thread] run_pull of queue element PullQEl_hw_read0arcface_mobilefacenet/fc1 was aborted!
[2026-04-23 16:18:03.672] [1140594] [HailoRT] [info] [queue_elements.cpp:68] [operator()] Thread in element PullQEl_hw_read0arcface_mobilefacenet/fc1 is not running anymore, exiting..
[2026-04-23 16:18:03.672] [772335] [HailoRT] [info] [queue_elements.cpp:46] [~BaseQueueElement] Queue element PullQEl_hw_read0arcface_mobilefacenet/fc1 has 0 frames in his Queue on destruction
[2026-04-23 16:18:03.672] [1140595] [HailoRT] [info] [queue_elements.cpp:68] [operator()] Thread in element UserBuffQEl0arcface_mobilefacenet/fc1 is not running anymore, exiting..
[2026-04-23 16:18:03.672] [772335] [HailoRT] [info] [queue_elements.cpp:46] [~BaseQueueElement] Queue element UserBuffQEl0arcface_mobilefacenet/fc1 has 0 frames in his Queue on destruction
[2026-04-23 16:18:03.672] [772335] [HailoRT] [info] [core_op.cpp:186] [deactivate] Deactivating took 0.35561 ms
[2026-04-23 16:18:03.672] [772335] [HailoRT] [info] [core_op.cpp:186] [deactivate] Deactivating took 0.362425 ms
[2026-04-23 16:18:03.682] [772335] [HailoRT] [info] [core_op.cpp:156] [activate] Activating yolo26n took 0.478628 milliseconds. Note that the function is asynchronous and thus the network is not fully activated yet.
[2026-04-23 16:18:03.682] [772335] [HailoRT] [info] [core_op.cpp:156] [activate] Activating yolo26n took 0.502462 milliseconds. Note that the function is asynchronous and thus the network is not fully activated yet.
[2026-04-23 16:18:03.682] [772335] [HailoRT] [info] [edge_elements.cpp:52] [create] Created (HwWriteEl2yolo26n/input_layer1 | hw_frame_size: 1228800)
[2026-04-23 16:18:03.682] [772335] [HailoRT] [info] [queue_elements.cpp:284] [create] Created (PushQEl2yolo26n/input_layer1 | timeout: 10s)
[2026-04-23 16:18:03.682] [772335] [HailoRT] [info] [filter_elements.cpp:101] [create] Created (PreInferEl2yolo26n/input_layer1 | Reorder - src_order: NHWC, src_shape: (640, 640, 3), dst_order: NHCW, dst_shape: (640, 640, 3))
[2026-04-23 16:18:03.682] [772335] [HailoRT] [info] [vstream.cpp:754] [InputVStreamImpl] Creating yolo26n/input_layer1...
[2026-04-23 16:18:03.682] [772335] [HailoRT] [info] [vstream_builder.cpp:102] [create_inputs] Input pipeline 'yolo26n/input_layer1': (PreInferEl2yolo26n/input_layer1 | Reorder - src_order: NHWC, src_shape: (640, 640, 3), dst_order: NHCW, dst_shape: (640, 640, 3)) >> (PushQEl2yolo26n/input_layer1 | timeout: 10s) >> (HwWriteEl2yolo26n/input_layer1 | hw_frame_size: 1228800) >> HW
[2026-04-23 16:18:03.682] [772335] [HailoRT] [info] [edge_elements.cpp:287] [create] Created (HwReadEl3yolo26n/conv61 | hw_frame_size: 25600)
[2026-04-23 16:18:03.682] [772335] [HailoRT] [info] [queue_elements.cpp:657] [create] Created (PullQEl_hw_read3yolo26n/conv61)
[2026-04-23 16:18:03.682] [772335] [HailoRT] [info] [filter_elements.cpp:372] [create] Created (PostInferEl3yolo26n/conv61 | Quantization - src_type: UINT8, dst_type FLOAT32, limvals_min: -0.468035, limvals_max: 6.99127)
[2026-04-23 16:18:03.682] [772335] [HailoRT] [info] [queue_elements.cpp:800] [create] Created (UserBuffQEl3yolo26n/conv61 | timeout: 10s)
[2026-04-23 16:18:03.682] [772335] [HailoRT] [info] [vstream.cpp:1114] [OutputVStreamImpl] Creating yolo26n/conv61...
[2026-04-23 16:18:03.682] [772335] [HailoRT] [info] [vstream_builder.cpp:220] [create_outputs] Output pipeline 'yolo26n/conv61': HW >> (HwReadEl3yolo26n/conv61 | hw_frame_size: 25600) >> (PullQEl_hw_read3yolo26n/conv61) >> (PostInferEl3yolo26n/conv61 | Quantization - src_type: UINT8, dst_type FLOAT32, limvals_min: -0.468035, limvals_max: 6.99127) >> (UserBuffQEl3yolo26n/conv61 | timeout: 10s)
[2026-04-23 16:18:03.682] [772335] [HailoRT] [info] [edge_elements.cpp:287] [create] Created (HwReadEl2yolo26n/conv64 | hw_frame_size: 6400)
[2026-04-23 16:18:03.682] [772335] [HailoRT] [info] [queue_elements.cpp:657] [create] Created (PullQEl_hw_read2yolo26n/conv64)
[2026-04-23 16:18:03.682] [772335] [HailoRT] [info] [filter_elements.cpp:372] [create] Created (PostInferEl2yolo26n/conv64 | Quantization - src_type: UINT8, dst_type FLOAT32, limvals_min: -161.763, limvals_max: 2.5779)
[2026-04-23 16:18:03.682] [772335] [HailoRT] [info] [queue_elements.cpp:800] [create] Created (UserBuffQEl2yolo26n/conv64 | timeout: 10s)
[2026-04-23 16:18:03.682] [772335] [HailoRT] [info] [vstream.cpp:1114] [OutputVStreamImpl] Creating yolo26n/conv64...
[2026-04-23 16:18:03.682] [772335] [HailoRT] [info] [vstream_builder.cpp:220] [create_outputs] Output pipeline 'yolo26n/conv64': HW >> (HwReadEl2yolo26n/conv64 | hw_frame_size: 6400) >> (PullQEl_hw_read2yolo26n/conv64) >> (PostInferEl2yolo26n/conv64 | Quantization - src_type: UINT8, dst_type FLOAT32, limvals_min: -161.763, limvals_max: 2.5779) >> (UserBuffQEl2yolo26n/conv64 | timeout: 10s)
[2026-04-23 16:18:03.682] [772335] [HailoRT] [info] [edge_elements.cpp:287] [create] Created (HwReadEl1yolo26n/conv77 | hw_frame_size: 6400)
[2026-04-23 16:18:03.682] [772335] [HailoRT] [info] [queue_elements.cpp:657] [create] Created (PullQEl_hw_read1yolo26n/conv77)
[2026-04-23 16:18:03.682] [772335] [HailoRT] [info] [filter_elements.cpp:372] [create] Created (PostInferEl1yolo26n/conv77 | Quantization - src_type: UINT8, dst_type FLOAT32, limvals_min: -0.560223, limvals_max: 15.3127)
[2026-04-23 16:18:03.683] [772335] [HailoRT] [info] [queue_elements.cpp:800] [create] Created (UserBuffQEl1yolo26n/conv77 | timeout: 10s)
[2026-04-23 16:18:03.683] [772335] [HailoRT] [info] [vstream.cpp:1114] [OutputVStreamImpl] Creating yolo26n/conv77...
[2026-04-23 16:18:03.683] [772335] [HailoRT] [info] [vstream_builder.cpp:220] [create_outputs] Output pipeline 'yolo26n/conv77': HW >> (HwReadEl1yolo26n/conv77 | hw_frame_size: 6400) >> (PullQEl_hw_read1yolo26n/conv77) >> (PostInferEl1yolo26n/conv77 | Quantization - src_type: UINT8, dst_type FLOAT32, limvals_min: -0.560223, limvals_max: 15.3127) >> (UserBuffQEl1yolo26n/conv77 | timeout: 10s)
[2026-04-23 16:18:03.683] [772335] [HailoRT] [info] [edge_elements.cpp:287] [create] Created (HwReadEl0yolo26n/conv80 | hw_frame_size: 1600)
[2026-04-23 16:18:03.683] [772335] [HailoRT] [info] [queue_elements.cpp:657] [create] Created (PullQEl_hw_read0yolo26n/conv80)
[2026-04-23 16:18:03.683] [772335] [HailoRT] [info] [filter_elements.cpp:372] [create] Created (PostInferEl0yolo26n/conv80 | Quantization - src_type: UINT8, dst_type FLOAT32, limvals_min: -204.998, limvals_max: 2.44045)
[2026-04-23 16:18:03.683] [772335] [HailoRT] [info] [queue_elements.cpp:800] [create] Created (UserBuffQEl0yolo26n/conv80 | timeout: 10s)
[2026-04-23 16:18:03.683] [772335] [HailoRT] [info] [vstream.cpp:1114] [OutputVStreamImpl] Creating yolo26n/conv80...
[2026-04-23 16:18:03.683] [772335] [HailoRT] [info] [vstream_builder.cpp:220] [create_outputs] Output pipeline 'yolo26n/conv80': HW >> (HwReadEl0yolo26n/conv80 | hw_frame_size: 1600) >> (PullQEl_hw_read0yolo26n/conv80) >> (PostInferEl0yolo26n/conv80 | Quantization - src_type: UINT8, dst_type FLOAT32, limvals_min: -204.998, limvals_max: 2.44045) >> (UserBuffQEl0yolo26n/conv80 | timeout: 10s)
[2026-04-23 16:18:03.683] [772335] [HailoRT] [info] [edge_elements.cpp:287] [create] Created (HwReadEl1yolo26n/conv91 | hw_frame_size: 3200)
[2026-04-23 16:18:03.683] [772335] [HailoRT] [info] [queue_elements.cpp:657] [create] Created (PullQEl_hw_read1yolo26n/conv91)
[2026-04-23 16:18:03.683] [772335] [HailoRT] [info] [filter_elements.cpp:372] [create] Created (PostInferEl1yolo26n/conv91 | Quantization - src_type: UINT8, dst_type FLOAT32, limvals_min: 0, limvals_max: 14.2269 | Reorder - src_order: FCR, src_shape: (20, 20, 8), dst_order: FCR, dst_shape: (20, 20, 4))
[2026-04-23 16:18:03.683] [772335] [HailoRT] [info] [queue_elements.cpp:800] [create] Created (UserBuffQEl1yolo26n/conv91 | timeout: 10s)
[2026-04-23 16:18:03.683] [772335] [HailoRT] [info] [vstream.cpp:1114] [OutputVStreamImpl] Creating yolo26n/conv91...
[2026-04-23 16:18:03.683] [772335] [HailoRT] [info] [vstream_builder.cpp:220] [create_outputs] Output pipeline 'yolo26n/conv91': HW >> (HwReadEl1yolo26n/conv91 | hw_frame_size: 3200) >> (PullQEl_hw_read1yolo26n/conv91) >> (PostInferEl1yolo26n/conv91 | Quantization - src_type: UINT8, dst_type FLOAT32, limvals_min: 0, limvals_max: 14.2269 | Reorder - src_order: FCR, src_shape: (20, 20, 8), dst_order: FCR, dst_shape: (20, 20, 4)) >> (UserBuffQEl1yolo26n/conv91 | timeout: 10s)
[2026-04-23 16:18:03.683] [772335] [HailoRT] [info] [edge_elements.cpp:287] [create] Created (HwReadEl0yolo26n/conv94 | hw_frame_size: 3200)
[2026-04-23 16:18:03.683] [772335] [HailoRT] [info] [queue_elements.cpp:657] [create] Created (PullQEl_hw_read0yolo26n/conv94)
[2026-04-23 16:18:03.683] [772335] [HailoRT] [info] [filter_elements.cpp:372] [create] Created (PostInferEl0yolo26n/conv94 | Quantization - src_type: UINT8, dst_type FLOAT32, limvals_min: -155.797, limvals_max: 3.11594 | Reorder - src_order: FCR, src_shape: (20, 20, 8), dst_order: FCR, dst_shape: (20, 20, 1))
[2026-04-23 16:18:03.683] [772335] [HailoRT] [info] [queue_elements.cpp:800] [create] Created (UserBuffQEl0yolo26n/conv94 | timeout: 10s)
[2026-04-23 16:18:03.683] [772335] [HailoRT] [info] [vstream.cpp:1114] [OutputVStreamImpl] Creating yolo26n/conv94...
[2026-04-23 16:18:03.683] [772335] [HailoRT] [info] [vstream_builder.cpp:220] [create_outputs] Output pipeline 'yolo26n/conv94': HW >> (HwReadEl0yolo26n/conv94 | hw_frame_size: 3200) >> (PullQEl_hw_read0yolo26n/conv94) >> (PostInferEl0yolo26n/conv94 | Quantization - src_type: UINT8, dst_type FLOAT32, limvals_min: -155.797, limvals_max: 3.11594 | Reorder - src_order: FCR, src_shape: (20, 20, 8), dst_order: FCR, dst_shape: (20, 20, 1)) >> (UserBuffQEl0yolo26n/conv94 | timeout: 10s)
[2026-04-23 16:18:03.694] [1140600] [HailoRT] [info] [queue_elements.cpp:855] [run_in_thread] Shutdown event was signaled in dequeue of UserBuffQEl3yolo26n/conv61!
[2026-04-23 16:18:03.694] [1140599] [HailoRT] [info] [vdevice_native_stream.cpp:331] [read_impl] Failed read from stream HAILO_STREAM_ABORT(63) (device: 0001:01:00.0)
[2026-04-23 16:18:03.694] [1140599] [HailoRT] [info] [edge_elements.cpp:396] [run_pull] Reading from stream was aborted!
[2026-04-23 16:18:03.694] [1140599] [HailoRT] [info] [queue_elements.cpp:738] [run_in_thread] run_pull of queue element PullQEl_hw_read3yolo26n/conv61 was aborted!
[2026-04-23 16:18:03.695] [1140599] [HailoRT] [info] [queue_elements.cpp:68] [operator()] Thread in element PullQEl_hw_read3yolo26n/conv61 is not running anymore, exiting..
[2026-04-23 16:18:03.695] [772335] [HailoRT] [info] [queue_elements.cpp:46] [~BaseQueueElement] Queue element PullQEl_hw_read3yolo26n/conv61 has 0 frames in his Queue on destruction
[2026-04-23 16:18:03.695] [1140600] [HailoRT] [info] [queue_elements.cpp:68] [operator()] Thread in element UserBuffQEl3yolo26n/conv61 is not running anymore, exiting..
[2026-04-23 16:18:03.695] [772335] [HailoRT] [info] [queue_elements.cpp:46] [~BaseQueueElement] Queue element UserBuffQEl3yolo26n/conv61 has 0 frames in his Queue on destruction
[2026-04-23 16:18:03.695] [1140602] [HailoRT] [info] [queue_elements.cpp:855] [run_in_thread] Shutdown event was signaled in dequeue of UserBuffQEl2yolo26n/conv64!
[2026-04-23 16:18:03.695] [1140601] [HailoRT] [info] [vdevice_native_stream.cpp:331] [read_impl] Failed read from stream HAILO_STREAM_ABORT(63) (device: 0001:01:00.0)
[2026-04-23 16:18:03.695] [1140601] [HailoRT] [info] [edge_elements.cpp:396] [run_pull] Reading from stream was aborted!
[2026-04-23 16:18:03.695] [1140601] [HailoRT] [info] [queue_elements.cpp:738] [run_in_thread] run_pull of queue element PullQEl_hw_read2yolo26n/conv64 was aborted!
[2026-04-23 16:18:03.695] [1140601] [HailoRT] [info] [queue_elements.cpp:68] [operator()] Thread in element PullQEl_hw_read2yolo26n/conv64 is not running anymore, exiting..
[2026-04-23 16:18:03.695] [772335] [HailoRT] [info] [queue_elements.cpp:46] [~BaseQueueElement] Queue element PullQEl_hw_read2yolo26n/conv64 has 0 frames in his Queue on destruction
[2026-04-23 16:18:03.695] [1140602] [HailoRT] [info] [queue_elements.cpp:68] [operator()] Thread in element UserBuffQEl2yolo26n/conv64 is not running anymore, exiting..
[2026-04-23 16:18:03.695] [772335] [HailoRT] [info] [queue_elements.cpp:46] [~BaseQueueElement] Queue element UserBuffQEl2yolo26n/conv64 has 0 frames in his Queue on destruction
[2026-04-23 16:18:03.695] [1140603] [HailoRT] [info] [vdevice_native_stream.cpp:331] [read_impl] Failed read from stream HAILO_STREAM_ABORT(63) (device: 0001:01:00.0)
[2026-04-23 16:18:03.695] [1140603] [HailoRT] [info] [edge_elements.cpp:396] [run_pull] Reading from stream was aborted!
[2026-04-23 16:18:03.695] [1140604] [HailoRT] [info] [queue_elements.cpp:855] [run_in_thread] Shutdown event was signaled in dequeue of UserBuffQEl1yolo26n/conv77!
[2026-04-23 16:18:03.695] [1140603] [HailoRT] [info] [queue_elements.cpp:738] [run_in_thread] run_pull of queue element PullQEl_hw_read1yolo26n/conv77 was aborted!
[2026-04-23 16:18:03.695] [1140603] [HailoRT] [info] [queue_elements.cpp:68] [operator()] Thread in element PullQEl_hw_read1yolo26n/conv77 is not running anymore, exiting..
[2026-04-23 16:18:03.695] [772335] [HailoRT] [info] [queue_elements.cpp:46] [~BaseQueueElement] Queue element PullQEl_hw_read1yolo26n/conv77 has 0 frames in his Queue on destruction
[2026-04-23 16:18:03.695] [1140604] [HailoRT] [info] [queue_elements.cpp:68] [operator()] Thread in element UserBuffQEl1yolo26n/conv77 is not running anymore, exiting..
[2026-04-23 16:18:03.695] [772335] [HailoRT] [info] [queue_elements.cpp:46] [~BaseQueueElement] Queue element UserBuffQEl1yolo26n/conv77 has 0 frames in his Queue on destruction
[2026-04-23 16:18:03.695] [1140605] [HailoRT] [info] [vdevice_native_stream.cpp:331] [read_impl] Failed read from stream HAILO_STREAM_ABORT(63) (device: 0001:01:00.0)
[2026-04-23 16:18:03.695] [1140606] [HailoRT] [info] [queue_elements.cpp:855] [run_in_thread] Shutdown event was signaled in dequeue of UserBuffQEl0yolo26n/conv80!
[2026-04-23 16:18:03.695] [1140605] [HailoRT] [info] [edge_elements.cpp:396] [run_pull] Reading from stream was aborted!
[2026-04-23 16:18:03.695] [1140605] [HailoRT] [info] [queue_elements.cpp:738] [run_in_thread] run_pull of queue element PullQEl_hw_read0yolo26n/conv80 was aborted!
[2026-04-23 16:18:03.695] [1140605] [HailoRT] [info] [queue_elements.cpp:68] [operator()] Thread in element PullQEl_hw_read0yolo26n/conv80 is not running anymore, exiting..
[2026-04-23 16:18:03.695] [772335] [HailoRT] [info] [queue_elements.cpp:46] [~BaseQueueElement] Queue element PullQEl_hw_read0yolo26n/conv80 has 0 frames in his Queue on destruction
[2026-04-23 16:18:03.695] [1140606] [HailoRT] [info] [queue_elements.cpp:68] [operator()] Thread in element UserBuffQEl0yolo26n/conv80 is not running anymore, exiting..
[2026-04-23 16:18:03.695] [772335] [HailoRT] [info] [queue_elements.cpp:46] [~BaseQueueElement] Queue element UserBuffQEl0yolo26n/conv80 has 0 frames in his Queue on destruction
[2026-04-23 16:18:03.695] [1140607] [HailoRT] [info] [vdevice_native_stream.cpp:331] [read_impl] Failed read from stream HAILO_STREAM_ABORT(63) (device: 0001:01:00.0)
[2026-04-23 16:18:03.695] [1140608] [HailoRT] [info] [queue_elements.cpp:855] [run_in_thread] Shutdown event was signaled in dequeue of UserBuffQEl1yolo26n/conv91!
[2026-04-23 16:18:03.695] [1140607] [HailoRT] [info] [edge_elements.cpp:396] [run_pull] Reading from stream was aborted!
[2026-04-23 16:18:03.695] [1140607] [HailoRT] [info] [queue_elements.cpp:738] [run_in_thread] run_pull of queue element PullQEl_hw_read1yolo26n/conv91 was aborted!
[2026-04-23 16:18:03.695] [1140607] [HailoRT] [info] [queue_elements.cpp:68] [operator()] Thread in element PullQEl_hw_read1yolo26n/conv91 is not running anymore, exiting..
[2026-04-23 16:18:03.695] [772335] [HailoRT] [info] [queue_elements.cpp:46] [~BaseQueueElement] Queue element PullQEl_hw_read1yolo26n/conv91 has 0 frames in his Queue on destruction
[2026-04-23 16:18:03.695] [1140608] [HailoRT] [info] [queue_elements.cpp:68] [operator()] Thread in element UserBuffQEl1yolo26n/conv91 is not running anymore, exiting..
[2026-04-23 16:18:03.695] [772335] [HailoRT] [info] [queue_elements.cpp:46] [~BaseQueueElement] Queue element UserBuffQEl1yolo26n/conv91 has 0 frames in his Queue on destruction
[2026-04-23 16:18:03.695] [1140610] [HailoRT] [info] [queue_elements.cpp:855] [run_in_thread] Shutdown event was signaled in dequeue of UserBuffQEl0yolo26n/conv94!
[2026-04-23 16:18:03.695] [1140609] [HailoRT] [info] [vdevice_native_stream.cpp:331] [read_impl] Failed read from stream HAILO_STREAM_ABORT(63) (device: 0001:01:00.0)
[2026-04-23 16:18:03.695] [1140609] [HailoRT] [info] [edge_elements.cpp:396] [run_pull] Reading from stream was aborted!
[2026-04-23 16:18:03.695] [1140609] [HailoRT] [info] [queue_elements.cpp:738] [run_in_thread] run_pull of queue element PullQEl_hw_read0yolo26n/conv94 was aborted!
[2026-04-23 16:18:03.695] [1140609] [HailoRT] [info] [queue_elements.cpp:68] [operator()] Thread in element PullQEl_hw_read0yolo26n/conv94 is not running anymore, exiting..
[2026-04-23 16:18:03.695] [772335] [HailoRT] [info] [queue_elements.cpp:46] [~BaseQueueElement] Queue element PullQEl_hw_read0yolo26n/conv94 has 0 frames in his Queue on destruction
[2026-04-23 16:18:03.695] [1140610] [HailoRT] [info] [queue_elements.cpp:68] [operator()] Thread in element UserBuffQEl0yolo26n/conv94 is not running anymore, exiting..
[2026-04-23 16:18:03.695] [772335] [HailoRT] [info] [queue_elements.cpp:46] [~BaseQueueElement] Queue element UserBuffQEl0yolo26n/conv94 has 0 frames in his Queue on destruction
[2026-04-23 16:18:03.695] [1140598] [HailoRT] [info] [queue_elements.cpp:68] [operator()] Thread in element PushQEl2yolo26n/input_layer1 is not running anymore, exiting..
[2026-04-23 16:18:03.695] [772335] [HailoRT] [info] [queue_elements.cpp:46] [~BaseQueueElement] Queue element PushQEl2yolo26n/input_layer1 has 0 frames in his Queue on destruction
[2026-04-23 16:18:03.696] [772335] [HailoRT] [info] [core_op.cpp:186] [deactivate] Deactivating took 0.448962 ms
[2026-04-23 16:18:03.696] [772335] [HailoRT] [info] [core_op.cpp:186] [deactivate] Deactivating took 0.460943 ms
[2026-04-23 16:18:03.702] [772335] [HailoRT] [info] [core_op.cpp:156] [activate] Activating arcface_mobilefacenet took 0.230777 milliseconds. Note that the function is asynchronous and thus the network is not fully activated yet.
[2026-04-23 16:18:03.702] [772335] [HailoRT] [info] [core_op.cpp:156] [activate] Activating arcface_mobilefacenet took 0.280629 milliseconds. Note that the function is asynchronous and thus the network is not fully activated yet.
[2026-04-23 16:18:03.702] [772335] [HailoRT] [info] [edge_elements.cpp:52] [create] Created (HwWriteEl1arcface_mobilefacenet/input_layer1 | hw_frame_size: 37632)
[2026-04-23 16:18:03.702] [772335] [HailoRT] [info] [vstream.cpp:754] [InputVStreamImpl] Creating arcface_mobilefacenet/input_layer1...
[2026-04-23 16:18:03.702] [772335] [HailoRT] [info] [vstream_builder.cpp:102] [create_inputs] Input pipeline 'arcface_mobilefacenet/input_layer1': (HwWriteEl1arcface_mobilefacenet/input_layer1 | hw_frame_size: 37632) >> HW
[2026-04-23 16:18:03.702] [772335] [HailoRT] [info] [edge_elements.cpp:287] [create] Created (HwReadEl0arcface_mobilefacenet/fc1 | hw_frame_size: 512)
[2026-04-23 16:18:03.702] [772335] [HailoRT] [info] [queue_elements.cpp:657] [create] Created (PullQEl_hw_read0arcface_mobilefacenet/fc1)
[2026-04-23 16:18:03.702] [772335] [HailoRT] [info] [filter_elements.cpp:372] [create] Created (PostInferEl0arcface_mobilefacenet/fc1 | Quantization - src_type: UINT8, dst_type FLOAT32, limvals_min: -2.41025, limvals_max: 1.8579)
[2026-04-23 16:18:03.702] [772335] [HailoRT] [info] [queue_elements.cpp:800] [create] Created (UserBuffQEl0arcface_mobilefacenet/fc1 | timeout: 10s)
[2026-04-23 16:18:03.702] [772335] [HailoRT] [info] [vstream.cpp:1114] [OutputVStreamImpl] Creating arcface_mobilefacenet/fc1...
[2026-04-23 16:18:03.702] [772335] [HailoRT] [info] [vstream_builder.cpp:220] [create_outputs] Output pipeline 'arcface_mobilefacenet/fc1': HW >> (HwReadEl0arcface_mobilefacenet/fc1 | hw_frame_size: 512) >> (PullQEl_hw_read0arcface_mobilefacenet/fc1) >> (PostInferEl0arcface_mobilefacenet/fc1 | Quantization - src_type: UINT8, dst_type FLOAT32, limvals_min: -2.41025, limvals_max: 1.8579) >> (UserBuffQEl0arcface_mobilefacenet/fc1 | timeout: 10s)
[2026-04-23 16:18:03.708] [1140619] [HailoRT] [info] [queue_elements.cpp:855] [run_in_thread] Shutdown event was signaled in dequeue of UserBuffQEl0arcface_mobilefacenet/fc1!
[2026-04-23 16:18:03.708] [1140618] [HailoRT] [info] [vdevice_native_stream.cpp:331] [read_impl] Failed read from stream HAILO_STREAM_ABORT(63) (device: 0001:01:00.0)
[2026-04-23 16:18:03.708] [1140618] [HailoRT] [info] [edge_elements.cpp:396] [run_pull] Reading from stream was aborted!
[2026-04-23 16:18:03.708] [1140618] [HailoRT] [info] [queue_elements.cpp:738] [run_in_thread] run_pull of queue element PullQEl_hw_read0arcface_mobilefacenet/fc1 was aborted!
[2026-04-23 16:18:03.708] [1140618] [HailoRT] [info] [queue_elements.cpp:68] [operator()] Thread in element PullQEl_hw_read0arcface_mobilefacenet/fc1 is not running anymore, exiting..
[2026-04-23 16:18:03.708] [772335] [HailoRT] [info] [queue_elements.cpp:46] [~BaseQueueElement] Queue element PullQEl_hw_read0arcface_mobilefacenet/fc1 has 0 frames in his Queue on destruction
[2026-04-23 16:18:03.708] [1140619] [HailoRT] [info] [queue_elements.cpp:68] [operator()] Thread in element UserBuffQEl0arcface_mobilefacenet/fc1 is not running anymore, exiting..
[2026-04-23 16:18:03.708] [772335] [HailoRT] [info] [queue_elements.cpp:46] [~BaseQueueElement] Queue element UserBuffQEl0arcface_mobilefacenet/fc1 has 0 frames in his Queue on destruction
[2026-04-23 16:18:03.709] [772335] [HailoRT] [info] [core_op.cpp:186] [deactivate] Deactivating took 0.356203 ms
[2026-04-23 16:18:03.709] [772335] [HailoRT] [info] [core_op.cpp:186] [deactivate] Deactivating took 0.36361 ms
[2026-04-23 16:18:03.717] [772335] [HailoRT] [info] [core_op.cpp:156] [activate] Activating yolo26n took 0.518555 milliseconds. Note that the function is asynchronous and thus the network is not fully activated yet.
[2026-04-23 16:18:03.717] [772335] [HailoRT] [info] [core_op.cpp:156] [activate] Activating yolo26n took 0.569295 milliseconds. Note that the function is asynchronous and thus the network is not fully activated yet.
[2026-04-23 16:18:03.718] [772335] [HailoRT] [info] [edge_elements.cpp:52] [create] Created (HwWriteEl2yolo26n/input_layer1 | hw_frame_size: 1228800)
[2026-04-23 16:18:03.718] [772335] [HailoRT] [info] [queue_elements.cpp:284] [create] Created (PushQEl2yolo26n/input_layer1 | timeout: 10s)
[2026-04-23 16:18:03.718] [772335] [HailoRT] [info] [filter_elements.cpp:101] [create] Created (PreInferEl2yolo26n/input_layer1 | Reorder - src_order: NHWC, src_shape: (640, 640, 3), dst_order: NHCW, dst_shape: (640, 640, 3))
[2026-04-23 16:18:03.718] [772335] [HailoRT] [info] [vstream.cpp:754] [InputVStreamImpl] Creating yolo26n/input_layer1...
[2026-04-23 16:18:03.718] [772335] [HailoRT] [info] [vstream_builder.cpp:102] [create_inputs] Input pipeline 'yolo26n/input_layer1': (PreInferEl2yolo26n/input_layer1 | Reorder - src_order: NHWC, src_shape: (640, 640, 3), dst_order: NHCW, dst_shape: (640, 640, 3)) >> (PushQEl2yolo26n/input_layer1 | timeout: 10s) >> (HwWriteEl2yolo26n/input_layer1 | hw_frame_size: 1228800) >> HW
[2026-04-23 16:18:03.718] [772335] [HailoRT] [info] [edge_elements.cpp:287] [create] Created (HwReadEl3yolo26n/conv61 | hw_frame_size: 25600)
[2026-04-23 16:18:03.718] [772335] [HailoRT] [info] [queue_elements.cpp:657] [create] Created (PullQEl_hw_read3yolo26n/conv61)
[2026-04-23 16:18:03.718] [772335] [HailoRT] [info] [filter_elements.cpp:372] [create] Created (PostInferEl3yolo26n/conv61 | Quantization - src_type: UINT8, dst_type FLOAT32, limvals_min: -0.468035, limvals_max: 6.99127)
[2026-04-23 16:18:03.718] [772335] [HailoRT] [info] [queue_elements.cpp:800] [create] Created (UserBuffQEl3yolo26n/conv61 | timeout: 10s)
[2026-04-23 16:18:03.718] [772335] [HailoRT] [info] [vstream.cpp:1114] [OutputVStreamImpl] Creating yolo26n/conv61...
[2026-04-23 16:18:03.718] [772335] [HailoRT] [info] [vstream_builder.cpp:220] [create_outputs] Output pipeline 'yolo26n/conv61': HW >> (HwReadEl3yolo26n/conv61 | hw_frame_size: 25600) >> (PullQEl_hw_read3yolo26n/conv61) >> (PostInferEl3yolo26n/conv61 | Quantization - src_type: UINT8, dst_type FLOAT32, limvals_min: -0.468035, limvals_max: 6.99127) >> (UserBuffQEl3yolo26n/conv61 | timeout: 10s)
[2026-04-23 16:18:03.718] [772335] [HailoRT] [info] [edge_elements.cpp:287] [create] Created (HwReadEl2yolo26n/conv64 | hw_frame_size: 6400)
[2026-04-23 16:18:03.718] [772335] [HailoRT] [info] [queue_elements.cpp:657] [create] Created (PullQEl_hw_read2yolo26n/conv64)
[2026-04-23 16:18:03.718] [772335] [HailoRT] [info] [filter_elements.cpp:372] [create] Created (PostInferEl2yolo26n/conv64 | Quantization - src_type: UINT8, dst_type FLOAT32, limvals_min: -161.763, limvals_max: 2.5779)
[2026-04-23 16:18:03.718] [772335] [HailoRT] [info] [queue_elements.cpp:800] [create] Created (UserBuffQEl2yolo26n/conv64 | timeout: 10s)
[2026-04-23 16:18:03.718] [772335] [HailoRT] [info] [vstream.cpp:1114] [OutputVStreamImpl] Creating yolo26n/conv64...
[2026-04-23 16:18:03.718] [772335] [HailoRT] [info] [vstream_builder.cpp:220] [create_outputs] Output pipeline 'yolo26n/conv64': HW >> (HwReadEl2yolo26n/conv64 | hw_frame_size: 6400) >> (PullQEl_hw_read2yolo26n/conv64) >> (PostInferEl2yolo26n/conv64 | Quantization - src_type: UINT8, dst_type FLOAT32, limvals_min: -161.763, limvals_max: 2.5779) >> (UserBuffQEl2yolo26n/conv64 | timeout: 10s)
[2026-04-23 16:18:03.718] [772335] [HailoRT] [info] [edge_elements.cpp:287] [create] Created (HwReadEl1yolo26n/conv77 | hw_frame_size: 6400)
[2026-04-23 16:18:03.718] [772335] [HailoRT] [info] [queue_elements.cpp:657] [create] Created (PullQEl_hw_read1yolo26n/conv77)
[2026-04-23 16:18:03.718] [772335] [HailoRT] [info] [filter_elements.cpp:372] [create] Created (PostInferEl1yolo26n/conv77 | Quantization - src_type: UINT8, dst_type FLOAT32, limvals_min: -0.560223, limvals_max: 15.3127)
[2026-04-23 16:18:03.718] [772335] [HailoRT] [info] [queue_elements.cpp:800] [create] Created (UserBuffQEl1yolo26n/conv77 | timeout: 10s)
[2026-04-23 16:18:03.718] [772335] [HailoRT] [info] [vstream.cpp:1114] [OutputVStreamImpl] Creating yolo26n/conv77...
[2026-04-23 16:18:03.718] [772335] [HailoRT] [info] [vstream_builder.cpp:220] [create_outputs] Output pipeline 'yolo26n/conv77': HW >> (HwReadEl1yolo26n/conv77 | hw_frame_size: 6400) >> (PullQEl_hw_read1yolo26n/conv77) >> (PostInferEl1yolo26n/conv77 | Quantization - src_type: UINT8, dst_type FLOAT32, limvals_min: -0.560223, limvals_max: 15.3127) >> (UserBuffQEl1yolo26n/conv77 | timeout: 10s)
[2026-04-23 16:18:03.718] [772335] [HailoRT] [info] [edge_elements.cpp:287] [create] Created (HwReadEl0yolo26n/conv80 | hw_frame_size: 1600)
[2026-04-23 16:18:03.718] [772335] [HailoRT] [info] [queue_elements.cpp:657] [create] Created (PullQEl_hw_read0yolo26n/conv80)
[2026-04-23 16:18:03.718] [772335] [HailoRT] [info] [filter_elements.cpp:372] [create] Created (PostInferEl0yolo26n/conv80 | Quantization - src_type: UINT8, dst_type FLOAT32, limvals_min: -204.998, limvals_max: 2.44045)
[2026-04-23 16:18:03.718] [772335] [HailoRT] [info] [queue_elements.cpp:800] [create] Created (UserBuffQEl0yolo26n/conv80 | timeout: 10s)
[2026-04-23 16:18:03.718] [772335] [HailoRT] [info] [vstream.cpp:1114] [OutputVStreamImpl] Creating yolo26n/conv80...
[2026-04-23 16:18:03.718] [772335] [HailoRT] [info] [vstream_builder.cpp:220] [create_outputs] Output pipeline 'yolo26n/conv80': HW >> (HwReadEl0yolo26n/conv80 | hw_frame_size: 1600) >> (PullQEl_hw_read0yolo26n/conv80) >> (PostInferEl0yolo26n/conv80 | Quantization - src_type: UINT8, dst_type FLOAT32, limvals_min: -204.998, limvals_max: 2.44045) >> (UserBuffQEl0yolo26n/conv80 | timeout: 10s)
[2026-04-23 16:18:03.718] [772335] [HailoRT] [info] [edge_elements.cpp:287] [create] Created (HwReadEl1yolo26n/conv91 | hw_frame_size: 3200)
[2026-04-23 16:18:03.719] [772335] [HailoRT] [info] [queue_elements.cpp:657] [create] Created (PullQEl_hw_read1yolo26n/conv91)
[2026-04-23 16:18:03.719] [772335] [HailoRT] [info] [filter_elements.cpp:372] [create] Created (PostInferEl1yolo26n/conv91 | Quantization - src_type: UINT8, dst_type FLOAT32, limvals_min: 0, limvals_max: 14.2269 | Reorder - src_order: FCR, src_shape: (20, 20, 8), dst_order: FCR, dst_shape: (20, 20, 4))
[2026-04-23 16:18:03.719] [772335] [HailoRT] [info] [queue_elements.cpp:800] [create] Created (UserBuffQEl1yolo26n/conv91 | timeout: 10s)
[2026-04-23 16:18:03.719] [772335] [HailoRT] [info] [vstream.cpp:1114] [OutputVStreamImpl] Creating yolo26n/conv91...
[2026-04-23 16:18:03.719] [772335] [HailoRT] [info] [vstream_builder.cpp:220] [create_outputs] Output pipeline 'yolo26n/conv91': HW >> (HwReadEl1yolo26n/conv91 | hw_frame_size: 3200) >> (PullQEl_hw_read1yolo26n/conv91) >> (PostInferEl1yolo26n/conv91 | Quantization - src_type: UINT8, dst_type FLOAT32, limvals_min: 0, limvals_max: 14.2269 | Reorder - src_order: FCR, src_shape: (20, 20, 8), dst_order: FCR, dst_shape: (20, 20, 4)) >> (UserBuffQEl1yolo26n/conv91 | timeout: 10s)
[2026-04-23 16:18:03.719] [772335] [HailoRT] [info] [edge_elements.cpp:287] [create] Created (HwReadEl0yolo26n/conv94 | hw_frame_size: 3200)
[2026-04-23 16:18:03.719] [772335] [HailoRT] [info] [queue_elements.cpp:657] [create] Created (PullQEl_hw_read0yolo26n/conv94)
[2026-04-23 16:18:03.719] [772335] [HailoRT] [info] [filter_elements.cpp:372] [create] Created (PostInferEl0yolo26n/conv94 | Quantization - src_type: UINT8, dst_type FLOAT32, limvals_min: -155.797, limvals_max: 3.11594 | Reorder - src_order: FCR, src_shape: (20, 20, 8), dst_order: FCR, dst_shape: (20, 20, 1))
[2026-04-23 16:18:03.719] [772335] [HailoRT] [info] [queue_elements.cpp:800] [create] Created (UserBuffQEl0yolo26n/conv94 | timeout: 10s)
[2026-04-23 16:18:03.719] [772335] [HailoRT] [info] [vstream.cpp:1114] [OutputVStreamImpl] Creating yolo26n/conv94...
[2026-04-23 16:18:03.719] [772335] [HailoRT] [info] [vstream_builder.cpp:220] [create_outputs] Output pipeline 'yolo26n/conv94': HW >> (HwReadEl0yolo26n/conv94 | hw_frame_size: 3200) >> (PullQEl_hw_read0yolo26n/conv94) >> (PostInferEl0yolo26n/conv94 | Quantization - src_type: UINT8, dst_type FLOAT32, limvals_min: -155.797, limvals_max: 3.11594 | Reorder - src_order: FCR, src_shape: (20, 20, 8), dst_order: FCR, dst_shape: (20, 20, 1)) >> (UserBuffQEl0yolo26n/conv94 | timeout: 10s)
[2026-04-23 16:18:03.730] [1140623] [HailoRT] [info] [vdevice_native_stream.cpp:331] [read_impl] Failed read from stream HAILO_STREAM_ABORT(63) (device: 0001:01:00.0)
[2026-04-23 16:18:03.730] [1140623] [HailoRT] [info] [edge_elements.cpp:396] [run_pull] Reading from stream was aborted!
[2026-04-23 16:18:03.730] [1140623] [HailoRT] [info] [queue_elements.cpp:738] [run_in_thread] run_pull of queue element PullQEl_hw_read3yolo26n/conv61 was aborted!
[2026-04-23 16:18:03.730] [1140624] [HailoRT] [info] [queue_elements.cpp:855] [run_in_thread] Shutdown event was signaled in dequeue of UserBuffQEl3yolo26n/conv61!
[2026-04-23 16:18:03.730] [1140623] [HailoRT] [info] [queue_elements.cpp:68] [operator()] Thread in element PullQEl_hw_read3yolo26n/conv61 is not running anymore, exiting..
[2026-04-23 16:18:03.730] [772335] [HailoRT] [info] [queue_elements.cpp:46] [~BaseQueueElement] Queue element PullQEl_hw_read3yolo26n/conv61 has 0 frames in his Queue on destruction
[2026-04-23 16:18:03.730] [1140624] [HailoRT] [info] [queue_elements.cpp:68] [operator()] Thread in element UserBuffQEl3yolo26n/conv61 is not running anymore, exiting..
[2026-04-23 16:18:03.730] [772335] [HailoRT] [info] [queue_elements.cpp:46] [~BaseQueueElement] Queue element UserBuffQEl3yolo26n/conv61 has 0 frames in his Queue on destruction
[2026-04-23 16:18:03.730] [1140626] [HailoRT] [info] [queue_elements.cpp:855] [run_in_thread] Shutdown event was signaled in dequeue of UserBuffQEl2yolo26n/conv64!
[2026-04-23 16:18:03.730] [1140625] [HailoRT] [info] [vdevice_native_stream.cpp:331] [read_impl] Failed read from stream HAILO_STREAM_ABORT(63) (device: 0001:01:00.0)
[2026-04-23 16:18:03.730] [1140625] [HailoRT] [info] [edge_elements.cpp:396] [run_pull] Reading from stream was aborted!
[2026-04-23 16:18:03.730] [1140625] [HailoRT] [info] [queue_elements.cpp:738] [run_in_thread] run_pull of queue element PullQEl_hw_read2yolo26n/conv64 was aborted!
[2026-04-23 16:18:03.730] [1140625] [HailoRT] [info] [queue_elements.cpp:68] [operator()] Thread in element PullQEl_hw_read2yolo26n/conv64 is not running anymore, exiting..
[2026-04-23 16:18:03.730] [772335] [HailoRT] [info] [queue_elements.cpp:46] [~BaseQueueElement] Queue element PullQEl_hw_read2yolo26n/conv64 has 0 frames in his Queue on destruction
[2026-04-23 16:18:03.730] [1140626] [HailoRT] [info] [queue_elements.cpp:68] [operator()] Thread in element UserBuffQEl2yolo26n/conv64 is not running anymore, exiting..
[2026-04-23 16:18:03.730] [772335] [HailoRT] [info] [queue_elements.cpp:46] [~BaseQueueElement] Queue element UserBuffQEl2yolo26n/conv64 has 0 frames in his Queue on destruction
[2026-04-23 16:18:03.730] [1140628] [HailoRT] [info] [queue_elements.cpp:855] [run_in_thread] Shutdown event was signaled in dequeue of UserBuffQEl1yolo26n/conv77!
[2026-04-23 16:18:03.730] [1140627] [HailoRT] [info] [vdevice_native_stream.cpp:331] [read_impl] Failed read from stream HAILO_STREAM_ABORT(63) (device: 0001:01:00.0)
[2026-04-23 16:18:03.730] [1140627] [HailoRT] [info] [edge_elements.cpp:396] [run_pull] Reading from stream was aborted!
[2026-04-23 16:18:03.730] [1140627] [HailoRT] [info] [queue_elements.cpp:738] [run_in_thread] run_pull of queue element PullQEl_hw_read1yolo26n/conv77 was aborted!
[2026-04-23 16:18:03.730] [772335] [HailoRT] [info] [queue_elements.cpp:46] [~BaseQueueElement] Queue element PullQEl_hw_read1yolo26n/conv77 has 0 frames in his Queue on destruction
[2026-04-23 16:18:03.730] [1140628] [HailoRT] [info] [queue_elements.cpp:68] [operator()] Thread in element UserBuffQEl1yolo26n/conv77 is not running anymore, exiting..
[2026-04-23 16:18:03.730] [772335] [HailoRT] [info] [queue_elements.cpp:46] [~BaseQueueElement] Queue element UserBuffQEl1yolo26n/conv77 has 0 frames in his Queue on destruction
[2026-04-23 16:18:03.730] [1140629] [HailoRT] [info] [vdevice_native_stream.cpp:331] [read_impl] Failed read from stream HAILO_STREAM_ABORT(63) (device: 0001:01:00.0)
[2026-04-23 16:18:03.730] [1140630] [HailoRT] [info] [queue_elements.cpp:855] [run_in_thread] Shutdown event was signaled in dequeue of UserBuffQEl0yolo26n/conv80!
[2026-04-23 16:18:03.730] [1140629] [HailoRT] [info] [edge_elements.cpp:396] [run_pull] Reading from stream was aborted!
[2026-04-23 16:18:03.730] [1140629] [HailoRT] [info] [queue_elements.cpp:738] [run_in_thread] run_pull of queue element PullQEl_hw_read0yolo26n/conv80 was aborted!
[2026-04-23 16:18:03.730] [1140629] [HailoRT] [info] [queue_elements.cpp:68] [operator()] Thread in element PullQEl_hw_read0yolo26n/conv80 is not running anymore, exiting..
[2026-04-23 16:18:03.730] [772335] [HailoRT] [info] [queue_elements.cpp:46] [~BaseQueueElement] Queue element PullQEl_hw_read0yolo26n/conv80 has 0 frames in his Queue on destruction
[2026-04-23 16:18:03.730] [1140630] [HailoRT] [info] [queue_elements.cpp:68] [operator()] Thread in element UserBuffQEl0yolo26n/conv80 is not running anymore, exiting..
[2026-04-23 16:18:03.730] [772335] [HailoRT] [info] [queue_elements.cpp:46] [~BaseQueueElement] Queue element UserBuffQEl0yolo26n/conv80 has 0 frames in his Queue on destruction
[2026-04-23 16:18:03.730] [1140631] [HailoRT] [info] [vdevice_native_stream.cpp:331] [read_impl] Failed read from stream HAILO_STREAM_ABORT(63) (device: 0001:01:00.0)
[2026-04-23 16:18:03.730] [1140632] [HailoRT] [info] [queue_elements.cpp:855] [run_in_thread] Shutdown event was signaled in dequeue of UserBuffQEl1yolo26n/conv91!
[2026-04-23 16:18:03.730] [1140631] [HailoRT] [info] [edge_elements.cpp:396] [run_pull] Reading from stream was aborted!
[2026-04-23 16:18:03.730] [1140631] [HailoRT] [info] [queue_elements.cpp:738] [run_in_thread] run_pull of queue element PullQEl_hw_read1yolo26n/conv91 was aborted!
[2026-04-23 16:18:03.730] [1140631] [HailoRT] [info] [queue_elements.cpp:68] [operator()] Thread in element PullQEl_hw_read1yolo26n/conv91 is not running anymore, exiting..
[2026-04-23 16:18:03.730] [772335] [HailoRT] [info] [queue_elements.cpp:46] [~BaseQueueElement] Queue element PullQEl_hw_read1yolo26n/conv91 has 0 frames in his Queue on destruction
[2026-04-23 16:18:03.730] [1140632] [HailoRT] [info] [queue_elements.cpp:68] [operator()] Thread in element UserBuffQEl1yolo26n/conv91 is not running anymore, exiting..
[2026-04-23 16:18:03.730] [772335] [HailoRT] [info] [queue_elements.cpp:46] [~BaseQueueElement] Queue element UserBuffQEl1yolo26n/conv91 has 0 frames in his Queue on destruction
[2026-04-23 16:18:03.730] [1140634] [HailoRT] [info] [queue_elements.cpp:855] [run_in_thread] Shutdown event was signaled in dequeue of UserBuffQEl0yolo26n/conv94!
[2026-04-23 16:18:03.730] [1140633] [HailoRT] [info] [vdevice_native_stream.cpp:331] [read_impl] Failed read from stream HAILO_STREAM_ABORT(63) (device: 0001:01:00.0)
[2026-04-23 16:18:03.730] [1140633] [HailoRT] [info] [edge_elements.cpp:396] [run_pull] Reading from stream was aborted!
[2026-04-23 16:18:03.730] [1140633] [HailoRT] [info] [queue_elements.cpp:738] [run_in_thread] run_pull of queue element PullQEl_hw_read0yolo26n/conv94 was aborted!
[2026-04-23 16:18:03.730] [1140633] [HailoRT] [info] [queue_elements.cpp:68] [operator()] Thread in element PullQEl_hw_read0yolo26n/conv94 is not running anymore, exiting..
[2026-04-23 16:18:03.730] [772335] [HailoRT] [info] [queue_elements.cpp:46] [~BaseQueueElement] Queue element PullQEl_hw_read0yolo26n/conv94 has 0 frames in his Queue on destruction
[2026-04-23 16:18:03.730] [1140634] [HailoRT] [info] [queue_elements.cpp:68] [operator()] Thread in element UserBuffQEl0yolo26n/conv94 is not running anymore, exiting..
[2026-04-23 16:18:03.730] [772335] [HailoRT] [info] [queue_elements.cpp:46] [~BaseQueueElement] Queue element UserBuffQEl0yolo26n/conv94 has 0 frames in his Queue on destruction
[2026-04-23 16:18:03.730] [1140622] [HailoRT] [info] [queue_elements.cpp:68] [operator()] Thread in element PushQEl2yolo26n/input_layer1 is not running anymore, exiting..
[2026-04-23 16:18:03.730] [772335] [HailoRT] [info] [queue_elements.cpp:46] [~BaseQueueElement] Queue element PushQEl2yolo26n/input_layer1 has 0 frames in his Queue on destruction
[2026-04-23 16:18:03.731] [772335] [HailoRT] [info] [core_op.cpp:186] [deactivate] Deactivating took 0.496017 ms
[2026-04-23 16:18:03.731] [772335] [HailoRT] [info] [core_op.cpp:186] [deactivate] Deactivating took 0.512795 ms
[2026-04-23 16:18:03.736] [772335] [HailoRT] [info] [core_op.cpp:156] [activate] Activating arcface_mobilefacenet took 0.229259 milliseconds. Note that the function is asynchronous and thus the network is not fully activated yet.
[2026-04-23 16:18:03.737] [772335] [HailoRT] [info] [core_op.cpp:156] [activate] Activating arcface_mobilefacenet took 0.247666 milliseconds. Note that the function is asynchronous and thus the network is not fully activated yet.
[2026-04-23 16:18:03.737] [772335] [HailoRT] [info] [edge_elements.cpp:52] [create] Created (HwWriteEl1arcface_mobilefacenet/input_layer1 | hw_frame_size: 37632)
[2026-04-23 16:18:03.737] [772335] [HailoRT] [info] [vstream.cpp:754] [InputVStreamImpl] Creating arcface_mobilefacenet/input_layer1...
[2026-04-23 16:18:03.737] [772335] [HailoRT] [info] [vstream_builder.cpp:102] [create_inputs] Input pipeline 'arcface_mobilefacenet/input_layer1': (HwWriteEl1arcface_mobilefacenet/input_layer1 | hw_frame_size: 37632) >> HW
[2026-04-23 16:18:03.737] [772335] [HailoRT] [info] [edge_elements.cpp:287] [create] Created (HwReadEl0arcface_mobilefacenet/fc1 | hw_frame_size: 512)
[2026-04-23 16:18:03.737] [772335] [HailoRT] [info] [queue_elements.cpp:657] [create] Created (PullQEl_hw_read0arcface_mobilefacenet/fc1)
[2026-04-23 16:18:03.737] [772335] [HailoRT] [info] [filter_elements.cpp:372] [create] Created (PostInferEl0arcface_mobilefacenet/fc1 | Quantization - src_type: UINT8, dst_type FLOAT32, limvals_min: -2.41025, limvals_max: 1.8579)
[2026-04-23 16:18:03.737] [772335] [HailoRT] [info] [queue_elements.cpp:800] [create] Created (UserBuffQEl0arcface_mobilefacenet/fc1 | timeout: 10s)
[2026-04-23 16:18:03.737] [772335] [HailoRT] [info] [vstream.cpp:1114] [OutputVStreamImpl] Creating arcface_mobilefacenet/fc1...
[2026-04-23 16:18:03.737] [772335] [HailoRT] [info] [vstream_builder.cpp:220] [create_outputs] Output pipeline 'arcface_mobilefacenet/fc1': HW >> (HwReadEl0arcface_mobilefacenet/fc1 | hw_frame_size: 512) >> (PullQEl_hw_read0arcface_mobilefacenet/fc1) >> (PostInferEl0arcface_mobilefacenet/fc1 | Quantization - src_type: UINT8, dst_type FLOAT32, limvals_min: -2.41025, limvals_max: 1.8579) >> (UserBuffQEl0arcface_mobilefacenet/fc1 | timeout: 10s)
[2026-04-23 16:18:03.743] [1140643] [HailoRT] [info] [queue_elements.cpp:855] [run_in_thread] Shutdown event was signaled in dequeue of UserBuffQEl0arcface_mobilefacenet/fc1!
[2026-04-23 16:18:03.743] [1140642] [HailoRT] [info] [vdevice_native_stream.cpp:331] [read_impl] Failed read from stream HAILO_STREAM_ABORT(63) (device: 0001:01:00.0)
[2026-04-23 16:18:03.743] [1140642] [HailoRT] [info] [edge_elements.cpp:396] [run_pull] Reading from stream was aborted!
[2026-04-23 16:18:03.743] [1140642] [HailoRT] [info] [queue_elements.cpp:738] [run_in_thread] run_pull of queue element PullQEl_hw_read0arcface_mobilefacenet/fc1 was aborted!
[2026-04-23 16:18:03.743] [1140642] [HailoRT] [info] [queue_elements.cpp:68] [operator()] Thread in element PullQEl_hw_read0arcface_mobilefacenet/fc1 is not running anymore, exiting..
[2026-04-23 16:18:03.743] [772335] [HailoRT] [info] [queue_elements.cpp:46] [~BaseQueueElement] Queue element PullQEl_hw_read0arcface_mobilefacenet/fc1 has 0 frames in his Queue on destruction
[2026-04-23 16:18:03.743] [1140643] [HailoRT] [info] [queue_elements.cpp:68] [operator()] Thread in element UserBuffQEl0arcface_mobilefacenet/fc1 is not running anymore, exiting..
[2026-04-23 16:18:03.743] [772335] [HailoRT] [info] [queue_elements.cpp:46] [~BaseQueueElement] Queue element UserBuffQEl0arcface_mobilefacenet/fc1 has 0 frames in his Queue on destruction
[2026-04-23 16:18:03.743] [772335] [HailoRT] [info] [core_op.cpp:186] [deactivate] Deactivating took 0.356851 ms
[2026-04-23 16:18:03.743] [772335] [HailoRT] [info] [core_op.cpp:186] [deactivate] Deactivating took 0.363814 ms
[2026-04-23 16:18:03.753] [772335] [HailoRT] [info] [core_op.cpp:156] [activate] Activating yolo26n took 0.48524 milliseconds. Note that the function is asynchronous and thus the network is not fully activated yet.
[2026-04-23 16:18:03.753] [772335] [HailoRT] [info] [core_op.cpp:156] [activate] Activating yolo26n took 0.599239 milliseconds. Note that the function is asynchronous and thus the network is not fully activated yet.
[2026-04-23 16:18:03.753] [772335] [HailoRT] [info] [edge_elements.cpp:52] [create] Created (HwWriteEl2yolo26n/input_layer1 | hw_frame_size: 1228800)
[2026-04-23 16:18:03.753] [772335] [HailoRT] [info] [queue_elements.cpp:284] [create] Created (PushQEl2yolo26n/input_layer1 | timeout: 10s)
[2026-04-23 16:18:03.753] [772335] [HailoRT] [info] [filter_elements.cpp:101] [create] Created (PreInferEl2yolo26n/input_layer1 | Reorder - src_order: NHWC, src_shape: (640, 640, 3), dst_order: NHCW, dst_shape: (640, 640, 3))
[2026-04-23 16:18:03.753] [772335] [HailoRT] [info] [vstream.cpp:754] [InputVStreamImpl] Creating yolo26n/input_layer1...
[2026-04-23 16:18:03.753] [772335] [HailoRT] [info] [vstream_builder.cpp:102] [create_inputs] Input pipeline 'yolo26n/input_layer1': (PreInferEl2yolo26n/input_layer1 | Reorder - src_order: NHWC, src_shape: (640, 640, 3), dst_order: NHCW, dst_shape: (640, 640, 3)) >> (PushQEl2yolo26n/input_layer1 | timeout: 10s) >> (HwWriteEl2yolo26n/input_layer1 | hw_frame_size: 1228800) >> HW
[2026-04-23 16:18:03.753] [772335] [HailoRT] [info] [edge_elements.cpp:287] [create] Created (HwReadEl3yolo26n/conv61 | hw_frame_size: 25600)
[2026-04-23 16:18:03.754] [772335] [HailoRT] [info] [queue_elements.cpp:657] [create] Created (PullQEl_hw_read3yolo26n/conv61)
[2026-04-23 16:18:03.754] [772335] [HailoRT] [info] [filter_elements.cpp:372] [create] Created (PostInferEl3yolo26n/conv61 | Quantization - src_type: UINT8, dst_type FLOAT32, limvals_min: -0.468035, limvals_max: 6.99127)
[2026-04-23 16:18:03.754] [772335] [HailoRT] [info] [queue_elements.cpp:800] [create] Created (UserBuffQEl3yolo26n/conv61 | timeout: 10s)
[2026-04-23 16:18:03.754] [772335] [HailoRT] [info] [vstream.cpp:1114] [OutputVStreamImpl] Creating yolo26n/conv61...
[2026-04-23 16:18:03.754] [772335] [HailoRT] [info] [vstream_builder.cpp:220] [create_outputs] Output pipeline 'yolo26n/conv61': HW >> (HwReadEl3yolo26n/conv61 | hw_frame_size: 25600) >> (PullQEl_hw_read3yolo26n/conv61) >> (PostInferEl3yolo26n/conv61 | Quantization - src_type: UINT8, dst_type FLOAT32, limvals_min: -0.468035, limvals_max: 6.99127) >> (UserBuffQEl3yolo26n/conv61 | timeout: 10s)
[2026-04-23 16:18:03.754] [772335] [HailoRT] [info] [edge_elements.cpp:287] [create] Created (HwReadEl2yolo26n/conv64 | hw_frame_size: 6400)
[2026-04-23 16:18:03.754] [772335] [HailoRT] [info] [queue_elements.cpp:657] [create] Created (PullQEl_hw_read2yolo26n/conv64)
[2026-04-23 16:18:03.754] [772335] [HailoRT] [info] [filter_elements.cpp:372] [create] Created (PostInferEl2yolo26n/conv64 | Quantization - src_type: UINT8, dst_type FLOAT32, limvals_min: -161.763, limvals_max: 2.5779)
[2026-04-23 16:18:03.754] [772335] [HailoRT] [info] [queue_elements.cpp:800] [create] Created (UserBuffQEl2yolo26n/conv64 | timeout: 10s)
[2026-04-23 16:18:03.754] [772335] [HailoRT] [info] [vstream.cpp:1114] [OutputVStreamImpl] Creating yolo26n/conv64...
[2026-04-23 16:18:03.754] [772335] [HailoRT] [info] [vstream_builder.cpp:220] [create_outputs] Output pipeline 'yolo26n/conv64': HW >> (HwReadEl2yolo26n/conv64 | hw_frame_size: 6400) >> (PullQEl_hw_read2yolo26n/conv64) >> (PostInferEl2yolo26n/conv64 | Quantization - src_type: UINT8, dst_type FLOAT32, limvals_min: -161.763, limvals_max: 2.5779) >> (UserBuffQEl2yolo26n/conv64 | timeout: 10s)
[2026-04-23 16:18:03.754] [772335] [HailoRT] [info] [edge_elements.cpp:287] [create] Created (HwReadEl1yolo26n/conv77 | hw_frame_size: 6400)
[2026-04-23 16:18:03.754] [772335] [HailoRT] [info] [queue_elements.cpp:657] [create] Created (PullQEl_hw_read1yolo26n/conv77)
[2026-04-23 16:18:03.754] [772335] [HailoRT] [info] [filter_elements.cpp:372] [create] Created (PostInferEl1yolo26n/conv77 | Quantization - src_type: UINT8, dst_type FLOAT32, limvals_min: -0.560223, limvals_max: 15.3127)
[2026-04-23 16:18:03.754] [772335] [HailoRT] [info] [queue_elements.cpp:800] [create] Created (UserBuffQEl1yolo26n/conv77 | timeout: 10s)
[2026-04-23 16:18:03.754] [772335] [HailoRT] [info] [vstream.cpp:1114] [OutputVStreamImpl] Creating yolo26n/conv77...
[2026-04-23 16:18:03.754] [772335] [HailoRT] [info] [vstream_builder.cpp:220] [create_outputs] Output pipeline 'yolo26n/conv77': HW >> (HwReadEl1yolo26n/conv77 | hw_frame_size: 6400) >> (PullQEl_hw_read1yolo26n/conv77) >> (PostInferEl1yolo26n/conv77 | Quantization - src_type: UINT8, dst_type FLOAT32, limvals_min: -0.560223, limvals_max: 15.3127) >> (UserBuffQEl1yolo26n/conv77 | timeout: 10s)
[2026-04-23 16:18:03.754] [772335] [HailoRT] [info] [edge_elements.cpp:287] [create] Created (HwReadEl0yolo26n/conv80 | hw_frame_size: 1600)
[2026-04-23 16:18:03.754] [772335] [HailoRT] [info] [queue_elements.cpp:657] [create] Created (PullQEl_hw_read0yolo26n/conv80)
[2026-04-23 16:18:03.754] [772335] [HailoRT] [info] [filter_elements.cpp:372] [create] Created (PostInferEl0yolo26n/conv80 | Quantization - src_type: UINT8, dst_type FLOAT32, limvals_min: -204.998, limvals_max: 2.44045)
[2026-04-23 16:18:03.754] [772335] [HailoRT] [info] [queue_elements.cpp:800] [create] Created (UserBuffQEl0yolo26n/conv80 | timeout: 10s)
[2026-04-23 16:18:03.754] [772335] [HailoRT] [info] [vstream.cpp:1114] [OutputVStreamImpl] Creating yolo26n/conv80...
[2026-04-23 16:18:03.754] [772335] [HailoRT] [info] [vstream_builder.cpp:220] [create_outputs] Output pipeline 'yolo26n/conv80': HW >> (HwReadEl0yolo26n/conv80 | hw_frame_size: 1600) >> (PullQEl_hw_read0yolo26n/conv80) >> (PostInferEl0yolo26n/conv80 | Quantization - src_type: UINT8, dst_type FLOAT32, limvals_min: -204.998, limvals_max: 2.44045) >> (UserBuffQEl0yolo26n/conv80 | timeout: 10s)
[2026-04-23 16:18:03.754] [772335] [HailoRT] [info] [edge_elements.cpp:287] [create] Created (HwReadEl1yolo26n/conv91 | hw_frame_size: 3200)
[2026-04-23 16:18:03.754] [772335] [HailoRT] [info] [queue_elements.cpp:657] [create] Created (PullQEl_hw_read1yolo26n/conv91)
[2026-04-23 16:18:03.754] [772335] [HailoRT] [info] [filter_elements.cpp:372] [create] Created (PostInferEl1yolo26n/conv91 | Quantization - src_type: UINT8, dst_type FLOAT32, limvals_min: 0, limvals_max: 14.2269 | Reorder - src_order: FCR, src_shape: (20, 20, 8), dst_order: FCR, dst_shape: (20, 20, 4))
[2026-04-23 16:18:03.754] [772335] [HailoRT] [info] [queue_elements.cpp:800] [create] Created (UserBuffQEl1yolo26n/conv91 | timeout: 10s)
[2026-04-23 16:18:03.754] [772335] [HailoRT] [info] [vstream.cpp:1114] [OutputVStreamImpl] Creating yolo26n/conv91...
[2026-04-23 16:18:03.754] [772335] [HailoRT] [info] [vstream_builder.cpp:220] [create_outputs] Output pipeline 'yolo26n/conv91': HW >> (HwReadEl1yolo26n/conv91 | hw_frame_size: 3200) >> (PullQEl_hw_read1yolo26n/conv91) >> (PostInferEl1yolo26n/conv91 | Quantization - src_type: UINT8, dst_type FLOAT32, limvals_min: 0, limvals_max: 14.2269 | Reorder - src_order: FCR, src_shape: (20, 20, 8), dst_order: FCR, dst_shape: (20, 20, 4)) >> (UserBuffQEl1yolo26n/conv91 | timeout: 10s)
[2026-04-23 16:18:03.754] [772335] [HailoRT] [info] [edge_elements.cpp:287] [create] Created (HwReadEl0yolo26n/conv94 | hw_frame_size: 3200)
[2026-04-23 16:18:03.754] [772335] [HailoRT] [info] [queue_elements.cpp:657] [create] Created (PullQEl_hw_read0yolo26n/conv94)
[2026-04-23 16:18:03.754] [772335] [HailoRT] [info] [filter_elements.cpp:372] [create] Created (PostInferEl0yolo26n/conv94 | Quantization - src_type: UINT8, dst_type FLOAT32, limvals_min: -155.797, limvals_max: 3.11594 | Reorder - src_order: FCR, src_shape: (20, 20, 8), dst_order: FCR, dst_shape: (20, 20, 1))
[2026-04-23 16:18:03.754] [772335] [HailoRT] [info] [queue_elements.cpp:800] [create] Created (UserBuffQEl0yolo26n/conv94 | timeout: 10s)
[2026-04-23 16:18:03.754] [772335] [HailoRT] [info] [vstream.cpp:1114] [OutputVStreamImpl] Creating yolo26n/conv94...
[2026-04-23 16:18:03.755] [772335] [HailoRT] [info] [vstream_builder.cpp:220] [create_outputs] Output pipeline 'yolo26n/conv94': HW >> (HwReadEl0yolo26n/conv94 | hw_frame_size: 3200) >> (PullQEl_hw_read0yolo26n/conv94) >> (PostInferEl0yolo26n/conv94 | Quantization - src_type: UINT8, dst_type FLOAT32, limvals_min: -155.797, limvals_max: 3.11594 | Reorder - src_order: FCR, src_shape: (20, 20, 8), dst_order: FCR, dst_shape: (20, 20, 1)) >> (UserBuffQEl0yolo26n/conv94 | timeout: 10s)
[2026-04-23 16:18:03.766] [1140648] [HailoRT] [info] [queue_elements.cpp:855] [run_in_thread] Shutdown event was signaled in dequeue of UserBuffQEl3yolo26n/conv61!
[2026-04-23 16:18:03.766] [1140647] [HailoRT] [info] [vdevice_native_stream.cpp:331] [read_impl] Failed read from stream HAILO_STREAM_ABORT(63) (device: 0001:01:00.0)
[2026-04-23 16:18:03.766] [1140647] [HailoRT] [info] [edge_elements.cpp:396] [run_pull] Reading from stream was aborted!
[2026-04-23 16:18:03.766] [1140647] [HailoRT] [info] [queue_elements.cpp:738] [run_in_thread] run_pull of queue element PullQEl_hw_read3yolo26n/conv61 was aborted!
[2026-04-23 16:18:03.766] [1140647] [HailoRT] [info] [queue_elements.cpp:68] [operator()] Thread in element PullQEl_hw_read3yolo26n/conv61 is not running anymore, exiting..
[2026-04-23 16:18:03.766] [772335] [HailoRT] [info] [queue_elements.cpp:46] [~BaseQueueElement] Queue element PullQEl_hw_read3yolo26n/conv61 has 0 frames in his Queue on destruction
[2026-04-23 16:18:03.766] [1140648] [HailoRT] [info] [queue_elements.cpp:68] [operator()] Thread in element UserBuffQEl3yolo26n/conv61 is not running anymore, exiting..
[2026-04-23 16:18:03.766] [772335] [HailoRT] [info] [queue_elements.cpp:46] [~BaseQueueElement] Queue element UserBuffQEl3yolo26n/conv61 has 0 frames in his Queue on destruction
[2026-04-23 16:18:03.766] [1140650] [HailoRT] [info] [queue_elements.cpp:855] [run_in_thread] Shutdown event was signaled in dequeue of UserBuffQEl2yolo26n/conv64!
[2026-04-23 16:18:03.766] [1140649] [HailoRT] [info] [vdevice_native_stream.cpp:331] [read_impl] Failed read from stream HAILO_STREAM_ABORT(63) (device: 0001:01:00.0)
[2026-04-23 16:18:03.766] [1140649] [HailoRT] [info] [edge_elements.cpp:396] [run_pull] Reading from stream was aborted!
[2026-04-23 16:18:03.766] [1140649] [HailoRT] [info] [queue_elements.cpp:738] [run_in_thread] run_pull of queue element PullQEl_hw_read2yolo26n/conv64 was aborted!
[2026-04-23 16:18:03.766] [1140649] [HailoRT] [info] [queue_elements.cpp:68] [operator()] Thread in element PullQEl_hw_read2yolo26n/conv64 is not running anymore, exiting..
[2026-04-23 16:18:03.766] [772335] [HailoRT] [info] [queue_elements.cpp:46] [~BaseQueueElement] Queue element PullQEl_hw_read2yolo26n/conv64 has 0 frames in his Queue on destruction
[2026-04-23 16:18:03.766] [1140650] [HailoRT] [info] [queue_elements.cpp:68] [operator()] Thread in element UserBuffQEl2yolo26n/conv64 is not running anymore, exiting..
[2026-04-23 16:18:03.766] [772335] [HailoRT] [info] [queue_elements.cpp:46] [~BaseQueueElement] Queue element UserBuffQEl2yolo26n/conv64 has 0 frames in his Queue on destruction
[2026-04-23 16:18:03.766] [1140652] [HailoRT] [info] [queue_elements.cpp:855] [run_in_thread] Shutdown event was signaled in dequeue of UserBuffQEl1yolo26n/conv77!
[2026-04-23 16:18:03.766] [1140651] [HailoRT] [info] [vdevice_native_stream.cpp:331] [read_impl] Failed read from stream HAILO_STREAM_ABORT(63) (device: 0001:01:00.0)
[2026-04-23 16:18:03.766] [1140651] [HailoRT] [info] [edge_elements.cpp:396] [run_pull] Reading from stream was aborted!
[2026-04-23 16:18:03.766] [1140651] [HailoRT] [info] [queue_elements.cpp:738] [run_in_thread] run_pull of queue element PullQEl_hw_read1yolo26n/conv77 was aborted!
[2026-04-23 16:18:03.766] [1140651] [HailoRT] [info] [queue_elements.cpp:68] [operator()] Thread in element PullQEl_hw_read1yolo26n/conv77 is not running anymore, exiting..
[2026-04-23 16:18:03.766] [772335] [HailoRT] [info] [queue_elements.cpp:46] [~BaseQueueElement] Queue element PullQEl_hw_read1yolo26n/conv77 has 0 frames in his Queue on destruction
[2026-04-23 16:18:03.766] [1140652] [HailoRT] [info] [queue_elements.cpp:68] [operator()] Thread in element UserBuffQEl1yolo26n/conv77 is not running anymore, exiting..
[2026-04-23 16:18:03.766] [772335] [HailoRT] [info] [queue_elements.cpp:46] [~BaseQueueElement] Queue element UserBuffQEl1yolo26n/conv77 has 0 frames in his Queue on destruction
[2026-04-23 16:18:03.766] [1140653] [HailoRT] [info] [vdevice_native_stream.cpp:331] [read_impl] Failed read from stream HAILO_STREAM_ABORT(63) (device: 0001:01:00.0)
[2026-04-23 16:18:03.766] [1140653] [HailoRT] [info] [edge_elements.cpp:396] [run_pull] Reading from stream was aborted!
[2026-04-23 16:18:03.766] [1140654] [HailoRT] [info] [queue_elements.cpp:855] [run_in_thread] Shutdown event was signaled in dequeue of UserBuffQEl0yolo26n/conv80!
[2026-04-23 16:18:03.766] [1140653] [HailoRT] [info] [queue_elements.cpp:738] [run_in_thread] run_pull of queue element PullQEl_hw_read0yolo26n/conv80 was aborted!
[2026-04-23 16:18:03.766] [1140653] [HailoRT] [info] [queue_elements.cpp:68] [operator()] Thread in element PullQEl_hw_read0yolo26n/conv80 is not running anymore, exiting..
[2026-04-23 16:18:03.766] [772335] [HailoRT] [info] [queue_elements.cpp:46] [~BaseQueueElement] Queue element PullQEl_hw_read0yolo26n/conv80 has 0 frames in his Queue on destruction
[2026-04-23 16:18:03.766] [1140654] [HailoRT] [info] [queue_elements.cpp:68] [operator()] Thread in element UserBuffQEl0yolo26n/conv80 is not running anymore, exiting..
[2026-04-23 16:18:03.766] [772335] [HailoRT] [info] [queue_elements.cpp:46] [~BaseQueueElement] Queue element UserBuffQEl0yolo26n/conv80 has 0 frames in his Queue on destruction
[2026-04-23 16:18:03.766] [1140655] [HailoRT] [info] [vdevice_native_stream.cpp:331] [read_impl] Failed read from stream HAILO_STREAM_ABORT(63) (device: 0001:01:00.0)
[2026-04-23 16:18:03.766] [1140655] [HailoRT] [info] [edge_elements.cpp:396] [run_pull] Reading from stream was aborted!
[2026-04-23 16:18:03.766] [1140656] [HailoRT] [info] [queue_elements.cpp:855] [run_in_thread] Shutdown event was signaled in dequeue of UserBuffQEl1yolo26n/conv91!
[2026-04-23 16:18:03.766] [1140655] [HailoRT] [info] [queue_elements.cpp:738] [run_in_thread] run_pull of queue element PullQEl_hw_read1yolo26n/conv91 was aborted!
[2026-04-23 16:18:03.766] [1140655] [HailoRT] [info] [queue_elements.cpp:68] [operator()] Thread in element PullQEl_hw_read1yolo26n/conv91 is not running anymore, exiting..
[2026-04-23 16:18:03.766] [772335] [HailoRT] [info] [queue_elements.cpp:46] [~BaseQueueElement] Queue element PullQEl_hw_read1yolo26n/conv91 has 0 frames in his Queue on destruction
[2026-04-23 16:18:03.766] [1140656] [HailoRT] [info] [queue_elements.cpp:68] [operator()] Thread in element UserBuffQEl1yolo26n/conv91 is not running anymore, exiting..
[2026-04-23 16:18:03.766] [772335] [HailoRT] [info] [queue_elements.cpp:46] [~BaseQueueElement] Queue element UserBuffQEl1yolo26n/conv91 has 0 frames in his Queue on destruction
[2026-04-23 16:18:03.766] [1140657] [HailoRT] [info] [vdevice_native_stream.cpp:331] [read_impl] Failed read from stream HAILO_STREAM_ABORT(63) (device: 0001:01:00.0)
[2026-04-23 16:18:03.766] [1140658] [HailoRT] [info] [queue_elements.cpp:855] [run_in_thread] Shutdown event was signaled in dequeue of UserBuffQEl0yolo26n/conv94!
[2026-04-23 16:18:03.766] [1140657] [HailoRT] [info] [edge_elements.cpp:396] [run_pull] Reading from stream was aborted!
[2026-04-23 16:18:03.766] [1140657] [HailoRT] [info] [queue_elements.cpp:738] [run_in_thread] run_pull of queue element PullQEl_hw_read0yolo26n/conv94 was aborted!
[2026-04-23 16:18:03.766] [1140657] [HailoRT] [info] [queue_elements.cpp:68] [operator()] Thread in element PullQEl_hw_read0yolo26n/conv94 is not running anymore, exiting..
[2026-04-23 16:18:03.766] [772335] [HailoRT] [info] [queue_elements.cpp:46] [~BaseQueueElement] Queue element PullQEl_hw_read0yolo26n/conv94 has 0 frames in his Queue on destruction
[2026-04-23 16:18:03.766] [1140658] [HailoRT] [info] [queue_elements.cpp:68] [operator()] Thread in element UserBuffQEl0yolo26n/conv94 is not running anymore, exiting..
[2026-04-23 16:18:03.766] [772335] [HailoRT] [info] [queue_elements.cpp:46] [~BaseQueueElement] Queue element UserBuffQEl0yolo26n/conv94 has 0 frames in his Queue on destruction
[2026-04-23 16:18:03.766] [1140646] [HailoRT] [info] [queue_elements.cpp:68] [operator()] Thread in element PushQEl2yolo26n/input_layer1 is not running anymore, exiting..
[2026-04-23 16:18:03.766] [772335] [HailoRT] [info] [queue_elements.cpp:46] [~BaseQueueElement] Queue element PushQEl2yolo26n/input_layer1 has 0 frames in his Queue on destruction
[2026-04-23 16:18:03.767] [772335] [HailoRT] [info] [core_op.cpp:186] [deactivate] Deactivating took 0.503573 ms
[2026-04-23 16:18:03.767] [772335] [HailoRT] [info] [core_op.cpp:186] [deactivate] Deactivating took 0.513962 ms
[2026-04-23 16:18:03.772] [772335] [HailoRT] [info] [core_op.cpp:156] [activate] Activating arcface_mobilefacenet took 0.22887 milliseconds. Note that the function is asynchronous and thus the network is not fully activated yet.
[2026-04-23 16:18:03.772] [772335] [HailoRT] [info] [core_op.cpp:156] [activate] Activating arcface_mobilefacenet took 0.248795 milliseconds. Note that the function is asynchronous and thus the network is not fully activated yet.
[2026-04-23 16:18:03.773] [772335] [HailoRT] [info] [edge_elements.cpp:52] [create] Created (HwWriteEl1arcface_mobilefacenet/input_layer1 | hw_frame_size: 37632)
[2026-04-23 16:18:03.773] [772335] [HailoRT] [info] [vstream.cpp:754] [InputVStreamImpl] Creating arcface_mobilefacenet/input_layer1...
[2026-04-23 16:18:03.773] [772335] [HailoRT] [info] [vstream_builder.cpp:102] [create_inputs] Input pipeline 'arcface_mobilefacenet/input_layer1': (HwWriteEl1arcface_mobilefacenet/input_layer1 | hw_frame_size: 37632) >> HW
[2026-04-23 16:18:03.773] [772335] [HailoRT] [info] [edge_elements.cpp:287] [create] Created (HwReadEl0arcface_mobilefacenet/fc1 | hw_frame_size: 512)
[2026-04-23 16:18:03.773] [772335] [HailoRT] [info] [queue_elements.cpp:657] [create] Created (PullQEl_hw_read0arcface_mobilefacenet/fc1)
[2026-04-23 16:18:03.773] [772335] [HailoRT] [info] [filter_elements.cpp:372] [create] Created (PostInferEl0arcface_mobilefacenet/fc1 | Quantization - src_type: UINT8, dst_type FLOAT32, limvals_min: -2.41025, limvals_max: 1.8579)
[2026-04-23 16:18:03.773] [772335] [HailoRT] [info] [queue_elements.cpp:800] [create] Created (UserBuffQEl0arcface_mobilefacenet/fc1 | timeout: 10s)
[2026-04-23 16:18:03.773] [772335] [HailoRT] [info] [vstream.cpp:1114] [OutputVStreamImpl] Creating arcface_mobilefacenet/fc1...
[2026-04-23 16:18:03.773] [772335] [HailoRT] [info] [vstream_builder.cpp:220] [create_outputs] Output pipeline 'arcface_mobilefacenet/fc1': HW >> (HwReadEl0arcface_mobilefacenet/fc1 | hw_frame_size: 512) >> (PullQEl_hw_read0arcface_mobilefacenet/fc1) >> (PostInferEl0arcface_mobilefacenet/fc1 | Quantization - src_type: UINT8, dst_type FLOAT32, limvals_min: -2.41025, limvals_max: 1.8579) >> (UserBuffQEl0arcface_mobilefacenet/fc1 | timeout: 10s)
[2026-04-23 16:18:03.779] [1140667] [HailoRT] [info] [queue_elements.cpp:855] [run_in_thread] Shutdown event was signaled in dequeue of UserBuffQEl0arcface_mobilefacenet/fc1!
[2026-04-23 16:18:03.779] [1140666] [HailoRT] [info] [vdevice_native_stream.cpp:331] [read_impl] Failed read from stream HAILO_STREAM_ABORT(63) (device: 0001:01:00.0)
[2026-04-23 16:18:03.779] [1140666] [HailoRT] [info] [edge_elements.cpp:396] [run_pull] Reading from stream was aborted!
[2026-04-23 16:18:03.779] [1140666] [HailoRT] [info] [queue_elements.cpp:738] [run_in_thread] run_pull of queue element PullQEl_hw_read0arcface_mobilefacenet/fc1 was aborted!
[2026-04-23 16:18:03.779] [1140666] [HailoRT] [info] [queue_elements.cpp:68] [operator()] Thread in element PullQEl_hw_read0arcface_mobilefacenet/fc1 is not running anymore, exiting..
[2026-04-23 16:18:03.779] [772335] [HailoRT] [info] [queue_elements.cpp:46] [~BaseQueueElement] Queue element PullQEl_hw_read0arcface_mobilefacenet/fc1 has 0 frames in his Queue on destruction
[2026-04-23 16:18:03.779] [1140667] [HailoRT] [info] [queue_elements.cpp:68] [operator()] Thread in element UserBuffQEl0arcface_mobilefacenet/fc1 is not running anymore, exiting..
[2026-04-23 16:18:03.779] [772335] [HailoRT] [info] [queue_elements.cpp:46] [~BaseQueueElement] Queue element UserBuffQEl0arcface_mobilefacenet/fc1 has 0 frames in his Queue on destruction
[2026-04-23 16:18:03.779] [772335] [HailoRT] [info] [core_op.cpp:186] [deactivate] Deactivating took 0.357092 ms
[2026-04-23 16:18:03.779] [772335] [HailoRT] [info] [core_op.cpp:186] [deactivate] Deactivating took 0.364129 ms
[2026-04-23 16:18:03.788] [772335] [HailoRT] [info] [core_op.cpp:156] [activate] Activating yolo26n took 0.473777 milliseconds. Note that the function is asynchronous and thus the network is not fully activated yet.
[2026-04-23 16:18:03.788] [772335] [HailoRT] [info] [core_op.cpp:156] [activate] Activating yolo26n took 0.496351 milliseconds. Note that the function is asynchronous and thus the network is not fully activated yet.
[2026-04-23 16:18:03.788] [772335] [HailoRT] [info] [edge_elements.cpp:52] [create] Created (HwWriteEl2yolo26n/input_layer1 | hw_frame_size: 1228800)
[2026-04-23 16:18:03.788] [772335] [HailoRT] [info] [queue_elements.cpp:284] [create] Created (PushQEl2yolo26n/input_layer1 | timeout: 10s)
[2026-04-23 16:18:03.788] [772335] [HailoRT] [info] [filter_elements.cpp:101] [create] Created (PreInferEl2yolo26n/input_layer1 | Reorder - src_order: NHWC, src_shape: (640, 640, 3), dst_order: NHCW, dst_shape: (640, 640, 3))
[2026-04-23 16:18:03.788] [772335] [HailoRT] [info] [vstream.cpp:754] [InputVStreamImpl] Creating yolo26n/input_layer1...
[2026-04-23 16:18:03.788] [772335] [HailoRT] [info] [vstream_builder.cpp:102] [create_inputs] Input pipeline 'yolo26n/input_layer1': (PreInferEl2yolo26n/input_layer1 | Reorder - src_order: NHWC, src_shape: (640, 640, 3), dst_order: NHCW, dst_shape: (640, 640, 3)) >> (PushQEl2yolo26n/input_layer1 | timeout: 10s) >> (HwWriteEl2yolo26n/input_layer1 | hw_frame_size: 1228800) >> HW
[2026-04-23 16:18:03.788] [772335] [HailoRT] [info] [edge_elements.cpp:287] [create] Created (HwReadEl3yolo26n/conv61 | hw_frame_size: 25600)
[2026-04-23 16:18:03.788] [772335] [HailoRT] [info] [queue_elements.cpp:657] [create] Created (PullQEl_hw_read3yolo26n/conv61)
[2026-04-23 16:18:03.788] [772335] [HailoRT] [info] [filter_elements.cpp:372] [create] Created (PostInferEl3yolo26n/conv61 | Quantization - src_type: UINT8, dst_type FLOAT32, limvals_min: -0.468035, limvals_max: 6.99127)
[2026-04-23 16:18:03.788] [772335] [HailoRT] [info] [queue_elements.cpp:800] [create] Created (UserBuffQEl3yolo26n/conv61 | timeout: 10s)
[2026-04-23 16:18:03.788] [772335] [HailoRT] [info] [vstream.cpp:1114] [OutputVStreamImpl] Creating yolo26n/conv61...
[2026-04-23 16:18:03.788] [772335] [HailoRT] [info] [vstream_builder.cpp:220] [create_outputs] Output pipeline 'yolo26n/conv61': HW >> (HwReadEl3yolo26n/conv61 | hw_frame_size: 25600) >> (PullQEl_hw_read3yolo26n/conv61) >> (PostInferEl3yolo26n/conv61 | Quantization - src_type: UINT8, dst_type FLOAT32, limvals_min: -0.468035, limvals_max: 6.99127) >> (UserBuffQEl3yolo26n/conv61 | timeout: 10s)
[2026-04-23 16:18:03.788] [772335] [HailoRT] [info] [edge_elements.cpp:287] [create] Created (HwReadEl2yolo26n/conv64 | hw_frame_size: 6400)
[2026-04-23 16:18:03.789] [772335] [HailoRT] [info] [queue_elements.cpp:657] [create] Created (PullQEl_hw_read2yolo26n/conv64)
[2026-04-23 16:18:03.789] [772335] [HailoRT] [info] [filter_elements.cpp:372] [create] Created (PostInferEl2yolo26n/conv64 | Quantization - src_type: UINT8, dst_type FLOAT32, limvals_min: -161.763, limvals_max: 2.5779)
[2026-04-23 16:18:03.789] [772335] [HailoRT] [info] [queue_elements.cpp:800] [create] Created (UserBuffQEl2yolo26n/conv64 | timeout: 10s)
[2026-04-23 16:18:03.789] [772335] [HailoRT] [info] [vstream.cpp:1114] [OutputVStreamImpl] Creating yolo26n/conv64...
[2026-04-23 16:18:03.789] [772335] [HailoRT] [info] [vstream_builder.cpp:220] [create_outputs] Output pipeline 'yolo26n/conv64': HW >> (HwReadEl2yolo26n/conv64 | hw_frame_size: 6400) >> (PullQEl_hw_read2yolo26n/conv64) >> (PostInferEl2yolo26n/conv64 | Quantization - src_type: UINT8, dst_type FLOAT32, limvals_min: -161.763, limvals_max: 2.5779) >> (UserBuffQEl2yolo26n/conv64 | timeout: 10s)
[2026-04-23 16:18:03.789] [772335] [HailoRT] [info] [edge_elements.cpp:287] [create] Created (HwReadEl1yolo26n/conv77 | hw_frame_size: 6400)
[2026-04-23 16:18:03.789] [772335] [HailoRT] [info] [queue_elements.cpp:657] [create] Created (PullQEl_hw_read1yolo26n/conv77)
[2026-04-23 16:18:03.789] [772335] [HailoRT] [info] [filter_elements.cpp:372] [create] Created (PostInferEl1yolo26n/conv77 | Quantization - src_type: UINT8, dst_type FLOAT32, limvals_min: -0.560223, limvals_max: 15.3127)
[2026-04-23 16:18:03.789] [772335] [HailoRT] [info] [queue_elements.cpp:800] [create] Created (UserBuffQEl1yolo26n/conv77 | timeout: 10s)
[2026-04-23 16:18:03.789] [772335] [HailoRT] [info] [vstream.cpp:1114] [OutputVStreamImpl] Creating yolo26n/conv77...
[2026-04-23 16:18:03.789] [772335] [HailoRT] [info] [vstream_builder.cpp:220] [create_outputs] Output pipeline 'yolo26n/conv77': HW >> (HwReadEl1yolo26n/conv77 | hw_frame_size: 6400) >> (PullQEl_hw_read1yolo26n/conv77) >> (PostInferEl1yolo26n/conv77 | Quantization - src_type: UINT8, dst_type FLOAT32, limvals_min: -0.560223, limvals_max: 15.3127) >> (UserBuffQEl1yolo26n/conv77 | timeout: 10s)
[2026-04-23 16:18:03.789] [772335] [HailoRT] [info] [edge_elements.cpp:287] [create] Created (HwReadEl0yolo26n/conv80 | hw_frame_size: 1600)
[2026-04-23 16:18:03.789] [772335] [HailoRT] [info] [queue_elements.cpp:657] [create] Created (PullQEl_hw_read0yolo26n/conv80)
[2026-04-23 16:18:03.789] [772335] [HailoRT] [info] [filter_elements.cpp:372] [create] Created (PostInferEl0yolo26n/conv80 | Quantization - src_type: UINT8, dst_type FLOAT32, limvals_min: -204.998, limvals_max: 2.44045)
[2026-04-23 16:18:03.789] [772335] [HailoRT] [info] [queue_elements.cpp:800] [create] Created (UserBuffQEl0yolo26n/conv80 | timeout: 10s)
[2026-04-23 16:18:03.789] [772335] [HailoRT] [info] [vstream.cpp:1114] [OutputVStreamImpl] Creating yolo26n/conv80...
[2026-04-23 16:18:03.789] [772335] [HailoRT] [info] [vstream_builder.cpp:220] [create_outputs] Output pipeline 'yolo26n/conv80': HW >> (HwReadEl0yolo26n/conv80 | hw_frame_size: 1600) >> (PullQEl_hw_read0yolo26n/conv80) >> (PostInferEl0yolo26n/conv80 | Quantization - src_type: UINT8, dst_type FLOAT32, limvals_min: -204.998, limvals_max: 2.44045) >> (UserBuffQEl0yolo26n/conv80 | timeout: 10s)
[2026-04-23 16:18:03.789] [772335] [HailoRT] [info] [edge_elements.cpp:287] [create] Created (HwReadEl1yolo26n/conv91 | hw_frame_size: 3200)
[2026-04-23 16:18:03.789] [772335] [HailoRT] [info] [queue_elements.cpp:657] [create] Created (PullQEl_hw_read1yolo26n/conv91)
[2026-04-23 16:18:03.789] [772335] [HailoRT] [info] [filter_elements.cpp:372] [create] Created (PostInferEl1yolo26n/conv91 | Quantization - src_type: UINT8, dst_type FLOAT32, limvals_min: 0, limvals_max: 14.2269 | Reorder - src_order: FCR, src_shape: (20, 20, 8), dst_order: FCR, dst_shape: (20, 20, 4))
[2026-04-23 16:18:03.789] [772335] [HailoRT] [info] [queue_elements.cpp:800] [create] Created (UserBuffQEl1yolo26n/conv91 | timeout: 10s)
[2026-04-23 16:18:03.789] [772335] [HailoRT] [info] [vstream.cpp:1114] [OutputVStreamImpl] Creating yolo26n/conv91...
[2026-04-23 16:18:03.789] [772335] [HailoRT] [info] [vstream_builder.cpp:220] [create_outputs] Output pipeline 'yolo26n/conv91': HW >> (HwReadEl1yolo26n/conv91 | hw_frame_size: 3200) >> (PullQEl_hw_read1yolo26n/conv91) >> (PostInferEl1yolo26n/conv91 | Quantization - src_type: UINT8, dst_type FLOAT32, limvals_min: 0, limvals_max: 14.2269 | Reorder - src_order: FCR, src_shape: (20, 20, 8), dst_order: FCR, dst_shape: (20, 20, 4)) >> (UserBuffQEl1yolo26n/conv91 | timeout: 10s)
[2026-04-23 16:18:03.789] [772335] [HailoRT] [info] [edge_elements.cpp:287] [create] Created (HwReadEl0yolo26n/conv94 | hw_frame_size: 3200)
[2026-04-23 16:18:03.789] [772335] [HailoRT] [info] [queue_elements.cpp:657] [create] Created (PullQEl_hw_read0yolo26n/conv94)
[2026-04-23 16:18:03.789] [772335] [HailoRT] [info] [filter_elements.cpp:372] [create] Created (PostInferEl0yolo26n/conv94 | Quantization - src_type: UINT8, dst_type FLOAT32, limvals_min: -155.797, limvals_max: 3.11594 | Reorder - src_order: FCR, src_shape: (20, 20, 8), dst_order: FCR, dst_shape: (20, 20, 1))
[2026-04-23 16:18:03.789] [772335] [HailoRT] [info] [queue_elements.cpp:800] [create] Created (UserBuffQEl0yolo26n/conv94 | timeout: 10s)
[2026-04-23 16:18:03.789] [772335] [HailoRT] [info] [vstream.cpp:1114] [OutputVStreamImpl] Creating yolo26n/conv94...
[2026-04-23 16:18:03.789] [772335] [HailoRT] [info] [vstream_builder.cpp:220] [create_outputs] Output pipeline 'yolo26n/conv94': HW >> (HwReadEl0yolo26n/conv94 | hw_frame_size: 3200) >> (PullQEl_hw_read0yolo26n/conv94) >> (PostInferEl0yolo26n/conv94 | Quantization - src_type: UINT8, dst_type FLOAT32, limvals_min: -155.797, limvals_max: 3.11594 | Reorder - src_order: FCR, src_shape: (20, 20, 8), dst_order: FCR, dst_shape: (20, 20, 1)) >> (UserBuffQEl0yolo26n/conv94 | timeout: 10s)
[2026-04-23 16:18:03.800] [1140672] [HailoRT] [info] [queue_elements.cpp:855] [run_in_thread] Shutdown event was signaled in dequeue of UserBuffQEl3yolo26n/conv61!
[2026-04-23 16:18:03.800] [1140671] [HailoRT] [info] [vdevice_native_stream.cpp:331] [read_impl] Failed read from stream HAILO_STREAM_ABORT(63) (device: 0001:01:00.0)
[2026-04-23 16:18:03.800] [1140671] [HailoRT] [info] [edge_elements.cpp:396] [run_pull] Reading from stream was aborted!
[2026-04-23 16:18:03.800] [1140671] [HailoRT] [info] [queue_elements.cpp:738] [run_in_thread] run_pull of queue element PullQEl_hw_read3yolo26n/conv61 was aborted!
[2026-04-23 16:18:03.800] [1140671] [HailoRT] [info] [queue_elements.cpp:68] [operator()] Thread in element PullQEl_hw_read3yolo26n/conv61 is not running anymore, exiting..
[2026-04-23 16:18:03.800] [772335] [HailoRT] [info] [queue_elements.cpp:46] [~BaseQueueElement] Queue element PullQEl_hw_read3yolo26n/conv61 has 0 frames in his Queue on destruction
[2026-04-23 16:18:03.800] [1140672] [HailoRT] [info] [queue_elements.cpp:68] [operator()] Thread in element UserBuffQEl3yolo26n/conv61 is not running anymore, exiting..
[2026-04-23 16:18:03.800] [772335] [HailoRT] [info] [queue_elements.cpp:46] [~BaseQueueElement] Queue element UserBuffQEl3yolo26n/conv61 has 0 frames in his Queue on destruction
[2026-04-23 16:18:03.800] [1140674] [HailoRT] [info] [queue_elements.cpp:855] [run_in_thread] Shutdown event was signaled in dequeue of UserBuffQEl2yolo26n/conv64!
[2026-04-23 16:18:03.800] [1140673] [HailoRT] [info] [vdevice_native_stream.cpp:331] [read_impl] Failed read from stream HAILO_STREAM_ABORT(63) (device: 0001:01:00.0)
[2026-04-23 16:18:03.800] [1140673] [HailoRT] [info] [edge_elements.cpp:396] [run_pull] Reading from stream was aborted!
[2026-04-23 16:18:03.800] [1140673] [HailoRT] [info] [queue_elements.cpp:738] [run_in_thread] run_pull of queue element PullQEl_hw_read2yolo26n/conv64 was aborted!
[2026-04-23 16:18:03.800] [1140673] [HailoRT] [info] [queue_elements.cpp:68] [operator()] Thread in element PullQEl_hw_read2yolo26n/conv64 is not running anymore, exiting..
[2026-04-23 16:18:03.800] [772335] [HailoRT] [info] [queue_elements.cpp:46] [~BaseQueueElement] Queue element PullQEl_hw_read2yolo26n/conv64 has 0 frames in his Queue on destruction
[2026-04-23 16:18:03.801] [1140674] [HailoRT] [info] [queue_elements.cpp:68] [operator()] Thread in element UserBuffQEl2yolo26n/conv64 is not running anymore, exiting..
[2026-04-23 16:18:03.801] [772335] [HailoRT] [info] [queue_elements.cpp:46] [~BaseQueueElement] Queue element UserBuffQEl2yolo26n/conv64 has 0 frames in his Queue on destruction
[2026-04-23 16:18:03.801] [1140676] [HailoRT] [info] [queue_elements.cpp:855] [run_in_thread] Shutdown event was signaled in dequeue of UserBuffQEl1yolo26n/conv77!
[2026-04-23 16:18:03.801] [1140675] [HailoRT] [info] [vdevice_native_stream.cpp:331] [read_impl] Failed read from stream HAILO_STREAM_ABORT(63) (device: 0001:01:00.0)
[2026-04-23 16:18:03.801] [1140675] [HailoRT] [info] [edge_elements.cpp:396] [run_pull] Reading from stream was aborted!
[2026-04-23 16:18:03.801] [1140675] [HailoRT] [info] [queue_elements.cpp:738] [run_in_thread] run_pull of queue element PullQEl_hw_read1yolo26n/conv77 was aborted!
[2026-04-23 16:18:03.801] [1140675] [HailoRT] [info] [queue_elements.cpp:68] [operator()] Thread in element PullQEl_hw_read1yolo26n/conv77 is not running anymore, exiting..
[2026-04-23 16:18:03.801] [772335] [HailoRT] [info] [queue_elements.cpp:46] [~BaseQueueElement] Queue element PullQEl_hw_read1yolo26n/conv77 has 0 frames in his Queue on destruction
[2026-04-23 16:18:03.801] [1140676] [HailoRT] [info] [queue_elements.cpp:68] [operator()] Thread in element UserBuffQEl1yolo26n/conv77 is not running anymore, exiting..
[2026-04-23 16:18:03.801] [772335] [HailoRT] [info] [queue_elements.cpp:46] [~BaseQueueElement] Queue element UserBuffQEl1yolo26n/conv77 has 0 frames in his Queue on destruction
[2026-04-23 16:18:03.801] [1140677] [HailoRT] [info] [vdevice_native_stream.cpp:331] [read_impl] Failed read from stream HAILO_STREAM_ABORT(63) (device: 0001:01:00.0)
[2026-04-23 16:18:03.801] [1140678] [HailoRT] [info] [queue_elements.cpp:855] [run_in_thread] Shutdown event was signaled in dequeue of UserBuffQEl0yolo26n/conv80!
[2026-04-23 16:18:03.801] [1140677] [HailoRT] [info] [edge_elements.cpp:396] [run_pull] Reading from stream was aborted!
[2026-04-23 16:18:03.801] [1140677] [HailoRT] [info] [queue_elements.cpp:738] [run_in_thread] run_pull of queue element PullQEl_hw_read0yolo26n/conv80 was aborted!
[2026-04-23 16:18:03.801] [1140677] [HailoRT] [info] [queue_elements.cpp:68] [operator()] Thread in element PullQEl_hw_read0yolo26n/conv80 is not running anymore, exiting..
[2026-04-23 16:18:03.801] [772335] [HailoRT] [info] [queue_elements.cpp:46] [~BaseQueueElement] Queue element PullQEl_hw_read0yolo26n/conv80 has 0 frames in his Queue on destruction
[2026-04-23 16:18:03.801] [1140678] [HailoRT] [info] [queue_elements.cpp:68] [operator()] Thread in element UserBuffQEl0yolo26n/conv80 is not running anymore, exiting..
[2026-04-23 16:18:03.801] [772335] [HailoRT] [info] [queue_elements.cpp:46] [~BaseQueueElement] Queue element UserBuffQEl0yolo26n/conv80 has 0 frames in his Queue on destruction
[2026-04-23 16:18:03.801] [1140679] [HailoRT] [info] [vdevice_native_stream.cpp:331] [read_impl] Failed read from stream HAILO_STREAM_ABORT(63) (device: 0001:01:00.0)
[2026-04-23 16:18:03.801] [1140680] [HailoRT] [info] [queue_elements.cpp:855] [run_in_thread] Shutdown event was signaled in dequeue of UserBuffQEl1yolo26n/conv91!
[2026-04-23 16:18:03.801] [1140679] [HailoRT] [info] [edge_elements.cpp:396] [run_pull] Reading from stream was aborted!
[2026-04-23 16:18:03.801] [1140679] [HailoRT] [info] [queue_elements.cpp:738] [run_in_thread] run_pull of queue element PullQEl_hw_read1yolo26n/conv91 was aborted!
[2026-04-23 16:18:03.801] [1140679] [HailoRT] [info] [queue_elements.cpp:68] [operator()] Thread in element PullQEl_hw_read1yolo26n/conv91 is not running anymore, exiting..
[2026-04-23 16:18:03.801] [772335] [HailoRT] [info] [queue_elements.cpp:46] [~BaseQueueElement] Queue element PullQEl_hw_read1yolo26n/conv91 has 0 frames in his Queue on destruction
[2026-04-23 16:18:03.801] [1140680] [HailoRT] [info] [queue_elements.cpp:68] [operator()] Thread in element UserBuffQEl1yolo26n/conv91 is not running anymore, exiting..
[2026-04-23 16:18:03.801] [772335] [HailoRT] [info] [queue_elements.cpp:46] [~BaseQueueElement] Queue element UserBuffQEl1yolo26n/conv91 has 0 frames in his Queue on destruction
[2026-04-23 16:18:03.801] [1140681] [HailoRT] [info] [vdevice_native_stream.cpp:331] [read_impl] Failed read from stream HAILO_STREAM_ABORT(63) (device: 0001:01:00.0)
[2026-04-23 16:18:03.801] [1140682] [HailoRT] [info] [queue_elements.cpp:855] [run_in_thread] Shutdown event was signaled in dequeue of UserBuffQEl0yolo26n/conv94!
[2026-04-23 16:18:03.801] [1140681] [HailoRT] [info] [edge_elements.cpp:396] [run_pull] Reading from stream was aborted!
[2026-04-23 16:18:03.801] [1140681] [HailoRT] [info] [queue_elements.cpp:738] [run_in_thread] run_pull of queue element PullQEl_hw_read0yolo26n/conv94 was aborted!
[2026-04-23 16:18:03.801] [1140681] [HailoRT] [info] [queue_elements.cpp:68] [operator()] Thread in element PullQEl_hw_read0yolo26n/conv94 is not running anymore, exiting..
[2026-04-23 16:18:03.801] [772335] [HailoRT] [info] [queue_elements.cpp:46] [~BaseQueueElement] Queue element PullQEl_hw_read0yolo26n/conv94 has 0 frames in his Queue on destruction
[2026-04-23 16:18:03.801] [1140682] [HailoRT] [info] [queue_elements.cpp:68] [operator()] Thread in element UserBuffQEl0yolo26n/conv94 is not running anymore, exiting..
[2026-04-23 16:18:03.801] [772335] [HailoRT] [info] [queue_elements.cpp:46] [~BaseQueueElement] Queue element UserBuffQEl0yolo26n/conv94 has 0 frames in his Queue on destruction
[2026-04-23 16:18:03.801] [1140670] [HailoRT] [info] [queue_elements.cpp:68] [operator()] Thread in element PushQEl2yolo26n/input_layer1 is not running anymore, exiting..
[2026-04-23 16:18:03.801] [772335] [HailoRT] [info] [queue_elements.cpp:46] [~BaseQueueElement] Queue element PushQEl2yolo26n/input_layer1 has 0 frames in his Queue on destruction
[2026-04-23 16:18:03.802] [772335] [HailoRT] [info] [core_op.cpp:186] [deactivate] Deactivating took 0.49887 ms
[2026-04-23 16:18:03.802] [772335] [HailoRT] [info] [core_op.cpp:186] [deactivate] Deactivating took 0.519647 ms
[2026-04-23 16:18:03.807] [772335] [HailoRT] [info] [core_op.cpp:156] [activate] Activating arcface_mobilefacenet took 0.226888 milliseconds. Note that the function is asynchronous and thus the network is not fully activated yet.
[2026-04-23 16:18:03.807] [772335] [HailoRT] [info] [core_op.cpp:156] [activate] Activating arcface_mobilefacenet took 0.246425 milliseconds. Note that the function is asynchronous and thus the network is not fully activated yet.
[2026-04-23 16:18:03.807] [772335] [HailoRT] [info] [edge_elements.cpp:52] [create] Created (HwWriteEl1arcface_mobilefacenet/input_layer1 | hw_frame_size: 37632)
[2026-04-23 16:18:03.807] [772335] [HailoRT] [info] [vstream.cpp:754] [InputVStreamImpl] Creating arcface_mobilefacenet/input_layer1...
[2026-04-23 16:18:03.807] [772335] [HailoRT] [info] [vstream_builder.cpp:102] [create_inputs] Input pipeline 'arcface_mobilefacenet/input_layer1': (HwWriteEl1arcface_mobilefacenet/input_layer1 | hw_frame_size: 37632) >> HW
[2026-04-23 16:18:03.807] [772335] [HailoRT] [info] [edge_elements.cpp:287] [create] Created (HwReadEl0arcface_mobilefacenet/fc1 | hw_frame_size: 512)
[2026-04-23 16:18:03.807] [772335] [HailoRT] [info] [queue_elements.cpp:657] [create] Created (PullQEl_hw_read0arcface_mobilefacenet/fc1)
[2026-04-23 16:18:03.807] [772335] [HailoRT] [info] [filter_elements.cpp:372] [create] Created (PostInferEl0arcface_mobilefacenet/fc1 | Quantization - src_type: UINT8, dst_type FLOAT32, limvals_min: -2.41025, limvals_max: 1.8579)
[2026-04-23 16:18:03.807] [772335] [HailoRT] [info] [queue_elements.cpp:800] [create] Created (UserBuffQEl0arcface_mobilefacenet/fc1 | timeout: 10s)
[2026-04-23 16:18:03.807] [772335] [HailoRT] [info] [vstream.cpp:1114] [OutputVStreamImpl] Creating arcface_mobilefacenet/fc1...
[2026-04-23 16:18:03.807] [772335] [HailoRT] [info] [vstream_builder.cpp:220] [create_outputs] Output pipeline 'arcface_mobilefacenet/fc1': HW >> (HwReadEl0arcface_mobilefacenet/fc1 | hw_frame_size: 512) >> (PullQEl_hw_read0arcface_mobilefacenet/fc1) >> (PostInferEl0arcface_mobilefacenet/fc1 | Quantization - src_type: UINT8, dst_type FLOAT32, limvals_min: -2.41025, limvals_max: 1.8579) >> (UserBuffQEl0arcface_mobilefacenet/fc1 | timeout: 10s)
[2026-04-23 16:18:03.813] [1140691] [HailoRT] [info] [queue_elements.cpp:855] [run_in_thread] Shutdown event was signaled in dequeue of UserBuffQEl0arcface_mobilefacenet/fc1!
[2026-04-23 16:18:03.813] [1140690] [HailoRT] [info] [vdevice_native_stream.cpp:331] [read_impl] Failed read from stream HAILO_STREAM_ABORT(63) (device: 0001:01:00.0)
[2026-04-23 16:18:03.813] [1140690] [HailoRT] [info] [edge_elements.cpp:396] [run_pull] Reading from stream was aborted!
[2026-04-23 16:18:03.813] [1140690] [HailoRT] [info] [queue_elements.cpp:738] [run_in_thread] run_pull of queue element PullQEl_hw_read0arcface_mobilefacenet/fc1 was aborted!
[2026-04-23 16:18:03.813] [1140690] [HailoRT] [info] [queue_elements.cpp:68] [operator()] Thread in element PullQEl_hw_read0arcface_mobilefacenet/fc1 is not running anymore, exiting..
[2026-04-23 16:18:03.814] [772335] [HailoRT] [info] [queue_elements.cpp:46] [~BaseQueueElement] Queue element PullQEl_hw_read0arcface_mobilefacenet/fc1 has 0 frames in his Queue on destruction
[2026-04-23 16:18:03.814] [1140691] [HailoRT] [info] [queue_elements.cpp:68] [operator()] Thread in element UserBuffQEl0arcface_mobilefacenet/fc1 is not running anymore, exiting..
[2026-04-23 16:18:03.814] [772335] [HailoRT] [info] [queue_elements.cpp:46] [~BaseQueueElement] Queue element UserBuffQEl0arcface_mobilefacenet/fc1 has 0 frames in his Queue on destruction
[2026-04-23 16:18:03.814] [772335] [HailoRT] [info] [core_op.cpp:186] [deactivate] Deactivating took 0.356629 ms
[2026-04-23 16:18:03.814] [772335] [HailoRT] [info] [core_op.cpp:186] [deactivate] Deactivating took 0.37661 ms
[2026-04-23 16:18:03.824] [772335] [HailoRT] [info] [core_op.cpp:156] [activate] Activating yolo26n took 0.476462 milliseconds. Note that the function is asynchronous and thus the network is not fully activated yet.
[2026-04-23 16:18:03.824] [772335] [HailoRT] [info] [core_op.cpp:156] [activate] Activating yolo26n took 0.499758 milliseconds. Note that the function is asynchronous and thus the network is not fully activated yet.
[2026-04-23 16:18:03.824] [772335] [HailoRT] [info] [edge_elements.cpp:52] [create] Created (HwWriteEl2yolo26n/input_layer1 | hw_frame_size: 1228800)
[2026-04-23 16:18:03.824] [772335] [HailoRT] [info] [queue_elements.cpp:284] [create] Created (PushQEl2yolo26n/input_layer1 | timeout: 10s)
[2026-04-23 16:18:03.824] [772335] [HailoRT] [info] [filter_elements.cpp:101] [create] Created (PreInferEl2yolo26n/input_layer1 | Reorder - src_order: NHWC, src_shape: (640, 640, 3), dst_order: NHCW, dst_shape: (640, 640, 3))
[2026-04-23 16:18:03.824] [772335] [HailoRT] [info] [vstream.cpp:754] [InputVStreamImpl] Creating yolo26n/input_layer1...
[2026-04-23 16:18:03.824] [772335] [HailoRT] [info] [vstream_builder.cpp:102] [create_inputs] Input pipeline 'yolo26n/input_layer1': (PreInferEl2yolo26n/input_layer1 | Reorder - src_order: NHWC, src_shape: (640, 640, 3), dst_order: NHCW, dst_shape: (640, 640, 3)) >> (PushQEl2yolo26n/input_layer1 | timeout: 10s) >> (HwWriteEl2yolo26n/input_layer1 | hw_frame_size: 1228800) >> HW
[2026-04-23 16:18:03.824] [772335] [HailoRT] [info] [edge_elements.cpp:287] [create] Created (HwReadEl3yolo26n/conv61 | hw_frame_size: 25600)
[2026-04-23 16:18:03.824] [772335] [HailoRT] [info] [queue_elements.cpp:657] [create] Created (PullQEl_hw_read3yolo26n/conv61)
[2026-04-23 16:18:03.824] [772335] [HailoRT] [info] [filter_elements.cpp:372] [create] Created (PostInferEl3yolo26n/conv61 | Quantization - src_type: UINT8, dst_type FLOAT32, limvals_min: -0.468035, limvals_max: 6.99127)
[2026-04-23 16:18:03.824] [772335] [HailoRT] [info] [queue_elements.cpp:800] [create] Created (UserBuffQEl3yolo26n/conv61 | timeout: 10s)
[2026-04-23 16:18:03.824] [772335] [HailoRT] [info] [vstream.cpp:1114] [OutputVStreamImpl] Creating yolo26n/conv61...
[2026-04-23 16:18:03.824] [772335] [HailoRT] [info] [vstream_builder.cpp:220] [create_outputs] Output pipeline 'yolo26n/conv61': HW >> (HwReadEl3yolo26n/conv61 | hw_frame_size: 25600) >> (PullQEl_hw_read3yolo26n/conv61) >> (PostInferEl3yolo26n/conv61 | Quantization - src_type: UINT8, dst_type FLOAT32, limvals_min: -0.468035, limvals_max: 6.99127) >> (UserBuffQEl3yolo26n/conv61 | timeout: 10s)
[2026-04-23 16:18:03.824] [772335] [HailoRT] [info] [edge_elements.cpp:287] [create] Created (HwReadEl2yolo26n/conv64 | hw_frame_size: 6400)
[2026-04-23 16:18:03.824] [772335] [HailoRT] [info] [queue_elements.cpp:657] [create] Created (PullQEl_hw_read2yolo26n/conv64)
[2026-04-23 16:18:03.824] [772335] [HailoRT] [info] [filter_elements.cpp:372] [create] Created (PostInferEl2yolo26n/conv64 | Quantization - src_type: UINT8, dst_type FLOAT32, limvals_min: -161.763, limvals_max: 2.5779)
[2026-04-23 16:18:03.824] [772335] [HailoRT] [info] [queue_elements.cpp:800] [create] Created (UserBuffQEl2yolo26n/conv64 | timeout: 10s)
[2026-04-23 16:18:03.824] [772335] [HailoRT] [info] [vstream.cpp:1114] [OutputVStreamImpl] Creating yolo26n/conv64...
[2026-04-23 16:18:03.824] [772335] [HailoRT] [info] [vstream_builder.cpp:220] [create_outputs] Output pipeline 'yolo26n/conv64': HW >> (HwReadEl2yolo26n/conv64 | hw_frame_size: 6400) >> (PullQEl_hw_read2yolo26n/conv64) >> (PostInferEl2yolo26n/conv64 | Quantization - src_type: UINT8, dst_type FLOAT32, limvals_min: -161.763, limvals_max: 2.5779) >> (UserBuffQEl2yolo26n/conv64 | timeout: 10s)
[2026-04-23 16:18:03.824] [772335] [HailoRT] [info] [edge_elements.cpp:287] [create] Created (HwReadEl1yolo26n/conv77 | hw_frame_size: 6400)
[2026-04-23 16:18:03.824] [772335] [HailoRT] [info] [queue_elements.cpp:657] [create] Created (PullQEl_hw_read1yolo26n/conv77)
[2026-04-23 16:18:03.824] [772335] [HailoRT] [info] [filter_elements.cpp:372] [create] Created (PostInferEl1yolo26n/conv77 | Quantization - src_type: UINT8, dst_type FLOAT32, limvals_min: -0.560223, limvals_max: 15.3127)
[2026-04-23 16:18:03.824] [772335] [HailoRT] [info] [queue_elements.cpp:800] [create] Created (UserBuffQEl1yolo26n/conv77 | timeout: 10s)
[2026-04-23 16:18:03.824] [772335] [HailoRT] [info] [vstream.cpp:1114] [OutputVStreamImpl] Creating yolo26n/conv77...
[2026-04-23 16:18:03.824] [772335] [HailoRT] [info] [vstream_builder.cpp:220] [create_outputs] Output pipeline 'yolo26n/conv77': HW >> (HwReadEl1yolo26n/conv77 | hw_frame_size: 6400) >> (PullQEl_hw_read1yolo26n/conv77) >> (PostInferEl1yolo26n/conv77 | Quantization - src_type: UINT8, dst_type FLOAT32, limvals_min: -0.560223, limvals_max: 15.3127) >> (UserBuffQEl1yolo26n/conv77 | timeout: 10s)
[2026-04-23 16:18:03.824] [772335] [HailoRT] [info] [edge_elements.cpp:287] [create] Created (HwReadEl0yolo26n/conv80 | hw_frame_size: 1600)
[2026-04-23 16:18:03.825] [772335] [HailoRT] [info] [queue_elements.cpp:657] [create] Created (PullQEl_hw_read0yolo26n/conv80)
[2026-04-23 16:18:03.825] [772335] [HailoRT] [info] [filter_elements.cpp:372] [create] Created (PostInferEl0yolo26n/conv80 | Quantization - src_type: UINT8, dst_type FLOAT32, limvals_min: -204.998, limvals_max: 2.44045)
[2026-04-23 16:18:03.825] [772335] [HailoRT] [info] [queue_elements.cpp:800] [create] Created (UserBuffQEl0yolo26n/conv80 | timeout: 10s)
[2026-04-23 16:18:03.825] [772335] [HailoRT] [info] [vstream.cpp:1114] [OutputVStreamImpl] Creating yolo26n/conv80...
[2026-04-23 16:18:03.825] [772335] [HailoRT] [info] [vstream_builder.cpp:220] [create_outputs] Output pipeline 'yolo26n/conv80': HW >> (HwReadEl0yolo26n/conv80 | hw_frame_size: 1600) >> (PullQEl_hw_read0yolo26n/conv80) >> (PostInferEl0yolo26n/conv80 | Quantization - src_type: UINT8, dst_type FLOAT32, limvals_min: -204.998, limvals_max: 2.44045) >> (UserBuffQEl0yolo26n/conv80 | timeout: 10s)
[2026-04-23 16:18:03.825] [772335] [HailoRT] [info] [edge_elements.cpp:287] [create] Created (HwReadEl1yolo26n/conv91 | hw_frame_size: 3200)
[2026-04-23 16:18:03.825] [772335] [HailoRT] [info] [queue_elements.cpp:657] [create] Created (PullQEl_hw_read1yolo26n/conv91)
[2026-04-23 16:18:03.825] [772335] [HailoRT] [info] [filter_elements.cpp:372] [create] Created (PostInferEl1yolo26n/conv91 | Quantization - src_type: UINT8, dst_type FLOAT32, limvals_min: 0, limvals_max: 14.2269 | Reorder - src_order: FCR, src_shape: (20, 20, 8), dst_order: FCR, dst_shape: (20, 20, 4))
[2026-04-23 16:18:03.825] [772335] [HailoRT] [info] [queue_elements.cpp:800] [create] Created (UserBuffQEl1yolo26n/conv91 | timeout: 10s)
[2026-04-23 16:18:03.825] [772335] [HailoRT] [info] [vstream.cpp:1114] [OutputVStreamImpl] Creating yolo26n/conv91...
[2026-04-23 16:18:03.825] [772335] [HailoRT] [info] [vstream_builder.cpp:220] [create_outputs] Output pipeline 'yolo26n/conv91': HW >> (HwReadEl1yolo26n/conv91 | hw_frame_size: 3200) >> (PullQEl_hw_read1yolo26n/conv91) >> (PostInferEl1yolo26n/conv91 | Quantization - src_type: UINT8, dst_type FLOAT32, limvals_min: 0, limvals_max: 14.2269 | Reorder - src_order: FCR, src_shape: (20, 20, 8), dst_order: FCR, dst_shape: (20, 20, 4)) >> (UserBuffQEl1yolo26n/conv91 | timeout: 10s)
[2026-04-23 16:18:03.825] [772335] [HailoRT] [info] [edge_elements.cpp:287] [create] Created (HwReadEl0yolo26n/conv94 | hw_frame_size: 3200)
[2026-04-23 16:18:03.825] [772335] [HailoRT] [info] [queue_elements.cpp:657] [create] Created (PullQEl_hw_read0yolo26n/conv94)
[2026-04-23 16:18:03.825] [772335] [HailoRT] [info] [filter_elements.cpp:372] [create] Created (PostInferEl0yolo26n/conv94 | Quantization - src_type: UINT8, dst_type FLOAT32, limvals_min: -155.797, limvals_max: 3.11594 | Reorder - src_order: FCR, src_shape: (20, 20, 8), dst_order: FCR, dst_shape: (20, 20, 1))
[2026-04-23 16:18:03.825] [772335] [HailoRT] [info] [queue_elements.cpp:800] [create] Created (UserBuffQEl0yolo26n/conv94 | timeout: 10s)
[2026-04-23 16:18:03.825] [772335] [HailoRT] [info] [vstream.cpp:1114] [OutputVStreamImpl] Creating yolo26n/conv94...
[2026-04-23 16:18:03.825] [772335] [HailoRT] [info] [vstream_builder.cpp:220] [create_outputs] Output pipeline 'yolo26n/conv94': HW >> (HwReadEl0yolo26n/conv94 | hw_frame_size: 3200) >> (PullQEl_hw_read0yolo26n/conv94) >> (PostInferEl0yolo26n/conv94 | Quantization - src_type: UINT8, dst_type FLOAT32, limvals_min: -155.797, limvals_max: 3.11594 | Reorder - src_order: FCR, src_shape: (20, 20, 8), dst_order: FCR, dst_shape: (20, 20, 1)) >> (UserBuffQEl0yolo26n/conv94 | timeout: 10s)
[2026-04-23 16:18:03.836] [1140696] [HailoRT] [info] [queue_elements.cpp:855] [run_in_thread] Shutdown event was signaled in dequeue of UserBuffQEl3yolo26n/conv61!
[2026-04-23 16:18:03.836] [1140695] [HailoRT] [info] [vdevice_native_stream.cpp:331] [read_impl] Failed read from stream HAILO_STREAM_ABORT(63) (device: 0001:01:00.0)
[2026-04-23 16:18:03.836] [1140695] [HailoRT] [info] [edge_elements.cpp:396] [run_pull] Reading from stream was aborted!
[2026-04-23 16:18:03.836] [1140695] [HailoRT] [info] [queue_elements.cpp:738] [run_in_thread] run_pull of queue element PullQEl_hw_read3yolo26n/conv61 was aborted!
[2026-04-23 16:18:03.836] [1140695] [HailoRT] [info] [queue_elements.cpp:68] [operator()] Thread in element PullQEl_hw_read3yolo26n/conv61 is not running anymore, exiting..
[2026-04-23 16:18:03.836] [772335] [HailoRT] [info] [queue_elements.cpp:46] [~BaseQueueElement] Queue element PullQEl_hw_read3yolo26n/conv61 has 0 frames in his Queue on destruction
[2026-04-23 16:18:03.836] [1140696] [HailoRT] [info] [queue_elements.cpp:68] [operator()] Thread in element UserBuffQEl3yolo26n/conv61 is not running anymore, exiting..
[2026-04-23 16:18:03.836] [772335] [HailoRT] [info] [queue_elements.cpp:46] [~BaseQueueElement] Queue element UserBuffQEl3yolo26n/conv61 has 0 frames in his Queue on destruction
[2026-04-23 16:18:03.836] [1140698] [HailoRT] [info] [queue_elements.cpp:855] [run_in_thread] Shutdown event was signaled in dequeue of UserBuffQEl2yolo26n/conv64!
[2026-04-23 16:18:03.836] [1140697] [HailoRT] [info] [vdevice_native_stream.cpp:331] [read_impl] Failed read from stream HAILO_STREAM_ABORT(63) (device: 0001:01:00.0)
[2026-04-23 16:18:03.836] [1140697] [HailoRT] [info] [edge_elements.cpp:396] [run_pull] Reading from stream was aborted!
[2026-04-23 16:18:03.836] [1140697] [HailoRT] [info] [queue_elements.cpp:738] [run_in_thread] run_pull of queue element PullQEl_hw_read2yolo26n/conv64 was aborted!
[2026-04-23 16:18:03.836] [1140697] [HailoRT] [info] [queue_elements.cpp:68] [operator()] Thread in element PullQEl_hw_read2yolo26n/conv64 is not running anymore, exiting..
[2026-04-23 16:18:03.836] [772335] [HailoRT] [info] [queue_elements.cpp:46] [~BaseQueueElement] Queue element PullQEl_hw_read2yolo26n/conv64 has 0 frames in his Queue on destruction
[2026-04-23 16:18:03.837] [1140698] [HailoRT] [info] [queue_elements.cpp:68] [operator()] Thread in element UserBuffQEl2yolo26n/conv64 is not running anymore, exiting..
[2026-04-23 16:18:03.837] [772335] [HailoRT] [info] [queue_elements.cpp:46] [~BaseQueueElement] Queue element UserBuffQEl2yolo26n/conv64 has 0 frames in his Queue on destruction
[2026-04-23 16:18:03.837] [1140700] [HailoRT] [info] [queue_elements.cpp:855] [run_in_thread] Shutdown event was signaled in dequeue of UserBuffQEl1yolo26n/conv77!
[2026-04-23 16:18:03.837] [1140699] [HailoRT] [info] [vdevice_native_stream.cpp:331] [read_impl] Failed read from stream HAILO_STREAM_ABORT(63) (device: 0001:01:00.0)
[2026-04-23 16:18:03.837] [1140699] [HailoRT] [info] [edge_elements.cpp:396] [run_pull] Reading from stream was aborted!
[2026-04-23 16:18:03.837] [1140699] [HailoRT] [info] [queue_elements.cpp:738] [run_in_thread] run_pull of queue element PullQEl_hw_read1yolo26n/conv77 was aborted!
[2026-04-23 16:18:03.837] [1140699] [HailoRT] [info] [queue_elements.cpp:68] [operator()] Thread in element PullQEl_hw_read1yolo26n/conv77 is not running anymore, exiting..
[2026-04-23 16:18:03.837] [772335] [HailoRT] [info] [queue_elements.cpp:46] [~BaseQueueElement] Queue element PullQEl_hw_read1yolo26n/conv77 has 0 frames in his Queue on destruction
[2026-04-23 16:18:03.837] [1140700] [HailoRT] [info] [queue_elements.cpp:68] [operator()] Thread in element UserBuffQEl1yolo26n/conv77 is not running anymore, exiting..
[2026-04-23 16:18:03.837] [772335] [HailoRT] [info] [queue_elements.cpp:46] [~BaseQueueElement] Queue element UserBuffQEl1yolo26n/conv77 has 0 frames in his Queue on destruction
[2026-04-23 16:18:03.837] [1140701] [HailoRT] [info] [vdevice_native_stream.cpp:331] [read_impl] Failed read from stream HAILO_STREAM_ABORT(63) (device: 0001:01:00.0)
[2026-04-23 16:18:03.837] [1140702] [HailoRT] [info] [queue_elements.cpp:855] [run_in_thread] Shutdown event was signaled in dequeue of UserBuffQEl0yolo26n/conv80!
[2026-04-23 16:18:03.837] [1140701] [HailoRT] [info] [edge_elements.cpp:396] [run_pull] Reading from stream was aborted!
[2026-04-23 16:18:03.837] [1140701] [HailoRT] [info] [queue_elements.cpp:738] [run_in_thread] run_pull of queue element PullQEl_hw_read0yolo26n/conv80 was aborted!
[2026-04-23 16:18:03.837] [1140701] [HailoRT] [info] [queue_elements.cpp:68] [operator()] Thread in element PullQEl_hw_read0yolo26n/conv80 is not running anymore, exiting..
[2026-04-23 16:18:03.837] [772335] [HailoRT] [info] [queue_elements.cpp:46] [~BaseQueueElement] Queue element PullQEl_hw_read0yolo26n/conv80 has 0 frames in his Queue on destruction
[2026-04-23 16:18:03.837] [1140702] [HailoRT] [info] [queue_elements.cpp:68] [operator()] Thread in element UserBuffQEl0yolo26n/conv80 is not running anymore, exiting..
[2026-04-23 16:18:03.837] [772335] [HailoRT] [info] [queue_elements.cpp:46] [~BaseQueueElement] Queue element UserBuffQEl0yolo26n/conv80 has 0 frames in his Queue on destruction
[2026-04-23 16:18:03.837] [1140703] [HailoRT] [info] [vdevice_native_stream.cpp:331] [read_impl] Failed read from stream HAILO_STREAM_ABORT(63) (device: 0001:01:00.0)
[2026-04-23 16:18:03.837] [1140703] [HailoRT] [info] [edge_elements.cpp:396] [run_pull] Reading from stream was aborted!
[2026-04-23 16:18:03.837] [1140704] [HailoRT] [info] [queue_elements.cpp:855] [run_in_thread] Shutdown event was signaled in dequeue of UserBuffQEl1yolo26n/conv91!
[2026-04-23 16:18:03.837] [1140703] [HailoRT] [info] [queue_elements.cpp:738] [run_in_thread] run_pull of queue element PullQEl_hw_read1yolo26n/conv91 was aborted!
[2026-04-23 16:18:03.837] [1140703] [HailoRT] [info] [queue_elements.cpp:68] [operator()] Thread in element PullQEl_hw_read1yolo26n/conv91 is not running anymore, exiting..
[2026-04-23 16:18:03.837] [772335] [HailoRT] [info] [queue_elements.cpp:46] [~BaseQueueElement] Queue element PullQEl_hw_read1yolo26n/conv91 has 0 frames in his Queue on destruction
[2026-04-23 16:18:03.837] [1140704] [HailoRT] [info] [queue_elements.cpp:68] [operator()] Thread in element UserBuffQEl1yolo26n/conv91 is not running anymore, exiting..
[2026-04-23 16:18:03.837] [772335] [HailoRT] [info] [queue_elements.cpp:46] [~BaseQueueElement] Queue element UserBuffQEl1yolo26n/conv91 has 0 frames in his Queue on destruction
[2026-04-23 16:18:03.837] [1140705] [HailoRT] [info] [vdevice_native_stream.cpp:331] [read_impl] Failed read from stream HAILO_STREAM_ABORT(63) (device: 0001:01:00.0)
[2026-04-23 16:18:03.837] [1140706] [HailoRT] [info] [queue_elements.cpp:855] [run_in_thread] Shutdown event was signaled in dequeue of UserBuffQEl0yolo26n/conv94!
[2026-04-23 16:18:03.837] [1140705] [HailoRT] [info] [edge_elements.cpp:396] [run_pull] Reading from stream was aborted!
[2026-04-23 16:18:03.837] [1140705] [HailoRT] [info] [queue_elements.cpp:738] [run_in_thread] run_pull of queue element PullQEl_hw_read0yolo26n/conv94 was aborted!
[2026-04-23 16:18:03.837] [1140705] [HailoRT] [info] [queue_elements.cpp:68] [operator()] Thread in element PullQEl_hw_read0yolo26n/conv94 is not running anymore, exiting..
[2026-04-23 16:18:03.837] [772335] [HailoRT] [info] [queue_elements.cpp:46] [~BaseQueueElement] Queue element PullQEl_hw_read0yolo26n/conv94 has 0 frames in his Queue on destruction
[2026-04-23 16:18:03.837] [1140706] [HailoRT] [info] [queue_elements.cpp:68] [operator()] Thread in element UserBuffQEl0yolo26n/conv94 is not running anymore, exiting..
[2026-04-23 16:18:03.837] [772335] [HailoRT] [info] [queue_elements.cpp:46] [~BaseQueueElement] Queue element UserBuffQEl0yolo26n/conv94 has 0 frames in his Queue on destruction
[2026-04-23 16:18:03.837] [1140694] [HailoRT] [info] [queue_elements.cpp:68] [operator()] Thread in element PushQEl2yolo26n/input_layer1 is not running anymore, exiting..
[2026-04-23 16:18:03.837] [772335] [HailoRT] [info] [queue_elements.cpp:46] [~BaseQueueElement] Queue element PushQEl2yolo26n/input_layer1 has 0 frames in his Queue on destruction
[2026-04-23 16:18:03.838] [772335] [HailoRT] [info] [core_op.cpp:186] [deactivate] Deactivating took 0.498592 ms
[2026-04-23 16:18:03.838] [772335] [HailoRT] [info] [core_op.cpp:186] [deactivate] Deactivating took 0.508406 ms
[2026-04-23 16:18:03.843] [772335] [HailoRT] [info] [core_op.cpp:156] [activate] Activating arcface_mobilefacenet took 0.22461 milliseconds. Note that the function is asynchronous and thus the network is not fully activated yet.
[2026-04-23 16:18:03.843] [772335] [HailoRT] [info] [core_op.cpp:156] [activate] Activating arcface_mobilefacenet took 0.246963 milliseconds. Note that the function is asynchronous and thus the network is not fully activated yet.
[2026-04-23 16:18:03.843] [772335] [HailoRT] [info] [edge_elements.cpp:52] [create] Created (HwWriteEl1arcface_mobilefacenet/input_layer1 | hw_frame_size: 37632)
[2026-04-23 16:18:03.843] [772335] [HailoRT] [info] [vstream.cpp:754] [InputVStreamImpl] Creating arcface_mobilefacenet/input_layer1...
[2026-04-23 16:18:03.843] [772335] [HailoRT] [info] [vstream_builder.cpp:102] [create_inputs] Input pipeline 'arcface_mobilefacenet/input_layer1': (HwWriteEl1arcface_mobilefacenet/input_layer1 | hw_frame_size: 37632) >> HW
[2026-04-23 16:18:03.843] [772335] [HailoRT] [info] [edge_elements.cpp:287] [create] Created (HwReadEl0arcface_mobilefacenet/fc1 | hw_frame_size: 512)
[2026-04-23 16:18:03.843] [772335] [HailoRT] [info] [queue_elements.cpp:657] [create] Created (PullQEl_hw_read0arcface_mobilefacenet/fc1)
[2026-04-23 16:18:03.843] [772335] [HailoRT] [info] [filter_elements.cpp:372] [create] Created (PostInferEl0arcface_mobilefacenet/fc1 | Quantization - src_type: UINT8, dst_type FLOAT32, limvals_min: -2.41025, limvals_max: 1.8579)
[2026-04-23 16:18:03.843] [772335] [HailoRT] [info] [queue_elements.cpp:800] [create] Created (UserBuffQEl0arcface_mobilefacenet/fc1 | timeout: 10s)
[2026-04-23 16:18:03.843] [772335] [HailoRT] [info] [vstream.cpp:1114] [OutputVStreamImpl] Creating arcface_mobilefacenet/fc1...
[2026-04-23 16:18:03.843] [772335] [HailoRT] [info] [vstream_builder.cpp:220] [create_outputs] Output pipeline 'arcface_mobilefacenet/fc1': HW >> (HwReadEl0arcface_mobilefacenet/fc1 | hw_frame_size: 512) >> (PullQEl_hw_read0arcface_mobilefacenet/fc1) >> (PostInferEl0arcface_mobilefacenet/fc1 | Quantization - src_type: UINT8, dst_type FLOAT32, limvals_min: -2.41025, limvals_max: 1.8579) >> (UserBuffQEl0arcface_mobilefacenet/fc1 | timeout: 10s)
[2026-04-23 16:18:03.850] [1140715] [HailoRT] [info] [queue_elements.cpp:855] [run_in_thread] Shutdown event was signaled in dequeue of UserBuffQEl0arcface_mobilefacenet/fc1!
[2026-04-23 16:18:03.850] [1140714] [HailoRT] [info] [vdevice_native_stream.cpp:331] [read_impl] Failed read from stream HAILO_STREAM_ABORT(63) (device: 0001:01:00.0)
[2026-04-23 16:18:03.850] [1140714] [HailoRT] [info] [edge_elements.cpp:396] [run_pull] Reading from stream was aborted!
[2026-04-23 16:18:03.850] [1140714] [HailoRT] [info] [queue_elements.cpp:738] [run_in_thread] run_pull of queue element PullQEl_hw_read0arcface_mobilefacenet/fc1 was aborted!
[2026-04-23 16:18:03.850] [1140714] [HailoRT] [info] [queue_elements.cpp:68] [operator()] Thread in element PullQEl_hw_read0arcface_mobilefacenet/fc1 is not running anymore, exiting..
[2026-04-23 16:18:03.850] [772335] [HailoRT] [info] [queue_elements.cpp:46] [~BaseQueueElement] Queue element PullQEl_hw_read0arcface_mobilefacenet/fc1 has 0 frames in his Queue on destruction
[2026-04-23 16:18:03.850] [1140715] [HailoRT] [info] [queue_elements.cpp:68] [operator()] Thread in element UserBuffQEl0arcface_mobilefacenet/fc1 is not running anymore, exiting..
[2026-04-23 16:18:03.850] [772335] [HailoRT] [info] [queue_elements.cpp:46] [~BaseQueueElement] Queue element UserBuffQEl0arcface_mobilefacenet/fc1 has 0 frames in his Queue on destruction
[2026-04-23 16:18:03.850] [772335] [HailoRT] [info] [core_op.cpp:186] [deactivate] Deactivating took 0.358407 ms
[2026-04-23 16:18:03.850] [772335] [HailoRT] [info] [core_op.cpp:186] [deactivate] Deactivating took 0.365796 ms
[2026-04-23 16:18:03.859] [772335] [HailoRT] [info] [core_op.cpp:156] [activate] Activating yolo26n took 0.490962 milliseconds. Note that the function is asynchronous and thus the network is not fully activated yet.
[2026-04-23 16:18:03.859] [772335] [HailoRT] [info] [core_op.cpp:156] [activate] Activating yolo26n took 0.513554 milliseconds. Note that the function is asynchronous and thus the network is not fully activated yet.
[2026-04-23 16:18:03.859] [772335] [HailoRT] [info] [edge_elements.cpp:52] [create] Created (HwWriteEl2yolo26n/input_layer1 | hw_frame_size: 1228800)
[2026-04-23 16:18:03.859] [772335] [HailoRT] [info] [queue_elements.cpp:284] [create] Created (PushQEl2yolo26n/input_layer1 | timeout: 10s)
[2026-04-23 16:18:03.859] [772335] [HailoRT] [info] [filter_elements.cpp:101] [create] Created (PreInferEl2yolo26n/input_layer1 | Reorder - src_order: NHWC, src_shape: (640, 640, 3), dst_order: NHCW, dst_shape: (640, 640, 3))
[2026-04-23 16:18:03.859] [772335] [HailoRT] [info] [vstream.cpp:754] [InputVStreamImpl] Creating yolo26n/input_layer1...
[2026-04-23 16:18:03.859] [772335] [HailoRT] [info] [vstream_builder.cpp:102] [create_inputs] Input pipeline 'yolo26n/input_layer1': (PreInferEl2yolo26n/input_layer1 | Reorder - src_order: NHWC, src_shape: (640, 640, 3), dst_order: NHCW, dst_shape: (640, 640, 3)) >> (PushQEl2yolo26n/input_layer1 | timeout: 10s) >> (HwWriteEl2yolo26n/input_layer1 | hw_frame_size: 1228800) >> HW
[2026-04-23 16:18:03.859] [772335] [HailoRT] [info] [edge_elements.cpp:287] [create] Created (HwReadEl3yolo26n/conv61 | hw_frame_size: 25600)
[2026-04-23 16:18:03.859] [772335] [HailoRT] [info] [queue_elements.cpp:657] [create] Created (PullQEl_hw_read3yolo26n/conv61)
[2026-04-23 16:18:03.859] [772335] [HailoRT] [info] [filter_elements.cpp:372] [create] Created (PostInferEl3yolo26n/conv61 | Quantization - src_type: UINT8, dst_type FLOAT32, limvals_min: -0.468035, limvals_max: 6.99127)
[2026-04-23 16:18:03.859] [772335] [HailoRT] [info] [queue_elements.cpp:800] [create] Created (UserBuffQEl3yolo26n/conv61 | timeout: 10s)
[2026-04-23 16:18:03.859] [772335] [HailoRT] [info] [vstream.cpp:1114] [OutputVStreamImpl] Creating yolo26n/conv61...
[2026-04-23 16:18:03.859] [772335] [HailoRT] [info] [vstream_builder.cpp:220] [create_outputs] Output pipeline 'yolo26n/conv61': HW >> (HwReadEl3yolo26n/conv61 | hw_frame_size: 25600) >> (PullQEl_hw_read3yolo26n/conv61) >> (PostInferEl3yolo26n/conv61 | Quantization - src_type: UINT8, dst_type FLOAT32, limvals_min: -0.468035, limvals_max: 6.99127) >> (UserBuffQEl3yolo26n/conv61 | timeout: 10s)
[2026-04-23 16:18:03.859] [772335] [HailoRT] [info] [edge_elements.cpp:287] [create] Created (HwReadEl2yolo26n/conv64 | hw_frame_size: 6400)
[2026-04-23 16:18:03.859] [772335] [HailoRT] [info] [queue_elements.cpp:657] [create] Created (PullQEl_hw_read2yolo26n/conv64)
[2026-04-23 16:18:03.859] [772335] [HailoRT] [info] [filter_elements.cpp:372] [create] Created (PostInferEl2yolo26n/conv64 | Quantization - src_type: UINT8, dst_type FLOAT32, limvals_min: -161.763, limvals_max: 2.5779)
[2026-04-23 16:18:03.859] [772335] [HailoRT] [info] [queue_elements.cpp:800] [create] Created (UserBuffQEl2yolo26n/conv64 | timeout: 10s)
[2026-04-23 16:18:03.859] [772335] [HailoRT] [info] [vstream.cpp:1114] [OutputVStreamImpl] Creating yolo26n/conv64...
[2026-04-23 16:18:03.859] [772335] [HailoRT] [info] [vstream_builder.cpp:220] [create_outputs] Output pipeline 'yolo26n/conv64': HW >> (HwReadEl2yolo26n/conv64 | hw_frame_size: 6400) >> (PullQEl_hw_read2yolo26n/conv64) >> (PostInferEl2yolo26n/conv64 | Quantization - src_type: UINT8, dst_type FLOAT32, limvals_min: -161.763, limvals_max: 2.5779) >> (UserBuffQEl2yolo26n/conv64 | timeout: 10s)
[2026-04-23 16:18:03.859] [772335] [HailoRT] [info] [edge_elements.cpp:287] [create] Created (HwReadEl1yolo26n/conv77 | hw_frame_size: 6400)
[2026-04-23 16:18:03.859] [772335] [HailoRT] [info] [queue_elements.cpp:657] [create] Created (PullQEl_hw_read1yolo26n/conv77)
[2026-04-23 16:18:03.859] [772335] [HailoRT] [info] [filter_elements.cpp:372] [create] Created (PostInferEl1yolo26n/conv77 | Quantization - src_type: UINT8, dst_type FLOAT32, limvals_min: -0.560223, limvals_max: 15.3127)
[2026-04-23 16:18:03.859] [772335] [HailoRT] [info] [queue_elements.cpp:800] [create] Created (UserBuffQEl1yolo26n/conv77 | timeout: 10s)
[2026-04-23 16:18:03.859] [772335] [HailoRT] [info] [vstream.cpp:1114] [OutputVStreamImpl] Creating yolo26n/conv77...
[2026-04-23 16:18:03.860] [772335] [HailoRT] [info] [vstream_builder.cpp:220] [create_outputs] Output pipeline 'yolo26n/conv77': HW >> (HwReadEl1yolo26n/conv77 | hw_frame_size: 6400) >> (PullQEl_hw_read1yolo26n/conv77) >> (PostInferEl1yolo26n/conv77 | Quantization - src_type: UINT8, dst_type FLOAT32, limvals_min: -0.560223, limvals_max: 15.3127) >> (UserBuffQEl1yolo26n/conv77 | timeout: 10s)
[2026-04-23 16:18:03.860] [772335] [HailoRT] [info] [edge_elements.cpp:287] [create] Created (HwReadEl0yolo26n/conv80 | hw_frame_size: 1600)
[2026-04-23 16:18:03.860] [772335] [HailoRT] [info] [queue_elements.cpp:657] [create] Created (PullQEl_hw_read0yolo26n/conv80)
[2026-04-23 16:18:03.860] [772335] [HailoRT] [info] [filter_elements.cpp:372] [create] Created (PostInferEl0yolo26n/conv80 | Quantization - src_type: UINT8, dst_type FLOAT32, limvals_min: -204.998, limvals_max: 2.44045)
[2026-04-23 16:18:03.860] [772335] [HailoRT] [info] [queue_elements.cpp:800] [create] Created (UserBuffQEl0yolo26n/conv80 | timeout: 10s)
[2026-04-23 16:18:03.860] [772335] [HailoRT] [info] [vstream.cpp:1114] [OutputVStreamImpl] Creating yolo26n/conv80...
[2026-04-23 16:18:03.860] [772335] [HailoRT] [info] [vstream_builder.cpp:220] [create_outputs] Output pipeline 'yolo26n/conv80': HW >> (HwReadEl0yolo26n/conv80 | hw_frame_size: 1600) >> (PullQEl_hw_read0yolo26n/conv80) >> (PostInferEl0yolo26n/conv80 | Quantization - src_type: UINT8, dst_type FLOAT32, limvals_min: -204.998, limvals_max: 2.44045) >> (UserBuffQEl0yolo26n/conv80 | timeout: 10s)
[2026-04-23 16:18:03.860] [772335] [HailoRT] [info] [edge_elements.cpp:287] [create] Created (HwReadEl1yolo26n/conv91 | hw_frame_size: 3200)
[2026-04-23 16:18:03.860] [772335] [HailoRT] [info] [queue_elements.cpp:657] [create] Created (PullQEl_hw_read1yolo26n/conv91)
[2026-04-23 16:18:03.860] [772335] [HailoRT] [info] [filter_elements.cpp:372] [create] Created (PostInferEl1yolo26n/conv91 | Quantization - src_type: UINT8, dst_type FLOAT32, limvals_min: 0, limvals_max: 14.2269 | Reorder - src_order: FCR, src_shape: (20, 20, 8), dst_order: FCR, dst_shape: (20, 20, 4))
[2026-04-23 16:18:03.860] [772335] [HailoRT] [info] [queue_elements.cpp:800] [create] Created (UserBuffQEl1yolo26n/conv91 | timeout: 10s)
[2026-04-23 16:18:03.860] [772335] [HailoRT] [info] [vstream.cpp:1114] [OutputVStreamImpl] Creating yolo26n/conv91...
[2026-04-23 16:18:03.860] [772335] [HailoRT] [info] [vstream_builder.cpp:220] [create_outputs] Output pipeline 'yolo26n/conv91': HW >> (HwReadEl1yolo26n/conv91 | hw_frame_size: 3200) >> (PullQEl_hw_read1yolo26n/conv91) >> (PostInferEl1yolo26n/conv91 | Quantization - src_type: UINT8, dst_type FLOAT32, limvals_min: 0, limvals_max: 14.2269 | Reorder - src_order: FCR, src_shape: (20, 20, 8), dst_order: FCR, dst_shape: (20, 20, 4)) >> (UserBuffQEl1yolo26n/conv91 | timeout: 10s)
[2026-04-23 16:18:03.860] [772335] [HailoRT] [info] [edge_elements.cpp:287] [create] Created (HwReadEl0yolo26n/conv94 | hw_frame_size: 3200)
[2026-04-23 16:18:03.860] [772335] [HailoRT] [info] [queue_elements.cpp:657] [create] Created (PullQEl_hw_read0yolo26n/conv94)
[2026-04-23 16:18:03.860] [772335] [HailoRT] [info] [filter_elements.cpp:372] [create] Created (PostInferEl0yolo26n/conv94 | Quantization - src_type: UINT8, dst_type FLOAT32, limvals_min: -155.797, limvals_max: 3.11594 | Reorder - src_order: FCR, src_shape: (20, 20, 8), dst_order: FCR, dst_shape: (20, 20, 1))
[2026-04-23 16:18:03.860] [772335] [HailoRT] [info] [queue_elements.cpp:800] [create] Created (UserBuffQEl0yolo26n/conv94 | timeout: 10s)
[2026-04-23 16:18:03.860] [772335] [HailoRT] [info] [vstream.cpp:1114] [OutputVStreamImpl] Creating yolo26n/conv94...
[2026-04-23 16:18:03.860] [772335] [HailoRT] [info] [vstream_builder.cpp:220] [create_outputs] Output pipeline 'yolo26n/conv94': HW >> (HwReadEl0yolo26n/conv94 | hw_frame_size: 3200) >> (PullQEl_hw_read0yolo26n/conv94) >> (PostInferEl0yolo26n/conv94 | Quantization - src_type: UINT8, dst_type FLOAT32, limvals_min: -155.797, limvals_max: 3.11594 | Reorder - src_order: FCR, src_shape: (20, 20, 8), dst_order: FCR, dst_shape: (20, 20, 1)) >> (UserBuffQEl0yolo26n/conv94 | timeout: 10s)
[2026-04-23 16:18:03.871] [1140720] [HailoRT] [info] [queue_elements.cpp:855] [run_in_thread] Shutdown event was signaled in dequeue of UserBuffQEl3yolo26n/conv61!
[2026-04-23 16:18:03.871] [1140719] [HailoRT] [info] [vdevice_native_stream.cpp:331] [read_impl] Failed read from stream HAILO_STREAM_ABORT(63) (device: 0001:01:00.0)
[2026-04-23 16:18:03.871] [1140719] [HailoRT] [info] [edge_elements.cpp:396] [run_pull] Reading from stream was aborted!
[2026-04-23 16:18:03.871] [1140719] [HailoRT] [info] [queue_elements.cpp:738] [run_in_thread] run_pull of queue element PullQEl_hw_read3yolo26n/conv61 was aborted!
[2026-04-23 16:18:03.871] [1140719] [HailoRT] [info] [queue_elements.cpp:68] [operator()] Thread in element PullQEl_hw_read3yolo26n/conv61 is not running anymore, exiting..
[2026-04-23 16:18:03.871] [772335] [HailoRT] [info] [queue_elements.cpp:46] [~BaseQueueElement] Queue element PullQEl_hw_read3yolo26n/conv61 has 0 frames in his Queue on destruction
[2026-04-23 16:18:03.871] [1140720] [HailoRT] [info] [queue_elements.cpp:68] [operator()] Thread in element UserBuffQEl3yolo26n/conv61 is not running anymore, exiting..
[2026-04-23 16:18:03.871] [772335] [HailoRT] [info] [queue_elements.cpp:46] [~BaseQueueElement] Queue element UserBuffQEl3yolo26n/conv61 has 0 frames in his Queue on destruction
[2026-04-23 16:18:03.871] [1140722] [HailoRT] [info] [queue_elements.cpp:855] [run_in_thread] Shutdown event was signaled in dequeue of UserBuffQEl2yolo26n/conv64!
[2026-04-23 16:18:03.871] [1140721] [HailoRT] [info] [vdevice_native_stream.cpp:331] [read_impl] Failed read from stream HAILO_STREAM_ABORT(63) (device: 0001:01:00.0)
[2026-04-23 16:18:03.871] [1140721] [HailoRT] [info] [edge_elements.cpp:396] [run_pull] Reading from stream was aborted!
[2026-04-23 16:18:03.871] [1140721] [HailoRT] [info] [queue_elements.cpp:738] [run_in_thread] run_pull of queue element PullQEl_hw_read2yolo26n/conv64 was aborted!
[2026-04-23 16:18:03.871] [1140721] [HailoRT] [info] [queue_elements.cpp:68] [operator()] Thread in element PullQEl_hw_read2yolo26n/conv64 is not running anymore, exiting..
[2026-04-23 16:18:03.871] [772335] [HailoRT] [info] [queue_elements.cpp:46] [~BaseQueueElement] Queue element PullQEl_hw_read2yolo26n/conv64 has 0 frames in his Queue on destruction
[2026-04-23 16:18:03.871] [1140722] [HailoRT] [info] [queue_elements.cpp:68] [operator()] Thread in element UserBuffQEl2yolo26n/conv64 is not running anymore, exiting..
[2026-04-23 16:18:03.871] [772335] [HailoRT] [info] [queue_elements.cpp:46] [~BaseQueueElement] Queue element UserBuffQEl2yolo26n/conv64 has 0 frames in his Queue on destruction
[2026-04-23 16:18:03.871] [1140724] [HailoRT] [info] [queue_elements.cpp:855] [run_in_thread] Shutdown event was signaled in dequeue of UserBuffQEl1yolo26n/conv77!
[2026-04-23 16:18:03.871] [1140723] [HailoRT] [info] [vdevice_native_stream.cpp:331] [read_impl] Failed read from stream HAILO_STREAM_ABORT(63) (device: 0001:01:00.0)
[2026-04-23 16:18:03.871] [1140723] [HailoRT] [info] [edge_elements.cpp:396] [run_pull] Reading from stream was aborted!
[2026-04-23 16:18:03.871] [1140723] [HailoRT] [info] [queue_elements.cpp:738] [run_in_thread] run_pull of queue element PullQEl_hw_read1yolo26n/conv77 was aborted!
[2026-04-23 16:18:03.871] [1140723] [HailoRT] [info] [queue_elements.cpp:68] [operator()] Thread in element PullQEl_hw_read1yolo26n/conv77 is not running anymore, exiting..
[2026-04-23 16:18:03.871] [772335] [HailoRT] [info] [queue_elements.cpp:46] [~BaseQueueElement] Queue element PullQEl_hw_read1yolo26n/conv77 has 0 frames in his Queue on destruction
[2026-04-23 16:18:03.871] [1140724] [HailoRT] [info] [queue_elements.cpp:68] [operator()] Thread in element UserBuffQEl1yolo26n/conv77 is not running anymore, exiting..
[2026-04-23 16:18:03.871] [772335] [HailoRT] [info] [queue_elements.cpp:46] [~BaseQueueElement] Queue element UserBuffQEl1yolo26n/conv77 has 0 frames in his Queue on destruction
[2026-04-23 16:18:03.871] [1140725] [HailoRT] [info] [vdevice_native_stream.cpp:331] [read_impl] Failed read from stream HAILO_STREAM_ABORT(63) (device: 0001:01:00.0)
[2026-04-23 16:18:03.871] [1140726] [HailoRT] [info] [queue_elements.cpp:855] [run_in_thread] Shutdown event was signaled in dequeue of UserBuffQEl0yolo26n/conv80!
[2026-04-23 16:18:03.871] [1140725] [HailoRT] [info] [edge_elements.cpp:396] [run_pull] Reading from stream was aborted!
[2026-04-23 16:18:03.871] [1140725] [HailoRT] [info] [queue_elements.cpp:738] [run_in_thread] run_pull of queue element PullQEl_hw_read0yolo26n/conv80 was aborted!
[2026-04-23 16:18:03.871] [1140725] [HailoRT] [info] [queue_elements.cpp:68] [operator()] Thread in element PullQEl_hw_read0yolo26n/conv80 is not running anymore, exiting..
[2026-04-23 16:18:03.871] [772335] [HailoRT] [info] [queue_elements.cpp:46] [~BaseQueueElement] Queue element PullQEl_hw_read0yolo26n/conv80 has 0 frames in his Queue on destruction
[2026-04-23 16:18:03.871] [1140726] [HailoRT] [info] [queue_elements.cpp:68] [operator()] Thread in element UserBuffQEl0yolo26n/conv80 is not running anymore, exiting..
[2026-04-23 16:18:03.871] [772335] [HailoRT] [info] [queue_elements.cpp:46] [~BaseQueueElement] Queue element UserBuffQEl0yolo26n/conv80 has 0 frames in his Queue on destruction
[2026-04-23 16:18:03.871] [1140727] [HailoRT] [info] [vdevice_native_stream.cpp:331] [read_impl] Failed read from stream HAILO_STREAM_ABORT(63) (device: 0001:01:00.0)
[2026-04-23 16:18:03.871] [1140727] [HailoRT] [info] [edge_elements.cpp:396] [run_pull] Reading from stream was aborted!
[2026-04-23 16:18:03.871] [1140728] [HailoRT] [info] [queue_elements.cpp:855] [run_in_thread] Shutdown event was signaled in dequeue of UserBuffQEl1yolo26n/conv91!
[2026-04-23 16:18:03.871] [1140727] [HailoRT] [info] [queue_elements.cpp:738] [run_in_thread] run_pull of queue element PullQEl_hw_read1yolo26n/conv91 was aborted!
[2026-04-23 16:18:03.871] [1140727] [HailoRT] [info] [queue_elements.cpp:68] [operator()] Thread in element PullQEl_hw_read1yolo26n/conv91 is not running anymore, exiting..
[2026-04-23 16:18:03.871] [772335] [HailoRT] [info] [queue_elements.cpp:46] [~BaseQueueElement] Queue element PullQEl_hw_read1yolo26n/conv91 has 0 frames in his Queue on destruction
[2026-04-23 16:18:03.871] [1140728] [HailoRT] [info] [queue_elements.cpp:68] [operator()] Thread in element UserBuffQEl1yolo26n/conv91 is not running anymore, exiting..
[2026-04-23 16:18:03.871] [772335] [HailoRT] [info] [queue_elements.cpp:46] [~BaseQueueElement] Queue element UserBuffQEl1yolo26n/conv91 has 0 frames in his Queue on destruction
[2026-04-23 16:18:03.872] [1140729] [HailoRT] [info] [vdevice_native_stream.cpp:331] [read_impl] Failed read from stream HAILO_STREAM_ABORT(63) (device: 0001:01:00.0)
[2026-04-23 16:18:03.872] [1140730] [HailoRT] [info] [queue_elements.cpp:855] [run_in_thread] Shutdown event was signaled in dequeue of UserBuffQEl0yolo26n/conv94!
[2026-04-23 16:18:03.872] [1140729] [HailoRT] [info] [edge_elements.cpp:396] [run_pull] Reading from stream was aborted!
[2026-04-23 16:18:03.872] [1140729] [HailoRT] [info] [queue_elements.cpp:738] [run_in_thread] run_pull of queue element PullQEl_hw_read0yolo26n/conv94 was aborted!
[2026-04-23 16:18:03.872] [1140729] [HailoRT] [info] [queue_elements.cpp:68] [operator()] Thread in element PullQEl_hw_read0yolo26n/conv94 is not running anymore, exiting..
[2026-04-23 16:18:03.872] [772335] [HailoRT] [info] [queue_elements.cpp:46] [~BaseQueueElement] Queue element PullQEl_hw_read0yolo26n/conv94 has 0 frames in his Queue on destruction
[2026-04-23 16:18:03.872] [1140730] [HailoRT] [info] [queue_elements.cpp:68] [operator()] Thread in element UserBuffQEl0yolo26n/conv94 is not running anymore, exiting..
[2026-04-23 16:18:03.872] [772335] [HailoRT] [info] [queue_elements.cpp:46] [~BaseQueueElement] Queue element UserBuffQEl0yolo26n/conv94 has 0 frames in his Queue on destruction
[2026-04-23 16:18:03.872] [1140718] [HailoRT] [info] [queue_elements.cpp:68] [operator()] Thread in element PushQEl2yolo26n/input_layer1 is not running anymore, exiting..
[2026-04-23 16:18:03.872] [772335] [HailoRT] [info] [queue_elements.cpp:46] [~BaseQueueElement] Queue element PushQEl2yolo26n/input_layer1 has 0 frames in his Queue on destruction
[2026-04-23 16:18:03.872] [772335] [HailoRT] [info] [core_op.cpp:186] [deactivate] Deactivating took 0.49324 ms
[2026-04-23 16:18:03.872] [772335] [HailoRT] [info] [core_op.cpp:186] [deactivate] Deactivating took 0.503276 ms
[2026-04-23 16:18:03.878] [772335] [HailoRT] [info] [core_op.cpp:156] [activate] Activating arcface_mobilefacenet took 0.223444 milliseconds. Note that the function is asynchronous and thus the network is not fully activated yet.
[2026-04-23 16:18:03.878] [772335] [HailoRT] [info] [core_op.cpp:156] [activate] Activating arcface_mobilefacenet took 0.241832 milliseconds. Note that the function is asynchronous and thus the network is not fully activated yet.
[2026-04-23 16:18:03.878] [772335] [HailoRT] [info] [edge_elements.cpp:52] [create] Created (HwWriteEl1arcface_mobilefacenet/input_layer1 | hw_frame_size: 37632)
[2026-04-23 16:18:03.878] [772335] [HailoRT] [info] [vstream.cpp:754] [InputVStreamImpl] Creating arcface_mobilefacenet/input_layer1...
[2026-04-23 16:18:03.878] [772335] [HailoRT] [info] [vstream_builder.cpp:102] [create_inputs] Input pipeline 'arcface_mobilefacenet/input_layer1': (HwWriteEl1arcface_mobilefacenet/input_layer1 | hw_frame_size: 37632) >> HW
[2026-04-23 16:18:03.878] [772335] [HailoRT] [info] [edge_elements.cpp:287] [create] Created (HwReadEl0arcface_mobilefacenet/fc1 | hw_frame_size: 512)
[2026-04-23 16:18:03.878] [772335] [HailoRT] [info] [queue_elements.cpp:657] [create] Created (PullQEl_hw_read0arcface_mobilefacenet/fc1)
[2026-04-23 16:18:03.878] [772335] [HailoRT] [info] [filter_elements.cpp:372] [create] Created (PostInferEl0arcface_mobilefacenet/fc1 | Quantization - src_type: UINT8, dst_type FLOAT32, limvals_min: -2.41025, limvals_max: 1.8579)
[2026-04-23 16:18:03.878] [772335] [HailoRT] [info] [queue_elements.cpp:800] [create] Created (UserBuffQEl0arcface_mobilefacenet/fc1 | timeout: 10s)
[2026-04-23 16:18:03.878] [772335] [HailoRT] [info] [vstream.cpp:1114] [OutputVStreamImpl] Creating arcface_mobilefacenet/fc1...
[2026-04-23 16:18:03.878] [772335] [HailoRT] [info] [vstream_builder.cpp:220] [create_outputs] Output pipeline 'arcface_mobilefacenet/fc1': HW >> (HwReadEl0arcface_mobilefacenet/fc1 | hw_frame_size: 512) >> (PullQEl_hw_read0arcface_mobilefacenet/fc1) >> (PostInferEl0arcface_mobilefacenet/fc1 | Quantization - src_type: UINT8, dst_type FLOAT32, limvals_min: -2.41025, limvals_max: 1.8579) >> (UserBuffQEl0arcface_mobilefacenet/fc1 | timeout: 10s)
[2026-04-23 16:18:03.884] [1140739] [HailoRT] [info] [queue_elements.cpp:855] [run_in_thread] Shutdown event was signaled in dequeue of UserBuffQEl0arcface_mobilefacenet/fc1!
[2026-04-23 16:18:03.884] [1140738] [HailoRT] [info] [vdevice_native_stream.cpp:331] [read_impl] Failed read from stream HAILO_STREAM_ABORT(63) (device: 0001:01:00.0)
[2026-04-23 16:18:03.884] [1140738] [HailoRT] [info] [edge_elements.cpp:396] [run_pull] Reading from stream was aborted!
[2026-04-23 16:18:03.884] [1140738] [HailoRT] [info] [queue_elements.cpp:738] [run_in_thread] run_pull of queue element PullQEl_hw_read0arcface_mobilefacenet/fc1 was aborted!
[2026-04-23 16:18:03.884] [1140738] [HailoRT] [info] [queue_elements.cpp:68] [operator()] Thread in element PullQEl_hw_read0arcface_mobilefacenet/fc1 is not running anymore, exiting..
[2026-04-23 16:18:03.884] [772335] [HailoRT] [info] [queue_elements.cpp:46] [~BaseQueueElement] Queue element PullQEl_hw_read0arcface_mobilefacenet/fc1 has 0 frames in his Queue on destruction
[2026-04-23 16:18:03.884] [1140739] [HailoRT] [info] [queue_elements.cpp:68] [operator()] Thread in element UserBuffQEl0arcface_mobilefacenet/fc1 is not running anymore, exiting..
[2026-04-23 16:18:03.884] [772335] [HailoRT] [info] [queue_elements.cpp:46] [~BaseQueueElement] Queue element UserBuffQEl0arcface_mobilefacenet/fc1 has 0 frames in his Queue on destruction
[2026-04-23 16:18:03.885] [772335] [HailoRT] [info] [core_op.cpp:186] [deactivate] Deactivating took 0.358962 ms
[2026-04-23 16:18:03.885] [772335] [HailoRT] [info] [core_op.cpp:186] [deactivate] Deactivating took 0.366277 ms
[2026-04-23 16:18:03.894] [772335] [HailoRT] [info] [core_op.cpp:156] [activate] Activating yolo26n took 0.587165 milliseconds. Note that the function is asynchronous and thus the network is not fully activated yet.
[2026-04-23 16:18:03.895] [772335] [HailoRT] [info] [core_op.cpp:156] [activate] Activating yolo26n took 0.628702 milliseconds. Note that the function is asynchronous and thus the network is not fully activated yet.
[2026-04-23 16:18:03.895] [772335] [HailoRT] [info] [edge_elements.cpp:52] [create] Created (HwWriteEl2yolo26n/input_layer1 | hw_frame_size: 1228800)
[2026-04-23 16:18:03.895] [772335] [HailoRT] [info] [queue_elements.cpp:284] [create] Created (PushQEl2yolo26n/input_layer1 | timeout: 10s)
[2026-04-23 16:18:03.895] [772335] [HailoRT] [info] [filter_elements.cpp:101] [create] Created (PreInferEl2yolo26n/input_layer1 | Reorder - src_order: NHWC, src_shape: (640, 640, 3), dst_order: NHCW, dst_shape: (640, 640, 3))
[2026-04-23 16:18:03.895] [772335] [HailoRT] [info] [vstream.cpp:754] [InputVStreamImpl] Creating yolo26n/input_layer1...
[2026-04-23 16:18:03.895] [772335] [HailoRT] [info] [vstream_builder.cpp:102] [create_inputs] Input pipeline 'yolo26n/input_layer1': (PreInferEl2yolo26n/input_layer1 | Reorder - src_order: NHWC, src_shape: (640, 640, 3), dst_order: NHCW, dst_shape: (640, 640, 3)) >> (PushQEl2yolo26n/input_layer1 | timeout: 10s) >> (HwWriteEl2yolo26n/input_layer1 | hw_frame_size: 1228800) >> HW
[2026-04-23 16:18:03.895] [772335] [HailoRT] [info] [edge_elements.cpp:287] [create] Created (HwReadEl3yolo26n/conv61 | hw_frame_size: 25600)
[2026-04-23 16:18:03.895] [772335] [HailoRT] [info] [queue_elements.cpp:657] [create] Created (PullQEl_hw_read3yolo26n/conv61)
[2026-04-23 16:18:03.895] [772335] [HailoRT] [info] [filter_elements.cpp:372] [create] Created (PostInferEl3yolo26n/conv61 | Quantization - src_type: UINT8, dst_type FLOAT32, limvals_min: -0.468035, limvals_max: 6.99127)
[2026-04-23 16:18:03.895] [772335] [HailoRT] [info] [queue_elements.cpp:800] [create] Created (UserBuffQEl3yolo26n/conv61 | timeout: 10s)
[2026-04-23 16:18:03.895] [772335] [HailoRT] [info] [vstream.cpp:1114] [OutputVStreamImpl] Creating yolo26n/conv61...
[2026-04-23 16:18:03.895] [772335] [HailoRT] [info] [vstream_builder.cpp:220] [create_outputs] Output pipeline 'yolo26n/conv61': HW >> (HwReadEl3yolo26n/conv61 | hw_frame_size: 25600) >> (PullQEl_hw_read3yolo26n/conv61) >> (PostInferEl3yolo26n/conv61 | Quantization - src_type: UINT8, dst_type FLOAT32, limvals_min: -0.468035, limvals_max: 6.99127) >> (UserBuffQEl3yolo26n/conv61 | timeout: 10s)
[2026-04-23 16:18:03.895] [772335] [HailoRT] [info] [edge_elements.cpp:287] [create] Created (HwReadEl2yolo26n/conv64 | hw_frame_size: 6400)
[2026-04-23 16:18:03.895] [772335] [HailoRT] [info] [queue_elements.cpp:657] [create] Created (PullQEl_hw_read2yolo26n/conv64)
[2026-04-23 16:18:03.895] [772335] [HailoRT] [info] [filter_elements.cpp:372] [create] Created (PostInferEl2yolo26n/conv64 | Quantization - src_type: UINT8, dst_type FLOAT32, limvals_min: -161.763, limvals_max: 2.5779)
[2026-04-23 16:18:03.896] [772335] [HailoRT] [info] [queue_elements.cpp:800] [create] Created (UserBuffQEl2yolo26n/conv64 | timeout: 10s)
[2026-04-23 16:18:03.896] [772335] [HailoRT] [info] [vstream.cpp:1114] [OutputVStreamImpl] Creating yolo26n/conv64...
[2026-04-23 16:18:03.896] [772335] [HailoRT] [info] [vstream_builder.cpp:220] [create_outputs] Output pipeline 'yolo26n/conv64': HW >> (HwReadEl2yolo26n/conv64 | hw_frame_size: 6400) >> (PullQEl_hw_read2yolo26n/conv64) >> (PostInferEl2yolo26n/conv64 | Quantization - src_type: UINT8, dst_type FLOAT32, limvals_min: -161.763, limvals_max: 2.5779) >> (UserBuffQEl2yolo26n/conv64 | timeout: 10s)
[2026-04-23 16:18:03.896] [772335] [HailoRT] [info] [edge_elements.cpp:287] [create] Created (HwReadEl1yolo26n/conv77 | hw_frame_size: 6400)
[2026-04-23 16:18:03.896] [772335] [HailoRT] [info] [queue_elements.cpp:657] [create] Created (PullQEl_hw_read1yolo26n/conv77)
[2026-04-23 16:18:03.896] [772335] [HailoRT] [info] [filter_elements.cpp:372] [create] Created (PostInferEl1yolo26n/conv77 | Quantization - src_type: UINT8, dst_type FLOAT32, limvals_min: -0.560223, limvals_max: 15.3127)
[2026-04-23 16:18:03.896] [772335] [HailoRT] [info] [queue_elements.cpp:800] [create] Created (UserBuffQEl1yolo26n/conv77 | timeout: 10s)
[2026-04-23 16:18:03.896] [772335] [HailoRT] [info] [vstream.cpp:1114] [OutputVStreamImpl] Creating yolo26n/conv77...
[2026-04-23 16:18:03.896] [772335] [HailoRT] [info] [vstream_builder.cpp:220] [create_outputs] Output pipeline 'yolo26n/conv77': HW >> (HwReadEl1yolo26n/conv77 | hw_frame_size: 6400) >> (PullQEl_hw_read1yolo26n/conv77) >> (PostInferEl1yolo26n/conv77 | Quantization - src_type: UINT8, dst_type FLOAT32, limvals_min: -0.560223, limvals_max: 15.3127) >> (UserBuffQEl1yolo26n/conv77 | timeout: 10s)
[2026-04-23 16:18:03.896] [772335] [HailoRT] [info] [edge_elements.cpp:287] [create] Created (HwReadEl0yolo26n/conv80 | hw_frame_size: 1600)
[2026-04-23 16:18:03.896] [772335] [HailoRT] [info] [queue_elements.cpp:657] [create] Created (PullQEl_hw_read0yolo26n/conv80)
[2026-04-23 16:18:03.896] [772335] [HailoRT] [info] [filter_elements.cpp:372] [create] Created (PostInferEl0yolo26n/conv80 | Quantization - src_type: UINT8, dst_type FLOAT32, limvals_min: -204.998, limvals_max: 2.44045)
[2026-04-23 16:18:03.896] [772335] [HailoRT] [info] [queue_elements.cpp:800] [create] Created (UserBuffQEl0yolo26n/conv80 | timeout: 10s)
[2026-04-23 16:18:03.896] [772335] [HailoRT] [info] [vstream.cpp:1114] [OutputVStreamImpl] Creating yolo26n/conv80...
[2026-04-23 16:18:03.896] [772335] [HailoRT] [info] [vstream_builder.cpp:220] [create_outputs] Output pipeline 'yolo26n/conv80': HW >> (HwReadEl0yolo26n/conv80 | hw_frame_size: 1600) >> (PullQEl_hw_read0yolo26n/conv80) >> (PostInferEl0yolo26n/conv80 | Quantization - src_type: UINT8, dst_type FLOAT32, limvals_min: -204.998, limvals_max: 2.44045) >> (UserBuffQEl0yolo26n/conv80 | timeout: 10s)
[2026-04-23 16:18:03.896] [772335] [HailoRT] [info] [edge_elements.cpp:287] [create] Created (HwReadEl1yolo26n/conv91 | hw_frame_size: 3200)
[2026-04-23 16:18:03.896] [772335] [HailoRT] [info] [queue_elements.cpp:657] [create] Created (PullQEl_hw_read1yolo26n/conv91)
[2026-04-23 16:18:03.896] [772335] [HailoRT] [info] [filter_elements.cpp:372] [create] Created (PostInferEl1yolo26n/conv91 | Quantization - src_type: UINT8, dst_type FLOAT32, limvals_min: 0, limvals_max: 14.2269 | Reorder - src_order: FCR, src_shape: (20, 20, 8), dst_order: FCR, dst_shape: (20, 20, 4))
[2026-04-23 16:18:03.896] [772335] [HailoRT] [info] [queue_elements.cpp:800] [create] Created (UserBuffQEl1yolo26n/conv91 | timeout: 10s)
[2026-04-23 16:18:03.896] [772335] [HailoRT] [info] [vstream.cpp:1114] [OutputVStreamImpl] Creating yolo26n/conv91...
[2026-04-23 16:18:03.896] [772335] [HailoRT] [info] [vstream_builder.cpp:220] [create_outputs] Output pipeline 'yolo26n/conv91': HW >> (HwReadEl1yolo26n/conv91 | hw_frame_size: 3200) >> (PullQEl_hw_read1yolo26n/conv91) >> (PostInferEl1yolo26n/conv91 | Quantization - src_type: UINT8, dst_type FLOAT32, limvals_min: 0, limvals_max: 14.2269 | Reorder - src_order: FCR, src_shape: (20, 20, 8), dst_order: FCR, dst_shape: (20, 20, 4)) >> (UserBuffQEl1yolo26n/conv91 | timeout: 10s)
[2026-04-23 16:18:03.896] [772335] [HailoRT] [info] [edge_elements.cpp:287] [create] Created (HwReadEl0yolo26n/conv94 | hw_frame_size: 3200)
[2026-04-23 16:18:03.896] [772335] [HailoRT] [info] [queue_elements.cpp:657] [create] Created (PullQEl_hw_read0yolo26n/conv94)
[2026-04-23 16:18:03.896] [772335] [HailoRT] [info] [filter_elements.cpp:372] [create] Created (PostInferEl0yolo26n/conv94 | Quantization - src_type: UINT8, dst_type FLOAT32, limvals_min: -155.797, limvals_max: 3.11594 | Reorder - src_order: FCR, src_shape: (20, 20, 8), dst_order: FCR, dst_shape: (20, 20, 1))
[2026-04-23 16:18:03.896] [772335] [HailoRT] [info] [queue_elements.cpp:800] [create] Created (UserBuffQEl0yolo26n/conv94 | timeout: 10s)
[2026-04-23 16:18:03.896] [772335] [HailoRT] [info] [vstream.cpp:1114] [OutputVStreamImpl] Creating yolo26n/conv94...
[2026-04-23 16:18:03.896] [772335] [HailoRT] [info] [vstream_builder.cpp:220] [create_outputs] Output pipeline 'yolo26n/conv94': HW >> (HwReadEl0yolo26n/conv94 | hw_frame_size: 3200) >> (PullQEl_hw_read0yolo26n/conv94) >> (PostInferEl0yolo26n/conv94 | Quantization - src_type: UINT8, dst_type FLOAT32, limvals_min: -155.797, limvals_max: 3.11594 | Reorder - src_order: FCR, src_shape: (20, 20, 8), dst_order: FCR, dst_shape: (20, 20, 1)) >> (UserBuffQEl0yolo26n/conv94 | timeout: 10s)
[2026-04-23 16:18:03.908] [1140744] [HailoRT] [info] [queue_elements.cpp:855] [run_in_thread] Shutdown event was signaled in dequeue of UserBuffQEl3yolo26n/conv61!
[2026-04-23 16:18:03.908] [1140743] [HailoRT] [info] [vdevice_native_stream.cpp:331] [read_impl] Failed read from stream HAILO_STREAM_ABORT(63) (device: 0001:01:00.0)
[2026-04-23 16:18:03.908] [1140743] [HailoRT] [info] [edge_elements.cpp:396] [run_pull] Reading from stream was aborted!
[2026-04-23 16:18:03.908] [1140743] [HailoRT] [info] [queue_elements.cpp:738] [run_in_thread] run_pull of queue element PullQEl_hw_read3yolo26n/conv61 was aborted!
[2026-04-23 16:18:03.908] [1140743] [HailoRT] [info] [queue_elements.cpp:68] [operator()] Thread in element PullQEl_hw_read3yolo26n/conv61 is not running anymore, exiting..
[2026-04-23 16:18:03.908] [772335] [HailoRT] [info] [queue_elements.cpp:46] [~BaseQueueElement] Queue element PullQEl_hw_read3yolo26n/conv61 has 0 frames in his Queue on destruction
[2026-04-23 16:18:03.908] [1140744] [HailoRT] [info] [queue_elements.cpp:68] [operator()] Thread in element UserBuffQEl3yolo26n/conv61 is not running anymore, exiting..
[2026-04-23 16:18:03.908] [772335] [HailoRT] [info] [queue_elements.cpp:46] [~BaseQueueElement] Queue element UserBuffQEl3yolo26n/conv61 has 0 frames in his Queue on destruction
[2026-04-23 16:18:03.908] [1140746] [HailoRT] [info] [queue_elements.cpp:855] [run_in_thread] Shutdown event was signaled in dequeue of UserBuffQEl2yolo26n/conv64!
[2026-04-23 16:18:03.908] [1140745] [HailoRT] [info] [vdevice_native_stream.cpp:331] [read_impl] Failed read from stream HAILO_STREAM_ABORT(63) (device: 0001:01:00.0)
[2026-04-23 16:18:03.908] [1140745] [HailoRT] [info] [edge_elements.cpp:396] [run_pull] Reading from stream was aborted!
[2026-04-23 16:18:03.908] [1140745] [HailoRT] [info] [queue_elements.cpp:738] [run_in_thread] run_pull of queue element PullQEl_hw_read2yolo26n/conv64 was aborted!
[2026-04-23 16:18:03.908] [1140745] [HailoRT] [info] [queue_elements.cpp:68] [operator()] Thread in element PullQEl_hw_read2yolo26n/conv64 is not running anymore, exiting..
[2026-04-23 16:18:03.908] [772335] [HailoRT] [info] [queue_elements.cpp:46] [~BaseQueueElement] Queue element PullQEl_hw_read2yolo26n/conv64 has 0 frames in his Queue on destruction
[2026-04-23 16:18:03.908] [1140746] [HailoRT] [info] [queue_elements.cpp:68] [operator()] Thread in element UserBuffQEl2yolo26n/conv64 is not running anymore, exiting..
[2026-04-23 16:18:03.908] [772335] [HailoRT] [info] [queue_elements.cpp:46] [~BaseQueueElement] Queue element UserBuffQEl2yolo26n/conv64 has 0 frames in his Queue on destruction
[2026-04-23 16:18:03.908] [1140748] [HailoRT] [info] [queue_elements.cpp:855] [run_in_thread] Shutdown event was signaled in dequeue of UserBuffQEl1yolo26n/conv77!
[2026-04-23 16:18:03.908] [1140747] [HailoRT] [info] [vdevice_native_stream.cpp:331] [read_impl] Failed read from stream HAILO_STREAM_ABORT(63) (device: 0001:01:00.0)
[2026-04-23 16:18:03.908] [1140747] [HailoRT] [info] [edge_elements.cpp:396] [run_pull] Reading from stream was aborted!
[2026-04-23 16:18:03.908] [1140747] [HailoRT] [info] [queue_elements.cpp:738] [run_in_thread] run_pull of queue element PullQEl_hw_read1yolo26n/conv77 was aborted!
[2026-04-23 16:18:03.908] [1140747] [HailoRT] [info] [queue_elements.cpp:68] [operator()] Thread in element PullQEl_hw_read1yolo26n/conv77 is not running anymore, exiting..
[2026-04-23 16:18:03.908] [772335] [HailoRT] [info] [queue_elements.cpp:46] [~BaseQueueElement] Queue element PullQEl_hw_read1yolo26n/conv77 has 0 frames in his Queue on destruction
[2026-04-23 16:18:03.908] [1140748] [HailoRT] [info] [queue_elements.cpp:68] [operator()] Thread in element UserBuffQEl1yolo26n/conv77 is not running anymore, exiting..
[2026-04-23 16:18:03.908] [772335] [HailoRT] [info] [queue_elements.cpp:46] [~BaseQueueElement] Queue element UserBuffQEl1yolo26n/conv77 has 0 frames in his Queue on destruction
[2026-04-23 16:18:03.908] [1140750] [HailoRT] [info] [queue_elements.cpp:855] [run_in_thread] Shutdown event was signaled in dequeue of UserBuffQEl0yolo26n/conv80!
[2026-04-23 16:18:03.908] [1140749] [HailoRT] [info] [vdevice_native_stream.cpp:331] [read_impl] Failed read from stream HAILO_STREAM_ABORT(63) (device: 0001:01:00.0)
[2026-04-23 16:18:03.908] [1140749] [HailoRT] [info] [edge_elements.cpp:396] [run_pull] Reading from stream was aborted!
[2026-04-23 16:18:03.908] [1140749] [HailoRT] [info] [queue_elements.cpp:738] [run_in_thread] run_pull of queue element PullQEl_hw_read0yolo26n/conv80 was aborted!
[2026-04-23 16:18:03.908] [1140749] [HailoRT] [info] [queue_elements.cpp:68] [operator()] Thread in element PullQEl_hw_read0yolo26n/conv80 is not running anymore, exiting..
[2026-04-23 16:18:03.908] [772335] [HailoRT] [info] [queue_elements.cpp:46] [~BaseQueueElement] Queue element PullQEl_hw_read0yolo26n/conv80 has 0 frames in his Queue on destruction
[2026-04-23 16:18:03.908] [1140750] [HailoRT] [info] [queue_elements.cpp:68] [operator()] Thread in element UserBuffQEl0yolo26n/conv80 is not running anymore, exiting..
[2026-04-23 16:18:03.908] [772335] [HailoRT] [info] [queue_elements.cpp:46] [~BaseQueueElement] Queue element UserBuffQEl0yolo26n/conv80 has 0 frames in his Queue on destruction
[2026-04-23 16:18:03.908] [1140751] [HailoRT] [info] [vdevice_native_stream.cpp:331] [read_impl] Failed read from stream HAILO_STREAM_ABORT(63) (device: 0001:01:00.0)
[2026-04-23 16:18:03.908] [1140751] [HailoRT] [info] [edge_elements.cpp:396] [run_pull] Reading from stream was aborted!
[2026-04-23 16:18:03.908] [1140752] [HailoRT] [info] [queue_elements.cpp:855] [run_in_thread] Shutdown event was signaled in dequeue of UserBuffQEl1yolo26n/conv91!
[2026-04-23 16:18:03.908] [1140751] [HailoRT] [info] [queue_elements.cpp:738] [run_in_thread] run_pull of queue element PullQEl_hw_read1yolo26n/conv91 was aborted!
[2026-04-23 16:18:03.908] [1140751] [HailoRT] [info] [queue_elements.cpp:68] [operator()] Thread in element PullQEl_hw_read1yolo26n/conv91 is not running anymore, exiting..
[2026-04-23 16:18:03.908] [772335] [HailoRT] [info] [queue_elements.cpp:46] [~BaseQueueElement] Queue element PullQEl_hw_read1yolo26n/conv91 has 0 frames in his Queue on destruction
[2026-04-23 16:18:03.908] [1140752] [HailoRT] [info] [queue_elements.cpp:68] [operator()] Thread in element UserBuffQEl1yolo26n/conv91 is not running anymore, exiting..
[2026-04-23 16:18:03.908] [772335] [HailoRT] [info] [queue_elements.cpp:46] [~BaseQueueElement] Queue element UserBuffQEl1yolo26n/conv91 has 0 frames in his Queue on destruction
[2026-04-23 16:18:03.908] [1140754] [HailoRT] [info] [queue_elements.cpp:855] [run_in_thread] Shutdown event was signaled in dequeue of UserBuffQEl0yolo26n/conv94!
[2026-04-23 16:18:03.908] [1140753] [HailoRT] [info] [vdevice_native_stream.cpp:331] [read_impl] Failed read from stream HAILO_STREAM_ABORT(63) (device: 0001:01:00.0)
[2026-04-23 16:18:03.908] [1140753] [HailoRT] [info] [edge_elements.cpp:396] [run_pull] Reading from stream was aborted!
[2026-04-23 16:18:03.908] [1140753] [HailoRT] [info] [queue_elements.cpp:738] [run_in_thread] run_pull of queue element PullQEl_hw_read0yolo26n/conv94 was aborted!
[2026-04-23 16:18:03.908] [1140753] [HailoRT] [info] [queue_elements.cpp:68] [operator()] Thread in element PullQEl_hw_read0yolo26n/conv94 is not running anymore, exiting..
[2026-04-23 16:18:03.908] [772335] [HailoRT] [info] [queue_elements.cpp:46] [~BaseQueueElement] Queue element PullQEl_hw_read0yolo26n/conv94 has 0 frames in his Queue on destruction
[2026-04-23 16:18:03.908] [1140754] [HailoRT] [info] [queue_elements.cpp:68] [operator()] Thread in element UserBuffQEl0yolo26n/conv94 is not running anymore, exiting..
[2026-04-23 16:18:03.909] [772335] [HailoRT] [info] [queue_elements.cpp:46] [~BaseQueueElement] Queue element UserBuffQEl0yolo26n/conv94 has 0 frames in his Queue on destruction
[2026-04-23 16:18:03.909] [1140742] [HailoRT] [info] [queue_elements.cpp:68] [operator()] Thread in element PushQEl2yolo26n/input_layer1 is not running anymore, exiting..
[2026-04-23 16:18:03.909] [772335] [HailoRT] [info] [queue_elements.cpp:46] [~BaseQueueElement] Queue element PushQEl2yolo26n/input_layer1 has 0 frames in his Queue on destruction
[2026-04-23 16:18:03.909] [772335] [HailoRT] [info] [core_op.cpp:186] [deactivate] Deactivating took 0.499018 ms
[2026-04-23 16:18:03.909] [772335] [HailoRT] [info] [core_op.cpp:186] [deactivate] Deactivating took 0.508999 ms
[2026-04-23 16:18:03.914] [772335] [HailoRT] [info] [core_op.cpp:156] [activate] Activating arcface_mobilefacenet took 0.216852 milliseconds. Note that the function is asynchronous and thus the network is not fully activated yet.
[2026-04-23 16:18:03.915] [772335] [HailoRT] [info] [core_op.cpp:156] [activate] Activating arcface_mobilefacenet took 0.237185 milliseconds. Note that the function is asynchronous and thus the network is not fully activated yet.
[2026-04-23 16:18:03.915] [772335] [HailoRT] [info] [edge_elements.cpp:52] [create] Created (HwWriteEl1arcface_mobilefacenet/input_layer1 | hw_frame_size: 37632)
[2026-04-23 16:18:03.915] [772335] [HailoRT] [info] [vstream.cpp:754] [InputVStreamImpl] Creating arcface_mobilefacenet/input_layer1...
[2026-04-23 16:18:03.915] [772335] [HailoRT] [info] [vstream_builder.cpp:102] [create_inputs] Input pipeline 'arcface_mobilefacenet/input_layer1': (HwWriteEl1arcface_mobilefacenet/input_layer1 | hw_frame_size: 37632) >> HW
[2026-04-23 16:18:03.915] [772335] [HailoRT] [info] [edge_elements.cpp:287] [create] Created (HwReadEl0arcface_mobilefacenet/fc1 | hw_frame_size: 512)
[2026-04-23 16:18:03.915] [772335] [HailoRT] [info] [queue_elements.cpp:657] [create] Created (PullQEl_hw_read0arcface_mobilefacenet/fc1)
[2026-04-23 16:18:03.915] [772335] [HailoRT] [info] [filter_elements.cpp:372] [create] Created (PostInferEl0arcface_mobilefacenet/fc1 | Quantization - src_type: UINT8, dst_type FLOAT32, limvals_min: -2.41025, limvals_max: 1.8579)
[2026-04-23 16:18:03.915] [772335] [HailoRT] [info] [queue_elements.cpp:800] [create] Created (UserBuffQEl0arcface_mobilefacenet/fc1 | timeout: 10s)
[2026-04-23 16:18:03.915] [772335] [HailoRT] [info] [vstream.cpp:1114] [OutputVStreamImpl] Creating arcface_mobilefacenet/fc1...
[2026-04-23 16:18:03.915] [772335] [HailoRT] [info] [vstream_builder.cpp:220] [create_outputs] Output pipeline 'arcface_mobilefacenet/fc1': HW >> (HwReadEl0arcface_mobilefacenet/fc1 | hw_frame_size: 512) >> (PullQEl_hw_read0arcface_mobilefacenet/fc1) >> (PostInferEl0arcface_mobilefacenet/fc1 | Quantization - src_type: UINT8, dst_type FLOAT32, limvals_min: -2.41025, limvals_max: 1.8579) >> (UserBuffQEl0arcface_mobilefacenet/fc1 | timeout: 10s)
[2026-04-23 16:18:03.921] [1140763] [HailoRT] [info] [queue_elements.cpp:855] [run_in_thread] Shutdown event was signaled in dequeue of UserBuffQEl0arcface_mobilefacenet/fc1!
[2026-04-23 16:18:03.921] [1140762] [HailoRT] [info] [vdevice_native_stream.cpp:331] [read_impl] Failed read from stream HAILO_STREAM_ABORT(63) (device: 0001:01:00.0)
[2026-04-23 16:18:03.921] [1140762] [HailoRT] [info] [edge_elements.cpp:396] [run_pull] Reading from stream was aborted!
[2026-04-23 16:18:03.921] [1140762] [HailoRT] [info] [queue_elements.cpp:738] [run_in_thread] run_pull of queue element PullQEl_hw_read0arcface_mobilefacenet/fc1 was aborted!
[2026-04-23 16:18:03.921] [1140762] [HailoRT] [info] [queue_elements.cpp:68] [operator()] Thread in element PullQEl_hw_read0arcface_mobilefacenet/fc1 is not running anymore, exiting..
[2026-04-23 16:18:03.921] [772335] [HailoRT] [info] [queue_elements.cpp:46] [~BaseQueueElement] Queue element PullQEl_hw_read0arcface_mobilefacenet/fc1 has 0 frames in his Queue on destruction
[2026-04-23 16:18:03.921] [1140763] [HailoRT] [info] [queue_elements.cpp:68] [operator()] Thread in element UserBuffQEl0arcface_mobilefacenet/fc1 is not running anymore, exiting..
[2026-04-23 16:18:03.921] [772335] [HailoRT] [info] [queue_elements.cpp:46] [~BaseQueueElement] Queue element UserBuffQEl0arcface_mobilefacenet/fc1 has 0 frames in his Queue on destruction
[2026-04-23 16:18:03.922] [772335] [HailoRT] [info] [core_op.cpp:186] [deactivate] Deactivating took 0.357036 ms
[2026-04-23 16:18:03.922] [772335] [HailoRT] [info] [core_op.cpp:186] [deactivate] Deactivating took 0.364462 ms
[2026-04-23 16:18:03.930] [772335] [HailoRT] [info] [core_op.cpp:156] [activate] Activating yolo26n took 0.478739 milliseconds. Note that the function is asynchronous and thus the network is not fully activated yet.
[2026-04-23 16:18:03.930] [772335] [HailoRT] [info] [core_op.cpp:156] [activate] Activating yolo26n took 0.502369 milliseconds. Note that the function is asynchronous and thus the network is not fully activated yet.
[2026-04-23 16:18:03.930] [772335] [HailoRT] [info] [edge_elements.cpp:52] [create] Created (HwWriteEl2yolo26n/input_layer1 | hw_frame_size: 1228800)
[2026-04-23 16:18:03.930] [772335] [HailoRT] [info] [queue_elements.cpp:284] [create] Created (PushQEl2yolo26n/input_layer1 | timeout: 10s)
[2026-04-23 16:18:03.930] [772335] [HailoRT] [info] [filter_elements.cpp:101] [create] Created (PreInferEl2yolo26n/input_layer1 | Reorder - src_order: NHWC, src_shape: (640, 640, 3), dst_order: NHCW, dst_shape: (640, 640, 3))
[2026-04-23 16:18:03.931] [772335] [HailoRT] [info] [vstream.cpp:754] [InputVStreamImpl] Creating yolo26n/input_layer1...
[2026-04-23 16:18:03.931] [772335] [HailoRT] [info] [vstream_builder.cpp:102] [create_inputs] Input pipeline 'yolo26n/input_layer1': (PreInferEl2yolo26n/input_layer1 | Reorder - src_order: NHWC, src_shape: (640, 640, 3), dst_order: NHCW, dst_shape: (640, 640, 3)) >> (PushQEl2yolo26n/input_layer1 | timeout: 10s) >> (HwWriteEl2yolo26n/input_layer1 | hw_frame_size: 1228800) >> HW
[2026-04-23 16:18:03.931] [772335] [HailoRT] [info] [edge_elements.cpp:287] [create] Created (HwReadEl3yolo26n/conv61 | hw_frame_size: 25600)
[2026-04-23 16:18:03.931] [772335] [HailoRT] [info] [queue_elements.cpp:657] [create] Created (PullQEl_hw_read3yolo26n/conv61)
[2026-04-23 16:18:03.931] [772335] [HailoRT] [info] [filter_elements.cpp:372] [create] Created (PostInferEl3yolo26n/conv61 | Quantization - src_type: UINT8, dst_type FLOAT32, limvals_min: -0.468035, limvals_max: 6.99127)
[2026-04-23 16:18:03.931] [772335] [HailoRT] [info] [queue_elements.cpp:800] [create] Created (UserBuffQEl3yolo26n/conv61 | timeout: 10s)
[2026-04-23 16:18:03.931] [772335] [HailoRT] [info] [vstream.cpp:1114] [OutputVStreamImpl] Creating yolo26n/conv61...
[2026-04-23 16:18:03.931] [772335] [HailoRT] [info] [vstream_builder.cpp:220] [create_outputs] Output pipeline 'yolo26n/conv61': HW >> (HwReadEl3yolo26n/conv61 | hw_frame_size: 25600) >> (PullQEl_hw_read3yolo26n/conv61) >> (PostInferEl3yolo26n/conv61 | Quantization - src_type: UINT8, dst_type FLOAT32, limvals_min: -0.468035, limvals_max: 6.99127) >> (UserBuffQEl3yolo26n/conv61 | timeout: 10s)
[2026-04-23 16:18:03.931] [772335] [HailoRT] [info] [edge_elements.cpp:287] [create] Created (HwReadEl2yolo26n/conv64 | hw_frame_size: 6400)
[2026-04-23 16:18:03.931] [772335] [HailoRT] [info] [queue_elements.cpp:657] [create] Created (PullQEl_hw_read2yolo26n/conv64)
[2026-04-23 16:18:03.931] [772335] [HailoRT] [info] [filter_elements.cpp:372] [create] Created (PostInferEl2yolo26n/conv64 | Quantization - src_type: UINT8, dst_type FLOAT32, limvals_min: -161.763, limvals_max: 2.5779)
[2026-04-23 16:18:03.931] [772335] [HailoRT] [info] [queue_elements.cpp:800] [create] Created (UserBuffQEl2yolo26n/conv64 | timeout: 10s)
[2026-04-23 16:18:03.931] [772335] [HailoRT] [info] [vstream.cpp:1114] [OutputVStreamImpl] Creating yolo26n/conv64...
[2026-04-23 16:18:03.931] [772335] [HailoRT] [info] [vstream_builder.cpp:220] [create_outputs] Output pipeline 'yolo26n/conv64': HW >> (HwReadEl2yolo26n/conv64 | hw_frame_size: 6400) >> (PullQEl_hw_read2yolo26n/conv64) >> (PostInferEl2yolo26n/conv64 | Quantization - src_type: UINT8, dst_type FLOAT32, limvals_min: -161.763, limvals_max: 2.5779) >> (UserBuffQEl2yolo26n/conv64 | timeout: 10s)
[2026-04-23 16:18:03.931] [772335] [HailoRT] [info] [edge_elements.cpp:287] [create] Created (HwReadEl1yolo26n/conv77 | hw_frame_size: 6400)
[2026-04-23 16:18:03.931] [772335] [HailoRT] [info] [queue_elements.cpp:657] [create] Created (PullQEl_hw_read1yolo26n/conv77)
[2026-04-23 16:18:03.931] [772335] [HailoRT] [info] [filter_elements.cpp:372] [create] Created (PostInferEl1yolo26n/conv77 | Quantization - src_type: UINT8, dst_type FLOAT32, limvals_min: -0.560223, limvals_max: 15.3127)
[2026-04-23 16:18:03.931] [772335] [HailoRT] [info] [queue_elements.cpp:800] [create] Created (UserBuffQEl1yolo26n/conv77 | timeout: 10s)
[2026-04-23 16:18:03.931] [772335] [HailoRT] [info] [vstream.cpp:1114] [OutputVStreamImpl] Creating yolo26n/conv77...
[2026-04-23 16:18:03.931] [772335] [HailoRT] [info] [vstream_builder.cpp:220] [create_outputs] Output pipeline 'yolo26n/conv77': HW >> (HwReadEl1yolo26n/conv77 | hw_frame_size: 6400) >> (PullQEl_hw_read1yolo26n/conv77) >> (PostInferEl1yolo26n/conv77 | Quantization - src_type: UINT8, dst_type FLOAT32, limvals_min: -0.560223, limvals_max: 15.3127) >> (UserBuffQEl1yolo26n/conv77 | timeout: 10s)
[2026-04-23 16:18:03.931] [772335] [HailoRT] [info] [edge_elements.cpp:287] [create] Created (HwReadEl0yolo26n/conv80 | hw_frame_size: 1600)
[2026-04-23 16:18:03.931] [772335] [HailoRT] [info] [queue_elements.cpp:657] [create] Created (PullQEl_hw_read0yolo26n/conv80)
[2026-04-23 16:18:03.931] [772335] [HailoRT] [info] [filter_elements.cpp:372] [create] Created (PostInferEl0yolo26n/conv80 | Quantization - src_type: UINT8, dst_type FLOAT32, limvals_min: -204.998, limvals_max: 2.44045)
[2026-04-23 16:18:03.931] [772335] [HailoRT] [info] [queue_elements.cpp:800] [create] Created (UserBuffQEl0yolo26n/conv80 | timeout: 10s)
[2026-04-23 16:18:03.931] [772335] [HailoRT] [info] [vstream.cpp:1114] [OutputVStreamImpl] Creating yolo26n/conv80...
[2026-04-23 16:18:03.931] [772335] [HailoRT] [info] [vstream_builder.cpp:220] [create_outputs] Output pipeline 'yolo26n/conv80': HW >> (HwReadEl0yolo26n/conv80 | hw_frame_size: 1600) >> (PullQEl_hw_read0yolo26n/conv80) >> (PostInferEl0yolo26n/conv80 | Quantization - src_type: UINT8, dst_type FLOAT32, limvals_min: -204.998, limvals_max: 2.44045) >> (UserBuffQEl0yolo26n/conv80 | timeout: 10s)
[2026-04-23 16:18:03.931] [772335] [HailoRT] [info] [edge_elements.cpp:287] [create] Created (HwReadEl1yolo26n/conv91 | hw_frame_size: 3200)
[2026-04-23 16:18:03.931] [772335] [HailoRT] [info] [queue_elements.cpp:657] [create] Created (PullQEl_hw_read1yolo26n/conv91)
[2026-04-23 16:18:03.931] [772335] [HailoRT] [info] [filter_elements.cpp:372] [create] Created (PostInferEl1yolo26n/conv91 | Quantization - src_type: UINT8, dst_type FLOAT32, limvals_min: 0, limvals_max: 14.2269 | Reorder - src_order: FCR, src_shape: (20, 20, 8), dst_order: FCR, dst_shape: (20, 20, 4))
[2026-04-23 16:18:03.931] [772335] [HailoRT] [info] [queue_elements.cpp:800] [create] Created (UserBuffQEl1yolo26n/conv91 | timeout: 10s)
[2026-04-23 16:18:03.931] [772335] [HailoRT] [info] [vstream.cpp:1114] [OutputVStreamImpl] Creating yolo26n/conv91...
[2026-04-23 16:18:03.931] [772335] [HailoRT] [info] [vstream_builder.cpp:220] [create_outputs] Output pipeline 'yolo26n/conv91': HW >> (HwReadEl1yolo26n/conv91 | hw_frame_size: 3200) >> (PullQEl_hw_read1yolo26n/conv91) >> (PostInferEl1yolo26n/conv91 | Quantization - src_type: UINT8, dst_type FLOAT32, limvals_min: 0, limvals_max: 14.2269 | Reorder - src_order: FCR, src_shape: (20, 20, 8), dst_order: FCR, dst_shape: (20, 20, 4)) >> (UserBuffQEl1yolo26n/conv91 | timeout: 10s)
[2026-04-23 16:18:03.931] [772335] [HailoRT] [info] [edge_elements.cpp:287] [create] Created (HwReadEl0yolo26n/conv94 | hw_frame_size: 3200)
[2026-04-23 16:18:03.931] [772335] [HailoRT] [info] [queue_elements.cpp:657] [create] Created (PullQEl_hw_read0yolo26n/conv94)
[2026-04-23 16:18:03.931] [772335] [HailoRT] [info] [filter_elements.cpp:372] [create] Created (PostInferEl0yolo26n/conv94 | Quantization - src_type: UINT8, dst_type FLOAT32, limvals_min: -155.797, limvals_max: 3.11594 | Reorder - src_order: FCR, src_shape: (20, 20, 8), dst_order: FCR, dst_shape: (20, 20, 1))
[2026-04-23 16:18:03.932] [772335] [HailoRT] [info] [queue_elements.cpp:800] [create] Created (UserBuffQEl0yolo26n/conv94 | timeout: 10s)
[2026-04-23 16:18:03.932] [772335] [HailoRT] [info] [vstream.cpp:1114] [OutputVStreamImpl] Creating yolo26n/conv94...
[2026-04-23 16:18:03.932] [772335] [HailoRT] [info] [vstream_builder.cpp:220] [create_outputs] Output pipeline 'yolo26n/conv94': HW >> (HwReadEl0yolo26n/conv94 | hw_frame_size: 3200) >> (PullQEl_hw_read0yolo26n/conv94) >> (PostInferEl0yolo26n/conv94 | Quantization - src_type: UINT8, dst_type FLOAT32, limvals_min: -155.797, limvals_max: 3.11594 | Reorder - src_order: FCR, src_shape: (20, 20, 8), dst_order: FCR, dst_shape: (20, 20, 1)) >> (UserBuffQEl0yolo26n/conv94 | timeout: 10s)
[2026-04-23 16:18:03.943] [1140768] [HailoRT] [info] [queue_elements.cpp:855] [run_in_thread] Shutdown event was signaled in dequeue of UserBuffQEl3yolo26n/conv61!
[2026-04-23 16:18:03.943] [1140767] [HailoRT] [info] [vdevice_native_stream.cpp:331] [read_impl] Failed read from stream HAILO_STREAM_ABORT(63) (device: 0001:01:00.0)
[2026-04-23 16:18:03.943] [1140767] [HailoRT] [info] [edge_elements.cpp:396] [run_pull] Reading from stream was aborted!
[2026-04-23 16:18:03.943] [1140767] [HailoRT] [info] [queue_elements.cpp:738] [run_in_thread] run_pull of queue element PullQEl_hw_read3yolo26n/conv61 was aborted!
[2026-04-23 16:18:03.943] [1140767] [HailoRT] [info] [queue_elements.cpp:68] [operator()] Thread in element PullQEl_hw_read3yolo26n/conv61 is not running anymore, exiting..
[2026-04-23 16:18:03.943] [772335] [HailoRT] [info] [queue_elements.cpp:46] [~BaseQueueElement] Queue element PullQEl_hw_read3yolo26n/conv61 has 0 frames in his Queue on destruction
[2026-04-23 16:18:03.943] [1140768] [HailoRT] [info] [queue_elements.cpp:68] [operator()] Thread in element UserBuffQEl3yolo26n/conv61 is not running anymore, exiting..
[2026-04-23 16:18:03.943] [772335] [HailoRT] [info] [queue_elements.cpp:46] [~BaseQueueElement] Queue element UserBuffQEl3yolo26n/conv61 has 0 frames in his Queue on destruction
[2026-04-23 16:18:03.943] [1140770] [HailoRT] [info] [queue_elements.cpp:855] [run_in_thread] Shutdown event was signaled in dequeue of UserBuffQEl2yolo26n/conv64!
[2026-04-23 16:18:03.943] [1140769] [HailoRT] [info] [vdevice_native_stream.cpp:331] [read_impl] Failed read from stream HAILO_STREAM_ABORT(63) (device: 0001:01:00.0)
[2026-04-23 16:18:03.943] [1140769] [HailoRT] [info] [edge_elements.cpp:396] [run_pull] Reading from stream was aborted!
[2026-04-23 16:18:03.943] [1140769] [HailoRT] [info] [queue_elements.cpp:738] [run_in_thread] run_pull of queue element PullQEl_hw_read2yolo26n/conv64 was aborted!
[2026-04-23 16:18:03.943] [1140769] [HailoRT] [info] [queue_elements.cpp:68] [operator()] Thread in element PullQEl_hw_read2yolo26n/conv64 is not running anymore, exiting..
[2026-04-23 16:18:03.943] [772335] [HailoRT] [info] [queue_elements.cpp:46] [~BaseQueueElement] Queue element PullQEl_hw_read2yolo26n/conv64 has 0 frames in his Queue on destruction
[2026-04-23 16:18:03.943] [1140770] [HailoRT] [info] [queue_elements.cpp:68] [operator()] Thread in element UserBuffQEl2yolo26n/conv64 is not running anymore, exiting..
[2026-04-23 16:18:03.943] [772335] [HailoRT] [info] [queue_elements.cpp:46] [~BaseQueueElement] Queue element UserBuffQEl2yolo26n/conv64 has 0 frames in his Queue on destruction
[2026-04-23 16:18:03.943] [1140772] [HailoRT] [info] [queue_elements.cpp:855] [run_in_thread] Shutdown event was signaled in dequeue of UserBuffQEl1yolo26n/conv77!
[2026-04-23 16:18:03.943] [1140771] [HailoRT] [info] [vdevice_native_stream.cpp:331] [read_impl] Failed read from stream HAILO_STREAM_ABORT(63) (device: 0001:01:00.0)
[2026-04-23 16:18:03.943] [1140771] [HailoRT] [info] [edge_elements.cpp:396] [run_pull] Reading from stream was aborted!
[2026-04-23 16:18:03.943] [1140771] [HailoRT] [info] [queue_elements.cpp:738] [run_in_thread] run_pull of queue element PullQEl_hw_read1yolo26n/conv77 was aborted!
[2026-04-23 16:18:03.943] [1140771] [HailoRT] [info] [queue_elements.cpp:68] [operator()] Thread in element PullQEl_hw_read1yolo26n/conv77 is not running anymore, exiting..
[2026-04-23 16:18:03.943] [772335] [HailoRT] [info] [queue_elements.cpp:46] [~BaseQueueElement] Queue element PullQEl_hw_read1yolo26n/conv77 has 0 frames in his Queue on destruction
[2026-04-23 16:18:03.943] [1140772] [HailoRT] [info] [queue_elements.cpp:68] [operator()] Thread in element UserBuffQEl1yolo26n/conv77 is not running anymore, exiting..
[2026-04-23 16:18:03.943] [772335] [HailoRT] [info] [queue_elements.cpp:46] [~BaseQueueElement] Queue element UserBuffQEl1yolo26n/conv77 has 0 frames in his Queue on destruction
[2026-04-23 16:18:03.943] [1140774] [HailoRT] [info] [queue_elements.cpp:855] [run_in_thread] Shutdown event was signaled in dequeue of UserBuffQEl0yolo26n/conv80!
[2026-04-23 16:18:03.943] [1140773] [HailoRT] [info] [vdevice_native_stream.cpp:331] [read_impl] Failed read from stream HAILO_STREAM_ABORT(63) (device: 0001:01:00.0)
[2026-04-23 16:18:03.943] [1140773] [HailoRT] [info] [edge_elements.cpp:396] [run_pull] Reading from stream was aborted!
[2026-04-23 16:18:03.943] [1140773] [HailoRT] [info] [queue_elements.cpp:738] [run_in_thread] run_pull of queue element PullQEl_hw_read0yolo26n/conv80 was aborted!
[2026-04-23 16:18:03.943] [1140773] [HailoRT] [info] [queue_elements.cpp:68] [operator()] Thread in element PullQEl_hw_read0yolo26n/conv80 is not running anymore, exiting..
[2026-04-23 16:18:03.943] [772335] [HailoRT] [info] [queue_elements.cpp:46] [~BaseQueueElement] Queue element PullQEl_hw_read0yolo26n/conv80 has 0 frames in his Queue on destruction
[2026-04-23 16:18:03.943] [1140774] [HailoRT] [info] [queue_elements.cpp:68] [operator()] Thread in element UserBuffQEl0yolo26n/conv80 is not running anymore, exiting..
[2026-04-23 16:18:03.943] [772335] [HailoRT] [info] [queue_elements.cpp:46] [~BaseQueueElement] Queue element UserBuffQEl0yolo26n/conv80 has 0 frames in his Queue on destruction
[2026-04-23 16:18:03.943] [1140776] [HailoRT] [info] [queue_elements.cpp:855] [run_in_thread] Shutdown event was signaled in dequeue of UserBuffQEl1yolo26n/conv91!
[2026-04-23 16:18:03.943] [1140775] [HailoRT] [info] [vdevice_native_stream.cpp:331] [read_impl] Failed read from stream HAILO_STREAM_ABORT(63) (device: 0001:01:00.0)
[2026-04-23 16:18:03.943] [1140775] [HailoRT] [info] [edge_elements.cpp:396] [run_pull] Reading from stream was aborted!
[2026-04-23 16:18:03.943] [1140775] [HailoRT] [info] [queue_elements.cpp:738] [run_in_thread] run_pull of queue element PullQEl_hw_read1yolo26n/conv91 was aborted!
[2026-04-23 16:18:03.943] [1140775] [HailoRT] [info] [queue_elements.cpp:68] [operator()] Thread in element PullQEl_hw_read1yolo26n/conv91 is not running anymore, exiting..
[2026-04-23 16:18:03.943] [772335] [HailoRT] [info] [queue_elements.cpp:46] [~BaseQueueElement] Queue element PullQEl_hw_read1yolo26n/conv91 has 0 frames in his Queue on destruction
[2026-04-23 16:18:03.943] [1140776] [HailoRT] [info] [queue_elements.cpp:68] [operator()] Thread in element UserBuffQEl1yolo26n/conv91 is not running anymore, exiting..
[2026-04-23 16:18:03.943] [772335] [HailoRT] [info] [queue_elements.cpp:46] [~BaseQueueElement] Queue element UserBuffQEl1yolo26n/conv91 has 0 frames in his Queue on destruction
[2026-04-23 16:18:03.943] [1140777] [HailoRT] [info] [vdevice_native_stream.cpp:331] [read_impl] Failed read from stream HAILO_STREAM_ABORT(63) (device: 0001:01:00.0)
[2026-04-23 16:18:03.943] [1140777] [HailoRT] [info] [edge_elements.cpp:396] [run_pull] Reading from stream was aborted!
[2026-04-23 16:18:03.943] [1140777] [HailoRT] [info] [queue_elements.cpp:738] [run_in_thread] run_pull of queue element PullQEl_hw_read0yolo26n/conv94 was aborted!
[2026-04-23 16:18:03.943] [1140778] [HailoRT] [info] [queue_elements.cpp:855] [run_in_thread] Shutdown event was signaled in dequeue of UserBuffQEl0yolo26n/conv94!
[2026-04-23 16:18:03.943] [1140777] [HailoRT] [info] [queue_elements.cpp:68] [operator()] Thread in element PullQEl_hw_read0yolo26n/conv94 is not running anymore, exiting..
[2026-04-23 16:18:03.943] [772335] [HailoRT] [info] [queue_elements.cpp:46] [~BaseQueueElement] Queue element PullQEl_hw_read0yolo26n/conv94 has 0 frames in his Queue on destruction
[2026-04-23 16:18:03.943] [1140778] [HailoRT] [info] [queue_elements.cpp:68] [operator()] Thread in element UserBuffQEl0yolo26n/conv94 is not running anymore, exiting..
[2026-04-23 16:18:03.943] [772335] [HailoRT] [info] [queue_elements.cpp:46] [~BaseQueueElement] Queue element UserBuffQEl0yolo26n/conv94 has 0 frames in his Queue on destruction
[2026-04-23 16:18:03.943] [1140766] [HailoRT] [info] [queue_elements.cpp:68] [operator()] Thread in element PushQEl2yolo26n/input_layer1 is not running anymore, exiting..
[2026-04-23 16:18:03.943] [772335] [HailoRT] [info] [queue_elements.cpp:46] [~BaseQueueElement] Queue element PushQEl2yolo26n/input_layer1 has 0 frames in his Queue on destruction
[2026-04-23 16:18:03.944] [772335] [HailoRT] [info] [core_op.cpp:186] [deactivate] Deactivating took 0.493388 ms
[2026-04-23 16:18:03.944] [772335] [HailoRT] [info] [core_op.cpp:186] [deactivate] Deactivating took 0.503166 ms
[2026-04-23 16:18:03.949] [772335] [HailoRT] [info] [core_op.cpp:156] [activate] Activating arcface_mobilefacenet took 0.221296 milliseconds. Note that the function is asynchronous and thus the network is not fully activated yet.
[2026-04-23 16:18:03.949] [772335] [HailoRT] [info] [core_op.cpp:156] [activate] Activating arcface_mobilefacenet took 0.239166 milliseconds. Note that the function is asynchronous and thus the network is not fully activated yet.
[2026-04-23 16:18:03.949] [772335] [HailoRT] [info] [edge_elements.cpp:52] [create] Created (HwWriteEl1arcface_mobilefacenet/input_layer1 | hw_frame_size: 37632)
[2026-04-23 16:18:03.949] [772335] [HailoRT] [info] [vstream.cpp:754] [InputVStreamImpl] Creating arcface_mobilefacenet/input_layer1...
[2026-04-23 16:18:03.949] [772335] [HailoRT] [info] [vstream_builder.cpp:102] [create_inputs] Input pipeline 'arcface_mobilefacenet/input_layer1': (HwWriteEl1arcface_mobilefacenet/input_layer1 | hw_frame_size: 37632) >> HW
[2026-04-23 16:18:03.949] [772335] [HailoRT] [info] [edge_elements.cpp:287] [create] Created (HwReadEl0arcface_mobilefacenet/fc1 | hw_frame_size: 512)
[2026-04-23 16:18:03.950] [772335] [HailoRT] [info] [queue_elements.cpp:657] [create] Created (PullQEl_hw_read0arcface_mobilefacenet/fc1)
[2026-04-23 16:18:03.950] [772335] [HailoRT] [info] [filter_elements.cpp:372] [create] Created (PostInferEl0arcface_mobilefacenet/fc1 | Quantization - src_type: UINT8, dst_type FLOAT32, limvals_min: -2.41025, limvals_max: 1.8579)
[2026-04-23 16:18:03.950] [772335] [HailoRT] [info] [queue_elements.cpp:800] [create] Created (UserBuffQEl0arcface_mobilefacenet/fc1 | timeout: 10s)
[2026-04-23 16:18:03.950] [772335] [HailoRT] [info] [vstream.cpp:1114] [OutputVStreamImpl] Creating arcface_mobilefacenet/fc1...
[2026-04-23 16:18:03.950] [772335] [HailoRT] [info] [vstream_builder.cpp:220] [create_outputs] Output pipeline 'arcface_mobilefacenet/fc1': HW >> (HwReadEl0arcface_mobilefacenet/fc1 | hw_frame_size: 512) >> (PullQEl_hw_read0arcface_mobilefacenet/fc1) >> (PostInferEl0arcface_mobilefacenet/fc1 | Quantization - src_type: UINT8, dst_type FLOAT32, limvals_min: -2.41025, limvals_max: 1.8579) >> (UserBuffQEl0arcface_mobilefacenet/fc1 | timeout: 10s)
[2026-04-23 16:18:03.956] [1140787] [HailoRT] [info] [queue_elements.cpp:855] [run_in_thread] Shutdown event was signaled in dequeue of UserBuffQEl0arcface_mobilefacenet/fc1!
[2026-04-23 16:18:03.956] [1140786] [HailoRT] [info] [vdevice_native_stream.cpp:331] [read_impl] Failed read from stream HAILO_STREAM_ABORT(63) (device: 0001:01:00.0)
[2026-04-23 16:18:03.956] [1140786] [HailoRT] [info] [edge_elements.cpp:396] [run_pull] Reading from stream was aborted!
[2026-04-23 16:18:03.956] [1140786] [HailoRT] [info] [queue_elements.cpp:738] [run_in_thread] run_pull of queue element PullQEl_hw_read0arcface_mobilefacenet/fc1 was aborted!
[2026-04-23 16:18:03.956] [1140786] [HailoRT] [info] [queue_elements.cpp:68] [operator()] Thread in element PullQEl_hw_read0arcface_mobilefacenet/fc1 is not running anymore, exiting..
[2026-04-23 16:18:03.956] [772335] [HailoRT] [info] [queue_elements.cpp:46] [~BaseQueueElement] Queue element PullQEl_hw_read0arcface_mobilefacenet/fc1 has 0 frames in his Queue on destruction
[2026-04-23 16:18:03.956] [1140787] [HailoRT] [info] [queue_elements.cpp:68] [operator()] Thread in element UserBuffQEl0arcface_mobilefacenet/fc1 is not running anymore, exiting..
[2026-04-23 16:18:03.956] [772335] [HailoRT] [info] [queue_elements.cpp:46] [~BaseQueueElement] Queue element UserBuffQEl0arcface_mobilefacenet/fc1 has 0 frames in his Queue on destruction
[2026-04-23 16:18:03.956] [772335] [HailoRT] [info] [core_op.cpp:186] [deactivate] Deactivating took 0.360777 ms
[2026-04-23 16:18:03.956] [772335] [HailoRT] [info] [core_op.cpp:186] [deactivate] Deactivating took 0.369036 ms
[2026-04-23 16:18:03.966] [772335] [HailoRT] [info] [core_op.cpp:156] [activate] Activating yolo26n took 0.604498 milliseconds. Note that the function is asynchronous and thus the network is not fully activated yet.
[2026-04-23 16:18:03.966] [772335] [HailoRT] [info] [core_op.cpp:156] [activate] Activating yolo26n took 0.629147 milliseconds. Note that the function is asynchronous and thus the network is not fully activated yet.
[2026-04-23 16:18:03.966] [772335] [HailoRT] [info] [edge_elements.cpp:52] [create] Created (HwWriteEl2yolo26n/input_layer1 | hw_frame_size: 1228800)
[2026-04-23 16:18:03.966] [772335] [HailoRT] [info] [queue_elements.cpp:284] [create] Created (PushQEl2yolo26n/input_layer1 | timeout: 10s)
[2026-04-23 16:18:03.966] [772335] [HailoRT] [info] [filter_elements.cpp:101] [create] Created (PreInferEl2yolo26n/input_layer1 | Reorder - src_order: NHWC, src_shape: (640, 640, 3), dst_order: NHCW, dst_shape: (640, 640, 3))
[2026-04-23 16:18:03.966] [772335] [HailoRT] [info] [vstream.cpp:754] [InputVStreamImpl] Creating yolo26n/input_layer1...
[2026-04-23 16:18:03.966] [772335] [HailoRT] [info] [vstream_builder.cpp:102] [create_inputs] Input pipeline 'yolo26n/input_layer1': (PreInferEl2yolo26n/input_layer1 | Reorder - src_order: NHWC, src_shape: (640, 640, 3), dst_order: NHCW, dst_shape: (640, 640, 3)) >> (PushQEl2yolo26n/input_layer1 | timeout: 10s) >> (HwWriteEl2yolo26n/input_layer1 | hw_frame_size: 1228800) >> HW
[2026-04-23 16:18:03.967] [772335] [HailoRT] [info] [edge_elements.cpp:287] [create] Created (HwReadEl3yolo26n/conv61 | hw_frame_size: 25600)
[2026-04-23 16:18:03.967] [772335] [HailoRT] [info] [queue_elements.cpp:657] [create] Created (PullQEl_hw_read3yolo26n/conv61)
[2026-04-23 16:18:03.967] [772335] [HailoRT] [info] [filter_elements.cpp:372] [create] Created (PostInferEl3yolo26n/conv61 | Quantization - src_type: UINT8, dst_type FLOAT32, limvals_min: -0.468035, limvals_max: 6.99127)
[2026-04-23 16:18:03.967] [772335] [HailoRT] [info] [queue_elements.cpp:800] [create] Created (UserBuffQEl3yolo26n/conv61 | timeout: 10s)
[2026-04-23 16:18:03.967] [772335] [HailoRT] [info] [vstream.cpp:1114] [OutputVStreamImpl] Creating yolo26n/conv61...
[2026-04-23 16:18:03.967] [772335] [HailoRT] [info] [vstream_builder.cpp:220] [create_outputs] Output pipeline 'yolo26n/conv61': HW >> (HwReadEl3yolo26n/conv61 | hw_frame_size: 25600) >> (PullQEl_hw_read3yolo26n/conv61) >> (PostInferEl3yolo26n/conv61 | Quantization - src_type: UINT8, dst_type FLOAT32, limvals_min: -0.468035, limvals_max: 6.99127) >> (UserBuffQEl3yolo26n/conv61 | timeout: 10s)
[2026-04-23 16:18:03.967] [772335] [HailoRT] [info] [edge_elements.cpp:287] [create] Created (HwReadEl2yolo26n/conv64 | hw_frame_size: 6400)
[2026-04-23 16:18:03.967] [772335] [HailoRT] [info] [queue_elements.cpp:657] [create] Created (PullQEl_hw_read2yolo26n/conv64)
[2026-04-23 16:18:03.967] [772335] [HailoRT] [info] [filter_elements.cpp:372] [create] Created (PostInferEl2yolo26n/conv64 | Quantization - src_type: UINT8, dst_type FLOAT32, limvals_min: -161.763, limvals_max: 2.5779)
[2026-04-23 16:18:03.967] [772335] [HailoRT] [info] [queue_elements.cpp:800] [create] Created (UserBuffQEl2yolo26n/conv64 | timeout: 10s)
[2026-04-23 16:18:03.967] [772335] [HailoRT] [info] [vstream.cpp:1114] [OutputVStreamImpl] Creating yolo26n/conv64...
[2026-04-23 16:18:03.967] [772335] [HailoRT] [info] [vstream_builder.cpp:220] [create_outputs] Output pipeline 'yolo26n/conv64': HW >> (HwReadEl2yolo26n/conv64 | hw_frame_size: 6400) >> (PullQEl_hw_read2yolo26n/conv64) >> (PostInferEl2yolo26n/conv64 | Quantization - src_type: UINT8, dst_type FLOAT32, limvals_min: -161.763, limvals_max: 2.5779) >> (UserBuffQEl2yolo26n/conv64 | timeout: 10s)
[2026-04-23 16:18:03.967] [772335] [HailoRT] [info] [edge_elements.cpp:287] [create] Created (HwReadEl1yolo26n/conv77 | hw_frame_size: 6400)
[2026-04-23 16:18:03.967] [772335] [HailoRT] [info] [queue_elements.cpp:657] [create] Created (PullQEl_hw_read1yolo26n/conv77)
[2026-04-23 16:18:03.967] [772335] [HailoRT] [info] [filter_elements.cpp:372] [create] Created (PostInferEl1yolo26n/conv77 | Quantization - src_type: UINT8, dst_type FLOAT32, limvals_min: -0.560223, limvals_max: 15.3127)
[2026-04-23 16:18:03.967] [772335] [HailoRT] [info] [queue_elements.cpp:800] [create] Created (UserBuffQEl1yolo26n/conv77 | timeout: 10s)
[2026-04-23 16:18:03.967] [772335] [HailoRT] [info] [vstream.cpp:1114] [OutputVStreamImpl] Creating yolo26n/conv77...
[2026-04-23 16:18:03.967] [772335] [HailoRT] [info] [vstream_builder.cpp:220] [create_outputs] Output pipeline 'yolo26n/conv77': HW >> (HwReadEl1yolo26n/conv77 | hw_frame_size: 6400) >> (PullQEl_hw_read1yolo26n/conv77) >> (PostInferEl1yolo26n/conv77 | Quantization - src_type: UINT8, dst_type FLOAT32, limvals_min: -0.560223, limvals_max: 15.3127) >> (UserBuffQEl1yolo26n/conv77 | timeout: 10s)
[2026-04-23 16:18:03.967] [772335] [HailoRT] [info] [edge_elements.cpp:287] [create] Created (HwReadEl0yolo26n/conv80 | hw_frame_size: 1600)
[2026-04-23 16:18:03.967] [772335] [HailoRT] [info] [queue_elements.cpp:657] [create] Created (PullQEl_hw_read0yolo26n/conv80)
[2026-04-23 16:18:03.967] [772335] [HailoRT] [info] [filter_elements.cpp:372] [create] Created (PostInferEl0yolo26n/conv80 | Quantization - src_type: UINT8, dst_type FLOAT32, limvals_min: -204.998, limvals_max: 2.44045)
[2026-04-23 16:18:03.967] [772335] [HailoRT] [info] [queue_elements.cpp:800] [create] Created (UserBuffQEl0yolo26n/conv80 | timeout: 10s)
[2026-04-23 16:18:03.967] [772335] [HailoRT] [info] [vstream.cpp:1114] [OutputVStreamImpl] Creating yolo26n/conv80...
[2026-04-23 16:18:03.967] [772335] [HailoRT] [info] [vstream_builder.cpp:220] [create_outputs] Output pipeline 'yolo26n/conv80': HW >> (HwReadEl0yolo26n/conv80 | hw_frame_size: 1600) >> (PullQEl_hw_read0yolo26n/conv80) >> (PostInferEl0yolo26n/conv80 | Quantization - src_type: UINT8, dst_type FLOAT32, limvals_min: -204.998, limvals_max: 2.44045) >> (UserBuffQEl0yolo26n/conv80 | timeout: 10s)
[2026-04-23 16:18:03.967] [772335] [HailoRT] [info] [edge_elements.cpp:287] [create] Created (HwReadEl1yolo26n/conv91 | hw_frame_size: 3200)
[2026-04-23 16:18:03.967] [772335] [HailoRT] [info] [queue_elements.cpp:657] [create] Created (PullQEl_hw_read1yolo26n/conv91)
[2026-04-23 16:18:03.967] [772335] [HailoRT] [info] [filter_elements.cpp:372] [create] Created (PostInferEl1yolo26n/conv91 | Quantization - src_type: UINT8, dst_type FLOAT32, limvals_min: 0, limvals_max: 14.2269 | Reorder - src_order: FCR, src_shape: (20, 20, 8), dst_order: FCR, dst_shape: (20, 20, 4))
[2026-04-23 16:18:03.967] [772335] [HailoRT] [info] [queue_elements.cpp:800] [create] Created (UserBuffQEl1yolo26n/conv91 | timeout: 10s)
[2026-04-23 16:18:03.967] [772335] [HailoRT] [info] [vstream.cpp:1114] [OutputVStreamImpl] Creating yolo26n/conv91...
[2026-04-23 16:18:03.967] [772335] [HailoRT] [info] [vstream_builder.cpp:220] [create_outputs] Output pipeline 'yolo26n/conv91': HW >> (HwReadEl1yolo26n/conv91 | hw_frame_size: 3200) >> (PullQEl_hw_read1yolo26n/conv91) >> (PostInferEl1yolo26n/conv91 | Quantization - src_type: UINT8, dst_type FLOAT32, limvals_min: 0, limvals_max: 14.2269 | Reorder - src_order: FCR, src_shape: (20, 20, 8), dst_order: FCR, dst_shape: (20, 20, 4)) >> (UserBuffQEl1yolo26n/conv91 | timeout: 10s)
[2026-04-23 16:18:03.967] [772335] [HailoRT] [info] [edge_elements.cpp:287] [create] Created (HwReadEl0yolo26n/conv94 | hw_frame_size: 3200)
[2026-04-23 16:18:03.967] [772335] [HailoRT] [info] [queue_elements.cpp:657] [create] Created (PullQEl_hw_read0yolo26n/conv94)
[2026-04-23 16:18:03.967] [772335] [HailoRT] [info] [filter_elements.cpp:372] [create] Created (PostInferEl0yolo26n/conv94 | Quantization - src_type: UINT8, dst_type FLOAT32, limvals_min: -155.797, limvals_max: 3.11594 | Reorder - src_order: FCR, src_shape: (20, 20, 8), dst_order: FCR, dst_shape: (20, 20, 1))
[2026-04-23 16:18:03.968] [772335] [HailoRT] [info] [queue_elements.cpp:800] [create] Created (UserBuffQEl0yolo26n/conv94 | timeout: 10s)
[2026-04-23 16:18:03.968] [772335] [HailoRT] [info] [vstream.cpp:1114] [OutputVStreamImpl] Creating yolo26n/conv94...
[2026-04-23 16:18:03.968] [772335] [HailoRT] [info] [vstream_builder.cpp:220] [create_outputs] Output pipeline 'yolo26n/conv94': HW >> (HwReadEl0yolo26n/conv94 | hw_frame_size: 3200) >> (PullQEl_hw_read0yolo26n/conv94) >> (PostInferEl0yolo26n/conv94 | Quantization - src_type: UINT8, dst_type FLOAT32, limvals_min: -155.797, limvals_max: 3.11594 | Reorder - src_order: FCR, src_shape: (20, 20, 8), dst_order: FCR, dst_shape: (20, 20, 1)) >> (UserBuffQEl0yolo26n/conv94 | timeout: 10s)
[2026-04-23 16:18:03.979] [1140791] [HailoRT] [info] [vdevice_native_stream.cpp:331] [read_impl] Failed read from stream HAILO_STREAM_ABORT(63) (device: 0001:01:00.0)
[2026-04-23 16:18:03.979] [1140791] [HailoRT] [info] [edge_elements.cpp:396] [run_pull] Reading from stream was aborted!
[2026-04-23 16:18:03.979] [1140791] [HailoRT] [info] [queue_elements.cpp:738] [run_in_thread] run_pull of queue element PullQEl_hw_read3yolo26n/conv61 was aborted!
[2026-04-23 16:18:03.979] [1140792] [HailoRT] [info] [queue_elements.cpp:855] [run_in_thread] Shutdown event was signaled in dequeue of UserBuffQEl3yolo26n/conv61!
[2026-04-23 16:18:03.979] [1140791] [HailoRT] [info] [queue_elements.cpp:68] [operator()] Thread in element PullQEl_hw_read3yolo26n/conv61 is not running anymore, exiting..
[2026-04-23 16:18:03.979] [772335] [HailoRT] [info] [queue_elements.cpp:46] [~BaseQueueElement] Queue element PullQEl_hw_read3yolo26n/conv61 has 0 frames in his Queue on destruction
[2026-04-23 16:18:03.979] [1140792] [HailoRT] [info] [queue_elements.cpp:68] [operator()] Thread in element UserBuffQEl3yolo26n/conv61 is not running anymore, exiting..
[2026-04-23 16:18:03.979] [772335] [HailoRT] [info] [queue_elements.cpp:46] [~BaseQueueElement] Queue element UserBuffQEl3yolo26n/conv61 has 0 frames in his Queue on destruction
[2026-04-23 16:18:03.979] [1140794] [HailoRT] [info] [queue_elements.cpp:855] [run_in_thread] Shutdown event was signaled in dequeue of UserBuffQEl2yolo26n/conv64!
[2026-04-23 16:18:03.979] [1140793] [HailoRT] [info] [vdevice_native_stream.cpp:331] [read_impl] Failed read from stream HAILO_STREAM_ABORT(63) (device: 0001:01:00.0)
[2026-04-23 16:18:03.979] [1140793] [HailoRT] [info] [edge_elements.cpp:396] [run_pull] Reading from stream was aborted!
[2026-04-23 16:18:03.979] [1140793] [HailoRT] [info] [queue_elements.cpp:738] [run_in_thread] run_pull of queue element PullQEl_hw_read2yolo26n/conv64 was aborted!
[2026-04-23 16:18:03.979] [1140793] [HailoRT] [info] [queue_elements.cpp:68] [operator()] Thread in element PullQEl_hw_read2yolo26n/conv64 is not running anymore, exiting..
[2026-04-23 16:18:03.979] [772335] [HailoRT] [info] [queue_elements.cpp:46] [~BaseQueueElement] Queue element PullQEl_hw_read2yolo26n/conv64 has 0 frames in his Queue on destruction
[2026-04-23 16:18:03.979] [1140794] [HailoRT] [info] [queue_elements.cpp:68] [operator()] Thread in element UserBuffQEl2yolo26n/conv64 is not running anymore, exiting..
[2026-04-23 16:18:03.979] [772335] [HailoRT] [info] [queue_elements.cpp:46] [~BaseQueueElement] Queue element UserBuffQEl2yolo26n/conv64 has 0 frames in his Queue on destruction
[2026-04-23 16:18:03.979] [1140796] [HailoRT] [info] [queue_elements.cpp:855] [run_in_thread] Shutdown event was signaled in dequeue of UserBuffQEl1yolo26n/conv77!
[2026-04-23 16:18:03.979] [1140795] [HailoRT] [info] [vdevice_native_stream.cpp:331] [read_impl] Failed read from stream HAILO_STREAM_ABORT(63) (device: 0001:01:00.0)
[2026-04-23 16:18:03.979] [1140795] [HailoRT] [info] [edge_elements.cpp:396] [run_pull] Reading from stream was aborted!
[2026-04-23 16:18:03.980] [1140795] [HailoRT] [info] [queue_elements.cpp:738] [run_in_thread] run_pull of queue element PullQEl_hw_read1yolo26n/conv77 was aborted!
[2026-04-23 16:18:03.980] [1140795] [HailoRT] [info] [queue_elements.cpp:68] [operator()] Thread in element PullQEl_hw_read1yolo26n/conv77 is not running anymore, exiting..
[2026-04-23 16:18:03.980] [772335] [HailoRT] [info] [queue_elements.cpp:46] [~BaseQueueElement] Queue element PullQEl_hw_read1yolo26n/conv77 has 0 frames in his Queue on destruction
[2026-04-23 16:18:03.980] [1140796] [HailoRT] [info] [queue_elements.cpp:68] [operator()] Thread in element UserBuffQEl1yolo26n/conv77 is not running anymore, exiting..
[2026-04-23 16:18:03.980] [772335] [HailoRT] [info] [queue_elements.cpp:46] [~BaseQueueElement] Queue element UserBuffQEl1yolo26n/conv77 has 0 frames in his Queue on destruction
[2026-04-23 16:18:03.980] [1140797] [HailoRT] [info] [vdevice_native_stream.cpp:331] [read_impl] Failed read from stream HAILO_STREAM_ABORT(63) (device: 0001:01:00.0)
[2026-04-23 16:18:03.980] [1140798] [HailoRT] [info] [queue_elements.cpp:855] [run_in_thread] Shutdown event was signaled in dequeue of UserBuffQEl0yolo26n/conv80!
[2026-04-23 16:18:03.980] [1140797] [HailoRT] [info] [edge_elements.cpp:396] [run_pull] Reading from stream was aborted!
[2026-04-23 16:18:03.980] [1140797] [HailoRT] [info] [queue_elements.cpp:738] [run_in_thread] run_pull of queue element PullQEl_hw_read0yolo26n/conv80 was aborted!
[2026-04-23 16:18:03.980] [1140797] [HailoRT] [info] [queue_elements.cpp:68] [operator()] Thread in element PullQEl_hw_read0yolo26n/conv80 is not running anymore, exiting..
[2026-04-23 16:18:03.980] [772335] [HailoRT] [info] [queue_elements.cpp:46] [~BaseQueueElement] Queue element PullQEl_hw_read0yolo26n/conv80 has 0 frames in his Queue on destruction
[2026-04-23 16:18:03.980] [1140798] [HailoRT] [info] [queue_elements.cpp:68] [operator()] Thread in element UserBuffQEl0yolo26n/conv80 is not running anymore, exiting..
[2026-04-23 16:18:03.980] [772335] [HailoRT] [info] [queue_elements.cpp:46] [~BaseQueueElement] Queue element UserBuffQEl0yolo26n/conv80 has 0 frames in his Queue on destruction
[2026-04-23 16:18:03.980] [1140799] [HailoRT] [info] [vdevice_native_stream.cpp:331] [read_impl] Failed read from stream HAILO_STREAM_ABORT(63) (device: 0001:01:00.0)
[2026-04-23 16:18:03.980] [1140800] [HailoRT] [info] [queue_elements.cpp:855] [run_in_thread] Shutdown event was signaled in dequeue of UserBuffQEl1yolo26n/conv91!
[2026-04-23 16:18:03.980] [1140799] [HailoRT] [info] [edge_elements.cpp:396] [run_pull] Reading from stream was aborted!
[2026-04-23 16:18:03.980] [1140799] [HailoRT] [info] [queue_elements.cpp:738] [run_in_thread] run_pull of queue element PullQEl_hw_read1yolo26n/conv91 was aborted!
[2026-04-23 16:18:03.980] [1140799] [HailoRT] [info] [queue_elements.cpp:68] [operator()] Thread in element PullQEl_hw_read1yolo26n/conv91 is not running anymore, exiting..
[2026-04-23 16:18:03.980] [772335] [HailoRT] [info] [queue_elements.cpp:46] [~BaseQueueElement] Queue element PullQEl_hw_read1yolo26n/conv91 has 0 frames in his Queue on destruction
[2026-04-23 16:18:03.980] [1140800] [HailoRT] [info] [queue_elements.cpp:68] [operator()] Thread in element UserBuffQEl1yolo26n/conv91 is not running anymore, exiting..
[2026-04-23 16:18:03.980] [772335] [HailoRT] [info] [queue_elements.cpp:46] [~BaseQueueElement] Queue element UserBuffQEl1yolo26n/conv91 has 0 frames in his Queue on destruction
[2026-04-23 16:18:03.980] [1140801] [HailoRT] [info] [vdevice_native_stream.cpp:331] [read_impl] Failed read from stream HAILO_STREAM_ABORT(63) (device: 0001:01:00.0)
[2026-04-23 16:18:03.980] [1140802] [HailoRT] [info] [queue_elements.cpp:855] [run_in_thread] Shutdown event was signaled in dequeue of UserBuffQEl0yolo26n/conv94!
[2026-04-23 16:18:03.980] [1140801] [HailoRT] [info] [edge_elements.cpp:396] [run_pull] Reading from stream was aborted!
[2026-04-23 16:18:03.980] [1140801] [HailoRT] [info] [queue_elements.cpp:738] [run_in_thread] run_pull of queue element PullQEl_hw_read0yolo26n/conv94 was aborted!
[2026-04-23 16:18:03.980] [1140801] [HailoRT] [info] [queue_elements.cpp:68] [operator()] Thread in element PullQEl_hw_read0yolo26n/conv94 is not running anymore, exiting..
[2026-04-23 16:18:03.980] [772335] [HailoRT] [info] [queue_elements.cpp:46] [~BaseQueueElement] Queue element PullQEl_hw_read0yolo26n/conv94 has 0 frames in his Queue on destruction
[2026-04-23 16:18:03.980] [1140802] [HailoRT] [info] [queue_elements.cpp:68] [operator()] Thread in element UserBuffQEl0yolo26n/conv94 is not running anymore, exiting..
[2026-04-23 16:18:03.980] [772335] [HailoRT] [info] [queue_elements.cpp:46] [~BaseQueueElement] Queue element UserBuffQEl0yolo26n/conv94 has 0 frames in his Queue on destruction
[2026-04-23 16:18:03.980] [1140790] [HailoRT] [info] [queue_elements.cpp:68] [operator()] Thread in element PushQEl2yolo26n/input_layer1 is not running anymore, exiting..
[2026-04-23 16:18:03.980] [772335] [HailoRT] [info] [queue_elements.cpp:46] [~BaseQueueElement] Queue element PushQEl2yolo26n/input_layer1 has 0 frames in his Queue on destruction
[2026-04-23 16:18:03.980] [772335] [HailoRT] [info] [core_op.cpp:186] [deactivate] Deactivating took 0.431573 ms
[2026-04-23 16:18:03.980] [772335] [HailoRT] [info] [core_op.cpp:186] [deactivate] Deactivating took 0.441647 ms
[2026-04-23 16:18:03.986] [772335] [HailoRT] [info] [core_op.cpp:156] [activate] Activating arcface_mobilefacenet took 0.226462 milliseconds. Note that the function is asynchronous and thus the network is not fully activated yet.
[2026-04-23 16:18:03.986] [772335] [HailoRT] [info] [core_op.cpp:156] [activate] Activating arcface_mobilefacenet took 0.244332 milliseconds. Note that the function is asynchronous and thus the network is not fully activated yet.
[2026-04-23 16:18:03.986] [772335] [HailoRT] [info] [edge_elements.cpp:52] [create] Created (HwWriteEl1arcface_mobilefacenet/input_layer1 | hw_frame_size: 37632)
[2026-04-23 16:18:03.986] [772335] [HailoRT] [info] [vstream.cpp:754] [InputVStreamImpl] Creating arcface_mobilefacenet/input_layer1...
[2026-04-23 16:18:03.986] [772335] [HailoRT] [info] [vstream_builder.cpp:102] [create_inputs] Input pipeline 'arcface_mobilefacenet/input_layer1': (HwWriteEl1arcface_mobilefacenet/input_layer1 | hw_frame_size: 37632) >> HW
[2026-04-23 16:18:03.986] [772335] [HailoRT] [info] [edge_elements.cpp:287] [create] Created (HwReadEl0arcface_mobilefacenet/fc1 | hw_frame_size: 512)
[2026-04-23 16:18:03.986] [772335] [HailoRT] [info] [queue_elements.cpp:657] [create] Created (PullQEl_hw_read0arcface_mobilefacenet/fc1)
[2026-04-23 16:18:03.986] [772335] [HailoRT] [info] [filter_elements.cpp:372] [create] Created (PostInferEl0arcface_mobilefacenet/fc1 | Quantization - src_type: UINT8, dst_type FLOAT32, limvals_min: -2.41025, limvals_max: 1.8579)
[2026-04-23 16:18:03.986] [772335] [HailoRT] [info] [queue_elements.cpp:800] [create] Created (UserBuffQEl0arcface_mobilefacenet/fc1 | timeout: 10s)
[2026-04-23 16:18:03.986] [772335] [HailoRT] [info] [vstream.cpp:1114] [OutputVStreamImpl] Creating arcface_mobilefacenet/fc1...
[2026-04-23 16:18:03.986] [772335] [HailoRT] [info] [vstream_builder.cpp:220] [create_outputs] Output pipeline 'arcface_mobilefacenet/fc1': HW >> (HwReadEl0arcface_mobilefacenet/fc1 | hw_frame_size: 512) >> (PullQEl_hw_read0arcface_mobilefacenet/fc1) >> (PostInferEl0arcface_mobilefacenet/fc1 | Quantization - src_type: UINT8, dst_type FLOAT32, limvals_min: -2.41025, limvals_max: 1.8579) >> (UserBuffQEl0arcface_mobilefacenet/fc1 | timeout: 10s)
[2026-04-23 16:18:03.992] [1140811] [HailoRT] [info] [queue_elements.cpp:855] [run_in_thread] Shutdown event was signaled in dequeue of UserBuffQEl0arcface_mobilefacenet/fc1!
[2026-04-23 16:18:03.992] [1140810] [HailoRT] [info] [vdevice_native_stream.cpp:331] [read_impl] Failed read from stream HAILO_STREAM_ABORT(63) (device: 0001:01:00.0)
[2026-04-23 16:18:03.992] [1140810] [HailoRT] [info] [edge_elements.cpp:396] [run_pull] Reading from stream was aborted!
[2026-04-23 16:18:03.992] [1140810] [HailoRT] [info] [queue_elements.cpp:738] [run_in_thread] run_pull of queue element PullQEl_hw_read0arcface_mobilefacenet/fc1 was aborted!
[2026-04-23 16:18:03.992] [1140810] [HailoRT] [info] [queue_elements.cpp:68] [operator()] Thread in element PullQEl_hw_read0arcface_mobilefacenet/fc1 is not running anymore, exiting..
[2026-04-23 16:18:03.992] [772335] [HailoRT] [info] [queue_elements.cpp:46] [~BaseQueueElement] Queue element PullQEl_hw_read0arcface_mobilefacenet/fc1 has 0 frames in his Queue on destruction
[2026-04-23 16:18:03.992] [1140811] [HailoRT] [info] [queue_elements.cpp:68] [operator()] Thread in element UserBuffQEl0arcface_mobilefacenet/fc1 is not running anymore, exiting..
[2026-04-23 16:18:03.992] [772335] [HailoRT] [info] [queue_elements.cpp:46] [~BaseQueueElement] Queue element UserBuffQEl0arcface_mobilefacenet/fc1 has 0 frames in his Queue on destruction
[2026-04-23 16:18:03.993] [772335] [HailoRT] [info] [core_op.cpp:186] [deactivate] Deactivating took 0.358463 ms
[2026-04-23 16:18:03.993] [772335] [HailoRT] [info] [core_op.cpp:186] [deactivate] Deactivating took 0.366166 ms
[2026-04-23 16:18:04.002] [772335] [HailoRT] [info] [core_op.cpp:156] [activate] Activating yolo26n took 0.47474 milliseconds. Note that the function is asynchronous and thus the network is not fully activated yet.
[2026-04-23 16:18:04.002] [772335] [HailoRT] [info] [core_op.cpp:156] [activate] Activating yolo26n took 0.505388 milliseconds. Note that the function is asynchronous and thus the network is not fully activated yet.
[2026-04-23 16:18:04.002] [772335] [HailoRT] [info] [edge_elements.cpp:52] [create] Created (HwWriteEl2yolo26n/input_layer1 | hw_frame_size: 1228800)
[2026-04-23 16:18:04.002] [772335] [HailoRT] [info] [queue_elements.cpp:284] [create] Created (PushQEl2yolo26n/input_layer1 | timeout: 10s)
[2026-04-23 16:18:04.002] [772335] [HailoRT] [info] [filter_elements.cpp:101] [create] Created (PreInferEl2yolo26n/input_layer1 | Reorder - src_order: NHWC, src_shape: (640, 640, 3), dst_order: NHCW, dst_shape: (640, 640, 3))
[2026-04-23 16:18:04.002] [772335] [HailoRT] [info] [vstream.cpp:754] [InputVStreamImpl] Creating yolo26n/input_layer1...
[2026-04-23 16:18:04.002] [772335] [HailoRT] [info] [vstream_builder.cpp:102] [create_inputs] Input pipeline 'yolo26n/input_layer1': (PreInferEl2yolo26n/input_layer1 | Reorder - src_order: NHWC, src_shape: (640, 640, 3), dst_order: NHCW, dst_shape: (640, 640, 3)) >> (PushQEl2yolo26n/input_layer1 | timeout: 10s) >> (HwWriteEl2yolo26n/input_layer1 | hw_frame_size: 1228800) >> HW
[2026-04-23 16:18:04.002] [772335] [HailoRT] [info] [edge_elements.cpp:287] [create] Created (HwReadEl3yolo26n/conv61 | hw_frame_size: 25600)
[2026-04-23 16:18:04.002] [772335] [HailoRT] [info] [queue_elements.cpp:657] [create] Created (PullQEl_hw_read3yolo26n/conv61)
[2026-04-23 16:18:04.002] [772335] [HailoRT] [info] [filter_elements.cpp:372] [create] Created (PostInferEl3yolo26n/conv61 | Quantization - src_type: UINT8, dst_type FLOAT32, limvals_min: -0.468035, limvals_max: 6.99127)
[2026-04-23 16:18:04.002] [772335] [HailoRT] [info] [queue_elements.cpp:800] [create] Created (UserBuffQEl3yolo26n/conv61 | timeout: 10s)
[2026-04-23 16:18:04.002] [772335] [HailoRT] [info] [vstream.cpp:1114] [OutputVStreamImpl] Creating yolo26n/conv61...
[2026-04-23 16:18:04.002] [772335] [HailoRT] [info] [vstream_builder.cpp:220] [create_outputs] Output pipeline 'yolo26n/conv61': HW >> (HwReadEl3yolo26n/conv61 | hw_frame_size: 25600) >> (PullQEl_hw_read3yolo26n/conv61) >> (PostInferEl3yolo26n/conv61 | Quantization - src_type: UINT8, dst_type FLOAT32, limvals_min: -0.468035, limvals_max: 6.99127) >> (UserBuffQEl3yolo26n/conv61 | timeout: 10s)
[2026-04-23 16:18:04.002] [772335] [HailoRT] [info] [edge_elements.cpp:287] [create] Created (HwReadEl2yolo26n/conv64 | hw_frame_size: 6400)
[2026-04-23 16:18:04.002] [772335] [HailoRT] [info] [queue_elements.cpp:657] [create] Created (PullQEl_hw_read2yolo26n/conv64)
[2026-04-23 16:18:04.002] [772335] [HailoRT] [info] [filter_elements.cpp:372] [create] Created (PostInferEl2yolo26n/conv64 | Quantization - src_type: UINT8, dst_type FLOAT32, limvals_min: -161.763, limvals_max: 2.5779)
[2026-04-23 16:18:04.002] [772335] [HailoRT] [info] [queue_elements.cpp:800] [create] Created (UserBuffQEl2yolo26n/conv64 | timeout: 10s)
[2026-04-23 16:18:04.002] [772335] [HailoRT] [info] [vstream.cpp:1114] [OutputVStreamImpl] Creating yolo26n/conv64...
[2026-04-23 16:18:04.002] [772335] [HailoRT] [info] [vstream_builder.cpp:220] [create_outputs] Output pipeline 'yolo26n/conv64': HW >> (HwReadEl2yolo26n/conv64 | hw_frame_size: 6400) >> (PullQEl_hw_read2yolo26n/conv64) >> (PostInferEl2yolo26n/conv64 | Quantization - src_type: UINT8, dst_type FLOAT32, limvals_min: -161.763, limvals_max: 2.5779) >> (UserBuffQEl2yolo26n/conv64 | timeout: 10s)
[2026-04-23 16:18:04.002] [772335] [HailoRT] [info] [edge_elements.cpp:287] [create] Created (HwReadEl1yolo26n/conv77 | hw_frame_size: 6400)
[2026-04-23 16:18:04.003] [772335] [HailoRT] [info] [queue_elements.cpp:657] [create] Created (PullQEl_hw_read1yolo26n/conv77)
[2026-04-23 16:18:04.003] [772335] [HailoRT] [info] [filter_elements.cpp:372] [create] Created (PostInferEl1yolo26n/conv77 | Quantization - src_type: UINT8, dst_type FLOAT32, limvals_min: -0.560223, limvals_max: 15.3127)
[2026-04-23 16:18:04.003] [772335] [HailoRT] [info] [queue_elements.cpp:800] [create] Created (UserBuffQEl1yolo26n/conv77 | timeout: 10s)
[2026-04-23 16:18:04.003] [772335] [HailoRT] [info] [vstream.cpp:1114] [OutputVStreamImpl] Creating yolo26n/conv77...
[2026-04-23 16:18:04.003] [772335] [HailoRT] [info] [vstream_builder.cpp:220] [create_outputs] Output pipeline 'yolo26n/conv77': HW >> (HwReadEl1yolo26n/conv77 | hw_frame_size: 6400) >> (PullQEl_hw_read1yolo26n/conv77) >> (PostInferEl1yolo26n/conv77 | Quantization - src_type: UINT8, dst_type FLOAT32, limvals_min: -0.560223, limvals_max: 15.3127) >> (UserBuffQEl1yolo26n/conv77 | timeout: 10s)
[2026-04-23 16:18:04.003] [772335] [HailoRT] [info] [edge_elements.cpp:287] [create] Created (HwReadEl0yolo26n/conv80 | hw_frame_size: 1600)
[2026-04-23 16:18:04.003] [772335] [HailoRT] [info] [queue_elements.cpp:657] [create] Created (PullQEl_hw_read0yolo26n/conv80)
[2026-04-23 16:18:04.003] [772335] [HailoRT] [info] [filter_elements.cpp:372] [create] Created (PostInferEl0yolo26n/conv80 | Quantization - src_type: UINT8, dst_type FLOAT32, limvals_min: -204.998, limvals_max: 2.44045)
[2026-04-23 16:18:04.003] [772335] [HailoRT] [info] [queue_elements.cpp:800] [create] Created (UserBuffQEl0yolo26n/conv80 | timeout: 10s)
[2026-04-23 16:18:04.003] [772335] [HailoRT] [info] [vstream.cpp:1114] [OutputVStreamImpl] Creating yolo26n/conv80...
[2026-04-23 16:18:04.003] [772335] [HailoRT] [info] [vstream_builder.cpp:220] [create_outputs] Output pipeline 'yolo26n/conv80': HW >> (HwReadEl0yolo26n/conv80 | hw_frame_size: 1600) >> (PullQEl_hw_read0yolo26n/conv80) >> (PostInferEl0yolo26n/conv80 | Quantization - src_type: UINT8, dst_type FLOAT32, limvals_min: -204.998, limvals_max: 2.44045) >> (UserBuffQEl0yolo26n/conv80 | timeout: 10s)
[2026-04-23 16:18:04.003] [772335] [HailoRT] [info] [edge_elements.cpp:287] [create] Created (HwReadEl1yolo26n/conv91 | hw_frame_size: 3200)
[2026-04-23 16:18:04.003] [772335] [HailoRT] [info] [queue_elements.cpp:657] [create] Created (PullQEl_hw_read1yolo26n/conv91)
[2026-04-23 16:18:04.003] [772335] [HailoRT] [info] [filter_elements.cpp:372] [create] Created (PostInferEl1yolo26n/conv91 | Quantization - src_type: UINT8, dst_type FLOAT32, limvals_min: 0, limvals_max: 14.2269 | Reorder - src_order: FCR, src_shape: (20, 20, 8), dst_order: FCR, dst_shape: (20, 20, 4))
[2026-04-23 16:18:04.003] [772335] [HailoRT] [info] [queue_elements.cpp:800] [create] Created (UserBuffQEl1yolo26n/conv91 | timeout: 10s)
[2026-04-23 16:18:04.003] [772335] [HailoRT] [info] [vstream.cpp:1114] [OutputVStreamImpl] Creating yolo26n/conv91...
[2026-04-23 16:18:04.003] [772335] [HailoRT] [info] [vstream_builder.cpp:220] [create_outputs] Output pipeline 'yolo26n/conv91': HW >> (HwReadEl1yolo26n/conv91 | hw_frame_size: 3200) >> (PullQEl_hw_read1yolo26n/conv91) >> (PostInferEl1yolo26n/conv91 | Quantization - src_type: UINT8, dst_type FLOAT32, limvals_min: 0, limvals_max: 14.2269 | Reorder - src_order: FCR, src_shape: (20, 20, 8), dst_order: FCR, dst_shape: (20, 20, 4)) >> (UserBuffQEl1yolo26n/conv91 | timeout: 10s)
[2026-04-23 16:18:04.003] [772335] [HailoRT] [info] [edge_elements.cpp:287] [create] Created (HwReadEl0yolo26n/conv94 | hw_frame_size: 3200)
[2026-04-23 16:18:04.003] [772335] [HailoRT] [info] [queue_elements.cpp:657] [create] Created (PullQEl_hw_read0yolo26n/conv94)
[2026-04-23 16:18:04.003] [772335] [HailoRT] [info] [filter_elements.cpp:372] [create] Created (PostInferEl0yolo26n/conv94 | Quantization - src_type: UINT8, dst_type FLOAT32, limvals_min: -155.797, limvals_max: 3.11594 | Reorder - src_order: FCR, src_shape: (20, 20, 8), dst_order: FCR, dst_shape: (20, 20, 1))
[2026-04-23 16:18:04.003] [772335] [HailoRT] [info] [queue_elements.cpp:800] [create] Created (UserBuffQEl0yolo26n/conv94 | timeout: 10s)
[2026-04-23 16:18:04.003] [772335] [HailoRT] [info] [vstream.cpp:1114] [OutputVStreamImpl] Creating yolo26n/conv94...
[2026-04-23 16:18:04.003] [772335] [HailoRT] [info] [vstream_builder.cpp:220] [create_outputs] Output pipeline 'yolo26n/conv94': HW >> (HwReadEl0yolo26n/conv94 | hw_frame_size: 3200) >> (PullQEl_hw_read0yolo26n/conv94) >> (PostInferEl0yolo26n/conv94 | Quantization - src_type: UINT8, dst_type FLOAT32, limvals_min: -155.797, limvals_max: 3.11594 | Reorder - src_order: FCR, src_shape: (20, 20, 8), dst_order: FCR, dst_shape: (20, 20, 1)) >> (UserBuffQEl0yolo26n/conv94 | timeout: 10s)
[2026-04-23 16:18:04.014] [1140816] [HailoRT] [info] [queue_elements.cpp:855] [run_in_thread] Shutdown event was signaled in dequeue of UserBuffQEl3yolo26n/conv61!
[2026-04-23 16:18:04.014] [1140815] [HailoRT] [info] [vdevice_native_stream.cpp:331] [read_impl] Failed read from stream HAILO_STREAM_ABORT(63) (device: 0001:01:00.0)
[2026-04-23 16:18:04.014] [1140815] [HailoRT] [info] [edge_elements.cpp:396] [run_pull] Reading from stream was aborted!
[2026-04-23 16:18:04.014] [1140815] [HailoRT] [info] [queue_elements.cpp:738] [run_in_thread] run_pull of queue element PullQEl_hw_read3yolo26n/conv61 was aborted!
[2026-04-23 16:18:04.014] [1140815] [HailoRT] [info] [queue_elements.cpp:68] [operator()] Thread in element PullQEl_hw_read3yolo26n/conv61 is not running anymore, exiting..
[2026-04-23 16:18:04.014] [772335] [HailoRT] [info] [queue_elements.cpp:46] [~BaseQueueElement] Queue element PullQEl_hw_read3yolo26n/conv61 has 0 frames in his Queue on destruction
[2026-04-23 16:18:04.015] [1140816] [HailoRT] [info] [queue_elements.cpp:68] [operator()] Thread in element UserBuffQEl3yolo26n/conv61 is not running anymore, exiting..
[2026-04-23 16:18:04.015] [772335] [HailoRT] [info] [queue_elements.cpp:46] [~BaseQueueElement] Queue element UserBuffQEl3yolo26n/conv61 has 0 frames in his Queue on destruction
[2026-04-23 16:18:04.015] [1140818] [HailoRT] [info] [queue_elements.cpp:855] [run_in_thread] Shutdown event was signaled in dequeue of UserBuffQEl2yolo26n/conv64!
[2026-04-23 16:18:04.015] [1140817] [HailoRT] [info] [vdevice_native_stream.cpp:331] [read_impl] Failed read from stream HAILO_STREAM_ABORT(63) (device: 0001:01:00.0)
[2026-04-23 16:18:04.015] [1140817] [HailoRT] [info] [edge_elements.cpp:396] [run_pull] Reading from stream was aborted!
[2026-04-23 16:18:04.015] [1140817] [HailoRT] [info] [queue_elements.cpp:738] [run_in_thread] run_pull of queue element PullQEl_hw_read2yolo26n/conv64 was aborted!
[2026-04-23 16:18:04.015] [1140817] [HailoRT] [info] [queue_elements.cpp:68] [operator()] Thread in element PullQEl_hw_read2yolo26n/conv64 is not running anymore, exiting..
[2026-04-23 16:18:04.015] [772335] [HailoRT] [info] [queue_elements.cpp:46] [~BaseQueueElement] Queue element PullQEl_hw_read2yolo26n/conv64 has 0 frames in his Queue on destruction
[2026-04-23 16:18:04.015] [1140818] [HailoRT] [info] [queue_elements.cpp:68] [operator()] Thread in element UserBuffQEl2yolo26n/conv64 is not running anymore, exiting..
[2026-04-23 16:18:04.015] [772335] [HailoRT] [info] [queue_elements.cpp:46] [~BaseQueueElement] Queue element UserBuffQEl2yolo26n/conv64 has 0 frames in his Queue on destruction
[2026-04-23 16:18:04.015] [1140819] [HailoRT] [info] [vdevice_native_stream.cpp:331] [read_impl] Failed read from stream HAILO_STREAM_ABORT(63) (device: 0001:01:00.0)
[2026-04-23 16:18:04.015] [1140819] [HailoRT] [info] [edge_elements.cpp:396] [run_pull] Reading from stream was aborted!
[2026-04-23 16:18:04.015] [1140819] [HailoRT] [info] [queue_elements.cpp:738] [run_in_thread] run_pull of queue element PullQEl_hw_read1yolo26n/conv77 was aborted!
[2026-04-23 16:18:04.015] [1140820] [HailoRT] [info] [queue_elements.cpp:855] [run_in_thread] Shutdown event was signaled in dequeue of UserBuffQEl1yolo26n/conv77!
[2026-04-23 16:18:04.015] [1140819] [HailoRT] [info] [queue_elements.cpp:68] [operator()] Thread in element PullQEl_hw_read1yolo26n/conv77 is not running anymore, exiting..
[2026-04-23 16:18:04.015] [772335] [HailoRT] [info] [queue_elements.cpp:46] [~BaseQueueElement] Queue element PullQEl_hw_read1yolo26n/conv77 has 0 frames in his Queue on destruction
[2026-04-23 16:18:04.015] [1140820] [HailoRT] [info] [queue_elements.cpp:68] [operator()] Thread in element UserBuffQEl1yolo26n/conv77 is not running anymore, exiting..
[2026-04-23 16:18:04.015] [772335] [HailoRT] [info] [queue_elements.cpp:46] [~BaseQueueElement] Queue element UserBuffQEl1yolo26n/conv77 has 0 frames in his Queue on destruction
[2026-04-23 16:18:04.015] [1140821] [HailoRT] [info] [vdevice_native_stream.cpp:331] [read_impl] Failed read from stream HAILO_STREAM_ABORT(63) (device: 0001:01:00.0)
[2026-04-23 16:18:04.015] [1140821] [HailoRT] [info] [edge_elements.cpp:396] [run_pull] Reading from stream was aborted!
[2026-04-23 16:18:04.015] [1140822] [HailoRT] [info] [queue_elements.cpp:855] [run_in_thread] Shutdown event was signaled in dequeue of UserBuffQEl0yolo26n/conv80!
[2026-04-23 16:18:04.015] [1140821] [HailoRT] [info] [queue_elements.cpp:738] [run_in_thread] run_pull of queue element PullQEl_hw_read0yolo26n/conv80 was aborted!
[2026-04-23 16:18:04.015] [1140821] [HailoRT] [info] [queue_elements.cpp:68] [operator()] Thread in element PullQEl_hw_read0yolo26n/conv80 is not running anymore, exiting..
[2026-04-23 16:18:04.015] [772335] [HailoRT] [info] [queue_elements.cpp:46] [~BaseQueueElement] Queue element PullQEl_hw_read0yolo26n/conv80 has 0 frames in his Queue on destruction
[2026-04-23 16:18:04.015] [1140822] [HailoRT] [info] [queue_elements.cpp:68] [operator()] Thread in element UserBuffQEl0yolo26n/conv80 is not running anymore, exiting..
[2026-04-23 16:18:04.015] [772335] [HailoRT] [info] [queue_elements.cpp:46] [~BaseQueueElement] Queue element UserBuffQEl0yolo26n/conv80 has 0 frames in his Queue on destruction
[2026-04-23 16:18:04.015] [1140823] [HailoRT] [info] [vdevice_native_stream.cpp:331] [read_impl] Failed read from stream HAILO_STREAM_ABORT(63) (device: 0001:01:00.0)
[2026-04-23 16:18:04.015] [1140824] [HailoRT] [info] [queue_elements.cpp:855] [run_in_thread] Shutdown event was signaled in dequeue of UserBuffQEl1yolo26n/conv91!
[2026-04-23 16:18:04.015] [1140823] [HailoRT] [info] [edge_elements.cpp:396] [run_pull] Reading from stream was aborted!
[2026-04-23 16:18:04.015] [1140823] [HailoRT] [info] [queue_elements.cpp:738] [run_in_thread] run_pull of queue element PullQEl_hw_read1yolo26n/conv91 was aborted!
[2026-04-23 16:18:04.015] [1140823] [HailoRT] [info] [queue_elements.cpp:68] [operator()] Thread in element PullQEl_hw_read1yolo26n/conv91 is not running anymore, exiting..
[2026-04-23 16:18:04.015] [772335] [HailoRT] [info] [queue_elements.cpp:46] [~BaseQueueElement] Queue element PullQEl_hw_read1yolo26n/conv91 has 0 frames in his Queue on destruction
[2026-04-23 16:18:04.015] [1140824] [HailoRT] [info] [queue_elements.cpp:68] [operator()] Thread in element UserBuffQEl1yolo26n/conv91 is not running anymore, exiting..
[2026-04-23 16:18:04.015] [772335] [HailoRT] [info] [queue_elements.cpp:46] [~BaseQueueElement] Queue element UserBuffQEl1yolo26n/conv91 has 0 frames in his Queue on destruction
[2026-04-23 16:18:04.015] [1140825] [HailoRT] [info] [vdevice_native_stream.cpp:331] [read_impl] Failed read from stream HAILO_STREAM_ABORT(63) (device: 0001:01:00.0)
[2026-04-23 16:18:04.015] [1140825] [HailoRT] [info] [edge_elements.cpp:396] [run_pull] Reading from stream was aborted!
[2026-04-23 16:18:04.015] [1140826] [HailoRT] [info] [queue_elements.cpp:855] [run_in_thread] Shutdown event was signaled in dequeue of UserBuffQEl0yolo26n/conv94!
[2026-04-23 16:18:04.015] [1140825] [HailoRT] [info] [queue_elements.cpp:738] [run_in_thread] run_pull of queue element PullQEl_hw_read0yolo26n/conv94 was aborted!
[2026-04-23 16:18:04.015] [1140825] [HailoRT] [info] [queue_elements.cpp:68] [operator()] Thread in element PullQEl_hw_read0yolo26n/conv94 is not running anymore, exiting..
[2026-04-23 16:18:04.015] [772335] [HailoRT] [info] [queue_elements.cpp:46] [~BaseQueueElement] Queue element PullQEl_hw_read0yolo26n/conv94 has 0 frames in his Queue on destruction
[2026-04-23 16:18:04.015] [1140826] [HailoRT] [info] [queue_elements.cpp:68] [operator()] Thread in element UserBuffQEl0yolo26n/conv94 is not running anymore, exiting..
[2026-04-23 16:18:04.015] [772335] [HailoRT] [info] [queue_elements.cpp:46] [~BaseQueueElement] Queue element UserBuffQEl0yolo26n/conv94 has 0 frames in his Queue on destruction
[2026-04-23 16:18:04.015] [1140814] [HailoRT] [info] [queue_elements.cpp:68] [operator()] Thread in element PushQEl2yolo26n/input_layer1 is not running anymore, exiting..
[2026-04-23 16:18:04.015] [772335] [HailoRT] [info] [queue_elements.cpp:46] [~BaseQueueElement] Queue element PushQEl2yolo26n/input_layer1 has 0 frames in his Queue on destruction
[2026-04-23 16:18:04.016] [772335] [HailoRT] [info] [core_op.cpp:186] [deactivate] Deactivating took 0.500424 ms
[2026-04-23 16:18:04.016] [772335] [HailoRT] [info] [core_op.cpp:186] [deactivate] Deactivating took 0.510184 ms
[2026-04-23 16:18:04.021] [772335] [HailoRT] [info] [core_op.cpp:156] [activate] Activating arcface_mobilefacenet took 0.21937 milliseconds. Note that the function is asynchronous and thus the network is not fully activated yet.
[2026-04-23 16:18:04.021] [772335] [HailoRT] [info] [core_op.cpp:156] [activate] Activating arcface_mobilefacenet took 0.284536 milliseconds. Note that the function is asynchronous and thus the network is not fully activated yet.
[2026-04-23 16:18:04.021] [772335] [HailoRT] [info] [edge_elements.cpp:52] [create] Created (HwWriteEl1arcface_mobilefacenet/input_layer1 | hw_frame_size: 37632)
[2026-04-23 16:18:04.021] [772335] [HailoRT] [info] [vstream.cpp:754] [InputVStreamImpl] Creating arcface_mobilefacenet/input_layer1...
[2026-04-23 16:18:04.021] [772335] [HailoRT] [info] [vstream_builder.cpp:102] [create_inputs] Input pipeline 'arcface_mobilefacenet/input_layer1': (HwWriteEl1arcface_mobilefacenet/input_layer1 | hw_frame_size: 37632) >> HW
[2026-04-23 16:18:04.022] [772335] [HailoRT] [info] [edge_elements.cpp:287] [create] Created (HwReadEl0arcface_mobilefacenet/fc1 | hw_frame_size: 512)
[2026-04-23 16:18:04.022] [772335] [HailoRT] [info] [queue_elements.cpp:657] [create] Created (PullQEl_hw_read0arcface_mobilefacenet/fc1)
[2026-04-23 16:18:04.022] [772335] [HailoRT] [info] [filter_elements.cpp:372] [create] Created (PostInferEl0arcface_mobilefacenet/fc1 | Quantization - src_type: UINT8, dst_type FLOAT32, limvals_min: -2.41025, limvals_max: 1.8579)
[2026-04-23 16:18:04.022] [772335] [HailoRT] [info] [queue_elements.cpp:800] [create] Created (UserBuffQEl0arcface_mobilefacenet/fc1 | timeout: 10s)
[2026-04-23 16:18:04.022] [772335] [HailoRT] [info] [vstream.cpp:1114] [OutputVStreamImpl] Creating arcface_mobilefacenet/fc1...
[2026-04-23 16:18:04.022] [772335] [HailoRT] [info] [vstream_builder.cpp:220] [create_outputs] Output pipeline 'arcface_mobilefacenet/fc1': HW >> (HwReadEl0arcface_mobilefacenet/fc1 | hw_frame_size: 512) >> (PullQEl_hw_read0arcface_mobilefacenet/fc1) >> (PostInferEl0arcface_mobilefacenet/fc1 | Quantization - src_type: UINT8, dst_type FLOAT32, limvals_min: -2.41025, limvals_max: 1.8579) >> (UserBuffQEl0arcface_mobilefacenet/fc1 | timeout: 10s)
[2026-04-23 16:18:04.028] [1140835] [HailoRT] [info] [queue_elements.cpp:855] [run_in_thread] Shutdown event was signaled in dequeue of UserBuffQEl0arcface_mobilefacenet/fc1!
[2026-04-23 16:18:04.028] [1140834] [HailoRT] [info] [vdevice_native_stream.cpp:331] [read_impl] Failed read from stream HAILO_STREAM_ABORT(63) (device: 0001:01:00.0)
[2026-04-23 16:18:04.028] [1140834] [HailoRT] [info] [edge_elements.cpp:396] [run_pull] Reading from stream was aborted!
[2026-04-23 16:18:04.028] [1140834] [HailoRT] [info] [queue_elements.cpp:738] [run_in_thread] run_pull of queue element PullQEl_hw_read0arcface_mobilefacenet/fc1 was aborted!
[2026-04-23 16:18:04.028] [1140834] [HailoRT] [info] [queue_elements.cpp:68] [operator()] Thread in element PullQEl_hw_read0arcface_mobilefacenet/fc1 is not running anymore, exiting..
[2026-04-23 16:18:04.028] [772335] [HailoRT] [info] [queue_elements.cpp:46] [~BaseQueueElement] Queue element PullQEl_hw_read0arcface_mobilefacenet/fc1 has 0 frames in his Queue on destruction
[2026-04-23 16:18:04.028] [1140835] [HailoRT] [info] [queue_elements.cpp:68] [operator()] Thread in element UserBuffQEl0arcface_mobilefacenet/fc1 is not running anymore, exiting..
[2026-04-23 16:18:04.028] [772335] [HailoRT] [info] [queue_elements.cpp:46] [~BaseQueueElement] Queue element UserBuffQEl0arcface_mobilefacenet/fc1 has 0 frames in his Queue on destruction
[2026-04-23 16:18:04.028] [772335] [HailoRT] [info] [core_op.cpp:186] [deactivate] Deactivating took 0.359777 ms
[2026-04-23 16:18:04.028] [772335] [HailoRT] [info] [core_op.cpp:186] [deactivate] Deactivating took 0.367758 ms
[2026-04-23 16:18:04.038] [772335] [HailoRT] [info] [core_op.cpp:156] [activate] Activating yolo26n took 0.476369 milliseconds. Note that the function is asynchronous and thus the network is not fully activated yet.
[2026-04-23 16:18:04.038] [772335] [HailoRT] [info] [core_op.cpp:156] [activate] Activating yolo26n took 0.50061 milliseconds. Note that the function is asynchronous and thus the network is not fully activated yet.
[2026-04-23 16:18:04.039] [772335] [HailoRT] [info] [edge_elements.cpp:52] [create] Created (HwWriteEl2yolo26n/input_layer1 | hw_frame_size: 1228800)
[2026-04-23 16:18:04.039] [772335] [HailoRT] [info] [queue_elements.cpp:284] [create] Created (PushQEl2yolo26n/input_layer1 | timeout: 10s)
[2026-04-23 16:18:04.039] [772335] [HailoRT] [info] [filter_elements.cpp:101] [create] Created (PreInferEl2yolo26n/input_layer1 | Reorder - src_order: NHWC, src_shape: (640, 640, 3), dst_order: NHCW, dst_shape: (640, 640, 3))
[2026-04-23 16:18:04.039] [772335] [HailoRT] [info] [vstream.cpp:754] [InputVStreamImpl] Creating yolo26n/input_layer1...
[2026-04-23 16:18:04.039] [772335] [HailoRT] [info] [vstream_builder.cpp:102] [create_inputs] Input pipeline 'yolo26n/input_layer1': (PreInferEl2yolo26n/input_layer1 | Reorder - src_order: NHWC, src_shape: (640, 640, 3), dst_order: NHCW, dst_shape: (640, 640, 3)) >> (PushQEl2yolo26n/input_layer1 | timeout: 10s) >> (HwWriteEl2yolo26n/input_layer1 | hw_frame_size: 1228800) >> HW
[2026-04-23 16:18:04.039] [772335] [HailoRT] [info] [edge_elements.cpp:287] [create] Created (HwReadEl3yolo26n/conv61 | hw_frame_size: 25600)
[2026-04-23 16:18:04.039] [772335] [HailoRT] [info] [queue_elements.cpp:657] [create] Created (PullQEl_hw_read3yolo26n/conv61)
[2026-04-23 16:18:04.039] [772335] [HailoRT] [info] [filter_elements.cpp:372] [create] Created (PostInferEl3yolo26n/conv61 | Quantization - src_type: UINT8, dst_type FLOAT32, limvals_min: -0.468035, limvals_max: 6.99127)
[2026-04-23 16:18:04.039] [772335] [HailoRT] [info] [queue_elements.cpp:800] [create] Created (UserBuffQEl3yolo26n/conv61 | timeout: 10s)
[2026-04-23 16:18:04.039] [772335] [HailoRT] [info] [vstream.cpp:1114] [OutputVStreamImpl] Creating yolo26n/conv61...
[2026-04-23 16:18:04.039] [772335] [HailoRT] [info] [vstream_builder.cpp:220] [create_outputs] Output pipeline 'yolo26n/conv61': HW >> (HwReadEl3yolo26n/conv61 | hw_frame_size: 25600) >> (PullQEl_hw_read3yolo26n/conv61) >> (PostInferEl3yolo26n/conv61 | Quantization - src_type: UINT8, dst_type FLOAT32, limvals_min: -0.468035, limvals_max: 6.99127) >> (UserBuffQEl3yolo26n/conv61 | timeout: 10s)
[2026-04-23 16:18:04.039] [772335] [HailoRT] [info] [edge_elements.cpp:287] [create] Created (HwReadEl2yolo26n/conv64 | hw_frame_size: 6400)
[2026-04-23 16:18:04.039] [772335] [HailoRT] [info] [queue_elements.cpp:657] [create] Created (PullQEl_hw_read2yolo26n/conv64)
[2026-04-23 16:18:04.039] [772335] [HailoRT] [info] [filter_elements.cpp:372] [create] Created (PostInferEl2yolo26n/conv64 | Quantization - src_type: UINT8, dst_type FLOAT32, limvals_min: -161.763, limvals_max: 2.5779)
[2026-04-23 16:18:04.039] [772335] [HailoRT] [info] [queue_elements.cpp:800] [create] Created (UserBuffQEl2yolo26n/conv64 | timeout: 10s)
[2026-04-23 16:18:04.039] [772335] [HailoRT] [info] [vstream.cpp:1114] [OutputVStreamImpl] Creating yolo26n/conv64...
[2026-04-23 16:18:04.039] [772335] [HailoRT] [info] [vstream_builder.cpp:220] [create_outputs] Output pipeline 'yolo26n/conv64': HW >> (HwReadEl2yolo26n/conv64 | hw_frame_size: 6400) >> (PullQEl_hw_read2yolo26n/conv64) >> (PostInferEl2yolo26n/conv64 | Quantization - src_type: UINT8, dst_type FLOAT32, limvals_min: -161.763, limvals_max: 2.5779) >> (UserBuffQEl2yolo26n/conv64 | timeout: 10s)
[2026-04-23 16:18:04.039] [772335] [HailoRT] [info] [edge_elements.cpp:287] [create] Created (HwReadEl1yolo26n/conv77 | hw_frame_size: 6400)
[2026-04-23 16:18:04.039] [772335] [HailoRT] [info] [queue_elements.cpp:657] [create] Created (PullQEl_hw_read1yolo26n/conv77)
[2026-04-23 16:18:04.039] [772335] [HailoRT] [info] [filter_elements.cpp:372] [create] Created (PostInferEl1yolo26n/conv77 | Quantization - src_type: UINT8, dst_type FLOAT32, limvals_min: -0.560223, limvals_max: 15.3127)
[2026-04-23 16:18:04.039] [772335] [HailoRT] [info] [queue_elements.cpp:800] [create] Created (UserBuffQEl1yolo26n/conv77 | timeout: 10s)
[2026-04-23 16:18:04.039] [772335] [HailoRT] [info] [vstream.cpp:1114] [OutputVStreamImpl] Creating yolo26n/conv77...
[2026-04-23 16:18:04.039] [772335] [HailoRT] [info] [vstream_builder.cpp:220] [create_outputs] Output pipeline 'yolo26n/conv77': HW >> (HwReadEl1yolo26n/conv77 | hw_frame_size: 6400) >> (PullQEl_hw_read1yolo26n/conv77) >> (PostInferEl1yolo26n/conv77 | Quantization - src_type: UINT8, dst_type FLOAT32, limvals_min: -0.560223, limvals_max: 15.3127) >> (UserBuffQEl1yolo26n/conv77 | timeout: 10s)
[2026-04-23 16:18:04.039] [772335] [HailoRT] [info] [edge_elements.cpp:287] [create] Created (HwReadEl0yolo26n/conv80 | hw_frame_size: 1600)
[2026-04-23 16:18:04.039] [772335] [HailoRT] [info] [queue_elements.cpp:657] [create] Created (PullQEl_hw_read0yolo26n/conv80)
[2026-04-23 16:18:04.039] [772335] [HailoRT] [info] [filter_elements.cpp:372] [create] Created (PostInferEl0yolo26n/conv80 | Quantization - src_type: UINT8, dst_type FLOAT32, limvals_min: -204.998, limvals_max: 2.44045)
[2026-04-23 16:18:04.039] [772335] [HailoRT] [info] [queue_elements.cpp:800] [create] Created (UserBuffQEl0yolo26n/conv80 | timeout: 10s)
[2026-04-23 16:18:04.039] [772335] [HailoRT] [info] [vstream.cpp:1114] [OutputVStreamImpl] Creating yolo26n/conv80...
[2026-04-23 16:18:04.039] [772335] [HailoRT] [info] [vstream_builder.cpp:220] [create_outputs] Output pipeline 'yolo26n/conv80': HW >> (HwReadEl0yolo26n/conv80 | hw_frame_size: 1600) >> (PullQEl_hw_read0yolo26n/conv80) >> (PostInferEl0yolo26n/conv80 | Quantization - src_type: UINT8, dst_type FLOAT32, limvals_min: -204.998, limvals_max: 2.44045) >> (UserBuffQEl0yolo26n/conv80 | timeout: 10s)
[2026-04-23 16:18:04.039] [772335] [HailoRT] [info] [edge_elements.cpp:287] [create] Created (HwReadEl1yolo26n/conv91 | hw_frame_size: 3200)
[2026-04-23 16:18:04.039] [772335] [HailoRT] [info] [queue_elements.cpp:657] [create] Created (PullQEl_hw_read1yolo26n/conv91)
[2026-04-23 16:18:04.039] [772335] [HailoRT] [info] [filter_elements.cpp:372] [create] Created (PostInferEl1yolo26n/conv91 | Quantization - src_type: UINT8, dst_type FLOAT32, limvals_min: 0, limvals_max: 14.2269 | Reorder - src_order: FCR, src_shape: (20, 20, 8), dst_order: FCR, dst_shape: (20, 20, 4))
[2026-04-23 16:18:04.040] [772335] [HailoRT] [info] [queue_elements.cpp:800] [create] Created (UserBuffQEl1yolo26n/conv91 | timeout: 10s)
[2026-04-23 16:18:04.040] [772335] [HailoRT] [info] [vstream.cpp:1114] [OutputVStreamImpl] Creating yolo26n/conv91...
[2026-04-23 16:18:04.040] [772335] [HailoRT] [info] [vstream_builder.cpp:220] [create_outputs] Output pipeline 'yolo26n/conv91': HW >> (HwReadEl1yolo26n/conv91 | hw_frame_size: 3200) >> (PullQEl_hw_read1yolo26n/conv91) >> (PostInferEl1yolo26n/conv91 | Quantization - src_type: UINT8, dst_type FLOAT32, limvals_min: 0, limvals_max: 14.2269 | Reorder - src_order: FCR, src_shape: (20, 20, 8), dst_order: FCR, dst_shape: (20, 20, 4)) >> (UserBuffQEl1yolo26n/conv91 | timeout: 10s)
[2026-04-23 16:18:04.040] [772335] [HailoRT] [info] [edge_elements.cpp:287] [create] Created (HwReadEl0yolo26n/conv94 | hw_frame_size: 3200)
[2026-04-23 16:18:04.040] [772335] [HailoRT] [info] [queue_elements.cpp:657] [create] Created (PullQEl_hw_read0yolo26n/conv94)
[2026-04-23 16:18:04.040] [772335] [HailoRT] [info] [filter_elements.cpp:372] [create] Created (PostInferEl0yolo26n/conv94 | Quantization - src_type: UINT8, dst_type FLOAT32, limvals_min: -155.797, limvals_max: 3.11594 | Reorder - src_order: FCR, src_shape: (20, 20, 8), dst_order: FCR, dst_shape: (20, 20, 1))
[2026-04-23 16:18:04.040] [772335] [HailoRT] [info] [queue_elements.cpp:800] [create] Created (UserBuffQEl0yolo26n/conv94 | timeout: 10s)
[2026-04-23 16:18:04.040] [772335] [HailoRT] [info] [vstream.cpp:1114] [OutputVStreamImpl] Creating yolo26n/conv94...
[2026-04-23 16:18:04.040] [772335] [HailoRT] [info] [vstream_builder.cpp:220] [create_outputs] Output pipeline 'yolo26n/conv94': HW >> (HwReadEl0yolo26n/conv94 | hw_frame_size: 3200) >> (PullQEl_hw_read0yolo26n/conv94) >> (PostInferEl0yolo26n/conv94 | Quantization - src_type: UINT8, dst_type FLOAT32, limvals_min: -155.797, limvals_max: 3.11594 | Reorder - src_order: FCR, src_shape: (20, 20, 8), dst_order: FCR, dst_shape: (20, 20, 1)) >> (UserBuffQEl0yolo26n/conv94 | timeout: 10s)
[2026-04-23 16:18:04.051] [1140840] [HailoRT] [info] [queue_elements.cpp:855] [run_in_thread] Shutdown event was signaled in dequeue of UserBuffQEl3yolo26n/conv61!
[2026-04-23 16:18:04.051] [1140839] [HailoRT] [info] [vdevice_native_stream.cpp:331] [read_impl] Failed read from stream HAILO_STREAM_ABORT(63) (device: 0001:01:00.0)
[2026-04-23 16:18:04.051] [1140839] [HailoRT] [info] [edge_elements.cpp:396] [run_pull] Reading from stream was aborted!
[2026-04-23 16:18:04.051] [1140839] [HailoRT] [info] [queue_elements.cpp:738] [run_in_thread] run_pull of queue element PullQEl_hw_read3yolo26n/conv61 was aborted!
[2026-04-23 16:18:04.051] [1140839] [HailoRT] [info] [queue_elements.cpp:68] [operator()] Thread in element PullQEl_hw_read3yolo26n/conv61 is not running anymore, exiting..
[2026-04-23 16:18:04.051] [772335] [HailoRT] [info] [queue_elements.cpp:46] [~BaseQueueElement] Queue element PullQEl_hw_read3yolo26n/conv61 has 0 frames in his Queue on destruction
[2026-04-23 16:18:04.051] [1140840] [HailoRT] [info] [queue_elements.cpp:68] [operator()] Thread in element UserBuffQEl3yolo26n/conv61 is not running anymore, exiting..
[2026-04-23 16:18:04.051] [772335] [HailoRT] [info] [queue_elements.cpp:46] [~BaseQueueElement] Queue element UserBuffQEl3yolo26n/conv61 has 0 frames in his Queue on destruction
[2026-04-23 16:18:04.051] [1140842] [HailoRT] [info] [queue_elements.cpp:855] [run_in_thread] Shutdown event was signaled in dequeue of UserBuffQEl2yolo26n/conv64!
[2026-04-23 16:18:04.051] [1140841] [HailoRT] [info] [vdevice_native_stream.cpp:331] [read_impl] Failed read from stream HAILO_STREAM_ABORT(63) (device: 0001:01:00.0)
[2026-04-23 16:18:04.051] [1140841] [HailoRT] [info] [edge_elements.cpp:396] [run_pull] Reading from stream was aborted!
[2026-04-23 16:18:04.051] [1140841] [HailoRT] [info] [queue_elements.cpp:738] [run_in_thread] run_pull of queue element PullQEl_hw_read2yolo26n/conv64 was aborted!
[2026-04-23 16:18:04.051] [1140841] [HailoRT] [info] [queue_elements.cpp:68] [operator()] Thread in element PullQEl_hw_read2yolo26n/conv64 is not running anymore, exiting..
[2026-04-23 16:18:04.051] [772335] [HailoRT] [info] [queue_elements.cpp:46] [~BaseQueueElement] Queue element PullQEl_hw_read2yolo26n/conv64 has 0 frames in his Queue on destruction
[2026-04-23 16:18:04.051] [1140842] [HailoRT] [info] [queue_elements.cpp:68] [operator()] Thread in element UserBuffQEl2yolo26n/conv64 is not running anymore, exiting..
[2026-04-23 16:18:04.051] [772335] [HailoRT] [info] [queue_elements.cpp:46] [~BaseQueueElement] Queue element UserBuffQEl2yolo26n/conv64 has 0 frames in his Queue on destruction
[2026-04-23 16:18:04.051] [1140844] [HailoRT] [info] [queue_elements.cpp:855] [run_in_thread] Shutdown event was signaled in dequeue of UserBuffQEl1yolo26n/conv77!
[2026-04-23 16:18:04.051] [1140843] [HailoRT] [info] [vdevice_native_stream.cpp:331] [read_impl] Failed read from stream HAILO_STREAM_ABORT(63) (device: 0001:01:00.0)
[2026-04-23 16:18:04.051] [1140843] [HailoRT] [info] [edge_elements.cpp:396] [run_pull] Reading from stream was aborted!
[2026-04-23 16:18:04.051] [1140843] [HailoRT] [info] [queue_elements.cpp:738] [run_in_thread] run_pull of queue element PullQEl_hw_read1yolo26n/conv77 was aborted!
[2026-04-23 16:18:04.051] [1140843] [HailoRT] [info] [queue_elements.cpp:68] [operator()] Thread in element PullQEl_hw_read1yolo26n/conv77 is not running anymore, exiting..
[2026-04-23 16:18:04.051] [772335] [HailoRT] [info] [queue_elements.cpp:46] [~BaseQueueElement] Queue element PullQEl_hw_read1yolo26n/conv77 has 0 frames in his Queue on destruction
[2026-04-23 16:18:04.051] [1140844] [HailoRT] [info] [queue_elements.cpp:68] [operator()] Thread in element UserBuffQEl1yolo26n/conv77 is not running anymore, exiting..
[2026-04-23 16:18:04.051] [772335] [HailoRT] [info] [queue_elements.cpp:46] [~BaseQueueElement] Queue element UserBuffQEl1yolo26n/conv77 has 0 frames in his Queue on destruction
[2026-04-23 16:18:04.051] [1140845] [HailoRT] [info] [vdevice_native_stream.cpp:331] [read_impl] Failed read from stream HAILO_STREAM_ABORT(63) (device: 0001:01:00.0)
[2026-04-23 16:18:04.051] [1140846] [HailoRT] [info] [queue_elements.cpp:855] [run_in_thread] Shutdown event was signaled in dequeue of UserBuffQEl0yolo26n/conv80!
[2026-04-23 16:18:04.051] [1140845] [HailoRT] [info] [edge_elements.cpp:396] [run_pull] Reading from stream was aborted!
[2026-04-23 16:18:04.051] [1140845] [HailoRT] [info] [queue_elements.cpp:738] [run_in_thread] run_pull of queue element PullQEl_hw_read0yolo26n/conv80 was aborted!
[2026-04-23 16:18:04.051] [1140845] [HailoRT] [info] [queue_elements.cpp:68] [operator()] Thread in element PullQEl_hw_read0yolo26n/conv80 is not running anymore, exiting..
[2026-04-23 16:18:04.051] [772335] [HailoRT] [info] [queue_elements.cpp:46] [~BaseQueueElement] Queue element PullQEl_hw_read0yolo26n/conv80 has 0 frames in his Queue on destruction
[2026-04-23 16:18:04.051] [1140846] [HailoRT] [info] [queue_elements.cpp:68] [operator()] Thread in element UserBuffQEl0yolo26n/conv80 is not running anymore, exiting..
[2026-04-23 16:18:04.051] [772335] [HailoRT] [info] [queue_elements.cpp:46] [~BaseQueueElement] Queue element UserBuffQEl0yolo26n/conv80 has 0 frames in his Queue on destruction
[2026-04-23 16:18:04.051] [1140848] [HailoRT] [info] [queue_elements.cpp:855] [run_in_thread] Shutdown event was signaled in dequeue of UserBuffQEl1yolo26n/conv91!
[2026-04-23 16:18:04.051] [1140847] [HailoRT] [info] [vdevice_native_stream.cpp:331] [read_impl] Failed read from stream HAILO_STREAM_ABORT(63) (device: 0001:01:00.0)
[2026-04-23 16:18:04.051] [1140847] [HailoRT] [info] [edge_elements.cpp:396] [run_pull] Reading from stream was aborted!
[2026-04-23 16:18:04.051] [1140847] [HailoRT] [info] [queue_elements.cpp:738] [run_in_thread] run_pull of queue element PullQEl_hw_read1yolo26n/conv91 was aborted!
[2026-04-23 16:18:04.051] [1140847] [HailoRT] [info] [queue_elements.cpp:68] [operator()] Thread in element PullQEl_hw_read1yolo26n/conv91 is not running anymore, exiting..
[2026-04-23 16:18:04.051] [772335] [HailoRT] [info] [queue_elements.cpp:46] [~BaseQueueElement] Queue element PullQEl_hw_read1yolo26n/conv91 has 0 frames in his Queue on destruction
[2026-04-23 16:18:04.051] [1140848] [HailoRT] [info] [queue_elements.cpp:68] [operator()] Thread in element UserBuffQEl1yolo26n/conv91 is not running anymore, exiting..
[2026-04-23 16:18:04.051] [772335] [HailoRT] [info] [queue_elements.cpp:46] [~BaseQueueElement] Queue element UserBuffQEl1yolo26n/conv91 has 0 frames in his Queue on destruction
[2026-04-23 16:18:04.051] [1140849] [HailoRT] [info] [vdevice_native_stream.cpp:331] [read_impl] Failed read from stream HAILO_STREAM_ABORT(63) (device: 0001:01:00.0)
[2026-04-23 16:18:04.051] [1140849] [HailoRT] [info] [edge_elements.cpp:396] [run_pull] Reading from stream was aborted!
[2026-04-23 16:18:04.051] [1140850] [HailoRT] [info] [queue_elements.cpp:855] [run_in_thread] Shutdown event was signaled in dequeue of UserBuffQEl0yolo26n/conv94!
[2026-04-23 16:18:04.051] [1140849] [HailoRT] [info] [queue_elements.cpp:738] [run_in_thread] run_pull of queue element PullQEl_hw_read0yolo26n/conv94 was aborted!
[2026-04-23 16:18:04.051] [1140849] [HailoRT] [info] [queue_elements.cpp:68] [operator()] Thread in element PullQEl_hw_read0yolo26n/conv94 is not running anymore, exiting..
[2026-04-23 16:18:04.051] [772335] [HailoRT] [info] [queue_elements.cpp:46] [~BaseQueueElement] Queue element PullQEl_hw_read0yolo26n/conv94 has 0 frames in his Queue on destruction
[2026-04-23 16:18:04.051] [1140850] [HailoRT] [info] [queue_elements.cpp:68] [operator()] Thread in element UserBuffQEl0yolo26n/conv94 is not running anymore, exiting..
[2026-04-23 16:18:04.051] [772335] [HailoRT] [info] [queue_elements.cpp:46] [~BaseQueueElement] Queue element UserBuffQEl0yolo26n/conv94 has 0 frames in his Queue on destruction
[2026-04-23 16:18:04.051] [1140838] [HailoRT] [info] [queue_elements.cpp:68] [operator()] Thread in element PushQEl2yolo26n/input_layer1 is not running anymore, exiting..
[2026-04-23 16:18:04.051] [772335] [HailoRT] [info] [queue_elements.cpp:46] [~BaseQueueElement] Queue element PushQEl2yolo26n/input_layer1 has 0 frames in his Queue on destruction
[2026-04-23 16:18:04.052] [772335] [HailoRT] [info] [core_op.cpp:186] [deactivate] Deactivating took 0.490833 ms
[2026-04-23 16:18:04.052] [772335] [HailoRT] [info] [core_op.cpp:186] [deactivate] Deactivating took 0.500518 ms
[2026-04-23 16:18:04.057] [772335] [HailoRT] [info] [core_op.cpp:156] [activate] Activating arcface_mobilefacenet took 0.226833 milliseconds. Note that the function is asynchronous and thus the network is not fully activated yet.
[2026-04-23 16:18:04.057] [772335] [HailoRT] [info] [core_op.cpp:156] [activate] Activating arcface_mobilefacenet took 0.245314 milliseconds. Note that the function is asynchronous and thus the network is not fully activated yet.
[2026-04-23 16:18:04.058] [772335] [HailoRT] [info] [edge_elements.cpp:52] [create] Created (HwWriteEl1arcface_mobilefacenet/input_layer1 | hw_frame_size: 37632)
[2026-04-23 16:18:04.058] [772335] [HailoRT] [info] [vstream.cpp:754] [InputVStreamImpl] Creating arcface_mobilefacenet/input_layer1...
[2026-04-23 16:18:04.058] [772335] [HailoRT] [info] [vstream_builder.cpp:102] [create_inputs] Input pipeline 'arcface_mobilefacenet/input_layer1': (HwWriteEl1arcface_mobilefacenet/input_layer1 | hw_frame_size: 37632) >> HW
[2026-04-23 16:18:04.058] [772335] [HailoRT] [info] [edge_elements.cpp:287] [create] Created (HwReadEl0arcface_mobilefacenet/fc1 | hw_frame_size: 512)
[2026-04-23 16:18:04.058] [772335] [HailoRT] [info] [queue_elements.cpp:657] [create] Created (PullQEl_hw_read0arcface_mobilefacenet/fc1)
[2026-04-23 16:18:04.058] [772335] [HailoRT] [info] [filter_elements.cpp:372] [create] Created (PostInferEl0arcface_mobilefacenet/fc1 | Quantization - src_type: UINT8, dst_type FLOAT32, limvals_min: -2.41025, limvals_max: 1.8579)
[2026-04-23 16:18:04.058] [772335] [HailoRT] [info] [queue_elements.cpp:800] [create] Created (UserBuffQEl0arcface_mobilefacenet/fc1 | timeout: 10s)
[2026-04-23 16:18:04.058] [772335] [HailoRT] [info] [vstream.cpp:1114] [OutputVStreamImpl] Creating arcface_mobilefacenet/fc1...
[2026-04-23 16:18:04.058] [772335] [HailoRT] [info] [vstream_builder.cpp:220] [create_outputs] Output pipeline 'arcface_mobilefacenet/fc1': HW >> (HwReadEl0arcface_mobilefacenet/fc1 | hw_frame_size: 512) >> (PullQEl_hw_read0arcface_mobilefacenet/fc1) >> (PostInferEl0arcface_mobilefacenet/fc1 | Quantization - src_type: UINT8, dst_type FLOAT32, limvals_min: -2.41025, limvals_max: 1.8579) >> (UserBuffQEl0arcface_mobilefacenet/fc1 | timeout: 10s)
[2026-04-23 16:18:04.064] [1140859] [HailoRT] [info] [queue_elements.cpp:855] [run_in_thread] Shutdown event was signaled in dequeue of UserBuffQEl0arcface_mobilefacenet/fc1!
[2026-04-23 16:18:04.064] [1140858] [HailoRT] [info] [vdevice_native_stream.cpp:331] [read_impl] Failed read from stream HAILO_STREAM_ABORT(63) (device: 0001:01:00.0)
[2026-04-23 16:18:04.064] [1140858] [HailoRT] [info] [edge_elements.cpp:396] [run_pull] Reading from stream was aborted!
[2026-04-23 16:18:04.064] [1140858] [HailoRT] [info] [queue_elements.cpp:738] [run_in_thread] run_pull of queue element PullQEl_hw_read0arcface_mobilefacenet/fc1 was aborted!
[2026-04-23 16:18:04.064] [1140858] [HailoRT] [info] [queue_elements.cpp:68] [operator()] Thread in element PullQEl_hw_read0arcface_mobilefacenet/fc1 is not running anymore, exiting..
[2026-04-23 16:18:04.064] [772335] [HailoRT] [info] [queue_elements.cpp:46] [~BaseQueueElement] Queue element PullQEl_hw_read0arcface_mobilefacenet/fc1 has 0 frames in his Queue on destruction
[2026-04-23 16:18:04.064] [1140859] [HailoRT] [info] [queue_elements.cpp:68] [operator()] Thread in element UserBuffQEl0arcface_mobilefacenet/fc1 is not running anymore, exiting..
[2026-04-23 16:18:04.064] [772335] [HailoRT] [info] [queue_elements.cpp:46] [~BaseQueueElement] Queue element UserBuffQEl0arcface_mobilefacenet/fc1 has 0 frames in his Queue on destruction
[2026-04-23 16:18:04.064] [772335] [HailoRT] [info] [core_op.cpp:186] [deactivate] Deactivating took 0.35861 ms
[2026-04-23 16:18:04.064] [772335] [HailoRT] [info] [core_op.cpp:186] [deactivate] Deactivating took 0.365981 ms
[2026-04-23 16:18:04.074] [772335] [HailoRT] [info] [core_op.cpp:156] [activate] Activating yolo26n took 0.481999 milliseconds. Note that the function is asynchronous and thus the network is not fully activated yet.
[2026-04-23 16:18:04.074] [772335] [HailoRT] [info] [core_op.cpp:156] [activate] Activating yolo26n took 0.505295 milliseconds. Note that the function is asynchronous and thus the network is not fully activated yet.
[2026-04-23 16:18:04.074] [772335] [HailoRT] [info] [edge_elements.cpp:52] [create] Created (HwWriteEl2yolo26n/input_layer1 | hw_frame_size: 1228800)
[2026-04-23 16:18:04.074] [772335] [HailoRT] [info] [queue_elements.cpp:284] [create] Created (PushQEl2yolo26n/input_layer1 | timeout: 10s)
[2026-04-23 16:18:04.074] [772335] [HailoRT] [info] [filter_elements.cpp:101] [create] Created (PreInferEl2yolo26n/input_layer1 | Reorder - src_order: NHWC, src_shape: (640, 640, 3), dst_order: NHCW, dst_shape: (640, 640, 3))
[2026-04-23 16:18:04.074] [772335] [HailoRT] [info] [vstream.cpp:754] [InputVStreamImpl] Creating yolo26n/input_layer1...
[2026-04-23 16:18:04.074] [772335] [HailoRT] [info] [vstream_builder.cpp:102] [create_inputs] Input pipeline 'yolo26n/input_layer1': (PreInferEl2yolo26n/input_layer1 | Reorder - src_order: NHWC, src_shape: (640, 640, 3), dst_order: NHCW, dst_shape: (640, 640, 3)) >> (PushQEl2yolo26n/input_layer1 | timeout: 10s) >> (HwWriteEl2yolo26n/input_layer1 | hw_frame_size: 1228800) >> HW
[2026-04-23 16:18:04.074] [772335] [HailoRT] [info] [edge_elements.cpp:287] [create] Created (HwReadEl3yolo26n/conv61 | hw_frame_size: 25600)
[2026-04-23 16:18:04.075] [772335] [HailoRT] [info] [queue_elements.cpp:657] [create] Created (PullQEl_hw_read3yolo26n/conv61)
[2026-04-23 16:18:04.075] [772335] [HailoRT] [info] [filter_elements.cpp:372] [create] Created (PostInferEl3yolo26n/conv61 | Quantization - src_type: UINT8, dst_type FLOAT32, limvals_min: -0.468035, limvals_max: 6.99127)
[2026-04-23 16:18:04.075] [772335] [HailoRT] [info] [queue_elements.cpp:800] [create] Created (UserBuffQEl3yolo26n/conv61 | timeout: 10s)
[2026-04-23 16:18:04.075] [772335] [HailoRT] [info] [vstream.cpp:1114] [OutputVStreamImpl] Creating yolo26n/conv61...
[2026-04-23 16:18:04.075] [772335] [HailoRT] [info] [vstream_builder.cpp:220] [create_outputs] Output pipeline 'yolo26n/conv61': HW >> (HwReadEl3yolo26n/conv61 | hw_frame_size: 25600) >> (PullQEl_hw_read3yolo26n/conv61) >> (PostInferEl3yolo26n/conv61 | Quantization - src_type: UINT8, dst_type FLOAT32, limvals_min: -0.468035, limvals_max: 6.99127) >> (UserBuffQEl3yolo26n/conv61 | timeout: 10s)
[2026-04-23 16:18:04.075] [772335] [HailoRT] [info] [edge_elements.cpp:287] [create] Created (HwReadEl2yolo26n/conv64 | hw_frame_size: 6400)
[2026-04-23 16:18:04.075] [772335] [HailoRT] [info] [queue_elements.cpp:657] [create] Created (PullQEl_hw_read2yolo26n/conv64)
[2026-04-23 16:18:04.075] [772335] [HailoRT] [info] [filter_elements.cpp:372] [create] Created (PostInferEl2yolo26n/conv64 | Quantization - src_type: UINT8, dst_type FLOAT32, limvals_min: -161.763, limvals_max: 2.5779)
[2026-04-23 16:18:04.075] [772335] [HailoRT] [info] [queue_elements.cpp:800] [create] Created (UserBuffQEl2yolo26n/conv64 | timeout: 10s)
[2026-04-23 16:18:04.075] [772335] [HailoRT] [info] [vstream.cpp:1114] [OutputVStreamImpl] Creating yolo26n/conv64...
[2026-04-23 16:18:04.075] [772335] [HailoRT] [info] [vstream_builder.cpp:220] [create_outputs] Output pipeline 'yolo26n/conv64': HW >> (HwReadEl2yolo26n/conv64 | hw_frame_size: 6400) >> (PullQEl_hw_read2yolo26n/conv64) >> (PostInferEl2yolo26n/conv64 | Quantization - src_type: UINT8, dst_type FLOAT32, limvals_min: -161.763, limvals_max: 2.5779) >> (UserBuffQEl2yolo26n/conv64 | timeout: 10s)
[2026-04-23 16:18:04.075] [772335] [HailoRT] [info] [edge_elements.cpp:287] [create] Created (HwReadEl1yolo26n/conv77 | hw_frame_size: 6400)
[2026-04-23 16:18:04.075] [772335] [HailoRT] [info] [queue_elements.cpp:657] [create] Created (PullQEl_hw_read1yolo26n/conv77)
[2026-04-23 16:18:04.075] [772335] [HailoRT] [info] [filter_elements.cpp:372] [create] Created (PostInferEl1yolo26n/conv77 | Quantization - src_type: UINT8, dst_type FLOAT32, limvals_min: -0.560223, limvals_max: 15.3127)
[2026-04-23 16:18:04.075] [772335] [HailoRT] [info] [queue_elements.cpp:800] [create] Created (UserBuffQEl1yolo26n/conv77 | timeout: 10s)
[2026-04-23 16:18:04.075] [772335] [HailoRT] [info] [vstream.cpp:1114] [OutputVStreamImpl] Creating yolo26n/conv77...
[2026-04-23 16:18:04.075] [772335] [HailoRT] [info] [vstream_builder.cpp:220] [create_outputs] Output pipeline 'yolo26n/conv77': HW >> (HwReadEl1yolo26n/conv77 | hw_frame_size: 6400) >> (PullQEl_hw_read1yolo26n/conv77) >> (PostInferEl1yolo26n/conv77 | Quantization - src_type: UINT8, dst_type FLOAT32, limvals_min: -0.560223, limvals_max: 15.3127) >> (UserBuffQEl1yolo26n/conv77 | timeout: 10s)
[2026-04-23 16:18:04.075] [772335] [HailoRT] [info] [edge_elements.cpp:287] [create] Created (HwReadEl0yolo26n/conv80 | hw_frame_size: 1600)
[2026-04-23 16:18:04.075] [772335] [HailoRT] [info] [queue_elements.cpp:657] [create] Created (PullQEl_hw_read0yolo26n/conv80)
[2026-04-23 16:18:04.075] [772335] [HailoRT] [info] [filter_elements.cpp:372] [create] Created (PostInferEl0yolo26n/conv80 | Quantization - src_type: UINT8, dst_type FLOAT32, limvals_min: -204.998, limvals_max: 2.44045)
[2026-04-23 16:18:04.075] [772335] [HailoRT] [info] [queue_elements.cpp:800] [create] Created (UserBuffQEl0yolo26n/conv80 | timeout: 10s)
[2026-04-23 16:18:04.075] [772335] [HailoRT] [info] [vstream.cpp:1114] [OutputVStreamImpl] Creating yolo26n/conv80...
[2026-04-23 16:18:04.075] [772335] [HailoRT] [info] [vstream_builder.cpp:220] [create_outputs] Output pipeline 'yolo26n/conv80': HW >> (HwReadEl0yolo26n/conv80 | hw_frame_size: 1600) >> (PullQEl_hw_read0yolo26n/conv80) >> (PostInferEl0yolo26n/conv80 | Quantization - src_type: UINT8, dst_type FLOAT32, limvals_min: -204.998, limvals_max: 2.44045) >> (UserBuffQEl0yolo26n/conv80 | timeout: 10s)
[2026-04-23 16:18:04.075] [772335] [HailoRT] [info] [edge_elements.cpp:287] [create] Created (HwReadEl1yolo26n/conv91 | hw_frame_size: 3200)
[2026-04-23 16:18:04.075] [772335] [HailoRT] [info] [queue_elements.cpp:657] [create] Created (PullQEl_hw_read1yolo26n/conv91)
[2026-04-23 16:18:04.075] [772335] [HailoRT] [info] [filter_elements.cpp:372] [create] Created (PostInferEl1yolo26n/conv91 | Quantization - src_type: UINT8, dst_type FLOAT32, limvals_min: 0, limvals_max: 14.2269 | Reorder - src_order: FCR, src_shape: (20, 20, 8), dst_order: FCR, dst_shape: (20, 20, 4))
[2026-04-23 16:18:04.075] [772335] [HailoRT] [info] [queue_elements.cpp:800] [create] Created (UserBuffQEl1yolo26n/conv91 | timeout: 10s)
[2026-04-23 16:18:04.075] [772335] [HailoRT] [info] [vstream.cpp:1114] [OutputVStreamImpl] Creating yolo26n/conv91...
[2026-04-23 16:18:04.075] [772335] [HailoRT] [info] [vstream_builder.cpp:220] [create_outputs] Output pipeline 'yolo26n/conv91': HW >> (HwReadEl1yolo26n/conv91 | hw_frame_size: 3200) >> (PullQEl_hw_read1yolo26n/conv91) >> (PostInferEl1yolo26n/conv91 | Quantization - src_type: UINT8, dst_type FLOAT32, limvals_min: 0, limvals_max: 14.2269 | Reorder - src_order: FCR, src_shape: (20, 20, 8), dst_order: FCR, dst_shape: (20, 20, 4)) >> (UserBuffQEl1yolo26n/conv91 | timeout: 10s)
[2026-04-23 16:18:04.075] [772335] [HailoRT] [info] [edge_elements.cpp:287] [create] Created (HwReadEl0yolo26n/conv94 | hw_frame_size: 3200)
[2026-04-23 16:18:04.075] [772335] [HailoRT] [info] [queue_elements.cpp:657] [create] Created (PullQEl_hw_read0yolo26n/conv94)
[2026-04-23 16:18:04.075] [772335] [HailoRT] [info] [filter_elements.cpp:372] [create] Created (PostInferEl0yolo26n/conv94 | Quantization - src_type: UINT8, dst_type FLOAT32, limvals_min: -155.797, limvals_max: 3.11594 | Reorder - src_order: FCR, src_shape: (20, 20, 8), dst_order: FCR, dst_shape: (20, 20, 1))
[2026-04-23 16:18:04.075] [772335] [HailoRT] [info] [queue_elements.cpp:800] [create] Created (UserBuffQEl0yolo26n/conv94 | timeout: 10s)
[2026-04-23 16:18:04.075] [772335] [HailoRT] [info] [vstream.cpp:1114] [OutputVStreamImpl] Creating yolo26n/conv94...
[2026-04-23 16:18:04.075] [772335] [HailoRT] [info] [vstream_builder.cpp:220] [create_outputs] Output pipeline 'yolo26n/conv94': HW >> (HwReadEl0yolo26n/conv94 | hw_frame_size: 3200) >> (PullQEl_hw_read0yolo26n/conv94) >> (PostInferEl0yolo26n/conv94 | Quantization - src_type: UINT8, dst_type FLOAT32, limvals_min: -155.797, limvals_max: 3.11594 | Reorder - src_order: FCR, src_shape: (20, 20, 8), dst_order: FCR, dst_shape: (20, 20, 1)) >> (UserBuffQEl0yolo26n/conv94 | timeout: 10s)
[2026-04-23 16:18:04.087] [1140864] [HailoRT] [info] [queue_elements.cpp:855] [run_in_thread] Shutdown event was signaled in dequeue of UserBuffQEl3yolo26n/conv61!
[2026-04-23 16:18:04.087] [1140863] [HailoRT] [info] [vdevice_native_stream.cpp:331] [read_impl] Failed read from stream HAILO_STREAM_ABORT(63) (device: 0001:01:00.0)
[2026-04-23 16:18:04.087] [1140863] [HailoRT] [info] [edge_elements.cpp:396] [run_pull] Reading from stream was aborted!
[2026-04-23 16:18:04.087] [1140863] [HailoRT] [info] [queue_elements.cpp:738] [run_in_thread] run_pull of queue element PullQEl_hw_read3yolo26n/conv61 was aborted!
[2026-04-23 16:18:04.087] [1140863] [HailoRT] [info] [queue_elements.cpp:68] [operator()] Thread in element PullQEl_hw_read3yolo26n/conv61 is not running anymore, exiting..
[2026-04-23 16:18:04.087] [772335] [HailoRT] [info] [queue_elements.cpp:46] [~BaseQueueElement] Queue element PullQEl_hw_read3yolo26n/conv61 has 0 frames in his Queue on destruction
[2026-04-23 16:18:04.087] [1140864] [HailoRT] [info] [queue_elements.cpp:68] [operator()] Thread in element UserBuffQEl3yolo26n/conv61 is not running anymore, exiting..
[2026-04-23 16:18:04.087] [772335] [HailoRT] [info] [queue_elements.cpp:46] [~BaseQueueElement] Queue element UserBuffQEl3yolo26n/conv61 has 0 frames in his Queue on destruction
[2026-04-23 16:18:04.087] [1140866] [HailoRT] [info] [queue_elements.cpp:855] [run_in_thread] Shutdown event was signaled in dequeue of UserBuffQEl2yolo26n/conv64!
[2026-04-23 16:18:04.087] [1140865] [HailoRT] [info] [vdevice_native_stream.cpp:331] [read_impl] Failed read from stream HAILO_STREAM_ABORT(63) (device: 0001:01:00.0)
[2026-04-23 16:18:04.087] [1140865] [HailoRT] [info] [edge_elements.cpp:396] [run_pull] Reading from stream was aborted!
[2026-04-23 16:18:04.087] [1140865] [HailoRT] [info] [queue_elements.cpp:738] [run_in_thread] run_pull of queue element PullQEl_hw_read2yolo26n/conv64 was aborted!
[2026-04-23 16:18:04.088] [1140865] [HailoRT] [info] [queue_elements.cpp:68] [operator()] Thread in element PullQEl_hw_read2yolo26n/conv64 is not running anymore, exiting..
[2026-04-23 16:18:04.088] [772335] [HailoRT] [info] [queue_elements.cpp:46] [~BaseQueueElement] Queue element PullQEl_hw_read2yolo26n/conv64 has 0 frames in his Queue on destruction
[2026-04-23 16:18:04.088] [1140866] [HailoRT] [info] [queue_elements.cpp:68] [operator()] Thread in element UserBuffQEl2yolo26n/conv64 is not running anymore, exiting..
[2026-04-23 16:18:04.088] [772335] [HailoRT] [info] [queue_elements.cpp:46] [~BaseQueueElement] Queue element UserBuffQEl2yolo26n/conv64 has 0 frames in his Queue on destruction
[2026-04-23 16:18:04.088] [1140867] [HailoRT] [info] [vdevice_native_stream.cpp:331] [read_impl] Failed read from stream HAILO_STREAM_ABORT(63) (device: 0001:01:00.0)
[2026-04-23 16:18:04.088] [1140867] [HailoRT] [info] [edge_elements.cpp:396] [run_pull] Reading from stream was aborted!
[2026-04-23 16:18:04.088] [1140867] [HailoRT] [info] [queue_elements.cpp:738] [run_in_thread] run_pull of queue element PullQEl_hw_read1yolo26n/conv77 was aborted!
[2026-04-23 16:18:04.088] [1140868] [HailoRT] [info] [queue_elements.cpp:855] [run_in_thread] Shutdown event was signaled in dequeue of UserBuffQEl1yolo26n/conv77!
[2026-04-23 16:18:04.088] [1140867] [HailoRT] [info] [queue_elements.cpp:68] [operator()] Thread in element PullQEl_hw_read1yolo26n/conv77 is not running anymore, exiting..
[2026-04-23 16:18:04.088] [772335] [HailoRT] [info] [queue_elements.cpp:46] [~BaseQueueElement] Queue element PullQEl_hw_read1yolo26n/conv77 has 0 frames in his Queue on destruction
[2026-04-23 16:18:04.088] [1140868] [HailoRT] [info] [queue_elements.cpp:68] [operator()] Thread in element UserBuffQEl1yolo26n/conv77 is not running anymore, exiting..
[2026-04-23 16:18:04.088] [772335] [HailoRT] [info] [queue_elements.cpp:46] [~BaseQueueElement] Queue element UserBuffQEl1yolo26n/conv77 has 0 frames in his Queue on destruction
[2026-04-23 16:18:04.088] [1140870] [HailoRT] [info] [queue_elements.cpp:855] [run_in_thread] Shutdown event was signaled in dequeue of UserBuffQEl0yolo26n/conv80!
[2026-04-23 16:18:04.088] [1140869] [HailoRT] [info] [vdevice_native_stream.cpp:331] [read_impl] Failed read from stream HAILO_STREAM_ABORT(63) (device: 0001:01:00.0)
[2026-04-23 16:18:04.088] [1140869] [HailoRT] [info] [edge_elements.cpp:396] [run_pull] Reading from stream was aborted!
[2026-04-23 16:18:04.088] [1140869] [HailoRT] [info] [queue_elements.cpp:738] [run_in_thread] run_pull of queue element PullQEl_hw_read0yolo26n/conv80 was aborted!
[2026-04-23 16:18:04.088] [1140869] [HailoRT] [info] [queue_elements.cpp:68] [operator()] Thread in element PullQEl_hw_read0yolo26n/conv80 is not running anymore, exiting..
[2026-04-23 16:18:04.088] [772335] [HailoRT] [info] [queue_elements.cpp:46] [~BaseQueueElement] Queue element PullQEl_hw_read0yolo26n/conv80 has 0 frames in his Queue on destruction
[2026-04-23 16:18:04.088] [1140870] [HailoRT] [info] [queue_elements.cpp:68] [operator()] Thread in element UserBuffQEl0yolo26n/conv80 is not running anymore, exiting..
[2026-04-23 16:18:04.088] [772335] [HailoRT] [info] [queue_elements.cpp:46] [~BaseQueueElement] Queue element UserBuffQEl0yolo26n/conv80 has 0 frames in his Queue on destruction
[2026-04-23 16:18:04.088] [1140871] [HailoRT] [info] [vdevice_native_stream.cpp:331] [read_impl] Failed read from stream HAILO_STREAM_ABORT(63) (device: 0001:01:00.0)
[2026-04-23 16:18:04.088] [1140872] [HailoRT] [info] [queue_elements.cpp:855] [run_in_thread] Shutdown event was signaled in dequeue of UserBuffQEl1yolo26n/conv91!
[2026-04-23 16:18:04.088] [1140871] [HailoRT] [info] [edge_elements.cpp:396] [run_pull] Reading from stream was aborted!
[2026-04-23 16:18:04.088] [1140871] [HailoRT] [info] [queue_elements.cpp:738] [run_in_thread] run_pull of queue element PullQEl_hw_read1yolo26n/conv91 was aborted!
[2026-04-23 16:18:04.088] [1140871] [HailoRT] [info] [queue_elements.cpp:68] [operator()] Thread in element PullQEl_hw_read1yolo26n/conv91 is not running anymore, exiting..
[2026-04-23 16:18:04.088] [772335] [HailoRT] [info] [queue_elements.cpp:46] [~BaseQueueElement] Queue element PullQEl_hw_read1yolo26n/conv91 has 0 frames in his Queue on destruction
[2026-04-23 16:18:04.088] [1140872] [HailoRT] [info] [queue_elements.cpp:68] [operator()] Thread in element UserBuffQEl1yolo26n/conv91 is not running anymore, exiting..
[2026-04-23 16:18:04.088] [772335] [HailoRT] [info] [queue_elements.cpp:46] [~BaseQueueElement] Queue element UserBuffQEl1yolo26n/conv91 has 0 frames in his Queue on destruction
[2026-04-23 16:18:04.088] [1140873] [HailoRT] [info] [vdevice_native_stream.cpp:331] [read_impl] Failed read from stream HAILO_STREAM_ABORT(63) (device: 0001:01:00.0)
[2026-04-23 16:18:04.088] [1140874] [HailoRT] [info] [queue_elements.cpp:855] [run_in_thread] Shutdown event was signaled in dequeue of UserBuffQEl0yolo26n/conv94!
[2026-04-23 16:18:04.088] [1140873] [HailoRT] [info] [edge_elements.cpp:396] [run_pull] Reading from stream was aborted!
[2026-04-23 16:18:04.088] [1140873] [HailoRT] [info] [queue_elements.cpp:738] [run_in_thread] run_pull of queue element PullQEl_hw_read0yolo26n/conv94 was aborted!
[2026-04-23 16:18:04.088] [1140873] [HailoRT] [info] [queue_elements.cpp:68] [operator()] Thread in element PullQEl_hw_read0yolo26n/conv94 is not running anymore, exiting..
[2026-04-23 16:18:04.088] [772335] [HailoRT] [info] [queue_elements.cpp:46] [~BaseQueueElement] Queue element PullQEl_hw_read0yolo26n/conv94 has 0 frames in his Queue on destruction
[2026-04-23 16:18:04.088] [1140874] [HailoRT] [info] [queue_elements.cpp:68] [operator()] Thread in element UserBuffQEl0yolo26n/conv94 is not running anymore, exiting..
[2026-04-23 16:18:04.088] [772335] [HailoRT] [info] [queue_elements.cpp:46] [~BaseQueueElement] Queue element UserBuffQEl0yolo26n/conv94 has 0 frames in his Queue on destruction
[2026-04-23 16:18:04.088] [1140862] [HailoRT] [info] [queue_elements.cpp:68] [operator()] Thread in element PushQEl2yolo26n/input_layer1 is not running anymore, exiting..
[2026-04-23 16:18:04.088] [772335] [HailoRT] [info] [queue_elements.cpp:46] [~BaseQueueElement] Queue element PushQEl2yolo26n/input_layer1 has 0 frames in his Queue on destruction
[2026-04-23 16:18:04.089] [772335] [HailoRT] [info] [core_op.cpp:186] [deactivate] Deactivating took 0.496795 ms
[2026-04-23 16:18:04.089] [772335] [HailoRT] [info] [core_op.cpp:186] [deactivate] Deactivating took 0.507295 ms
[2026-04-23 16:18:04.094] [772335] [HailoRT] [info] [core_op.cpp:156] [activate] Activating arcface_mobilefacenet took 0.218222 milliseconds. Note that the function is asynchronous and thus the network is not fully activated yet.
[2026-04-23 16:18:04.094] [772335] [HailoRT] [info] [core_op.cpp:156] [activate] Activating arcface_mobilefacenet took 0.23637 milliseconds. Note that the function is asynchronous and thus the network is not fully activated yet.
[2026-04-23 16:18:04.094] [772335] [HailoRT] [info] [edge_elements.cpp:52] [create] Created (HwWriteEl1arcface_mobilefacenet/input_layer1 | hw_frame_size: 37632)
[2026-04-23 16:18:04.094] [772335] [HailoRT] [info] [vstream.cpp:754] [InputVStreamImpl] Creating arcface_mobilefacenet/input_layer1...
[2026-04-23 16:18:04.094] [772335] [HailoRT] [info] [vstream_builder.cpp:102] [create_inputs] Input pipeline 'arcface_mobilefacenet/input_layer1': (HwWriteEl1arcface_mobilefacenet/input_layer1 | hw_frame_size: 37632) >> HW
[2026-04-23 16:18:04.094] [772335] [HailoRT] [info] [edge_elements.cpp:287] [create] Created (HwReadEl0arcface_mobilefacenet/fc1 | hw_frame_size: 512)
[2026-04-23 16:18:04.094] [772335] [HailoRT] [info] [queue_elements.cpp:657] [create] Created (PullQEl_hw_read0arcface_mobilefacenet/fc1)
[2026-04-23 16:18:04.094] [772335] [HailoRT] [info] [filter_elements.cpp:372] [create] Created (PostInferEl0arcface_mobilefacenet/fc1 | Quantization - src_type: UINT8, dst_type FLOAT32, limvals_min: -2.41025, limvals_max: 1.8579)
[2026-04-23 16:18:04.094] [772335] [HailoRT] [info] [queue_elements.cpp:800] [create] Created (UserBuffQEl0arcface_mobilefacenet/fc1 | timeout: 10s)
[2026-04-23 16:18:04.094] [772335] [HailoRT] [info] [vstream.cpp:1114] [OutputVStreamImpl] Creating arcface_mobilefacenet/fc1...
[2026-04-23 16:18:04.094] [772335] [HailoRT] [info] [vstream_builder.cpp:220] [create_outputs] Output pipeline 'arcface_mobilefacenet/fc1': HW >> (HwReadEl0arcface_mobilefacenet/fc1 | hw_frame_size: 512) >> (PullQEl_hw_read0arcface_mobilefacenet/fc1) >> (PostInferEl0arcface_mobilefacenet/fc1 | Quantization - src_type: UINT8, dst_type FLOAT32, limvals_min: -2.41025, limvals_max: 1.8579) >> (UserBuffQEl0arcface_mobilefacenet/fc1 | timeout: 10s)
[2026-04-23 16:18:04.101] [1140883] [HailoRT] [info] [queue_elements.cpp:855] [run_in_thread] Shutdown event was signaled in dequeue of UserBuffQEl0arcface_mobilefacenet/fc1!
[2026-04-23 16:18:04.101] [1140882] [HailoRT] [info] [vdevice_native_stream.cpp:331] [read_impl] Failed read from stream HAILO_STREAM_ABORT(63) (device: 0001:01:00.0)
[2026-04-23 16:18:04.101] [1140882] [HailoRT] [info] [edge_elements.cpp:396] [run_pull] Reading from stream was aborted!
[2026-04-23 16:18:04.101] [1140882] [HailoRT] [info] [queue_elements.cpp:738] [run_in_thread] run_pull of queue element PullQEl_hw_read0arcface_mobilefacenet/fc1 was aborted!
[2026-04-23 16:18:04.101] [1140882] [HailoRT] [info] [queue_elements.cpp:68] [operator()] Thread in element PullQEl_hw_read0arcface_mobilefacenet/fc1 is not running anymore, exiting..
[2026-04-23 16:18:04.101] [772335] [HailoRT] [info] [queue_elements.cpp:46] [~BaseQueueElement] Queue element PullQEl_hw_read0arcface_mobilefacenet/fc1 has 0 frames in his Queue on destruction
[2026-04-23 16:18:04.101] [1140883] [HailoRT] [info] [queue_elements.cpp:68] [operator()] Thread in element UserBuffQEl0arcface_mobilefacenet/fc1 is not running anymore, exiting..
[2026-04-23 16:18:04.101] [772335] [HailoRT] [info] [queue_elements.cpp:46] [~BaseQueueElement] Queue element UserBuffQEl0arcface_mobilefacenet/fc1 has 0 frames in his Queue on destruction
[2026-04-23 16:18:04.101] [772335] [HailoRT] [info] [core_op.cpp:186] [deactivate] Deactivating took 0.362666 ms
[2026-04-23 16:18:04.101] [772335] [HailoRT] [info] [core_op.cpp:186] [deactivate] Deactivating took 0.371758 ms
[2026-04-23 16:18:04.110] [772335] [HailoRT] [info] [core_op.cpp:156] [activate] Activating yolo26n took 0.484869 milliseconds. Note that the function is asynchronous and thus the network is not fully activated yet.
[2026-04-23 16:18:04.110] [772335] [HailoRT] [info] [core_op.cpp:156] [activate] Activating yolo26n took 0.507685 milliseconds. Note that the function is asynchronous and thus the network is not fully activated yet.
[2026-04-23 16:18:04.110] [772335] [HailoRT] [info] [edge_elements.cpp:52] [create] Created (HwWriteEl2yolo26n/input_layer1 | hw_frame_size: 1228800)
[2026-04-23 16:18:04.110] [772335] [HailoRT] [info] [queue_elements.cpp:284] [create] Created (PushQEl2yolo26n/input_layer1 | timeout: 10s)
[2026-04-23 16:18:04.110] [772335] [HailoRT] [info] [filter_elements.cpp:101] [create] Created (PreInferEl2yolo26n/input_layer1 | Reorder - src_order: NHWC, src_shape: (640, 640, 3), dst_order: NHCW, dst_shape: (640, 640, 3))
[2026-04-23 16:18:04.110] [772335] [HailoRT] [info] [vstream.cpp:754] [InputVStreamImpl] Creating yolo26n/input_layer1...
[2026-04-23 16:18:04.110] [772335] [HailoRT] [info] [vstream_builder.cpp:102] [create_inputs] Input pipeline 'yolo26n/input_layer1': (PreInferEl2yolo26n/input_layer1 | Reorder - src_order: NHWC, src_shape: (640, 640, 3), dst_order: NHCW, dst_shape: (640, 640, 3)) >> (PushQEl2yolo26n/input_layer1 | timeout: 10s) >> (HwWriteEl2yolo26n/input_layer1 | hw_frame_size: 1228800) >> HW
[2026-04-23 16:18:04.110] [772335] [HailoRT] [info] [edge_elements.cpp:287] [create] Created (HwReadEl3yolo26n/conv61 | hw_frame_size: 25600)
[2026-04-23 16:18:04.110] [772335] [HailoRT] [info] [queue_elements.cpp:657] [create] Created (PullQEl_hw_read3yolo26n/conv61)
[2026-04-23 16:18:04.110] [772335] [HailoRT] [info] [filter_elements.cpp:372] [create] Created (PostInferEl3yolo26n/conv61 | Quantization - src_type: UINT8, dst_type FLOAT32, limvals_min: -0.468035, limvals_max: 6.99127)
[2026-04-23 16:18:04.110] [772335] [HailoRT] [info] [queue_elements.cpp:800] [create] Created (UserBuffQEl3yolo26n/conv61 | timeout: 10s)
[2026-04-23 16:18:04.110] [772335] [HailoRT] [info] [vstream.cpp:1114] [OutputVStreamImpl] Creating yolo26n/conv61...
[2026-04-23 16:18:04.110] [772335] [HailoRT] [info] [vstream_builder.cpp:220] [create_outputs] Output pipeline 'yolo26n/conv61': HW >> (HwReadEl3yolo26n/conv61 | hw_frame_size: 25600) >> (PullQEl_hw_read3yolo26n/conv61) >> (PostInferEl3yolo26n/conv61 | Quantization - src_type: UINT8, dst_type FLOAT32, limvals_min: -0.468035, limvals_max: 6.99127) >> (UserBuffQEl3yolo26n/conv61 | timeout: 10s)
[2026-04-23 16:18:04.111] [772335] [HailoRT] [info] [edge_elements.cpp:287] [create] Created (HwReadEl2yolo26n/conv64 | hw_frame_size: 6400)
[2026-04-23 16:18:04.111] [772335] [HailoRT] [info] [queue_elements.cpp:657] [create] Created (PullQEl_hw_read2yolo26n/conv64)
[2026-04-23 16:18:04.111] [772335] [HailoRT] [info] [filter_elements.cpp:372] [create] Created (PostInferEl2yolo26n/conv64 | Quantization - src_type: UINT8, dst_type FLOAT32, limvals_min: -161.763, limvals_max: 2.5779)
[2026-04-23 16:18:04.111] [772335] [HailoRT] [info] [queue_elements.cpp:800] [create] Created (UserBuffQEl2yolo26n/conv64 | timeout: 10s)
[2026-04-23 16:18:04.111] [772335] [HailoRT] [info] [vstream.cpp:1114] [OutputVStreamImpl] Creating yolo26n/conv64...
[2026-04-23 16:18:04.111] [772335] [HailoRT] [info] [vstream_builder.cpp:220] [create_outputs] Output pipeline 'yolo26n/conv64': HW >> (HwReadEl2yolo26n/conv64 | hw_frame_size: 6400) >> (PullQEl_hw_read2yolo26n/conv64) >> (PostInferEl2yolo26n/conv64 | Quantization - src_type: UINT8, dst_type FLOAT32, limvals_min: -161.763, limvals_max: 2.5779) >> (UserBuffQEl2yolo26n/conv64 | timeout: 10s)
[2026-04-23 16:18:04.111] [772335] [HailoRT] [info] [edge_elements.cpp:287] [create] Created (HwReadEl1yolo26n/conv77 | hw_frame_size: 6400)
[2026-04-23 16:18:04.111] [772335] [HailoRT] [info] [queue_elements.cpp:657] [create] Created (PullQEl_hw_read1yolo26n/conv77)
[2026-04-23 16:18:04.111] [772335] [HailoRT] [info] [filter_elements.cpp:372] [create] Created (PostInferEl1yolo26n/conv77 | Quantization - src_type: UINT8, dst_type FLOAT32, limvals_min: -0.560223, limvals_max: 15.3127)
[2026-04-23 16:18:04.111] [772335] [HailoRT] [info] [queue_elements.cpp:800] [create] Created (UserBuffQEl1yolo26n/conv77 | timeout: 10s)
[2026-04-23 16:18:04.111] [772335] [HailoRT] [info] [vstream.cpp:1114] [OutputVStreamImpl] Creating yolo26n/conv77...
[2026-04-23 16:18:04.111] [772335] [HailoRT] [info] [vstream_builder.cpp:220] [create_outputs] Output pipeline 'yolo26n/conv77': HW >> (HwReadEl1yolo26n/conv77 | hw_frame_size: 6400) >> (PullQEl_hw_read1yolo26n/conv77) >> (PostInferEl1yolo26n/conv77 | Quantization - src_type: UINT8, dst_type FLOAT32, limvals_min: -0.560223, limvals_max: 15.3127) >> (UserBuffQEl1yolo26n/conv77 | timeout: 10s)
[2026-04-23 16:18:04.111] [772335] [HailoRT] [info] [edge_elements.cpp:287] [create] Created (HwReadEl0yolo26n/conv80 | hw_frame_size: 1600)
[2026-04-23 16:18:04.111] [772335] [HailoRT] [info] [queue_elements.cpp:657] [create] Created (PullQEl_hw_read0yolo26n/conv80)
[2026-04-23 16:18:04.111] [772335] [HailoRT] [info] [filter_elements.cpp:372] [create] Created (PostInferEl0yolo26n/conv80 | Quantization - src_type: UINT8, dst_type FLOAT32, limvals_min: -204.998, limvals_max: 2.44045)
[2026-04-23 16:18:04.111] [772335] [HailoRT] [info] [queue_elements.cpp:800] [create] Created (UserBuffQEl0yolo26n/conv80 | timeout: 10s)
[2026-04-23 16:18:04.111] [772335] [HailoRT] [info] [vstream.cpp:1114] [OutputVStreamImpl] Creating yolo26n/conv80...
[2026-04-23 16:18:04.111] [772335] [HailoRT] [info] [vstream_builder.cpp:220] [create_outputs] Output pipeline 'yolo26n/conv80': HW >> (HwReadEl0yolo26n/conv80 | hw_frame_size: 1600) >> (PullQEl_hw_read0yolo26n/conv80) >> (PostInferEl0yolo26n/conv80 | Quantization - src_type: UINT8, dst_type FLOAT32, limvals_min: -204.998, limvals_max: 2.44045) >> (UserBuffQEl0yolo26n/conv80 | timeout: 10s)
[2026-04-23 16:18:04.111] [772335] [HailoRT] [info] [edge_elements.cpp:287] [create] Created (HwReadEl1yolo26n/conv91 | hw_frame_size: 3200)
[2026-04-23 16:18:04.111] [772335] [HailoRT] [info] [queue_elements.cpp:657] [create] Created (PullQEl_hw_read1yolo26n/conv91)
[2026-04-23 16:18:04.111] [772335] [HailoRT] [info] [filter_elements.cpp:372] [create] Created (PostInferEl1yolo26n/conv91 | Quantization - src_type: UINT8, dst_type FLOAT32, limvals_min: 0, limvals_max: 14.2269 | Reorder - src_order: FCR, src_shape: (20, 20, 8), dst_order: FCR, dst_shape: (20, 20, 4))
[2026-04-23 16:18:04.111] [772335] [HailoRT] [info] [queue_elements.cpp:800] [create] Created (UserBuffQEl1yolo26n/conv91 | timeout: 10s)
[2026-04-23 16:18:04.111] [772335] [HailoRT] [info] [vstream.cpp:1114] [OutputVStreamImpl] Creating yolo26n/conv91...
[2026-04-23 16:18:04.111] [772335] [HailoRT] [info] [vstream_builder.cpp:220] [create_outputs] Output pipeline 'yolo26n/conv91': HW >> (HwReadEl1yolo26n/conv91 | hw_frame_size: 3200) >> (PullQEl_hw_read1yolo26n/conv91) >> (PostInferEl1yolo26n/conv91 | Quantization - src_type: UINT8, dst_type FLOAT32, limvals_min: 0, limvals_max: 14.2269 | Reorder - src_order: FCR, src_shape: (20, 20, 8), dst_order: FCR, dst_shape: (20, 20, 4)) >> (UserBuffQEl1yolo26n/conv91 | timeout: 10s)
[2026-04-23 16:18:04.111] [772335] [HailoRT] [info] [edge_elements.cpp:287] [create] Created (HwReadEl0yolo26n/conv94 | hw_frame_size: 3200)
[2026-04-23 16:18:04.111] [772335] [HailoRT] [info] [queue_elements.cpp:657] [create] Created (PullQEl_hw_read0yolo26n/conv94)
[2026-04-23 16:18:04.111] [772335] [HailoRT] [info] [filter_elements.cpp:372] [create] Created (PostInferEl0yolo26n/conv94 | Quantization - src_type: UINT8, dst_type FLOAT32, limvals_min: -155.797, limvals_max: 3.11594 | Reorder - src_order: FCR, src_shape: (20, 20, 8), dst_order: FCR, dst_shape: (20, 20, 1))
[2026-04-23 16:18:04.111] [772335] [HailoRT] [info] [queue_elements.cpp:800] [create] Created (UserBuffQEl0yolo26n/conv94 | timeout: 10s)
[2026-04-23 16:18:04.111] [772335] [HailoRT] [info] [vstream.cpp:1114] [OutputVStreamImpl] Creating yolo26n/conv94...
[2026-04-23 16:18:04.111] [772335] [HailoRT] [info] [vstream_builder.cpp:220] [create_outputs] Output pipeline 'yolo26n/conv94': HW >> (HwReadEl0yolo26n/conv94 | hw_frame_size: 3200) >> (PullQEl_hw_read0yolo26n/conv94) >> (PostInferEl0yolo26n/conv94 | Quantization - src_type: UINT8, dst_type FLOAT32, limvals_min: -155.797, limvals_max: 3.11594 | Reorder - src_order: FCR, src_shape: (20, 20, 8), dst_order: FCR, dst_shape: (20, 20, 1)) >> (UserBuffQEl0yolo26n/conv94 | timeout: 10s)
[2026-04-23 16:18:04.122] [1140888] [HailoRT] [info] [queue_elements.cpp:855] [run_in_thread] Shutdown event was signaled in dequeue of UserBuffQEl3yolo26n/conv61!
[2026-04-23 16:18:04.122] [1140887] [HailoRT] [info] [vdevice_native_stream.cpp:331] [read_impl] Failed read from stream HAILO_STREAM_ABORT(63) (device: 0001:01:00.0)
[2026-04-23 16:18:04.122] [1140887] [HailoRT] [info] [edge_elements.cpp:396] [run_pull] Reading from stream was aborted!
[2026-04-23 16:18:04.122] [1140887] [HailoRT] [info] [queue_elements.cpp:738] [run_in_thread] run_pull of queue element PullQEl_hw_read3yolo26n/conv61 was aborted!
[2026-04-23 16:18:04.122] [1140887] [HailoRT] [info] [queue_elements.cpp:68] [operator()] Thread in element PullQEl_hw_read3yolo26n/conv61 is not running anymore, exiting..
[2026-04-23 16:18:04.122] [772335] [HailoRT] [info] [queue_elements.cpp:46] [~BaseQueueElement] Queue element PullQEl_hw_read3yolo26n/conv61 has 0 frames in his Queue on destruction
[2026-04-23 16:18:04.122] [1140888] [HailoRT] [info] [queue_elements.cpp:68] [operator()] Thread in element UserBuffQEl3yolo26n/conv61 is not running anymore, exiting..
[2026-04-23 16:18:04.122] [772335] [HailoRT] [info] [queue_elements.cpp:46] [~BaseQueueElement] Queue element UserBuffQEl3yolo26n/conv61 has 0 frames in his Queue on destruction
[2026-04-23 16:18:04.122] [1140890] [HailoRT] [info] [queue_elements.cpp:855] [run_in_thread] Shutdown event was signaled in dequeue of UserBuffQEl2yolo26n/conv64!
[2026-04-23 16:18:04.122] [1140889] [HailoRT] [info] [vdevice_native_stream.cpp:331] [read_impl] Failed read from stream HAILO_STREAM_ABORT(63) (device: 0001:01:00.0)
[2026-04-23 16:18:04.122] [1140889] [HailoRT] [info] [edge_elements.cpp:396] [run_pull] Reading from stream was aborted!
[2026-04-23 16:18:04.122] [1140889] [HailoRT] [info] [queue_elements.cpp:738] [run_in_thread] run_pull of queue element PullQEl_hw_read2yolo26n/conv64 was aborted!
[2026-04-23 16:18:04.122] [1140889] [HailoRT] [info] [queue_elements.cpp:68] [operator()] Thread in element PullQEl_hw_read2yolo26n/conv64 is not running anymore, exiting..
[2026-04-23 16:18:04.123] [772335] [HailoRT] [info] [queue_elements.cpp:46] [~BaseQueueElement] Queue element PullQEl_hw_read2yolo26n/conv64 has 0 frames in his Queue on destruction
[2026-04-23 16:18:04.123] [1140890] [HailoRT] [info] [queue_elements.cpp:68] [operator()] Thread in element UserBuffQEl2yolo26n/conv64 is not running anymore, exiting..
[2026-04-23 16:18:04.123] [772335] [HailoRT] [info] [queue_elements.cpp:46] [~BaseQueueElement] Queue element UserBuffQEl2yolo26n/conv64 has 0 frames in his Queue on destruction
[2026-04-23 16:18:04.123] [1140892] [HailoRT] [info] [queue_elements.cpp:855] [run_in_thread] Shutdown event was signaled in dequeue of UserBuffQEl1yolo26n/conv77!
[2026-04-23 16:18:04.123] [1140891] [HailoRT] [info] [vdevice_native_stream.cpp:331] [read_impl] Failed read from stream HAILO_STREAM_ABORT(63) (device: 0001:01:00.0)
[2026-04-23 16:18:04.123] [1140891] [HailoRT] [info] [edge_elements.cpp:396] [run_pull] Reading from stream was aborted!
[2026-04-23 16:18:04.123] [1140891] [HailoRT] [info] [queue_elements.cpp:738] [run_in_thread] run_pull of queue element PullQEl_hw_read1yolo26n/conv77 was aborted!
[2026-04-23 16:18:04.123] [1140891] [HailoRT] [info] [queue_elements.cpp:68] [operator()] Thread in element PullQEl_hw_read1yolo26n/conv77 is not running anymore, exiting..
[2026-04-23 16:18:04.123] [772335] [HailoRT] [info] [queue_elements.cpp:46] [~BaseQueueElement] Queue element PullQEl_hw_read1yolo26n/conv77 has 0 frames in his Queue on destruction
[2026-04-23 16:18:04.123] [1140892] [HailoRT] [info] [queue_elements.cpp:68] [operator()] Thread in element UserBuffQEl1yolo26n/conv77 is not running anymore, exiting..
[2026-04-23 16:18:04.123] [772335] [HailoRT] [info] [queue_elements.cpp:46] [~BaseQueueElement] Queue element UserBuffQEl1yolo26n/conv77 has 0 frames in his Queue on destruction
[2026-04-23 16:18:04.123] [1140893] [HailoRT] [info] [vdevice_native_stream.cpp:331] [read_impl] Failed read from stream HAILO_STREAM_ABORT(63) (device: 0001:01:00.0)
[2026-04-23 16:18:04.123] [1140893] [HailoRT] [info] [edge_elements.cpp:396] [run_pull] Reading from stream was aborted!
[2026-04-23 16:18:04.123] [1140894] [HailoRT] [info] [queue_elements.cpp:855] [run_in_thread] Shutdown event was signaled in dequeue of UserBuffQEl0yolo26n/conv80!
[2026-04-23 16:18:04.123] [1140893] [HailoRT] [info] [queue_elements.cpp:738] [run_in_thread] run_pull of queue element PullQEl_hw_read0yolo26n/conv80 was aborted!
[2026-04-23 16:18:04.123] [1140893] [HailoRT] [info] [queue_elements.cpp:68] [operator()] Thread in element PullQEl_hw_read0yolo26n/conv80 is not running anymore, exiting..
[2026-04-23 16:18:04.123] [772335] [HailoRT] [info] [queue_elements.cpp:46] [~BaseQueueElement] Queue element PullQEl_hw_read0yolo26n/conv80 has 0 frames in his Queue on destruction
[2026-04-23 16:18:04.123] [1140894] [HailoRT] [info] [queue_elements.cpp:68] [operator()] Thread in element UserBuffQEl0yolo26n/conv80 is not running anymore, exiting..
[2026-04-23 16:18:04.123] [772335] [HailoRT] [info] [queue_elements.cpp:46] [~BaseQueueElement] Queue element UserBuffQEl0yolo26n/conv80 has 0 frames in his Queue on destruction
[2026-04-23 16:18:04.123] [1140895] [HailoRT] [info] [vdevice_native_stream.cpp:331] [read_impl] Failed read from stream HAILO_STREAM_ABORT(63) (device: 0001:01:00.0)
[2026-04-23 16:18:04.123] [1140896] [HailoRT] [info] [queue_elements.cpp:855] [run_in_thread] Shutdown event was signaled in dequeue of UserBuffQEl1yolo26n/conv91!
[2026-04-23 16:18:04.123] [1140895] [HailoRT] [info] [edge_elements.cpp:396] [run_pull] Reading from stream was aborted!
[2026-04-23 16:18:04.123] [1140895] [HailoRT] [info] [queue_elements.cpp:738] [run_in_thread] run_pull of queue element PullQEl_hw_read1yolo26n/conv91 was aborted!
[2026-04-23 16:18:04.123] [1140895] [HailoRT] [info] [queue_elements.cpp:68] [operator()] Thread in element PullQEl_hw_read1yolo26n/conv91 is not running anymore, exiting..
[2026-04-23 16:18:04.123] [772335] [HailoRT] [info] [queue_elements.cpp:46] [~BaseQueueElement] Queue element PullQEl_hw_read1yolo26n/conv91 has 0 frames in his Queue on destruction
[2026-04-23 16:18:04.123] [1140896] [HailoRT] [info] [queue_elements.cpp:68] [operator()] Thread in element UserBuffQEl1yolo26n/conv91 is not running anymore, exiting..
[2026-04-23 16:18:04.123] [772335] [HailoRT] [info] [queue_elements.cpp:46] [~BaseQueueElement] Queue element UserBuffQEl1yolo26n/conv91 has 0 frames in his Queue on destruction
[2026-04-23 16:18:04.123] [1140898] [HailoRT] [info] [queue_elements.cpp:855] [run_in_thread] Shutdown event was signaled in dequeue of UserBuffQEl0yolo26n/conv94!
[2026-04-23 16:18:04.123] [1140897] [HailoRT] [info] [vdevice_native_stream.cpp:331] [read_impl] Failed read from stream HAILO_STREAM_ABORT(63) (device: 0001:01:00.0)
[2026-04-23 16:18:04.123] [1140897] [HailoRT] [info] [edge_elements.cpp:396] [run_pull] Reading from stream was aborted!
[2026-04-23 16:18:04.123] [1140897] [HailoRT] [info] [queue_elements.cpp:738] [run_in_thread] run_pull of queue element PullQEl_hw_read0yolo26n/conv94 was aborted!
[2026-04-23 16:18:04.123] [1140897] [HailoRT] [info] [queue_elements.cpp:68] [operator()] Thread in element PullQEl_hw_read0yolo26n/conv94 is not running anymore, exiting..
[2026-04-23 16:18:04.123] [772335] [HailoRT] [info] [queue_elements.cpp:46] [~BaseQueueElement] Queue element PullQEl_hw_read0yolo26n/conv94 has 0 frames in his Queue on destruction
[2026-04-23 16:18:04.123] [1140898] [HailoRT] [info] [queue_elements.cpp:68] [operator()] Thread in element UserBuffQEl0yolo26n/conv94 is not running anymore, exiting..
[2026-04-23 16:18:04.123] [772335] [HailoRT] [info] [queue_elements.cpp:46] [~BaseQueueElement] Queue element UserBuffQEl0yolo26n/conv94 has 0 frames in his Queue on destruction
[2026-04-23 16:18:04.123] [1140886] [HailoRT] [info] [queue_elements.cpp:68] [operator()] Thread in element PushQEl2yolo26n/input_layer1 is not running anymore, exiting..
[2026-04-23 16:18:04.123] [772335] [HailoRT] [info] [queue_elements.cpp:46] [~BaseQueueElement] Queue element PushQEl2yolo26n/input_layer1 has 0 frames in his Queue on destruction
[2026-04-23 16:18:04.124] [772335] [HailoRT] [info] [core_op.cpp:186] [deactivate] Deactivating took 0.502888 ms
[2026-04-23 16:18:04.124] [772335] [HailoRT] [info] [core_op.cpp:186] [deactivate] Deactivating took 0.512407 ms
[2026-04-23 16:18:04.129] [772335] [HailoRT] [info] [core_op.cpp:156] [activate] Activating arcface_mobilefacenet took 0.245944 milliseconds. Note that the function is asynchronous and thus the network is not fully activated yet.
[2026-04-23 16:18:04.129] [772335] [HailoRT] [info] [core_op.cpp:156] [activate] Activating arcface_mobilefacenet took 0.267685 milliseconds. Note that the function is asynchronous and thus the network is not fully activated yet.
[2026-04-23 16:18:04.129] [772335] [HailoRT] [info] [edge_elements.cpp:52] [create] Created (HwWriteEl1arcface_mobilefacenet/input_layer1 | hw_frame_size: 37632)
[2026-04-23 16:18:04.129] [772335] [HailoRT] [info] [vstream.cpp:754] [InputVStreamImpl] Creating arcface_mobilefacenet/input_layer1...
[2026-04-23 16:18:04.129] [772335] [HailoRT] [info] [vstream_builder.cpp:102] [create_inputs] Input pipeline 'arcface_mobilefacenet/input_layer1': (HwWriteEl1arcface_mobilefacenet/input_layer1 | hw_frame_size: 37632) >> HW
[2026-04-23 16:18:04.129] [772335] [HailoRT] [info] [edge_elements.cpp:287] [create] Created (HwReadEl0arcface_mobilefacenet/fc1 | hw_frame_size: 512)
[2026-04-23 16:18:04.130] [772335] [HailoRT] [info] [queue_elements.cpp:657] [create] Created (PullQEl_hw_read0arcface_mobilefacenet/fc1)
[2026-04-23 16:18:04.130] [772335] [HailoRT] [info] [filter_elements.cpp:372] [create] Created (PostInferEl0arcface_mobilefacenet/fc1 | Quantization - src_type: UINT8, dst_type FLOAT32, limvals_min: -2.41025, limvals_max: 1.8579)
[2026-04-23 16:18:04.130] [772335] [HailoRT] [info] [queue_elements.cpp:800] [create] Created (UserBuffQEl0arcface_mobilefacenet/fc1 | timeout: 10s)
[2026-04-23 16:18:04.130] [772335] [HailoRT] [info] [vstream.cpp:1114] [OutputVStreamImpl] Creating arcface_mobilefacenet/fc1...
[2026-04-23 16:18:04.130] [772335] [HailoRT] [info] [vstream_builder.cpp:220] [create_outputs] Output pipeline 'arcface_mobilefacenet/fc1': HW >> (HwReadEl0arcface_mobilefacenet/fc1 | hw_frame_size: 512) >> (PullQEl_hw_read0arcface_mobilefacenet/fc1) >> (PostInferEl0arcface_mobilefacenet/fc1 | Quantization - src_type: UINT8, dst_type FLOAT32, limvals_min: -2.41025, limvals_max: 1.8579) >> (UserBuffQEl0arcface_mobilefacenet/fc1 | timeout: 10s)
[2026-04-23 16:18:04.136] [1140907] [HailoRT] [info] [queue_elements.cpp:855] [run_in_thread] Shutdown event was signaled in dequeue of UserBuffQEl0arcface_mobilefacenet/fc1!
[2026-04-23 16:18:04.136] [1140906] [HailoRT] [info] [vdevice_native_stream.cpp:331] [read_impl] Failed read from stream HAILO_STREAM_ABORT(63) (device: 0001:01:00.0)
[2026-04-23 16:18:04.136] [1140906] [HailoRT] [info] [edge_elements.cpp:396] [run_pull] Reading from stream was aborted!
[2026-04-23 16:18:04.136] [1140906] [HailoRT] [info] [queue_elements.cpp:738] [run_in_thread] run_pull of queue element PullQEl_hw_read0arcface_mobilefacenet/fc1 was aborted!
[2026-04-23 16:18:04.136] [1140906] [HailoRT] [info] [queue_elements.cpp:68] [operator()] Thread in element PullQEl_hw_read0arcface_mobilefacenet/fc1 is not running anymore, exiting..
[2026-04-23 16:18:04.136] [772335] [HailoRT] [info] [queue_elements.cpp:46] [~BaseQueueElement] Queue element PullQEl_hw_read0arcface_mobilefacenet/fc1 has 0 frames in his Queue on destruction
[2026-04-23 16:18:04.136] [1140907] [HailoRT] [info] [queue_elements.cpp:68] [operator()] Thread in element UserBuffQEl0arcface_mobilefacenet/fc1 is not running anymore, exiting..
[2026-04-23 16:18:04.136] [772335] [HailoRT] [info] [queue_elements.cpp:46] [~BaseQueueElement] Queue element UserBuffQEl0arcface_mobilefacenet/fc1 has 0 frames in his Queue on destruction
[2026-04-23 16:18:04.137] [772335] [HailoRT] [info] [core_op.cpp:186] [deactivate] Deactivating took 0.387073 ms
[2026-04-23 16:18:04.137] [772335] [HailoRT] [info] [core_op.cpp:186] [deactivate] Deactivating took 0.401444 ms
[2026-04-23 16:18:04.146] [772335] [HailoRT] [info] [core_op.cpp:156] [activate] Activating yolo26n took 0.601536 milliseconds. Note that the function is asynchronous and thus the network is not fully activated yet.
[2026-04-23 16:18:04.146] [772335] [HailoRT] [info] [core_op.cpp:156] [activate] Activating yolo26n took 0.642332 milliseconds. Note that the function is asynchronous and thus the network is not fully activated yet.
[2026-04-23 16:18:04.147] [772335] [HailoRT] [info] [edge_elements.cpp:52] [create] Created (HwWriteEl2yolo26n/input_layer1 | hw_frame_size: 1228800)
[2026-04-23 16:18:04.147] [772335] [HailoRT] [info] [queue_elements.cpp:284] [create] Created (PushQEl2yolo26n/input_layer1 | timeout: 10s)
[2026-04-23 16:18:04.147] [772335] [HailoRT] [info] [filter_elements.cpp:101] [create] Created (PreInferEl2yolo26n/input_layer1 | Reorder - src_order: NHWC, src_shape: (640, 640, 3), dst_order: NHCW, dst_shape: (640, 640, 3))
[2026-04-23 16:18:04.147] [772335] [HailoRT] [info] [vstream.cpp:754] [InputVStreamImpl] Creating yolo26n/input_layer1...
[2026-04-23 16:18:04.147] [772335] [HailoRT] [info] [vstream_builder.cpp:102] [create_inputs] Input pipeline 'yolo26n/input_layer1': (PreInferEl2yolo26n/input_layer1 | Reorder - src_order: NHWC, src_shape: (640, 640, 3), dst_order: NHCW, dst_shape: (640, 640, 3)) >> (PushQEl2yolo26n/input_layer1 | timeout: 10s) >> (HwWriteEl2yolo26n/input_layer1 | hw_frame_size: 1228800) >> HW
[2026-04-23 16:18:04.147] [772335] [HailoRT] [info] [edge_elements.cpp:287] [create] Created (HwReadEl3yolo26n/conv61 | hw_frame_size: 25600)
[2026-04-23 16:18:04.147] [772335] [HailoRT] [info] [queue_elements.cpp:657] [create] Created (PullQEl_hw_read3yolo26n/conv61)
[2026-04-23 16:18:04.147] [772335] [HailoRT] [info] [filter_elements.cpp:372] [create] Created (PostInferEl3yolo26n/conv61 | Quantization - src_type: UINT8, dst_type FLOAT32, limvals_min: -0.468035, limvals_max: 6.99127)
[2026-04-23 16:18:04.147] [772335] [HailoRT] [info] [queue_elements.cpp:800] [create] Created (UserBuffQEl3yolo26n/conv61 | timeout: 10s)
[2026-04-23 16:18:04.147] [772335] [HailoRT] [info] [vstream.cpp:1114] [OutputVStreamImpl] Creating yolo26n/conv61...
[2026-04-23 16:18:04.147] [772335] [HailoRT] [info] [vstream_builder.cpp:220] [create_outputs] Output pipeline 'yolo26n/conv61': HW >> (HwReadEl3yolo26n/conv61 | hw_frame_size: 25600) >> (PullQEl_hw_read3yolo26n/conv61) >> (PostInferEl3yolo26n/conv61 | Quantization - src_type: UINT8, dst_type FLOAT32, limvals_min: -0.468035, limvals_max: 6.99127) >> (UserBuffQEl3yolo26n/conv61 | timeout: 10s)
[2026-04-23 16:18:04.147] [772335] [HailoRT] [info] [edge_elements.cpp:287] [create] Created (HwReadEl2yolo26n/conv64 | hw_frame_size: 6400)
[2026-04-23 16:18:04.147] [772335] [HailoRT] [info] [queue_elements.cpp:657] [create] Created (PullQEl_hw_read2yolo26n/conv64)
[2026-04-23 16:18:04.147] [772335] [HailoRT] [info] [filter_elements.cpp:372] [create] Created (PostInferEl2yolo26n/conv64 | Quantization - src_type: UINT8, dst_type FLOAT32, limvals_min: -161.763, limvals_max: 2.5779)
[2026-04-23 16:18:04.147] [772335] [HailoRT] [info] [queue_elements.cpp:800] [create] Created (UserBuffQEl2yolo26n/conv64 | timeout: 10s)
[2026-04-23 16:18:04.147] [772335] [HailoRT] [info] [vstream.cpp:1114] [OutputVStreamImpl] Creating yolo26n/conv64...
[2026-04-23 16:18:04.147] [772335] [HailoRT] [info] [vstream_builder.cpp:220] [create_outputs] Output pipeline 'yolo26n/conv64': HW >> (HwReadEl2yolo26n/conv64 | hw_frame_size: 6400) >> (PullQEl_hw_read2yolo26n/conv64) >> (PostInferEl2yolo26n/conv64 | Quantization - src_type: UINT8, dst_type FLOAT32, limvals_min: -161.763, limvals_max: 2.5779) >> (UserBuffQEl2yolo26n/conv64 | timeout: 10s)
[2026-04-23 16:18:04.147] [772335] [HailoRT] [info] [edge_elements.cpp:287] [create] Created (HwReadEl1yolo26n/conv77 | hw_frame_size: 6400)
[2026-04-23 16:18:04.147] [772335] [HailoRT] [info] [queue_elements.cpp:657] [create] Created (PullQEl_hw_read1yolo26n/conv77)
[2026-04-23 16:18:04.147] [772335] [HailoRT] [info] [filter_elements.cpp:372] [create] Created (PostInferEl1yolo26n/conv77 | Quantization - src_type: UINT8, dst_type FLOAT32, limvals_min: -0.560223, limvals_max: 15.3127)
[2026-04-23 16:18:04.147] [772335] [HailoRT] [info] [queue_elements.cpp:800] [create] Created (UserBuffQEl1yolo26n/conv77 | timeout: 10s)
[2026-04-23 16:18:04.147] [772335] [HailoRT] [info] [vstream.cpp:1114] [OutputVStreamImpl] Creating yolo26n/conv77...
[2026-04-23 16:18:04.147] [772335] [HailoRT] [info] [vstream_builder.cpp:220] [create_outputs] Output pipeline 'yolo26n/conv77': HW >> (HwReadEl1yolo26n/conv77 | hw_frame_size: 6400) >> (PullQEl_hw_read1yolo26n/conv77) >> (PostInferEl1yolo26n/conv77 | Quantization - src_type: UINT8, dst_type FLOAT32, limvals_min: -0.560223, limvals_max: 15.3127) >> (UserBuffQEl1yolo26n/conv77 | timeout: 10s)
[2026-04-23 16:18:04.147] [772335] [HailoRT] [info] [edge_elements.cpp:287] [create] Created (HwReadEl0yolo26n/conv80 | hw_frame_size: 1600)
[2026-04-23 16:18:04.147] [772335] [HailoRT] [info] [queue_elements.cpp:657] [create] Created (PullQEl_hw_read0yolo26n/conv80)
[2026-04-23 16:18:04.147] [772335] [HailoRT] [info] [filter_elements.cpp:372] [create] Created (PostInferEl0yolo26n/conv80 | Quantization - src_type: UINT8, dst_type FLOAT32, limvals_min: -204.998, limvals_max: 2.44045)
[2026-04-23 16:18:04.147] [772335] [HailoRT] [info] [queue_elements.cpp:800] [create] Created (UserBuffQEl0yolo26n/conv80 | timeout: 10s)
[2026-04-23 16:18:04.148] [772335] [HailoRT] [info] [vstream.cpp:1114] [OutputVStreamImpl] Creating yolo26n/conv80...
[2026-04-23 16:18:04.148] [772335] [HailoRT] [info] [vstream_builder.cpp:220] [create_outputs] Output pipeline 'yolo26n/conv80': HW >> (HwReadEl0yolo26n/conv80 | hw_frame_size: 1600) >> (PullQEl_hw_read0yolo26n/conv80) >> (PostInferEl0yolo26n/conv80 | Quantization - src_type: UINT8, dst_type FLOAT32, limvals_min: -204.998, limvals_max: 2.44045) >> (UserBuffQEl0yolo26n/conv80 | timeout: 10s)
[2026-04-23 16:18:04.148] [772335] [HailoRT] [info] [edge_elements.cpp:287] [create] Created (HwReadEl1yolo26n/conv91 | hw_frame_size: 3200)
[2026-04-23 16:18:04.148] [772335] [HailoRT] [info] [queue_elements.cpp:657] [create] Created (PullQEl_hw_read1yolo26n/conv91)
[2026-04-23 16:18:04.148] [772335] [HailoRT] [info] [filter_elements.cpp:372] [create] Created (PostInferEl1yolo26n/conv91 | Quantization - src_type: UINT8, dst_type FLOAT32, limvals_min: 0, limvals_max: 14.2269 | Reorder - src_order: FCR, src_shape: (20, 20, 8), dst_order: FCR, dst_shape: (20, 20, 4))
[2026-04-23 16:18:04.148] [772335] [HailoRT] [info] [queue_elements.cpp:800] [create] Created (UserBuffQEl1yolo26n/conv91 | timeout: 10s)
[2026-04-23 16:18:04.148] [772335] [HailoRT] [info] [vstream.cpp:1114] [OutputVStreamImpl] Creating yolo26n/conv91...
[2026-04-23 16:18:04.148] [772335] [HailoRT] [info] [vstream_builder.cpp:220] [create_outputs] Output pipeline 'yolo26n/conv91': HW >> (HwReadEl1yolo26n/conv91 | hw_frame_size: 3200) >> (PullQEl_hw_read1yolo26n/conv91) >> (PostInferEl1yolo26n/conv91 | Quantization - src_type: UINT8, dst_type FLOAT32, limvals_min: 0, limvals_max: 14.2269 | Reorder - src_order: FCR, src_shape: (20, 20, 8), dst_order: FCR, dst_shape: (20, 20, 4)) >> (UserBuffQEl1yolo26n/conv91 | timeout: 10s)
[2026-04-23 16:18:04.148] [772335] [HailoRT] [info] [edge_elements.cpp:287] [create] Created (HwReadEl0yolo26n/conv94 | hw_frame_size: 3200)
[2026-04-23 16:18:04.148] [772335] [HailoRT] [info] [queue_elements.cpp:657] [create] Created (PullQEl_hw_read0yolo26n/conv94)
[2026-04-23 16:18:04.148] [772335] [HailoRT] [info] [filter_elements.cpp:372] [create] Created (PostInferEl0yolo26n/conv94 | Quantization - src_type: UINT8, dst_type FLOAT32, limvals_min: -155.797, limvals_max: 3.11594 | Reorder - src_order: FCR, src_shape: (20, 20, 8), dst_order: FCR, dst_shape: (20, 20, 1))
[2026-04-23 16:18:04.148] [772335] [HailoRT] [info] [queue_elements.cpp:800] [create] Created (UserBuffQEl0yolo26n/conv94 | timeout: 10s)
[2026-04-23 16:18:04.148] [772335] [HailoRT] [info] [vstream.cpp:1114] [OutputVStreamImpl] Creating yolo26n/conv94...
[2026-04-23 16:18:04.148] [772335] [HailoRT] [info] [vstream_builder.cpp:220] [create_outputs] Output pipeline 'yolo26n/conv94': HW >> (HwReadEl0yolo26n/conv94 | hw_frame_size: 3200) >> (PullQEl_hw_read0yolo26n/conv94) >> (PostInferEl0yolo26n/conv94 | Quantization - src_type: UINT8, dst_type FLOAT32, limvals_min: -155.797, limvals_max: 3.11594 | Reorder - src_order: FCR, src_shape: (20, 20, 8), dst_order: FCR, dst_shape: (20, 20, 1)) >> (UserBuffQEl0yolo26n/conv94 | timeout: 10s)
[2026-04-23 16:18:04.159] [1140912] [HailoRT] [info] [queue_elements.cpp:855] [run_in_thread] Shutdown event was signaled in dequeue of UserBuffQEl3yolo26n/conv61!
[2026-04-23 16:18:04.159] [1140911] [HailoRT] [info] [vdevice_native_stream.cpp:331] [read_impl] Failed read from stream HAILO_STREAM_ABORT(63) (device: 0001:01:00.0)
[2026-04-23 16:18:04.159] [1140911] [HailoRT] [info] [edge_elements.cpp:396] [run_pull] Reading from stream was aborted!
[2026-04-23 16:18:04.159] [1140911] [HailoRT] [info] [queue_elements.cpp:738] [run_in_thread] run_pull of queue element PullQEl_hw_read3yolo26n/conv61 was aborted!
[2026-04-23 16:18:04.159] [1140911] [HailoRT] [info] [queue_elements.cpp:68] [operator()] Thread in element PullQEl_hw_read3yolo26n/conv61 is not running anymore, exiting..
[2026-04-23 16:18:04.159] [772335] [HailoRT] [info] [queue_elements.cpp:46] [~BaseQueueElement] Queue element PullQEl_hw_read3yolo26n/conv61 has 0 frames in his Queue on destruction
[2026-04-23 16:18:04.159] [1140912] [HailoRT] [info] [queue_elements.cpp:68] [operator()] Thread in element UserBuffQEl3yolo26n/conv61 is not running anymore, exiting..
[2026-04-23 16:18:04.159] [772335] [HailoRT] [info] [queue_elements.cpp:46] [~BaseQueueElement] Queue element UserBuffQEl3yolo26n/conv61 has 0 frames in his Queue on destruction
[2026-04-23 16:18:04.159] [1140914] [HailoRT] [info] [queue_elements.cpp:855] [run_in_thread] Shutdown event was signaled in dequeue of UserBuffQEl2yolo26n/conv64!
[2026-04-23 16:18:04.159] [1140913] [HailoRT] [info] [vdevice_native_stream.cpp:331] [read_impl] Failed read from stream HAILO_STREAM_ABORT(63) (device: 0001:01:00.0)
[2026-04-23 16:18:04.159] [1140913] [HailoRT] [info] [edge_elements.cpp:396] [run_pull] Reading from stream was aborted!
[2026-04-23 16:18:04.159] [1140913] [HailoRT] [info] [queue_elements.cpp:738] [run_in_thread] run_pull of queue element PullQEl_hw_read2yolo26n/conv64 was aborted!
[2026-04-23 16:18:04.159] [1140913] [HailoRT] [info] [queue_elements.cpp:68] [operator()] Thread in element PullQEl_hw_read2yolo26n/conv64 is not running anymore, exiting..
[2026-04-23 16:18:04.159] [772335] [HailoRT] [info] [queue_elements.cpp:46] [~BaseQueueElement] Queue element PullQEl_hw_read2yolo26n/conv64 has 0 frames in his Queue on destruction
[2026-04-23 16:18:04.159] [1140914] [HailoRT] [info] [queue_elements.cpp:68] [operator()] Thread in element UserBuffQEl2yolo26n/conv64 is not running anymore, exiting..
[2026-04-23 16:18:04.159] [772335] [HailoRT] [info] [queue_elements.cpp:46] [~BaseQueueElement] Queue element UserBuffQEl2yolo26n/conv64 has 0 frames in his Queue on destruction
[2026-04-23 16:18:04.159] [1140915] [HailoRT] [info] [vdevice_native_stream.cpp:331] [read_impl] Failed read from stream HAILO_STREAM_ABORT(63) (device: 0001:01:00.0)
[2026-04-23 16:18:04.159] [1140915] [HailoRT] [info] [edge_elements.cpp:396] [run_pull] Reading from stream was aborted!
[2026-04-23 16:18:04.159] [1140916] [HailoRT] [info] [queue_elements.cpp:855] [run_in_thread] Shutdown event was signaled in dequeue of UserBuffQEl1yolo26n/conv77!
[2026-04-23 16:18:04.159] [1140915] [HailoRT] [info] [queue_elements.cpp:738] [run_in_thread] run_pull of queue element PullQEl_hw_read1yolo26n/conv77 was aborted!
[2026-04-23 16:18:04.159] [1140915] [HailoRT] [info] [queue_elements.cpp:68] [operator()] Thread in element PullQEl_hw_read1yolo26n/conv77 is not running anymore, exiting..
[2026-04-23 16:18:04.159] [772335] [HailoRT] [info] [queue_elements.cpp:46] [~BaseQueueElement] Queue element PullQEl_hw_read1yolo26n/conv77 has 0 frames in his Queue on destruction
[2026-04-23 16:18:04.159] [1140916] [HailoRT] [info] [queue_elements.cpp:68] [operator()] Thread in element UserBuffQEl1yolo26n/conv77 is not running anymore, exiting..
[2026-04-23 16:18:04.159] [772335] [HailoRT] [info] [queue_elements.cpp:46] [~BaseQueueElement] Queue element UserBuffQEl1yolo26n/conv77 has 0 frames in his Queue on destruction
[2026-04-23 16:18:04.159] [1140917] [HailoRT] [info] [vdevice_native_stream.cpp:331] [read_impl] Failed read from stream HAILO_STREAM_ABORT(63) (device: 0001:01:00.0)
[2026-04-23 16:18:04.159] [1140918] [HailoRT] [info] [queue_elements.cpp:855] [run_in_thread] Shutdown event was signaled in dequeue of UserBuffQEl0yolo26n/conv80!
[2026-04-23 16:18:04.159] [1140917] [HailoRT] [info] [edge_elements.cpp:396] [run_pull] Reading from stream was aborted!
[2026-04-23 16:18:04.159] [1140917] [HailoRT] [info] [queue_elements.cpp:738] [run_in_thread] run_pull of queue element PullQEl_hw_read0yolo26n/conv80 was aborted!
[2026-04-23 16:18:04.159] [1140917] [HailoRT] [info] [queue_elements.cpp:68] [operator()] Thread in element PullQEl_hw_read0yolo26n/conv80 is not running anymore, exiting..
[2026-04-23 16:18:04.159] [772335] [HailoRT] [info] [queue_elements.cpp:46] [~BaseQueueElement] Queue element PullQEl_hw_read0yolo26n/conv80 has 0 frames in his Queue on destruction
[2026-04-23 16:18:04.159] [1140918] [HailoRT] [info] [queue_elements.cpp:68] [operator()] Thread in element UserBuffQEl0yolo26n/conv80 is not running anymore, exiting..
[2026-04-23 16:18:04.159] [772335] [HailoRT] [info] [queue_elements.cpp:46] [~BaseQueueElement] Queue element UserBuffQEl0yolo26n/conv80 has 0 frames in his Queue on destruction
[2026-04-23 16:18:04.159] [1140920] [HailoRT] [info] [queue_elements.cpp:855] [run_in_thread] Shutdown event was signaled in dequeue of UserBuffQEl1yolo26n/conv91!
[2026-04-23 16:18:04.159] [1140919] [HailoRT] [info] [vdevice_native_stream.cpp:331] [read_impl] Failed read from stream HAILO_STREAM_ABORT(63) (device: 0001:01:00.0)
[2026-04-23 16:18:04.159] [1140919] [HailoRT] [info] [edge_elements.cpp:396] [run_pull] Reading from stream was aborted!
[2026-04-23 16:18:04.159] [1140919] [HailoRT] [info] [queue_elements.cpp:738] [run_in_thread] run_pull of queue element PullQEl_hw_read1yolo26n/conv91 was aborted!
[2026-04-23 16:18:04.159] [1140919] [HailoRT] [info] [queue_elements.cpp:68] [operator()] Thread in element PullQEl_hw_read1yolo26n/conv91 is not running anymore, exiting..
[2026-04-23 16:18:04.159] [772335] [HailoRT] [info] [queue_elements.cpp:46] [~BaseQueueElement] Queue element PullQEl_hw_read1yolo26n/conv91 has 0 frames in his Queue on destruction
[2026-04-23 16:18:04.159] [1140920] [HailoRT] [info] [queue_elements.cpp:68] [operator()] Thread in element UserBuffQEl1yolo26n/conv91 is not running anymore, exiting..
[2026-04-23 16:18:04.159] [772335] [HailoRT] [info] [queue_elements.cpp:46] [~BaseQueueElement] Queue element UserBuffQEl1yolo26n/conv91 has 0 frames in his Queue on destruction
[2026-04-23 16:18:04.159] [1140921] [HailoRT] [info] [vdevice_native_stream.cpp:331] [read_impl] Failed read from stream HAILO_STREAM_ABORT(63) (device: 0001:01:00.0)
[2026-04-23 16:18:04.159] [1140922] [HailoRT] [info] [queue_elements.cpp:855] [run_in_thread] Shutdown event was signaled in dequeue of UserBuffQEl0yolo26n/conv94!
[2026-04-23 16:18:04.159] [1140921] [HailoRT] [info] [edge_elements.cpp:396] [run_pull] Reading from stream was aborted!
[2026-04-23 16:18:04.159] [1140921] [HailoRT] [info] [queue_elements.cpp:738] [run_in_thread] run_pull of queue element PullQEl_hw_read0yolo26n/conv94 was aborted!
[2026-04-23 16:18:04.159] [1140921] [HailoRT] [info] [queue_elements.cpp:68] [operator()] Thread in element PullQEl_hw_read0yolo26n/conv94 is not running anymore, exiting..
[2026-04-23 16:18:04.159] [772335] [HailoRT] [info] [queue_elements.cpp:46] [~BaseQueueElement] Queue element PullQEl_hw_read0yolo26n/conv94 has 0 frames in his Queue on destruction
[2026-04-23 16:18:04.159] [1140922] [HailoRT] [info] [queue_elements.cpp:68] [operator()] Thread in element UserBuffQEl0yolo26n/conv94 is not running anymore, exiting..
[2026-04-23 16:18:04.159] [772335] [HailoRT] [info] [queue_elements.cpp:46] [~BaseQueueElement] Queue element UserBuffQEl0yolo26n/conv94 has 0 frames in his Queue on destruction
[2026-04-23 16:18:04.159] [1140910] [HailoRT] [info] [queue_elements.cpp:68] [operator()] Thread in element PushQEl2yolo26n/input_layer1 is not running anymore, exiting..
[2026-04-23 16:18:04.160] [772335] [HailoRT] [info] [queue_elements.cpp:46] [~BaseQueueElement] Queue element PushQEl2yolo26n/input_layer1 has 0 frames in his Queue on destruction
[2026-04-23 16:18:04.160] [772335] [HailoRT] [info] [core_op.cpp:186] [deactivate] Deactivating took 0.50111 ms
[2026-04-23 16:18:04.160] [772335] [HailoRT] [info] [core_op.cpp:186] [deactivate] Deactivating took 0.511258 ms
[2026-04-23 16:18:04.167] [772335] [HailoRT] [info] [core_op.cpp:156] [activate] Activating arcface_mobilefacenet took 0.232296 milliseconds. Note that the function is asynchronous and thus the network is not fully activated yet.
[2026-04-23 16:18:04.167] [772335] [HailoRT] [info] [core_op.cpp:156] [activate] Activating arcface_mobilefacenet took 0.254258 milliseconds. Note that the function is asynchronous and thus the network is not fully activated yet.
[2026-04-23 16:18:04.167] [772335] [HailoRT] [info] [edge_elements.cpp:52] [create] Created (HwWriteEl1arcface_mobilefacenet/input_layer1 | hw_frame_size: 37632)
[2026-04-23 16:18:04.167] [772335] [HailoRT] [info] [vstream.cpp:754] [InputVStreamImpl] Creating arcface_mobilefacenet/input_layer1...
[2026-04-23 16:18:04.167] [772335] [HailoRT] [info] [vstream_builder.cpp:102] [create_inputs] Input pipeline 'arcface_mobilefacenet/input_layer1': (HwWriteEl1arcface_mobilefacenet/input_layer1 | hw_frame_size: 37632) >> HW
[2026-04-23 16:18:04.167] [772335] [HailoRT] [info] [edge_elements.cpp:287] [create] Created (HwReadEl0arcface_mobilefacenet/fc1 | hw_frame_size: 512)
[2026-04-23 16:18:04.168] [772335] [HailoRT] [info] [queue_elements.cpp:657] [create] Created (PullQEl_hw_read0arcface_mobilefacenet/fc1)
[2026-04-23 16:18:04.168] [772335] [HailoRT] [info] [filter_elements.cpp:372] [create] Created (PostInferEl0arcface_mobilefacenet/fc1 | Quantization - src_type: UINT8, dst_type FLOAT32, limvals_min: -2.41025, limvals_max: 1.8579)
[2026-04-23 16:18:04.168] [772335] [HailoRT] [info] [queue_elements.cpp:800] [create] Created (UserBuffQEl0arcface_mobilefacenet/fc1 | timeout: 10s)
[2026-04-23 16:18:04.168] [772335] [HailoRT] [info] [vstream.cpp:1114] [OutputVStreamImpl] Creating arcface_mobilefacenet/fc1...
[2026-04-23 16:18:04.168] [772335] [HailoRT] [info] [vstream_builder.cpp:220] [create_outputs] Output pipeline 'arcface_mobilefacenet/fc1': HW >> (HwReadEl0arcface_mobilefacenet/fc1 | hw_frame_size: 512) >> (PullQEl_hw_read0arcface_mobilefacenet/fc1) >> (PostInferEl0arcface_mobilefacenet/fc1 | Quantization - src_type: UINT8, dst_type FLOAT32, limvals_min: -2.41025, limvals_max: 1.8579) >> (UserBuffQEl0arcface_mobilefacenet/fc1 | timeout: 10s)
[2026-04-23 16:18:04.174] [1140931] [HailoRT] [info] [queue_elements.cpp:855] [run_in_thread] Shutdown event was signaled in dequeue of UserBuffQEl0arcface_mobilefacenet/fc1!
[2026-04-23 16:18:04.174] [1140930] [HailoRT] [info] [vdevice_native_stream.cpp:331] [read_impl] Failed read from stream HAILO_STREAM_ABORT(63) (device: 0001:01:00.0)
[2026-04-23 16:18:04.174] [1140930] [HailoRT] [info] [edge_elements.cpp:396] [run_pull] Reading from stream was aborted!
[2026-04-23 16:18:04.174] [1140930] [HailoRT] [info] [queue_elements.cpp:738] [run_in_thread] run_pull of queue element PullQEl_hw_read0arcface_mobilefacenet/fc1 was aborted!
[2026-04-23 16:18:04.174] [1140930] [HailoRT] [info] [queue_elements.cpp:68] [operator()] Thread in element PullQEl_hw_read0arcface_mobilefacenet/fc1 is not running anymore, exiting..
[2026-04-23 16:18:04.174] [772335] [HailoRT] [info] [queue_elements.cpp:46] [~BaseQueueElement] Queue element PullQEl_hw_read0arcface_mobilefacenet/fc1 has 0 frames in his Queue on destruction
[2026-04-23 16:18:04.174] [1140931] [HailoRT] [info] [queue_elements.cpp:68] [operator()] Thread in element UserBuffQEl0arcface_mobilefacenet/fc1 is not running anymore, exiting..
[2026-04-23 16:18:04.174] [772335] [HailoRT] [info] [queue_elements.cpp:46] [~BaseQueueElement] Queue element UserBuffQEl0arcface_mobilefacenet/fc1 has 0 frames in his Queue on destruction
[2026-04-23 16:18:04.174] [772335] [HailoRT] [info] [core_op.cpp:186] [deactivate] Deactivating took 0.358981 ms
[2026-04-23 16:18:04.174] [772335] [HailoRT] [info] [core_op.cpp:186] [deactivate] Deactivating took 0.366906 ms
[2026-04-23 16:18:04.183] [772335] [HailoRT] [info] [core_op.cpp:156] [activate] Activating yolo26n took 0.481036 milliseconds. Note that the function is asynchronous and thus the network is not fully activated yet.
[2026-04-23 16:18:04.183] [772335] [HailoRT] [info] [core_op.cpp:156] [activate] Activating yolo26n took 0.50424 milliseconds. Note that the function is asynchronous and thus the network is not fully activated yet.
[2026-04-23 16:18:04.183] [772335] [HailoRT] [info] [edge_elements.cpp:52] [create] Created (HwWriteEl2yolo26n/input_layer1 | hw_frame_size: 1228800)
[2026-04-23 16:18:04.183] [772335] [HailoRT] [info] [queue_elements.cpp:284] [create] Created (PushQEl2yolo26n/input_layer1 | timeout: 10s)
[2026-04-23 16:18:04.183] [772335] [HailoRT] [info] [filter_elements.cpp:101] [create] Created (PreInferEl2yolo26n/input_layer1 | Reorder - src_order: NHWC, src_shape: (640, 640, 3), dst_order: NHCW, dst_shape: (640, 640, 3))
[2026-04-23 16:18:04.183] [772335] [HailoRT] [info] [vstream.cpp:754] [InputVStreamImpl] Creating yolo26n/input_layer1...
[2026-04-23 16:18:04.183] [772335] [HailoRT] [info] [vstream_builder.cpp:102] [create_inputs] Input pipeline 'yolo26n/input_layer1': (PreInferEl2yolo26n/input_layer1 | Reorder - src_order: NHWC, src_shape: (640, 640, 3), dst_order: NHCW, dst_shape: (640, 640, 3)) >> (PushQEl2yolo26n/input_layer1 | timeout: 10s) >> (HwWriteEl2yolo26n/input_layer1 | hw_frame_size: 1228800) >> HW
[2026-04-23 16:18:04.183] [772335] [HailoRT] [info] [edge_elements.cpp:287] [create] Created (HwReadEl3yolo26n/conv61 | hw_frame_size: 25600)
[2026-04-23 16:18:04.183] [772335] [HailoRT] [info] [queue_elements.cpp:657] [create] Created (PullQEl_hw_read3yolo26n/conv61)
[2026-04-23 16:18:04.183] [772335] [HailoRT] [info] [filter_elements.cpp:372] [create] Created (PostInferEl3yolo26n/conv61 | Quantization - src_type: UINT8, dst_type FLOAT32, limvals_min: -0.468035, limvals_max: 6.99127)
[2026-04-23 16:18:04.184] [772335] [HailoRT] [info] [queue_elements.cpp:800] [create] Created (UserBuffQEl3yolo26n/conv61 | timeout: 10s)
[2026-04-23 16:18:04.184] [772335] [HailoRT] [info] [vstream.cpp:1114] [OutputVStreamImpl] Creating yolo26n/conv61...
[2026-04-23 16:18:04.184] [772335] [HailoRT] [info] [vstream_builder.cpp:220] [create_outputs] Output pipeline 'yolo26n/conv61': HW >> (HwReadEl3yolo26n/conv61 | hw_frame_size: 25600) >> (PullQEl_hw_read3yolo26n/conv61) >> (PostInferEl3yolo26n/conv61 | Quantization - src_type: UINT8, dst_type FLOAT32, limvals_min: -0.468035, limvals_max: 6.99127) >> (UserBuffQEl3yolo26n/conv61 | timeout: 10s)
[2026-04-23 16:18:04.184] [772335] [HailoRT] [info] [edge_elements.cpp:287] [create] Created (HwReadEl2yolo26n/conv64 | hw_frame_size: 6400)
[2026-04-23 16:18:04.184] [772335] [HailoRT] [info] [queue_elements.cpp:657] [create] Created (PullQEl_hw_read2yolo26n/conv64)
[2026-04-23 16:18:04.184] [772335] [HailoRT] [info] [filter_elements.cpp:372] [create] Created (PostInferEl2yolo26n/conv64 | Quantization - src_type: UINT8, dst_type FLOAT32, limvals_min: -161.763, limvals_max: 2.5779)
[2026-04-23 16:18:04.184] [772335] [HailoRT] [info] [queue_elements.cpp:800] [create] Created (UserBuffQEl2yolo26n/conv64 | timeout: 10s)
[2026-04-23 16:18:04.184] [772335] [HailoRT] [info] [vstream.cpp:1114] [OutputVStreamImpl] Creating yolo26n/conv64...
[2026-04-23 16:18:04.184] [772335] [HailoRT] [info] [vstream_builder.cpp:220] [create_outputs] Output pipeline 'yolo26n/conv64': HW >> (HwReadEl2yolo26n/conv64 | hw_frame_size: 6400) >> (PullQEl_hw_read2yolo26n/conv64) >> (PostInferEl2yolo26n/conv64 | Quantization - src_type: UINT8, dst_type FLOAT32, limvals_min: -161.763, limvals_max: 2.5779) >> (UserBuffQEl2yolo26n/conv64 | timeout: 10s)
[2026-04-23 16:18:04.184] [772335] [HailoRT] [info] [edge_elements.cpp:287] [create] Created (HwReadEl1yolo26n/conv77 | hw_frame_size: 6400)
[2026-04-23 16:18:04.184] [772335] [HailoRT] [info] [queue_elements.cpp:657] [create] Created (PullQEl_hw_read1yolo26n/conv77)
[2026-04-23 16:18:04.184] [772335] [HailoRT] [info] [filter_elements.cpp:372] [create] Created (PostInferEl1yolo26n/conv77 | Quantization - src_type: UINT8, dst_type FLOAT32, limvals_min: -0.560223, limvals_max: 15.3127)
[2026-04-23 16:18:04.184] [772335] [HailoRT] [info] [queue_elements.cpp:800] [create] Created (UserBuffQEl1yolo26n/conv77 | timeout: 10s)
[2026-04-23 16:18:04.184] [772335] [HailoRT] [info] [vstream.cpp:1114] [OutputVStreamImpl] Creating yolo26n/conv77...
[2026-04-23 16:18:04.184] [772335] [HailoRT] [info] [vstream_builder.cpp:220] [create_outputs] Output pipeline 'yolo26n/conv77': HW >> (HwReadEl1yolo26n/conv77 | hw_frame_size: 6400) >> (PullQEl_hw_read1yolo26n/conv77) >> (PostInferEl1yolo26n/conv77 | Quantization - src_type: UINT8, dst_type FLOAT32, limvals_min: -0.560223, limvals_max: 15.3127) >> (UserBuffQEl1yolo26n/conv77 | timeout: 10s)
[2026-04-23 16:18:04.184] [772335] [HailoRT] [info] [edge_elements.cpp:287] [create] Created (HwReadEl0yolo26n/conv80 | hw_frame_size: 1600)
[2026-04-23 16:18:04.184] [772335] [HailoRT] [info] [queue_elements.cpp:657] [create] Created (PullQEl_hw_read0yolo26n/conv80)
[2026-04-23 16:18:04.184] [772335] [HailoRT] [info] [filter_elements.cpp:372] [create] Created (PostInferEl0yolo26n/conv80 | Quantization - src_type: UINT8, dst_type FLOAT32, limvals_min: -204.998, limvals_max: 2.44045)
[2026-04-23 16:18:04.184] [772335] [HailoRT] [info] [queue_elements.cpp:800] [create] Created (UserBuffQEl0yolo26n/conv80 | timeout: 10s)
[2026-04-23 16:18:04.184] [772335] [HailoRT] [info] [vstream.cpp:1114] [OutputVStreamImpl] Creating yolo26n/conv80...
[2026-04-23 16:18:04.184] [772335] [HailoRT] [info] [vstream_builder.cpp:220] [create_outputs] Output pipeline 'yolo26n/conv80': HW >> (HwReadEl0yolo26n/conv80 | hw_frame_size: 1600) >> (PullQEl_hw_read0yolo26n/conv80) >> (PostInferEl0yolo26n/conv80 | Quantization - src_type: UINT8, dst_type FLOAT32, limvals_min: -204.998, limvals_max: 2.44045) >> (UserBuffQEl0yolo26n/conv80 | timeout: 10s)
[2026-04-23 16:18:04.184] [772335] [HailoRT] [info] [edge_elements.cpp:287] [create] Created (HwReadEl1yolo26n/conv91 | hw_frame_size: 3200)
[2026-04-23 16:18:04.184] [772335] [HailoRT] [info] [queue_elements.cpp:657] [create] Created (PullQEl_hw_read1yolo26n/conv91)
[2026-04-23 16:18:04.184] [772335] [HailoRT] [info] [filter_elements.cpp:372] [create] Created (PostInferEl1yolo26n/conv91 | Quantization - src_type: UINT8, dst_type FLOAT32, limvals_min: 0, limvals_max: 14.2269 | Reorder - src_order: FCR, src_shape: (20, 20, 8), dst_order: FCR, dst_shape: (20, 20, 4))
[2026-04-23 16:18:04.184] [772335] [HailoRT] [info] [queue_elements.cpp:800] [create] Created (UserBuffQEl1yolo26n/conv91 | timeout: 10s)
[2026-04-23 16:18:04.184] [772335] [HailoRT] [info] [vstream.cpp:1114] [OutputVStreamImpl] Creating yolo26n/conv91...
[2026-04-23 16:18:04.184] [772335] [HailoRT] [info] [vstream_builder.cpp:220] [create_outputs] Output pipeline 'yolo26n/conv91': HW >> (HwReadEl1yolo26n/conv91 | hw_frame_size: 3200) >> (PullQEl_hw_read1yolo26n/conv91) >> (PostInferEl1yolo26n/conv91 | Quantization - src_type: UINT8, dst_type FLOAT32, limvals_min: 0, limvals_max: 14.2269 | Reorder - src_order: FCR, src_shape: (20, 20, 8), dst_order: FCR, dst_shape: (20, 20, 4)) >> (UserBuffQEl1yolo26n/conv91 | timeout: 10s)
[2026-04-23 16:18:04.184] [772335] [HailoRT] [info] [edge_elements.cpp:287] [create] Created (HwReadEl0yolo26n/conv94 | hw_frame_size: 3200)
[2026-04-23 16:18:04.184] [772335] [HailoRT] [info] [queue_elements.cpp:657] [create] Created (PullQEl_hw_read0yolo26n/conv94)
[2026-04-23 16:18:04.184] [772335] [HailoRT] [info] [filter_elements.cpp:372] [create] Created (PostInferEl0yolo26n/conv94 | Quantization - src_type: UINT8, dst_type FLOAT32, limvals_min: -155.797, limvals_max: 3.11594 | Reorder - src_order: FCR, src_shape: (20, 20, 8), dst_order: FCR, dst_shape: (20, 20, 1))
[2026-04-23 16:18:04.184] [772335] [HailoRT] [info] [queue_elements.cpp:800] [create] Created (UserBuffQEl0yolo26n/conv94 | timeout: 10s)
[2026-04-23 16:18:04.184] [772335] [HailoRT] [info] [vstream.cpp:1114] [OutputVStreamImpl] Creating yolo26n/conv94...
[2026-04-23 16:18:04.184] [772335] [HailoRT] [info] [vstream_builder.cpp:220] [create_outputs] Output pipeline 'yolo26n/conv94': HW >> (HwReadEl0yolo26n/conv94 | hw_frame_size: 3200) >> (PullQEl_hw_read0yolo26n/conv94) >> (PostInferEl0yolo26n/conv94 | Quantization - src_type: UINT8, dst_type FLOAT32, limvals_min: -155.797, limvals_max: 3.11594 | Reorder - src_order: FCR, src_shape: (20, 20, 8), dst_order: FCR, dst_shape: (20, 20, 1)) >> (UserBuffQEl0yolo26n/conv94 | timeout: 10s)
[2026-04-23 16:18:04.195] [1140936] [HailoRT] [info] [queue_elements.cpp:855] [run_in_thread] Shutdown event was signaled in dequeue of UserBuffQEl3yolo26n/conv61!
[2026-04-23 16:18:04.195] [1140935] [HailoRT] [info] [vdevice_native_stream.cpp:331] [read_impl] Failed read from stream HAILO_STREAM_ABORT(63) (device: 0001:01:00.0)
[2026-04-23 16:18:04.195] [1140935] [HailoRT] [info] [edge_elements.cpp:396] [run_pull] Reading from stream was aborted!
[2026-04-23 16:18:04.195] [1140935] [HailoRT] [info] [queue_elements.cpp:738] [run_in_thread] run_pull of queue element PullQEl_hw_read3yolo26n/conv61 was aborted!
[2026-04-23 16:18:04.195] [1140935] [HailoRT] [info] [queue_elements.cpp:68] [operator()] Thread in element PullQEl_hw_read3yolo26n/conv61 is not running anymore, exiting..
[2026-04-23 16:18:04.195] [772335] [HailoRT] [info] [queue_elements.cpp:46] [~BaseQueueElement] Queue element PullQEl_hw_read3yolo26n/conv61 has 0 frames in his Queue on destruction
[2026-04-23 16:18:04.195] [1140936] [HailoRT] [info] [queue_elements.cpp:68] [operator()] Thread in element UserBuffQEl3yolo26n/conv61 is not running anymore, exiting..
[2026-04-23 16:18:04.195] [772335] [HailoRT] [info] [queue_elements.cpp:46] [~BaseQueueElement] Queue element UserBuffQEl3yolo26n/conv61 has 0 frames in his Queue on destruction
[2026-04-23 16:18:04.195] [1140937] [HailoRT] [info] [vdevice_native_stream.cpp:331] [read_impl] Failed read from stream HAILO_STREAM_ABORT(63) (device: 0001:01:00.0)
[2026-04-23 16:18:04.195] [1140937] [HailoRT] [info] [edge_elements.cpp:396] [run_pull] Reading from stream was aborted!
[2026-04-23 16:18:04.195] [1140937] [HailoRT] [info] [queue_elements.cpp:738] [run_in_thread] run_pull of queue element PullQEl_hw_read2yolo26n/conv64 was aborted!
[2026-04-23 16:18:04.196] [1140938] [HailoRT] [info] [queue_elements.cpp:855] [run_in_thread] Shutdown event was signaled in dequeue of UserBuffQEl2yolo26n/conv64!
[2026-04-23 16:18:04.196] [1140937] [HailoRT] [info] [queue_elements.cpp:68] [operator()] Thread in element PullQEl_hw_read2yolo26n/conv64 is not running anymore, exiting..
[2026-04-23 16:18:04.196] [772335] [HailoRT] [info] [queue_elements.cpp:46] [~BaseQueueElement] Queue element PullQEl_hw_read2yolo26n/conv64 has 0 frames in his Queue on destruction
[2026-04-23 16:18:04.196] [1140938] [HailoRT] [info] [queue_elements.cpp:68] [operator()] Thread in element UserBuffQEl2yolo26n/conv64 is not running anymore, exiting..
[2026-04-23 16:18:04.196] [772335] [HailoRT] [info] [queue_elements.cpp:46] [~BaseQueueElement] Queue element UserBuffQEl2yolo26n/conv64 has 0 frames in his Queue on destruction
[2026-04-23 16:18:04.196] [1140939] [HailoRT] [info] [vdevice_native_stream.cpp:331] [read_impl] Failed read from stream HAILO_STREAM_ABORT(63) (device: 0001:01:00.0)
[2026-04-23 16:18:04.196] [1140939] [HailoRT] [info] [edge_elements.cpp:396] [run_pull] Reading from stream was aborted!
[2026-04-23 16:18:04.196] [1140940] [HailoRT] [info] [queue_elements.cpp:855] [run_in_thread] Shutdown event was signaled in dequeue of UserBuffQEl1yolo26n/conv77!
[2026-04-23 16:18:04.196] [1140939] [HailoRT] [info] [queue_elements.cpp:738] [run_in_thread] run_pull of queue element PullQEl_hw_read1yolo26n/conv77 was aborted!
[2026-04-23 16:18:04.196] [1140939] [HailoRT] [info] [queue_elements.cpp:68] [operator()] Thread in element PullQEl_hw_read1yolo26n/conv77 is not running anymore, exiting..
[2026-04-23 16:18:04.196] [772335] [HailoRT] [info] [queue_elements.cpp:46] [~BaseQueueElement] Queue element PullQEl_hw_read1yolo26n/conv77 has 0 frames in his Queue on destruction
[2026-04-23 16:18:04.196] [1140940] [HailoRT] [info] [queue_elements.cpp:68] [operator()] Thread in element UserBuffQEl1yolo26n/conv77 is not running anymore, exiting..
[2026-04-23 16:18:04.196] [772335] [HailoRT] [info] [queue_elements.cpp:46] [~BaseQueueElement] Queue element UserBuffQEl1yolo26n/conv77 has 0 frames in his Queue on destruction
[2026-04-23 16:18:04.196] [1140942] [HailoRT] [info] [queue_elements.cpp:855] [run_in_thread] Shutdown event was signaled in dequeue of UserBuffQEl0yolo26n/conv80!
[2026-04-23 16:18:04.196] [1140941] [HailoRT] [info] [vdevice_native_stream.cpp:331] [read_impl] Failed read from stream HAILO_STREAM_ABORT(63) (device: 0001:01:00.0)
[2026-04-23 16:18:04.196] [1140941] [HailoRT] [info] [edge_elements.cpp:396] [run_pull] Reading from stream was aborted!
[2026-04-23 16:18:04.196] [1140941] [HailoRT] [info] [queue_elements.cpp:738] [run_in_thread] run_pull of queue element PullQEl_hw_read0yolo26n/conv80 was aborted!
[2026-04-23 16:18:04.196] [1140941] [HailoRT] [info] [queue_elements.cpp:68] [operator()] Thread in element PullQEl_hw_read0yolo26n/conv80 is not running anymore, exiting..
[2026-04-23 16:18:04.196] [772335] [HailoRT] [info] [queue_elements.cpp:46] [~BaseQueueElement] Queue element PullQEl_hw_read0yolo26n/conv80 has 0 frames in his Queue on destruction
[2026-04-23 16:18:04.196] [1140942] [HailoRT] [info] [queue_elements.cpp:68] [operator()] Thread in element UserBuffQEl0yolo26n/conv80 is not running anymore, exiting..
[2026-04-23 16:18:04.196] [772335] [HailoRT] [info] [queue_elements.cpp:46] [~BaseQueueElement] Queue element UserBuffQEl0yolo26n/conv80 has 0 frames in his Queue on destruction
[2026-04-23 16:18:04.196] [1140943] [HailoRT] [info] [vdevice_native_stream.cpp:331] [read_impl] Failed read from stream HAILO_STREAM_ABORT(63) (device: 0001:01:00.0)
[2026-04-23 16:18:04.196] [1140943] [HailoRT] [info] [edge_elements.cpp:396] [run_pull] Reading from stream was aborted!
[2026-04-23 16:18:04.196] [1140944] [HailoRT] [info] [queue_elements.cpp:855] [run_in_thread] Shutdown event was signaled in dequeue of UserBuffQEl1yolo26n/conv91!
[2026-04-23 16:18:04.196] [1140943] [HailoRT] [info] [queue_elements.cpp:738] [run_in_thread] run_pull of queue element PullQEl_hw_read1yolo26n/conv91 was aborted!
[2026-04-23 16:18:04.196] [1140943] [HailoRT] [info] [queue_elements.cpp:68] [operator()] Thread in element PullQEl_hw_read1yolo26n/conv91 is not running anymore, exiting..
[2026-04-23 16:18:04.196] [772335] [HailoRT] [info] [queue_elements.cpp:46] [~BaseQueueElement] Queue element PullQEl_hw_read1yolo26n/conv91 has 0 frames in his Queue on destruction
[2026-04-23 16:18:04.196] [1140944] [HailoRT] [info] [queue_elements.cpp:68] [operator()] Thread in element UserBuffQEl1yolo26n/conv91 is not running anymore, exiting..
[2026-04-23 16:18:04.196] [772335] [HailoRT] [info] [queue_elements.cpp:46] [~BaseQueueElement] Queue element UserBuffQEl1yolo26n/conv91 has 0 frames in his Queue on destruction
[2026-04-23 16:18:04.196] [1140945] [HailoRT] [info] [vdevice_native_stream.cpp:331] [read_impl] Failed read from stream HAILO_STREAM_ABORT(63) (device: 0001:01:00.0)
[2026-04-23 16:18:04.196] [1140946] [HailoRT] [info] [queue_elements.cpp:855] [run_in_thread] Shutdown event was signaled in dequeue of UserBuffQEl0yolo26n/conv94!
[2026-04-23 16:18:04.196] [1140945] [HailoRT] [info] [edge_elements.cpp:396] [run_pull] Reading from stream was aborted!
[2026-04-23 16:18:04.196] [1140945] [HailoRT] [info] [queue_elements.cpp:738] [run_in_thread] run_pull of queue element PullQEl_hw_read0yolo26n/conv94 was aborted!
[2026-04-23 16:18:04.196] [1140945] [HailoRT] [info] [queue_elements.cpp:68] [operator()] Thread in element PullQEl_hw_read0yolo26n/conv94 is not running anymore, exiting..
[2026-04-23 16:18:04.196] [772335] [HailoRT] [info] [queue_elements.cpp:46] [~BaseQueueElement] Queue element PullQEl_hw_read0yolo26n/conv94 has 0 frames in his Queue on destruction
[2026-04-23 16:18:04.196] [1140946] [HailoRT] [info] [queue_elements.cpp:68] [operator()] Thread in element UserBuffQEl0yolo26n/conv94 is not running anymore, exiting..
[2026-04-23 16:18:04.196] [772335] [HailoRT] [info] [queue_elements.cpp:46] [~BaseQueueElement] Queue element UserBuffQEl0yolo26n/conv94 has 0 frames in his Queue on destruction
[2026-04-23 16:18:04.196] [1140934] [HailoRT] [info] [queue_elements.cpp:68] [operator()] Thread in element PushQEl2yolo26n/input_layer1 is not running anymore, exiting..
[2026-04-23 16:18:04.196] [772335] [HailoRT] [info] [queue_elements.cpp:46] [~BaseQueueElement] Queue element PushQEl2yolo26n/input_layer1 has 0 frames in his Queue on destruction
[2026-04-23 16:18:04.197] [772335] [HailoRT] [info] [core_op.cpp:186] [deactivate] Deactivating took 0.495092 ms
[2026-04-23 16:18:04.197] [772335] [HailoRT] [info] [core_op.cpp:186] [deactivate] Deactivating took 0.505462 ms
[2026-04-23 16:18:04.202] [772335] [HailoRT] [info] [core_op.cpp:156] [activate] Activating arcface_mobilefacenet took 0.224759 milliseconds. Note that the function is asynchronous and thus the network is not fully activated yet.
[2026-04-23 16:18:04.202] [772335] [HailoRT] [info] [core_op.cpp:156] [activate] Activating arcface_mobilefacenet took 0.243537 milliseconds. Note that the function is asynchronous and thus the network is not fully activated yet.
[2026-04-23 16:18:04.202] [772335] [HailoRT] [info] [edge_elements.cpp:52] [create] Created (HwWriteEl1arcface_mobilefacenet/input_layer1 | hw_frame_size: 37632)
[2026-04-23 16:18:04.202] [772335] [HailoRT] [info] [vstream.cpp:754] [InputVStreamImpl] Creating arcface_mobilefacenet/input_layer1...
[2026-04-23 16:18:04.202] [772335] [HailoRT] [info] [vstream_builder.cpp:102] [create_inputs] Input pipeline 'arcface_mobilefacenet/input_layer1': (HwWriteEl1arcface_mobilefacenet/input_layer1 | hw_frame_size: 37632) >> HW
[2026-04-23 16:18:04.202] [772335] [HailoRT] [info] [edge_elements.cpp:287] [create] Created (HwReadEl0arcface_mobilefacenet/fc1 | hw_frame_size: 512)
[2026-04-23 16:18:04.202] [772335] [HailoRT] [info] [queue_elements.cpp:657] [create] Created (PullQEl_hw_read0arcface_mobilefacenet/fc1)
[2026-04-23 16:18:04.202] [772335] [HailoRT] [info] [filter_elements.cpp:372] [create] Created (PostInferEl0arcface_mobilefacenet/fc1 | Quantization - src_type: UINT8, dst_type FLOAT32, limvals_min: -2.41025, limvals_max: 1.8579)
[2026-04-23 16:18:04.202] [772335] [HailoRT] [info] [queue_elements.cpp:800] [create] Created (UserBuffQEl0arcface_mobilefacenet/fc1 | timeout: 10s)
[2026-04-23 16:18:04.202] [772335] [HailoRT] [info] [vstream.cpp:1114] [OutputVStreamImpl] Creating arcface_mobilefacenet/fc1...
[2026-04-23 16:18:04.202] [772335] [HailoRT] [info] [vstream_builder.cpp:220] [create_outputs] Output pipeline 'arcface_mobilefacenet/fc1': HW >> (HwReadEl0arcface_mobile