[2026-06-23 10:51:22.910] [12003] [HailoRT] [info] [vdevice.cpp:535] [create] Creating vdevice with params: device_count: 1, scheduling_algorithm: ROUND_ROBIN, multi_process_service: false
[2026-06-23 10:51:22.931] [12003] [HailoRT] [info] [device.cpp:51] [Device] OS Version: Linux 6.18.33+rpt-rpi-2712 #1 SMP PREEMPT Debian 1:6.18.33-1+rpt1 (2026-06-01) aarch64
[2026-06-23 10:51:22.933] [12003] [HailoRT] [info] [control.cpp:113] [control__parse_identify_results] firmware_version is: 4.23.0
[2026-06-23 10:51:22.933] [12003] [HailoRT] [info] [vdevice.cpp:682] [create] VDevice Infos: 0001:01:00.0
[2026-06-23 10:51:23.114] [12003] [HailoRT] [info] [hef.cpp:1994] [get_network_group_and_network_name] No name was given. Addressing all networks of default network_group: yolo26_landmark
[2026-06-23 10:51:23.114] [12003] [HailoRT] [info] [hef.cpp:1994] [get_network_group_and_network_name] No name was given. Addressing all networks of default network_group: yolo26_landmark
[2026-06-23 10:51:23.126] [12003] [HailoRT] [info] [vdevice.cpp:535] [create] Creating vdevice with params: device_count: 1, scheduling_algorithm: ROUND_ROBIN, multi_process_service: false
[2026-06-23 10:51:23.126] [12003] [HailoRT] [info] [device.cpp:51] [Device] OS Version: Linux 6.18.33+rpt-rpi-2712 #1 SMP PREEMPT Debian 1:6.18.33-1+rpt1 (2026-06-01) aarch64
[2026-06-23 10:51:23.126] [12003] [HailoRT] [info] [control.cpp:113] [control__parse_identify_results] firmware_version is: 4.23.0
[2026-06-23 10:51:23.136] [12003] [HailoRT] [error] [vdevice.cpp:863] [create_devices] CHECK failed - Failed to create vdevice. there are not enough free devices. requested: 1, found: 0
[2026-06-23 10:51:23.138] [12003] [HailoRT] [error] [vdevice.cpp:662] [create] CHECK_SUCCESS failed with status=HAILO_OUT_OF_PHYSICAL_DEVICES(74)
[2026-06-23 10:51:23.138] [12003] [HailoRT] [error] [shared_resource_manager.hpp:81] [register_resource] CHECK_SUCCESS failed with status=HAILO_OUT_OF_PHYSICAL_DEVICES(74)
[2026-06-23 10:51:23.138] [12003] [HailoRT] [error] [vdevice.cpp:133] [create] CHECK_SUCCESS failed with status=HAILO_OUT_OF_PHYSICAL_DEVICES(74)
[2026-06-23 10:51:23.138] [12003] [HailoRT] [error] [vdevice.cpp:567] [create] CHECK_SUCCESS failed with status=HAILO_OUT_OF_PHYSICAL_DEVICES(74)
[2026-06-23 10:56:41.672] [12642] [HailoRT] [info] [vdevice.cpp:535] [create] Creating vdevice with params: device_count: 1, scheduling_algorithm: ROUND_ROBIN, multi_process_service: true
[2026-06-23 10:56:41.735] [12642] [HailoRT] [info] [device.cpp:51] [Device] OS Version: Linux 6.18.33+rpt-rpi-2712 #1 SMP PREEMPT Debian 1:6.18.33-1+rpt1 (2026-06-01) aarch64
[2026-06-23 10:56:41.735] [12642] [HailoRT] [info] [control.cpp:113] [control__parse_identify_results] firmware_version is: 4.23.0
[2026-06-23 10:56:41.741] [12642] [HailoRT] [info] [hef.cpp:1994] [get_network_group_and_network_name] No name was given. Addressing all networks of default network_group: yolo26_landmark
[2026-06-23 10:56:41.741] [12642] [HailoRT] [info] [hef.cpp:1994] [get_network_group_and_network_name] No name was given. Addressing all networks of default network_group: yolo26_landmark
[2026-06-23 10:56:41.753] [12642] [HailoRT] [info] [vdevice.cpp:535] [create] Creating vdevice with params: device_count: 1, scheduling_algorithm: ROUND_ROBIN, multi_process_service: true
[2026-06-23 10:56:41.754] [12642] [HailoRT] [info] [device.cpp:51] [Device] OS Version: Linux 6.18.33+rpt-rpi-2712 #1 SMP PREEMPT Debian 1:6.18.33-1+rpt1 (2026-06-01) aarch64
[2026-06-23 10:56:41.754] [12642] [HailoRT] [info] [control.cpp:113] [control__parse_identify_results] firmware_version is: 4.23.0
[2026-06-23 10:56:41.820] [12642] [HailoRT] [info] [hef.cpp:1994] [get_network_group_and_network_name] No name was given. Addressing all networks of default network_group: arcface_mobilefacenet
[2026-06-23 10:56:41.820] [12642] [HailoRT] [info] [hef.cpp:1994] [get_network_group_and_network_name] No name was given. Addressing all networks of default network_group: arcface_mobilefacenet
[2026-06-23 11:01:45.670] [13205] [HailoRT] [info] [hef.cpp:1994] [get_network_group_and_network_name] No name was given. Addressing all networks of default network_group: yolo26_landmark
[2026-06-23 11:04:42.868] [13534] [HailoRT] [info] [vdevice.cpp:535] [create] Creating vdevice with params: device_count: 1, scheduling_algorithm: ROUND_ROBIN, multi_process_service: true
[2026-06-23 11:04:42.884] [13534] [HailoRT] [info] [device.cpp:51] [Device] OS Version: Linux 6.18.33+rpt-rpi-2712 #1 SMP PREEMPT Debian 1:6.18.33-1+rpt1 (2026-06-01) aarch64
[2026-06-23 11:04:42.884] [13534] [HailoRT] [info] [control.cpp:113] [control__parse_identify_results] firmware_version is: 4.23.0
[2026-06-23 11:04:42.890] [13534] [HailoRT] [info] [hef.cpp:1994] [get_network_group_and_network_name] No name was given. Addressing all networks of default network_group: yolo26_landmark
[2026-06-23 11:04:42.890] [13534] [HailoRT] [info] [hef.cpp:1994] [get_network_group_and_network_name] No name was given. Addressing all networks of default network_group: yolo26_landmark
[2026-06-23 11:04:42.905] [13534] [HailoRT] [info] [vdevice.cpp:535] [create] Creating vdevice with params: device_count: 1, scheduling_algorithm: ROUND_ROBIN, multi_process_service: true
[2026-06-23 11:04:42.906] [13534] [HailoRT] [info] [device.cpp:51] [Device] OS Version: Linux 6.18.33+rpt-rpi-2712 #1 SMP PREEMPT Debian 1:6.18.33-1+rpt1 (2026-06-01) aarch64
[2026-06-23 11:04:42.907] [13534] [HailoRT] [info] [control.cpp:113] [control__parse_identify_results] firmware_version is: 4.23.0
[2026-06-23 11:04:42.909] [13534] [HailoRT] [info] [hef.cpp:1994] [get_network_group_and_network_name] No name was given. Addressing all networks of default network_group: arcface_mobilefacenet
[2026-06-23 11:04:42.909] [13534] [HailoRT] [info] [hef.cpp:1994] [get_network_group_and_network_name] No name was given. Addressing all networks of default network_group: arcface_mobilefacenet
[2026-06-23 11:06:12.554] [13738] [HailoRT] [info] [vdevice.cpp:535] [create] Creating vdevice with params: device_count: 1, scheduling_algorithm: ROUND_ROBIN, multi_process_service: false
[2026-06-23 11:06:12.567] [13738] [HailoRT] [info] [device.cpp:51] [Device] OS Version: Linux 6.18.33+rpt-rpi-2712 #1 SMP PREEMPT Debian 1:6.18.33-1+rpt1 (2026-06-01) aarch64
[2026-06-23 11:06:12.567] [13738] [HailoRT] [info] [control.cpp:113] [control__parse_identify_results] firmware_version is: 4.23.0
[2026-06-23 11:06:12.567] [13738] [HailoRT] [info] [vdevice.cpp:682] [create] VDevice Infos: 0001:01:00.0
[2026-06-23 11:06:12.573] [13738] [HailoRT] [info] [hef.cpp:1994] [get_network_group_and_network_name] No name was given. Addressing all networks of default network_group: yolo26_landmark
[2026-06-23 11:06:12.573] [13738] [HailoRT] [info] [hef.cpp:1994] [get_network_group_and_network_name] No name was given. Addressing all networks of default network_group: yolo26_landmark
[2026-06-23 11:06:12.589] [13738] [HailoRT] [info] [vdevice.cpp:535] [create] Creating vdevice with params: device_count: 1, scheduling_algorithm: ROUND_ROBIN, multi_process_service: false
[2026-06-23 11:06:12.590] [13738] [HailoRT] [info] [hef.cpp:1994] [get_network_group_and_network_name] No name was given. Addressing all networks of default network_group: arcface_mobilefacenet
[2026-06-23 11:06:12.590] [13738] [HailoRT] [info] [hef.cpp:1994] [get_network_group_and_network_name] No name was given. Addressing all networks of default network_group: arcface_mobilefacenet
[2026-06-23 11:17:07.295] [15036] [HailoRT] [info] [vdevice.cpp:535] [create] Creating vdevice with params: device_count: 1, scheduling_algorithm: ROUND_ROBIN, multi_process_service: false
[2026-06-23 11:17:07.307] [15036] [HailoRT] [info] [device.cpp:51] [Device] OS Version: Linux 6.18.33+rpt-rpi-2712 #1 SMP PREEMPT Debian 1:6.18.33-1+rpt1 (2026-06-01) aarch64
[2026-06-23 11:17:07.308] [15036] [HailoRT] [info] [control.cpp:113] [control__parse_identify_results] firmware_version is: 4.23.0
[2026-06-23 11:17:07.308] [15036] [HailoRT] [info] [vdevice.cpp:682] [create] VDevice Infos: 0001:01:00.0
[2026-06-23 11:17:07.316] [15036] [HailoRT] [info] [hef.cpp:1994] [get_network_group_and_network_name] No name was given. Addressing all networks of default network_group: yolo26_landmark
[2026-06-23 11:17:07.316] [15036] [HailoRT] [info] [hef.cpp:1994] [get_network_group_and_network_name] No name was given. Addressing all networks of default network_group: yolo26_landmark
[2026-06-23 11:17:07.320] [15036] [HailoRT] [info] [vdevice.cpp:535] [create] Creating vdevice with params: device_count: 1, scheduling_algorithm: ROUND_ROBIN, multi_process_service: false
[2026-06-23 11:17:07.322] [15036] [HailoRT] [info] [hef.cpp:1994] [get_network_group_and_network_name] No name was given. Addressing all networks of default network_group: arcface_mobilefacenet
[2026-06-23 11:17:07.322] [15036] [HailoRT] [info] [hef.cpp:1994] [get_network_group_and_network_name] No name was given. Addressing all networks of default network_group: arcface_mobilefacenet
[2026-06-23 11:17:07.452] [15048] [HailoRT] [info] [internal_buffer_manager.cpp:75] [print_execution_results] Default Internal buffer planner failed to meet requirements
[2026-06-23 11:17:07.452] [15048] [HailoRT] [info] [internal_buffer_manager.cpp:86] [print_execution_results] Default Internal buffer planner executed successfully
[2026-06-23 11:17:07.459] [15048] [HailoRT] [info] [device_internal.cpp:57] [configure] Configuring HEF took 20.91019 milliseconds
[2026-06-23 11:17:07.459] [15048] [HailoRT] [info] [vdevice.cpp:780] [configure] Configuring HEF on VDevice took 21.576152 milliseconds
[2026-06-23 11:17:07.459] [15048] [HailoRT] [info] [infer_model.cpp:417] [configure] Configuring network group 'arcface_mobilefacenet' with params: batch size: 0, power mode: PERFORMANCE, latency: NONE
[2026-06-23 11:17:07.461] [15048] [HailoRT] [info] [multi_io_elements.cpp:754] [create] Created (AsyncHwEl)
[2026-06-23 11:17:07.462] [15048] [HailoRT] [info] [queue_elements.cpp:450] [create] Created (EntryPushQEl0arcface_mobilefacenet/input_layer1 | timeout: 10s)
[2026-06-23 11:17:07.462] [15048] [HailoRT] [info] [filter_elements.cpp:101] [create] Created (PreInferEl1arcface_mobilefacenet/input_layer1 | Reorder - src_order: RGB4, src_shape: (112, 112, 3), dst_order: NHWC, dst_shape: (112, 112, 3))
[2026-06-23 11:17:07.462] [15048] [HailoRT] [info] [queue_elements.cpp:450] [create] Created (PushQEl1arcface_mobilefacenet/input_layer1 | timeout: 10s)
[2026-06-23 11:17:07.462] [15048] [HailoRT] [info] [edge_elements.cpp:187] [create] Created (LastAsyncEl0AsyncHwEl)
[2026-06-23 11:17:07.462] [15048] [HailoRT] [info] [pipeline.cpp:891] [print_deep_description] EntryPushQEl0arcface_mobilefacenet/input_layer1 | inputs: user | outputs: PreInferEl1arcface_mobilefacenet/input_layer1(running in thread_id: 15052)
[2026-06-23 11:17:07.462] [15048] [HailoRT] [info] [pipeline.cpp:891] [print_deep_description] PreInferEl1arcface_mobilefacenet/input_layer1 | inputs: EntryPushQEl0arcface_mobilefacenet/input_layer1[0] | outputs: PushQEl1arcface_mobilefacenet/input_layer1
[2026-06-23 11:17:07.462] [15048] [HailoRT] [info] [pipeline.cpp:891] [print_deep_description] PushQEl1arcface_mobilefacenet/input_layer1 | inputs: PreInferEl1arcface_mobilefacenet/input_layer1[0] | outputs: AsyncHwEl(running in thread_id: 15053)
[2026-06-23 11:17:07.462] [15048] [HailoRT] [info] [pipeline.cpp:891] [print_deep_description] AsyncHwEl | inputs: PushQEl1arcface_mobilefacenet/input_layer1[0] | outputs: LastAsyncEl0AsyncHwEl
[2026-06-23 11:17:07.462] [15048] [HailoRT] [info] [pipeline.cpp:891] [print_deep_description] LastAsyncEl0AsyncHwEl | inputs: AsyncHwEl[0] | outputs: user
[2026-06-23 11:17:07.465] [15048] [HailoRT] [info] [async_infer_runner.cpp:86] [shutdown] Pipeline was aborted. Shutting it down
[2026-06-23 11:17:07.467] [15048] [HailoRT] [info] [queue_elements.cpp:570] [execute_deactivate] enqueue() in element PushQEl1arcface_mobilefacenet/input_layer1 was aborted, got status = HAILO_SHUTDOWN_EVENT_SIGNALED(57)
[2026-06-23 11:17:07.467] [15048] [HailoRT] [info] [queue_elements.cpp:570] [execute_deactivate] enqueue() in element EntryPushQEl0arcface_mobilefacenet/input_layer1 was aborted, got status = HAILO_SHUTDOWN_EVENT_SIGNALED(57)
[2026-06-23 11:17:07.467] [15048] [HailoRT] [info] [queue_elements.cpp:46] [~BaseQueueElement] Queue element EntryPushQEl0arcface_mobilefacenet/input_layer1 has 0 frames in his Queue on destruction
[2026-06-23 11:17:07.467] [15048] [HailoRT] [info] [queue_elements.cpp:46] [~BaseQueueElement] Queue element PushQEl1arcface_mobilefacenet/input_layer1 has 0 frames in his Queue on destruction
[2026-06-23 11:20:40.314] [15525] [HailoRT] [info] [vdevice.cpp:535] [create] Creating vdevice with params: device_count: 1, scheduling_algorithm: ROUND_ROBIN, multi_process_service: false
[2026-06-23 11:20:40.325] [15525] [HailoRT] [info] [device.cpp:51] [Device] OS Version: Linux 6.18.33+rpt-rpi-2712 #1 SMP PREEMPT Debian 1:6.18.33-1+rpt1 (2026-06-01) aarch64
[2026-06-23 11:20:40.326] [15525] [HailoRT] [info] [control.cpp:113] [control__parse_identify_results] firmware_version is: 4.23.0
[2026-06-23 11:20:40.326] [15525] [HailoRT] [info] [vdevice.cpp:682] [create] VDevice Infos: 0001:01:00.0
[2026-06-23 11:20:40.332] [15525] [HailoRT] [info] [hef.cpp:1994] [get_network_group_and_network_name] No name was given. Addressing all networks of default network_group: yolo26_landmark
[2026-06-23 11:20:40.332] [15525] [HailoRT] [info] [hef.cpp:1994] [get_network_group_and_network_name] No name was given. Addressing all networks of default network_group: yolo26_landmark
[2026-06-23 11:20:40.336] [15525] [HailoRT] [info] [vdevice.cpp:535] [create] Creating vdevice with params: device_count: 1, scheduling_algorithm: ROUND_ROBIN, multi_process_service: false
[2026-06-23 11:20:40.338] [15525] [HailoRT] [info] [hef.cpp:1994] [get_network_group_and_network_name] No name was given. Addressing all networks of default network_group: arcface_mobilefacenet
[2026-06-23 11:20:40.338] [15525] [HailoRT] [info] [hef.cpp:1994] [get_network_group_and_network_name] No name was given. Addressing all networks of default network_group: arcface_mobilefacenet
[2026-06-23 11:20:40.455] [15525] [HailoRT] [info] [internal_buffer_manager.cpp:75] [print_execution_results] Default Internal buffer planner failed to meet requirements
[2026-06-23 11:20:40.455] [15525] [HailoRT] [info] [internal_buffer_manager.cpp:86] [print_execution_results] Default Internal buffer planner executed successfully
[2026-06-23 11:20:40.464] [15525] [HailoRT] [info] [device_internal.cpp:57] [configure] Configuring HEF took 13.615206 milliseconds
[2026-06-23 11:20:40.464] [15525] [HailoRT] [info] [vdevice.cpp:780] [configure] Configuring HEF on VDevice took 14.498206 milliseconds
[2026-06-23 11:20:40.464] [15525] [HailoRT] [info] [infer_model.cpp:417] [configure] Configuring network group 'arcface_mobilefacenet' with params: batch size: 0, power mode: PERFORMANCE, latency: NONE
[2026-06-23 11:20:40.464] [15525] [HailoRT] [info] [multi_io_elements.cpp:754] [create] Created (AsyncHwEl)
[2026-06-23 11:20:40.464] [15525] [HailoRT] [info] [queue_elements.cpp:450] [create] Created (EntryPushQEl0arcface_mobilefacenet/input_layer1 | timeout: 10s)
[2026-06-23 11:20:40.464] [15525] [HailoRT] [info] [filter_elements.cpp:101] [create] Created (PreInferEl1arcface_mobilefacenet/input_layer1 | Reorder - src_order: RGB4, src_shape: (112, 112, 3), dst_order: NHWC, dst_shape: (112, 112, 3))
[2026-06-23 11:20:40.464] [15525] [HailoRT] [info] [queue_elements.cpp:450] [create] Created (PushQEl1arcface_mobilefacenet/input_layer1 | timeout: 10s)
[2026-06-23 11:20:40.464] [15525] [HailoRT] [info] [edge_elements.cpp:187] [create] Created (LastAsyncEl0AsyncHwEl)
[2026-06-23 11:20:40.464] [15525] [HailoRT] [info] [pipeline.cpp:891] [print_deep_description] EntryPushQEl0arcface_mobilefacenet/input_layer1 | inputs: user | outputs: PreInferEl1arcface_mobilefacenet/input_layer1(running in thread_id: 15544)
[2026-06-23 11:20:40.464] [15525] [HailoRT] [info] [pipeline.cpp:891] [print_deep_description] PreInferEl1arcface_mobilefacenet/input_layer1 | inputs: EntryPushQEl0arcface_mobilefacenet/input_layer1[0] | outputs: PushQEl1arcface_mobilefacenet/input_layer1
[2026-06-23 11:20:40.464] [15525] [HailoRT] [info] [pipeline.cpp:891] [print_deep_description] PushQEl1arcface_mobilefacenet/input_layer1 | inputs: PreInferEl1arcface_mobilefacenet/input_layer1[0] | outputs: AsyncHwEl(running in thread_id: 15545)
[2026-06-23 11:20:40.464] [15525] [HailoRT] [info] [pipeline.cpp:891] [print_deep_description] AsyncHwEl | inputs: PushQEl1arcface_mobilefacenet/input_layer1[0] | outputs: LastAsyncEl0AsyncHwEl
[2026-06-23 11:20:40.464] [15525] [HailoRT] [info] [pipeline.cpp:891] [print_deep_description] LastAsyncEl0AsyncHwEl | inputs: AsyncHwEl[0] | outputs: user
[2026-06-23 11:20:40.470] [15525] [HailoRT] [info] [internal_buffer_manager.cpp:77] [print_execution_results] Planned internal buffer memory: CMA=0 CMA-Desc=655360 Pinned=1436160. memory to edge layer usage factor is 0.84007186
[2026-06-23 11:20:40.470] [15525] [HailoRT] [info] [internal_buffer_manager.cpp:86] [print_execution_results] Default Internal buffer planner executed successfully
[2026-06-23 11:20:40.493] [15525] [HailoRT] [info] [device_internal.cpp:57] [configure] Configuring HEF took 26.580321 milliseconds
[2026-06-23 11:20:40.494] [15525] [HailoRT] [info] [vdevice.cpp:780] [configure] Configuring HEF on VDevice took 26.95034 milliseconds
[2026-06-23 11:20:40.494] [15525] [HailoRT] [info] [infer_model.cpp:417] [configure] Configuring network group 'yolo26_landmark' with params: batch size: 0, power mode: PERFORMANCE, latency: NONE
[2026-06-23 11:20:40.494] [15525] [HailoRT] [info] [multi_io_elements.cpp:754] [create] Created (AsyncHwEl)
[2026-06-23 11:20:40.494] [15525] [HailoRT] [info] [queue_elements.cpp:450] [create] Created (EntryPushQEl0yolo26_landmark/input_layer1 | timeout: 10s)
[2026-06-23 11:20:40.494] [15525] [HailoRT] [info] [filter_elements.cpp:101] [create] Created (PreInferEl3yolo26_landmark/input_layer1 | Reorder - src_order: RGB4, src_shape: (640, 640, 3), dst_order: NHCW, dst_shape: (640, 640, 3))
[2026-06-23 11:20:40.494] [15525] [HailoRT] [info] [queue_elements.cpp:450] [create] Created (PushQEl3yolo26_landmark/input_layer1 | timeout: 10s)
[2026-06-23 11:20:40.494] [15525] [HailoRT] [info] [edge_elements.cpp:187] [create] Created (LastAsyncEl6AsyncHwEl)
[2026-06-23 11:20:40.494] [15525] [HailoRT] [info] [edge_elements.cpp:187] [create] Created (LastAsyncEl4AsyncHwEl)
[2026-06-23 11:20:40.494] [15525] [HailoRT] [info] [edge_elements.cpp:187] [create] Created (LastAsyncEl5AsyncHwEl)
[2026-06-23 11:20:40.495] [15525] [HailoRT] [info] [queue_elements.cpp:450] [create] Created (PushQEl0AsyncHwEl | timeout: 10s)
[2026-06-23 11:20:40.495] [15525] [HailoRT] [info] [filter_elements.cpp:372] [create] Created (PostInferEl0AsyncHwEl | Reorder - src_order: FCR, src_shape: (20, 20, 8), dst_order: FCR, dst_shape: (20, 20, 4))
[2026-06-23 11:20:40.495] [15525] [HailoRT] [info] [edge_elements.cpp:187] [create] Created (LastAsyncEl0PostInferEl0AsyncHwEl)
[2026-06-23 11:20:40.495] [15525] [HailoRT] [info] [edge_elements.cpp:187] [create] Created (LastAsyncEl7AsyncHwEl)
[2026-06-23 11:20:40.495] [15525] [HailoRT] [info] [queue_elements.cpp:450] [create] Created (PushQEl8AsyncHwEl | timeout: 10s)
[2026-06-23 11:20:40.495] [15525] [HailoRT] [info] [filter_elements.cpp:372] [create] Created (PostInferEl8AsyncHwEl | Reorder - src_order: FCR, src_shape: (80, 80, 16), dst_order: FCR, dst_shape: (80, 80, 15))
[2026-06-23 11:20:40.495] [15525] [HailoRT] [info] [edge_elements.cpp:187] [create] Created (LastAsyncEl0PostInferEl8AsyncHwEl)
[2026-06-23 11:20:40.495] [15525] [HailoRT] [info] [edge_elements.cpp:187] [create] Created (LastAsyncEl3AsyncHwEl)
[2026-06-23 11:20:40.495] [15525] [HailoRT] [info] [queue_elements.cpp:450] [create] Created (PushQEl2AsyncHwEl | timeout: 10s)
[2026-06-23 11:20:40.495] [15525] [HailoRT] [info] [filter_elements.cpp:372] [create] Created (PostInferEl2AsyncHwEl | Reorder - src_order: FCR, src_shape: (40, 40, 16), dst_order: FCR, dst_shape: (40, 40, 15))
[2026-06-23 11:20:40.495] [15525] [HailoRT] [info] [edge_elements.cpp:187] [create] Created (LastAsyncEl0PostInferEl2AsyncHwEl)
[2026-06-23 11:20:40.496] [15525] [HailoRT] [info] [queue_elements.cpp:450] [create] Created (PushQEl1AsyncHwEl | timeout: 10s)
[2026-06-23 11:20:40.496] [15525] [HailoRT] [info] [filter_elements.cpp:372] [create] Created (PostInferEl1AsyncHwEl | Reorder - src_order: FCR, src_shape: (20, 20, 16), dst_order: FCR, dst_shape: (20, 20, 15))
[2026-06-23 11:20:40.496] [15525] [HailoRT] [info] [edge_elements.cpp:187] [create] Created (LastAsyncEl0PostInferEl1AsyncHwEl)
[2026-06-23 11:20:40.496] [15525] [HailoRT] [info] [pipeline.cpp:891] [print_deep_description] EntryPushQEl0yolo26_landmark/input_layer1 | inputs: user | outputs: PreInferEl3yolo26_landmark/input_layer1(running in thread_id: 15546)
[2026-06-23 11:20:40.496] [15525] [HailoRT] [info] [pipeline.cpp:891] [print_deep_description] PreInferEl3yolo26_landmark/input_layer1 | inputs: EntryPushQEl0yolo26_landmark/input_layer1[0] | outputs: PushQEl3yolo26_landmark/input_layer1
[2026-06-23 11:20:40.496] [15525] [HailoRT] [info] [pipeline.cpp:891] [print_deep_description] PushQEl3yolo26_landmark/input_layer1 | inputs: PreInferEl3yolo26_landmark/input_layer1[0] | outputs: AsyncHwEl(running in thread_id: 15547)
[2026-06-23 11:20:40.496] [15525] [HailoRT] [info] [pipeline.cpp:891] [print_deep_description] AsyncHwEl | inputs: PushQEl3yolo26_landmark/input_layer1[0] | outputs: PushQEl0AsyncHwEl PushQEl1AsyncHwEl PushQEl2AsyncHwEl LastAsyncEl3AsyncHwEl LastAsyncEl4AsyncHwEl LastAsyncEl5AsyncHwEl LastAsyncEl6AsyncHwEl LastAsyncEl7AsyncHwEl PushQEl8AsyncHwEl
[2026-06-23 11:20:40.496] [15525] [HailoRT] [info] [pipeline.cpp:891] [print_deep_description] PushQEl0AsyncHwEl | inputs: AsyncHwEl[0] | outputs: PostInferEl0AsyncHwEl(running in thread_id: 15548)
[2026-06-23 11:20:40.496] [15525] [HailoRT] [info] [pipeline.cpp:891] [print_deep_description] PostInferEl0AsyncHwEl | inputs: PushQEl0AsyncHwEl[0] | outputs: LastAsyncEl0PostInferEl0AsyncHwEl
[2026-06-23 11:20:40.496] [15525] [HailoRT] [info] [pipeline.cpp:891] [print_deep_description] LastAsyncEl0PostInferEl0AsyncHwEl | inputs: PostInferEl0AsyncHwEl[0] | outputs: user
[2026-06-23 11:20:40.496] [15525] [HailoRT] [info] [pipeline.cpp:891] [print_deep_description] PushQEl1AsyncHwEl | inputs: AsyncHwEl[0] | outputs: PostInferEl1AsyncHwEl(running in thread_id: 15551)
[2026-06-23 11:20:40.496] [15525] [HailoRT] [info] [pipeline.cpp:891] [print_deep_description] PostInferEl1AsyncHwEl | inputs: PushQEl1AsyncHwEl[0] | outputs: LastAsyncEl0PostInferEl1AsyncHwEl
[2026-06-23 11:20:40.496] [15525] [HailoRT] [info] [pipeline.cpp:891] [print_deep_description] LastAsyncEl0PostInferEl1AsyncHwEl | inputs: PostInferEl1AsyncHwEl[0] | outputs: user
[2026-06-23 11:20:40.496] [15525] [HailoRT] [info] [pipeline.cpp:891] [print_deep_description] PushQEl2AsyncHwEl | inputs: AsyncHwEl[0] | outputs: PostInferEl2AsyncHwEl(running in thread_id: 15550)
[2026-06-23 11:20:40.496] [15525] [HailoRT] [info] [pipeline.cpp:891] [print_deep_description] PostInferEl2AsyncHwEl | inputs: PushQEl2AsyncHwEl[0] | outputs: LastAsyncEl0PostInferEl2AsyncHwEl
[2026-06-23 11:20:40.496] [15525] [HailoRT] [info] [pipeline.cpp:891] [print_deep_description] LastAsyncEl0PostInferEl2AsyncHwEl | inputs: PostInferEl2AsyncHwEl[0] | outputs: user
[2026-06-23 11:20:40.496] [15525] [HailoRT] [info] [pipeline.cpp:891] [print_deep_description] LastAsyncEl3AsyncHwEl | inputs: AsyncHwEl[0] | outputs: user
[2026-06-23 11:20:40.496] [15525] [HailoRT] [info] [pipeline.cpp:891] [print_deep_description] LastAsyncEl4AsyncHwEl | inputs: AsyncHwEl[0] | outputs: user
[2026-06-23 11:20:40.496] [15525] [HailoRT] [info] [pipeline.cpp:891] [print_deep_description] LastAsyncEl5AsyncHwEl | inputs: AsyncHwEl[0] | outputs: user
[2026-06-23 11:20:40.496] [15525] [HailoRT] [info] [pipeline.cpp:891] [print_deep_description] LastAsyncEl6AsyncHwEl | inputs: AsyncHwEl[0] | outputs: user
[2026-06-23 11:20:40.496] [15525] [HailoRT] [info] [pipeline.cpp:891] [print_deep_description] LastAsyncEl7AsyncHwEl | inputs: AsyncHwEl[0] | outputs: user
[2026-06-23 11:20:40.496] [15525] [HailoRT] [info] [pipeline.cpp:891] [print_deep_description] PushQEl8AsyncHwEl | inputs: AsyncHwEl[0] | outputs: PostInferEl8AsyncHwEl(running in thread_id: 15549)
[2026-06-23 11:20:40.496] [15525] [HailoRT] [info] [pipeline.cpp:891] [print_deep_description] PostInferEl8AsyncHwEl | inputs: PushQEl8AsyncHwEl[0] | outputs: LastAsyncEl0PostInferEl8AsyncHwEl
[2026-06-23 11:20:40.496] [15525] [HailoRT] [info] [pipeline.cpp:891] [print_deep_description] LastAsyncEl0PostInferEl8AsyncHwEl | inputs: PostInferEl8AsyncHwEl[0] | outputs: user
[2026-06-23 11:20:40.527] [15540] [HailoRT] [info] [hef.cpp:1994] [get_network_group_and_network_name] No name was given. Addressing all networks of default network_group: yolo26_landmark
[2026-06-23 11:20:50.509] [15525] [HailoRT] [info] [async_infer_runner.cpp:86] [shutdown] Pipeline was aborted. Shutting it down
[2026-06-23 11:20:50.509] [15525] [HailoRT] [info] [queue_elements.cpp:570] [execute_deactivate] enqueue() in element PushQEl1arcface_mobilefacenet/input_layer1 was aborted, got status = HAILO_SHUTDOWN_EVENT_SIGNALED(57)
[2026-06-23 11:20:50.509] [15525] [HailoRT] [info] [queue_elements.cpp:570] [execute_deactivate] enqueue() in element EntryPushQEl0arcface_mobilefacenet/input_layer1 was aborted, got status = HAILO_SHUTDOWN_EVENT_SIGNALED(57)
[2026-06-23 11:20:50.509] [15525] [HailoRT] [info] [queue_elements.cpp:46] [~BaseQueueElement] Queue element EntryPushQEl0arcface_mobilefacenet/input_layer1 has 0 frames in his Queue on destruction
[2026-06-23 11:20:50.509] [15525] [HailoRT] [info] [queue_elements.cpp:46] [~BaseQueueElement] Queue element PushQEl1arcface_mobilefacenet/input_layer1 has 0 frames in his Queue on destruction
[2026-06-23 11:20:50.510] [15525] [HailoRT] [info] [async_infer_runner.cpp:86] [shutdown] Pipeline was aborted. Shutting it down
[2026-06-23 11:20:50.513] [15525] [HailoRT] [info] [queue_elements.cpp:570] [execute_deactivate] enqueue() in element PushQEl0AsyncHwEl was aborted, got status = HAILO_SHUTDOWN_EVENT_SIGNALED(57)
[2026-06-23 11:20:50.513] [15525] [HailoRT] [info] [queue_elements.cpp:570] [execute_deactivate] enqueue() in element PushQEl1AsyncHwEl was aborted, got status = HAILO_SHUTDOWN_EVENT_SIGNALED(57)
[2026-06-23 11:20:50.513] [15525] [HailoRT] [info] [queue_elements.cpp:570] [execute_deactivate] enqueue() in element PushQEl2AsyncHwEl was aborted, got status = HAILO_SHUTDOWN_EVENT_SIGNALED(57)
[2026-06-23 11:20:50.513] [15525] [HailoRT] [info] [queue_elements.cpp:570] [execute_deactivate] enqueue() in element PushQEl8AsyncHwEl was aborted, got status = HAILO_SHUTDOWN_EVENT_SIGNALED(57)
[2026-06-23 11:20:50.513] [15525] [HailoRT] [info] [queue_elements.cpp:570] [execute_deactivate] enqueue() in element PushQEl3yolo26_landmark/input_layer1 was aborted, got status = HAILO_SHUTDOWN_EVENT_SIGNALED(57)
[2026-06-23 11:20:50.513] [15525] [HailoRT] [info] [queue_elements.cpp:570] [execute_deactivate] enqueue() in element EntryPushQEl0yolo26_landmark/input_layer1 was aborted, got status = HAILO_SHUTDOWN_EVENT_SIGNALED(57)
[2026-06-23 11:20:50.513] [15525] [HailoRT] [info] [queue_elements.cpp:46] [~BaseQueueElement] Queue element EntryPushQEl0yolo26_landmark/input_layer1 has 0 frames in his Queue on destruction
[2026-06-23 11:20:50.513] [15525] [HailoRT] [info] [queue_elements.cpp:46] [~BaseQueueElement] Queue element PushQEl3yolo26_landmark/input_layer1 has 0 frames in his Queue on destruction
[2026-06-23 11:20:50.513] [15525] [HailoRT] [info] [queue_elements.cpp:46] [~BaseQueueElement] Queue element PushQEl0AsyncHwEl has 0 frames in his Queue on destruction
[2026-06-23 11:20:50.513] [15525] [HailoRT] [info] [queue_elements.cpp:46] [~BaseQueueElement] Queue element PushQEl8AsyncHwEl has 0 frames in his Queue on destruction
[2026-06-23 11:20:50.514] [15525] [HailoRT] [info] [queue_elements.cpp:46] [~BaseQueueElement] Queue element PushQEl2AsyncHwEl has 0 frames in his Queue on destruction
[2026-06-23 11:20:50.514] [15525] [HailoRT] [info] [queue_elements.cpp:46] [~BaseQueueElement] Queue element PushQEl1AsyncHwEl has 0 frames in his Queue on destruction
[2026-06-23 11:23:21.054] [16053] [HailoRT] [info] [vdevice.cpp:535] [create] Creating vdevice with params: device_count: 1, scheduling_algorithm: ROUND_ROBIN, multi_process_service: false
[2026-06-23 11:23:21.067] [16053] [HailoRT] [info] [device.cpp:51] [Device] OS Version: Linux 6.18.33+rpt-rpi-2712 #1 SMP PREEMPT Debian 1:6.18.33-1+rpt1 (2026-06-01) aarch64
[2026-06-23 11:23:21.067] [16053] [HailoRT] [info] [control.cpp:113] [control__parse_identify_results] firmware_version is: 4.23.0
[2026-06-23 11:23:21.067] [16053] [HailoRT] [info] [vdevice.cpp:682] [create] VDevice Infos: 0001:01:00.0
[2026-06-23 11:23:21.073] [16053] [HailoRT] [info] [hef.cpp:1994] [get_network_group_and_network_name] No name was given. Addressing all networks of default network_group: yolo26_landmark
[2026-06-23 11:23:21.073] [16053] [HailoRT] [info] [hef.cpp:1994] [get_network_group_and_network_name] No name was given. Addressing all networks of default network_group: yolo26_landmark
[2026-06-23 11:23:21.090] [16053] [HailoRT] [info] [vdevice.cpp:535] [create] Creating vdevice with params: device_count: 1, scheduling_algorithm: ROUND_ROBIN, multi_process_service: false
[2026-06-23 11:23:21.092] [16053] [HailoRT] [info] [hef.cpp:1994] [get_network_group_and_network_name] No name was given. Addressing all networks of default network_group: arcface_mobilefacenet
[2026-06-23 11:23:21.092] [16053] [HailoRT] [info] [hef.cpp:1994] [get_network_group_and_network_name] No name was given. Addressing all networks of default network_group: arcface_mobilefacenet
[2026-06-23 11:27:36.623] [16642] [HailoRT] [info] [vdevice.cpp:535] [create] Creating vdevice with params: device_count: 1, scheduling_algorithm: ROUND_ROBIN, multi_process_service: false
[2026-06-23 11:27:36.636] [16642] [HailoRT] [info] [device.cpp:51] [Device] OS Version: Linux 6.18.33+rpt-rpi-2712 #1 SMP PREEMPT Debian 1:6.18.33-1+rpt1 (2026-06-01) aarch64
[2026-06-23 11:27:36.636] [16642] [HailoRT] [info] [control.cpp:113] [control__parse_identify_results] firmware_version is: 4.23.0
[2026-06-23 11:27:36.636] [16642] [HailoRT] [info] [vdevice.cpp:682] [create] VDevice Infos: 0001:01:00.0
[2026-06-23 11:27:36.643] [16642] [HailoRT] [info] [hef.cpp:1994] [get_network_group_and_network_name] No name was given. Addressing all networks of default network_group: yolo26_landmark
[2026-06-23 11:27:36.643] [16642] [HailoRT] [info] [hef.cpp:1994] [get_network_group_and_network_name] No name was given. Addressing all networks of default network_group: yolo26_landmark
[2026-06-23 11:27:36.655] [16642] [HailoRT] [info] [vdevice.cpp:535] [create] Creating vdevice with params: device_count: 1, scheduling_algorithm: ROUND_ROBIN, multi_process_service: false
[2026-06-23 11:27:36.657] [16642] [HailoRT] [info] [hef.cpp:1994] [get_network_group_and_network_name] No name was given. Addressing all networks of default network_group: arcface_mobilefacenet
[2026-06-23 11:27:36.657] [16642] [HailoRT] [info] [hef.cpp:1994] [get_network_group_and_network_name] No name was given. Addressing all networks of default network_group: arcface_mobilefacenet
[2026-06-23 11:27:36.776] [16642] [HailoRT] [info] [internal_buffer_manager.cpp:75] [print_execution_results] Default Internal buffer planner failed to meet requirements
[2026-06-23 11:27:36.776] [16642] [HailoRT] [info] [internal_buffer_manager.cpp:86] [print_execution_results] Default Internal buffer planner executed successfully
[2026-06-23 11:27:36.784] [16642] [HailoRT] [info] [device_internal.cpp:57] [configure] Configuring HEF took 13.187232 milliseconds
[2026-06-23 11:27:36.784] [16642] [HailoRT] [info] [vdevice.cpp:780] [configure] Configuring HEF on VDevice took 13.531305 milliseconds
[2026-06-23 11:27:36.784] [16642] [HailoRT] [info] [infer_model.cpp:417] [configure] Configuring network group 'arcface_mobilefacenet' with params: batch size: 0, power mode: PERFORMANCE, latency: NONE
[2026-06-23 11:27:36.784] [16642] [HailoRT] [info] [multi_io_elements.cpp:754] [create] Created (AsyncHwEl)
[2026-06-23 11:27:36.784] [16642] [HailoRT] [info] [queue_elements.cpp:450] [create] Created (EntryPushQEl0arcface_mobilefacenet/input_layer1 | timeout: 10s)
[2026-06-23 11:27:36.784] [16642] [HailoRT] [info] [filter_elements.cpp:101] [create] Created (PreInferEl1arcface_mobilefacenet/input_layer1 | Reorder - src_order: RGB4, src_shape: (112, 112, 3), dst_order: NHWC, dst_shape: (112, 112, 3))
[2026-06-23 11:27:36.784] [16642] [HailoRT] [info] [queue_elements.cpp:450] [create] Created (PushQEl1arcface_mobilefacenet/input_layer1 | timeout: 10s)
[2026-06-23 11:27:36.785] [16642] [HailoRT] [info] [edge_elements.cpp:187] [create] Created (LastAsyncEl0AsyncHwEl)
[2026-06-23 11:27:36.785] [16642] [HailoRT] [info] [pipeline.cpp:891] [print_deep_description] EntryPushQEl0arcface_mobilefacenet/input_layer1 | inputs: user | outputs: PreInferEl1arcface_mobilefacenet/input_layer1(running in thread_id: 16663)
[2026-06-23 11:27:36.785] [16642] [HailoRT] [info] [pipeline.cpp:891] [print_deep_description] PreInferEl1arcface_mobilefacenet/input_layer1 | inputs: EntryPushQEl0arcface_mobilefacenet/input_layer1[0] | outputs: PushQEl1arcface_mobilefacenet/input_layer1
[2026-06-23 11:27:36.785] [16642] [HailoRT] [info] [pipeline.cpp:891] [print_deep_description] PushQEl1arcface_mobilefacenet/input_layer1 | inputs: PreInferEl1arcface_mobilefacenet/input_layer1[0] | outputs: AsyncHwEl(running in thread_id: 16664)
[2026-06-23 11:27:36.785] [16642] [HailoRT] [info] [pipeline.cpp:891] [print_deep_description] AsyncHwEl | inputs: PushQEl1arcface_mobilefacenet/input_layer1[0] | outputs: LastAsyncEl0AsyncHwEl
[2026-06-23 11:27:36.785] [16642] [HailoRT] [info] [pipeline.cpp:891] [print_deep_description] LastAsyncEl0AsyncHwEl | inputs: AsyncHwEl[0] | outputs: user
[2026-06-23 11:27:36.790] [16642] [HailoRT] [info] [internal_buffer_manager.cpp:77] [print_execution_results] Planned internal buffer memory: CMA=0 CMA-Desc=655360 Pinned=1436160. memory to edge layer usage factor is 0.84007186
[2026-06-23 11:27:36.790] [16642] [HailoRT] [info] [internal_buffer_manager.cpp:86] [print_execution_results] Default Internal buffer planner executed successfully
[2026-06-23 11:27:36.824] [16642] [HailoRT] [info] [device_internal.cpp:57] [configure] Configuring HEF took 37.450679 milliseconds
[2026-06-23 11:27:36.824] [16642] [HailoRT] [info] [vdevice.cpp:780] [configure] Configuring HEF on VDevice took 37.82303 milliseconds
[2026-06-23 11:27:36.825] [16642] [HailoRT] [info] [infer_model.cpp:417] [configure] Configuring network group 'yolo26_landmark' with params: batch size: 0, power mode: PERFORMANCE, latency: NONE
[2026-06-23 11:27:36.825] [16642] [HailoRT] [info] [multi_io_elements.cpp:754] [create] Created (AsyncHwEl)
[2026-06-23 11:27:36.825] [16642] [HailoRT] [info] [queue_elements.cpp:450] [create] Created (EntryPushQEl0yolo26_landmark/input_layer1 | timeout: 10s)
[2026-06-23 11:27:36.825] [16642] [HailoRT] [info] [filter_elements.cpp:101] [create] Created (PreInferEl3yolo26_landmark/input_layer1 | Reorder - src_order: RGB4, src_shape: (640, 640, 3), dst_order: NHCW, dst_shape: (640, 640, 3))
[2026-06-23 11:27:36.825] [16642] [HailoRT] [info] [queue_elements.cpp:450] [create] Created (PushQEl3yolo26_landmark/input_layer1 | timeout: 10s)
[2026-06-23 11:27:36.825] [16642] [HailoRT] [info] [edge_elements.cpp:187] [create] Created (LastAsyncEl6AsyncHwEl)
[2026-06-23 11:27:36.825] [16642] [HailoRT] [info] [edge_elements.cpp:187] [create] Created (LastAsyncEl4AsyncHwEl)
[2026-06-23 11:27:36.825] [16642] [HailoRT] [info] [edge_elements.cpp:187] [create] Created (LastAsyncEl5AsyncHwEl)
[2026-06-23 11:27:36.825] [16642] [HailoRT] [info] [queue_elements.cpp:450] [create] Created (PushQEl0AsyncHwEl | timeout: 10s)
[2026-06-23 11:27:36.825] [16642] [HailoRT] [info] [filter_elements.cpp:372] [create] Created (PostInferEl0AsyncHwEl | Reorder - src_order: FCR, src_shape: (20, 20, 8), dst_order: FCR, dst_shape: (20, 20, 4))
[2026-06-23 11:27:36.825] [16642] [HailoRT] [info] [edge_elements.cpp:187] [create] Created (LastAsyncEl0PostInferEl0AsyncHwEl)
[2026-06-23 11:27:36.825] [16642] [HailoRT] [info] [edge_elements.cpp:187] [create] Created (LastAsyncEl7AsyncHwEl)
[2026-06-23 11:27:36.825] [16642] [HailoRT] [info] [queue_elements.cpp:450] [create] Created (PushQEl8AsyncHwEl | timeout: 10s)
[2026-06-23 11:27:36.825] [16642] [HailoRT] [info] [filter_elements.cpp:372] [create] Created (PostInferEl8AsyncHwEl | Reorder - src_order: FCR, src_shape: (80, 80, 16), dst_order: FCR, dst_shape: (80, 80, 15))
[2026-06-23 11:27:36.825] [16642] [HailoRT] [info] [edge_elements.cpp:187] [create] Created (LastAsyncEl0PostInferEl8AsyncHwEl)
[2026-06-23 11:27:36.825] [16642] [HailoRT] [info] [edge_elements.cpp:187] [create] Created (LastAsyncEl3AsyncHwEl)
[2026-06-23 11:27:36.826] [16642] [HailoRT] [info] [queue_elements.cpp:450] [create] Created (PushQEl2AsyncHwEl | timeout: 10s)
[2026-06-23 11:27:36.826] [16642] [HailoRT] [info] [filter_elements.cpp:372] [create] Created (PostInferEl2AsyncHwEl | Reorder - src_order: FCR, src_shape: (40, 40, 16), dst_order: FCR, dst_shape: (40, 40, 15))
[2026-06-23 11:27:36.826] [16642] [HailoRT] [info] [edge_elements.cpp:187] [create] Created (LastAsyncEl0PostInferEl2AsyncHwEl)
[2026-06-23 11:27:36.826] [16642] [HailoRT] [info] [queue_elements.cpp:450] [create] Created (PushQEl1AsyncHwEl | timeout: 10s)
[2026-06-23 11:27:36.826] [16642] [HailoRT] [info] [filter_elements.cpp:372] [create] Created (PostInferEl1AsyncHwEl | Reorder - src_order: FCR, src_shape: (20, 20, 16), dst_order: FCR, dst_shape: (20, 20, 15))
[2026-06-23 11:27:36.826] [16642] [HailoRT] [info] [edge_elements.cpp:187] [create] Created (LastAsyncEl0PostInferEl1AsyncHwEl)
[2026-06-23 11:27:36.826] [16642] [HailoRT] [info] [pipeline.cpp:891] [print_deep_description] EntryPushQEl0yolo26_landmark/input_layer1 | inputs: user | outputs: PreInferEl3yolo26_landmark/input_layer1(running in thread_id: 16665)
[2026-06-23 11:27:36.826] [16642] [HailoRT] [info] [pipeline.cpp:891] [print_deep_description] PreInferEl3yolo26_landmark/input_layer1 | inputs: EntryPushQEl0yolo26_landmark/input_layer1[0] | outputs: PushQEl3yolo26_landmark/input_layer1
[2026-06-23 11:27:36.826] [16642] [HailoRT] [info] [pipeline.cpp:891] [print_deep_description] PushQEl3yolo26_landmark/input_layer1 | inputs: PreInferEl3yolo26_landmark/input_layer1[0] | outputs: AsyncHwEl(running in thread_id: 16666)
[2026-06-23 11:27:36.826] [16642] [HailoRT] [info] [pipeline.cpp:891] [print_deep_description] AsyncHwEl | inputs: PushQEl3yolo26_landmark/input_layer1[0] | outputs: PushQEl0AsyncHwEl PushQEl1AsyncHwEl PushQEl2AsyncHwEl LastAsyncEl3AsyncHwEl LastAsyncEl4AsyncHwEl LastAsyncEl5AsyncHwEl LastAsyncEl6AsyncHwEl LastAsyncEl7AsyncHwEl PushQEl8AsyncHwEl
[2026-06-23 11:27:36.826] [16642] [HailoRT] [info] [pipeline.cpp:891] [print_deep_description] PushQEl0AsyncHwEl | inputs: AsyncHwEl[0] | outputs: PostInferEl0AsyncHwEl(running in thread_id: 16667)
[2026-06-23 11:27:36.826] [16642] [HailoRT] [info] [pipeline.cpp:891] [print_deep_description] PostInferEl0AsyncHwEl | inputs: PushQEl0AsyncHwEl[0] | outputs: LastAsyncEl0PostInferEl0AsyncHwEl
[2026-06-23 11:27:36.826] [16642] [HailoRT] [info] [pipeline.cpp:891] [print_deep_description] LastAsyncEl0PostInferEl0AsyncHwEl | inputs: PostInferEl0AsyncHwEl[0] | outputs: user
[2026-06-23 11:27:36.826] [16642] [HailoRT] [info] [pipeline.cpp:891] [print_deep_description] PushQEl1AsyncHwEl | inputs: AsyncHwEl[0] | outputs: PostInferEl1AsyncHwEl(running in thread_id: 16670)
[2026-06-23 11:27:36.826] [16642] [HailoRT] [info] [pipeline.cpp:891] [print_deep_description] PostInferEl1AsyncHwEl | inputs: PushQEl1AsyncHwEl[0] | outputs: LastAsyncEl0PostInferEl1AsyncHwEl
[2026-06-23 11:27:36.826] [16642] [HailoRT] [info] [pipeline.cpp:891] [print_deep_description] LastAsyncEl0PostInferEl1AsyncHwEl | inputs: PostInferEl1AsyncHwEl[0] | outputs: user
[2026-06-23 11:27:36.826] [16642] [HailoRT] [info] [pipeline.cpp:891] [print_deep_description] PushQEl2AsyncHwEl | inputs: AsyncHwEl[0] | outputs: PostInferEl2AsyncHwEl(running in thread_id: 16669)
[2026-06-23 11:27:36.826] [16642] [HailoRT] [info] [pipeline.cpp:891] [print_deep_description] PostInferEl2AsyncHwEl | inputs: PushQEl2AsyncHwEl[0] | outputs: LastAsyncEl0PostInferEl2AsyncHwEl
[2026-06-23 11:27:36.826] [16642] [HailoRT] [info] [pipeline.cpp:891] [print_deep_description] LastAsyncEl0PostInferEl2AsyncHwEl | inputs: PostInferEl2AsyncHwEl[0] | outputs: user
[2026-06-23 11:27:36.826] [16642] [HailoRT] [info] [pipeline.cpp:891] [print_deep_description] LastAsyncEl3AsyncHwEl | inputs: AsyncHwEl[0] | outputs: user
[2026-06-23 11:27:36.826] [16642] [HailoRT] [info] [pipeline.cpp:891] [print_deep_description] LastAsyncEl4AsyncHwEl | inputs: AsyncHwEl[0] | outputs: user
[2026-06-23 11:27:36.826] [16642] [HailoRT] [info] [pipeline.cpp:891] [print_deep_description] LastAsyncEl5AsyncHwEl | inputs: AsyncHwEl[0] | outputs: user
[2026-06-23 11:27:36.826] [16642] [HailoRT] [info] [pipeline.cpp:891] [print_deep_description] LastAsyncEl6AsyncHwEl | inputs: AsyncHwEl[0] | outputs: user
[2026-06-23 11:27:36.826] [16642] [HailoRT] [info] [pipeline.cpp:891] [print_deep_description] LastAsyncEl7AsyncHwEl | inputs: AsyncHwEl[0] | outputs: user
[2026-06-23 11:27:36.826] [16642] [HailoRT] [info] [pipeline.cpp:891] [print_deep_description] PushQEl8AsyncHwEl | inputs: AsyncHwEl[0] | outputs: PostInferEl8AsyncHwEl(running in thread_id: 16668)
[2026-06-23 11:27:36.826] [16642] [HailoRT] [info] [pipeline.cpp:891] [print_deep_description] PostInferEl8AsyncHwEl | inputs: PushQEl8AsyncHwEl[0] | outputs: LastAsyncEl0PostInferEl8AsyncHwEl
[2026-06-23 11:27:36.826] [16642] [HailoRT] [info] [pipeline.cpp:891] [print_deep_description] LastAsyncEl0PostInferEl8AsyncHwEl | inputs: PostInferEl8AsyncHwEl[0] | outputs: user
[2026-06-23 11:27:36.858] [16659] [HailoRT] [info] [hef.cpp:1994] [get_network_group_and_network_name] No name was given. Addressing all networks of default network_group: yolo26_landmark
[2026-06-23 11:27:51.170] [16642] [HailoRT] [info] [async_infer_runner.cpp:86] [shutdown] Pipeline was aborted. Shutting it down
[2026-06-23 11:27:51.171] [16642] [HailoRT] [info] [queue_elements.cpp:570] [execute_deactivate] enqueue() in element PushQEl1arcface_mobilefacenet/input_layer1 was aborted, got status = HAILO_SHUTDOWN_EVENT_SIGNALED(57)
[2026-06-23 11:27:51.171] [16642] [HailoRT] [info] [queue_elements.cpp:570] [execute_deactivate] enqueue() in element EntryPushQEl0arcface_mobilefacenet/input_layer1 was aborted, got status = HAILO_SHUTDOWN_EVENT_SIGNALED(57)
[2026-06-23 11:27:51.171] [16642] [HailoRT] [info] [queue_elements.cpp:46] [~BaseQueueElement] Queue element EntryPushQEl0arcface_mobilefacenet/input_layer1 has 0 frames in his Queue on destruction
[2026-06-23 11:27:51.171] [16642] [HailoRT] [info] [queue_elements.cpp:46] [~BaseQueueElement] Queue element PushQEl1arcface_mobilefacenet/input_layer1 has 0 frames in his Queue on destruction
[2026-06-23 11:27:51.171] [16642] [HailoRT] [info] [async_infer_runner.cpp:86] [shutdown] Pipeline was aborted. Shutting it down
[2026-06-23 11:27:51.171] [16642] [HailoRT] [info] [queue_elements.cpp:570] [execute_deactivate] enqueue() in element PushQEl0AsyncHwEl was aborted, got status = HAILO_SHUTDOWN_EVENT_SIGNALED(57)
[2026-06-23 11:27:51.171] [16642] [HailoRT] [info] [queue_elements.cpp:570] [execute_deactivate] enqueue() in element PushQEl1AsyncHwEl was aborted, got status = HAILO_SHUTDOWN_EVENT_SIGNALED(57)
[2026-06-23 11:27:51.171] [16642] [HailoRT] [info] [queue_elements.cpp:570] [execute_deactivate] enqueue() in element PushQEl2AsyncHwEl was aborted, got status = HAILO_SHUTDOWN_EVENT_SIGNALED(57)
[2026-06-23 11:27:51.171] [16642] [HailoRT] [info] [queue_elements.cpp:570] [execute_deactivate] enqueue() in element PushQEl8AsyncHwEl was aborted, got status = HAILO_SHUTDOWN_EVENT_SIGNALED(57)
[2026-06-23 11:27:51.171] [16642] [HailoRT] [info] [queue_elements.cpp:570] [execute_deactivate] enqueue() in element PushQEl3yolo26_landmark/input_layer1 was aborted, got status = HAILO_SHUTDOWN_EVENT_SIGNALED(57)
[2026-06-23 11:27:51.171] [16642] [HailoRT] [info] [queue_elements.cpp:570] [execute_deactivate] enqueue() in element EntryPushQEl0yolo26_landmark/input_layer1 was aborted, got status = HAILO_SHUTDOWN_EVENT_SIGNALED(57)
[2026-06-23 11:27:51.171] [16642] [HailoRT] [info] [queue_elements.cpp:46] [~BaseQueueElement] Queue element EntryPushQEl0yolo26_landmark/input_layer1 has 0 frames in his Queue on destruction
[2026-06-23 11:27:51.171] [16642] [HailoRT] [info] [queue_elements.cpp:46] [~BaseQueueElement] Queue element PushQEl3yolo26_landmark/input_layer1 has 0 frames in his Queue on destruction
[2026-06-23 11:27:51.172] [16642] [HailoRT] [info] [queue_elements.cpp:46] [~BaseQueueElement] Queue element PushQEl0AsyncHwEl has 0 frames in his Queue on destruction
[2026-06-23 11:27:51.172] [16642] [HailoRT] [info] [queue_elements.cpp:46] [~BaseQueueElement] Queue element PushQEl8AsyncHwEl has 0 frames in his Queue on destruction
[2026-06-23 11:27:51.172] [16642] [HailoRT] [info] [queue_elements.cpp:46] [~BaseQueueElement] Queue element PushQEl2AsyncHwEl has 0 frames in his Queue on destruction
[2026-06-23 11:27:51.172] [16642] [HailoRT] [info] [queue_elements.cpp:46] [~BaseQueueElement] Queue element PushQEl1AsyncHwEl has 0 frames in his Queue on destruction
[2026-06-23 11:30:31.120] [17047] [HailoRT] [info] [vdevice.cpp:535] [create] Creating vdevice with params: device_count: 1, scheduling_algorithm: ROUND_ROBIN, multi_process_service: false
[2026-06-23 11:30:31.133] [17047] [HailoRT] [info] [device.cpp:51] [Device] OS Version: Linux 6.18.33+rpt-rpi-2712 #1 SMP PREEMPT Debian 1:6.18.33-1+rpt1 (2026-06-01) aarch64
[2026-06-23 11:30:31.133] [17047] [HailoRT] [info] [control.cpp:113] [control__parse_identify_results] firmware_version is: 4.23.0
[2026-06-23 11:30:31.133] [17047] [HailoRT] [info] [vdevice.cpp:682] [create] VDevice Infos: 0001:01:00.0
[2026-06-23 11:30:31.143] [17047] [HailoRT] [info] [hef.cpp:1994] [get_network_group_and_network_name] No name was given. Addressing all networks of default network_group: yolo26_landmark
[2026-06-23 11:30:31.143] [17047] [HailoRT] [info] [hef.cpp:1994] [get_network_group_and_network_name] No name was given. Addressing all networks of default network_group: yolo26_landmark
[2026-06-23 11:30:31.152] [17047] [HailoRT] [info] [vdevice.cpp:535] [create] Creating vdevice with params: device_count: 1, scheduling_algorithm: ROUND_ROBIN, multi_process_service: false
[2026-06-23 11:30:31.158] [17047] [HailoRT] [info] [hef.cpp:1994] [get_network_group_and_network_name] No name was given. Addressing all networks of default network_group: arcface_mobilefacenet
[2026-06-23 11:30:31.158] [17047] [HailoRT] [info] [hef.cpp:1994] [get_network_group_and_network_name] No name was given. Addressing all networks of default network_group: arcface_mobilefacenet
[2026-06-23 11:32:37.314] [17260] [HailoRT] [info] [vdevice.cpp:535] [create] Creating vdevice with params: device_count: 1, scheduling_algorithm: ROUND_ROBIN, multi_process_service: false
[2026-06-23 11:32:37.325] [17260] [HailoRT] [info] [device.cpp:51] [Device] OS Version: Linux 6.18.33+rpt-rpi-2712 #1 SMP PREEMPT Debian 1:6.18.33-1+rpt1 (2026-06-01) aarch64
[2026-06-23 11:32:37.325] [17260] [HailoRT] [info] [control.cpp:113] [control__parse_identify_results] firmware_version is: 4.23.0
[2026-06-23 11:32:37.325] [17260] [HailoRT] [info] [vdevice.cpp:682] [create] VDevice Infos: 0001:01:00.0
[2026-06-23 11:32:37.334] [17260] [HailoRT] [info] [hef.cpp:1994] [get_network_group_and_network_name] No name was given. Addressing all networks of default network_group: yolo26_landmark
[2026-06-23 11:32:37.334] [17260] [HailoRT] [info] [hef.cpp:1994] [get_network_group_and_network_name] No name was given. Addressing all networks of default network_group: yolo26_landmark
[2026-06-23 11:32:37.344] [17260] [HailoRT] [info] [vdevice.cpp:535] [create] Creating vdevice with params: device_count: 1, scheduling_algorithm: ROUND_ROBIN, multi_process_service: false
[2026-06-23 11:32:37.346] [17260] [HailoRT] [info] [hef.cpp:1994] [get_network_group_and_network_name] No name was given. Addressing all networks of default network_group: arcface_mobilefacenet
[2026-06-23 11:32:37.346] [17260] [HailoRT] [info] [hef.cpp:1994] [get_network_group_and_network_name] No name was given. Addressing all networks of default network_group: arcface_mobilefacenet
[2026-06-23 11:32:37.883] [17277] [HailoRT] [info] [internal_buffer_manager.cpp:77] [print_execution_results] Planned internal buffer memory: CMA=0 CMA-Desc=655360 Pinned=1436160. memory to edge layer usage factor is 0.84007186
[2026-06-23 11:32:37.883] [17277] [HailoRT] [info] [internal_buffer_manager.cpp:86] [print_execution_results] Default Internal buffer planner executed successfully
[2026-06-23 11:32:37.905] [17277] [HailoRT] [info] [device_internal.cpp:57] [configure] Configuring HEF took 28.951374 milliseconds
[2026-06-23 11:32:37.906] [17277] [HailoRT] [info] [vdevice.cpp:780] [configure] Configuring HEF on VDevice took 29.386781 milliseconds
[2026-06-23 11:32:37.906] [17277] [HailoRT] [info] [infer_model.cpp:417] [configure] Configuring network group 'yolo26_landmark' with params: batch size: 0, power mode: PERFORMANCE, latency: NONE
[2026-06-23 11:32:37.906] [17277] [HailoRT] [info] [multi_io_elements.cpp:754] [create] Created (AsyncHwEl)
[2026-06-23 11:32:37.906] [17277] [HailoRT] [info] [queue_elements.cpp:450] [create] Created (EntryPushQEl0yolo26_landmark/input_layer1 | timeout: 10s)
[2026-06-23 11:32:37.906] [17277] [HailoRT] [info] [filter_elements.cpp:101] [create] Created (PreInferEl3yolo26_landmark/input_layer1 | Reorder - src_order: RGB4, src_shape: (640, 640, 3), dst_order: NHCW, dst_shape: (640, 640, 3))
[2026-06-23 11:32:37.906] [17277] [HailoRT] [info] [queue_elements.cpp:450] [create] Created (PushQEl3yolo26_landmark/input_layer1 | timeout: 10s)
[2026-06-23 11:32:37.906] [17277] [HailoRT] [info] [edge_elements.cpp:187] [create] Created (LastAsyncEl6AsyncHwEl)
[2026-06-23 11:32:37.906] [17277] [HailoRT] [info] [edge_elements.cpp:187] [create] Created (LastAsyncEl4AsyncHwEl)
[2026-06-23 11:32:37.906] [17277] [HailoRT] [info] [edge_elements.cpp:187] [create] Created (LastAsyncEl5AsyncHwEl)
[2026-06-23 11:32:37.906] [17277] [HailoRT] [info] [queue_elements.cpp:450] [create] Created (PushQEl0AsyncHwEl | timeout: 10s)
[2026-06-23 11:32:37.907] [17277] [HailoRT] [info] [filter_elements.cpp:372] [create] Created (PostInferEl0AsyncHwEl | Reorder - src_order: FCR, src_shape: (20, 20, 8), dst_order: FCR, dst_shape: (20, 20, 4))
[2026-06-23 11:32:37.907] [17277] [HailoRT] [info] [edge_elements.cpp:187] [create] Created (LastAsyncEl0PostInferEl0AsyncHwEl)
[2026-06-23 11:32:37.907] [17277] [HailoRT] [info] [edge_elements.cpp:187] [create] Created (LastAsyncEl7AsyncHwEl)
[2026-06-23 11:32:37.907] [17277] [HailoRT] [info] [queue_elements.cpp:450] [create] Created (PushQEl8AsyncHwEl | timeout: 10s)
[2026-06-23 11:32:37.907] [17277] [HailoRT] [info] [filter_elements.cpp:372] [create] Created (PostInferEl8AsyncHwEl | Reorder - src_order: FCR, src_shape: (80, 80, 16), dst_order: FCR, dst_shape: (80, 80, 15))
[2026-06-23 11:32:37.907] [17277] [HailoRT] [info] [edge_elements.cpp:187] [create] Created (LastAsyncEl0PostInferEl8AsyncHwEl)
[2026-06-23 11:32:37.907] [17277] [HailoRT] [info] [edge_elements.cpp:187] [create] Created (LastAsyncEl3AsyncHwEl)
[2026-06-23 11:32:37.907] [17277] [HailoRT] [info] [queue_elements.cpp:450] [create] Created (PushQEl2AsyncHwEl | timeout: 10s)
[2026-06-23 11:32:37.907] [17277] [HailoRT] [info] [filter_elements.cpp:372] [create] Created (PostInferEl2AsyncHwEl | Reorder - src_order: FCR, src_shape: (40, 40, 16), dst_order: FCR, dst_shape: (40, 40, 15))
[2026-06-23 11:32:37.907] [17277] [HailoRT] [info] [edge_elements.cpp:187] [create] Created (LastAsyncEl0PostInferEl2AsyncHwEl)
[2026-06-23 11:32:37.907] [17277] [HailoRT] [info] [queue_elements.cpp:450] [create] Created (PushQEl1AsyncHwEl | timeout: 10s)
[2026-06-23 11:32:37.907] [17277] [HailoRT] [info] [filter_elements.cpp:372] [create] Created (PostInferEl1AsyncHwEl | Reorder - src_order: FCR, src_shape: (20, 20, 16), dst_order: FCR, dst_shape: (20, 20, 15))
[2026-06-23 11:32:37.907] [17277] [HailoRT] [info] [edge_elements.cpp:187] [create] Created (LastAsyncEl0PostInferEl1AsyncHwEl)
[2026-06-23 11:32:37.907] [17277] [HailoRT] [info] [pipeline.cpp:891] [print_deep_description] EntryPushQEl0yolo26_landmark/input_layer1 | inputs: user | outputs: PreInferEl3yolo26_landmark/input_layer1(running in thread_id: 17288)
[2026-06-23 11:32:37.907] [17277] [HailoRT] [info] [pipeline.cpp:891] [print_deep_description] PreInferEl3yolo26_landmark/input_layer1 | inputs: EntryPushQEl0yolo26_landmark/input_layer1[0] | outputs: PushQEl3yolo26_landmark/input_layer1
[2026-06-23 11:32:37.907] [17277] [HailoRT] [info] [pipeline.cpp:891] [print_deep_description] PushQEl3yolo26_landmark/input_layer1 | inputs: PreInferEl3yolo26_landmark/input_layer1[0] | outputs: AsyncHwEl(running in thread_id: 17289)
[2026-06-23 11:32:37.907] [17277] [HailoRT] [info] [pipeline.cpp:891] [print_deep_description] AsyncHwEl | inputs: PushQEl3yolo26_landmark/input_layer1[0] | outputs: PushQEl0AsyncHwEl PushQEl1AsyncHwEl PushQEl2AsyncHwEl LastAsyncEl3AsyncHwEl LastAsyncEl4AsyncHwEl LastAsyncEl5AsyncHwEl LastAsyncEl6AsyncHwEl LastAsyncEl7AsyncHwEl PushQEl8AsyncHwEl
[2026-06-23 11:32:37.907] [17277] [HailoRT] [info] [pipeline.cpp:891] [print_deep_description] PushQEl0AsyncHwEl | inputs: AsyncHwEl[0] | outputs: PostInferEl0AsyncHwEl(running in thread_id: 17290)
[2026-06-23 11:32:37.907] [17277] [HailoRT] [info] [pipeline.cpp:891] [print_deep_description] PostInferEl0AsyncHwEl | inputs: PushQEl0AsyncHwEl[0] | outputs: LastAsyncEl0PostInferEl0AsyncHwEl
[2026-06-23 11:32:37.907] [17277] [HailoRT] [info] [pipeline.cpp:891] [print_deep_description] LastAsyncEl0PostInferEl0AsyncHwEl | inputs: PostInferEl0AsyncHwEl[0] | outputs: user
[2026-06-23 11:32:37.907] [17277] [HailoRT] [info] [pipeline.cpp:891] [print_deep_description] PushQEl1AsyncHwEl | inputs: AsyncHwEl[0] | outputs: PostInferEl1AsyncHwEl(running in thread_id: 17293)
[2026-06-23 11:32:37.907] [17277] [HailoRT] [info] [pipeline.cpp:891] [print_deep_description] PostInferEl1AsyncHwEl | inputs: PushQEl1AsyncHwEl[0] | outputs: LastAsyncEl0PostInferEl1AsyncHwEl
[2026-06-23 11:32:37.907] [17277] [HailoRT] [info] [pipeline.cpp:891] [print_deep_description] LastAsyncEl0PostInferEl1AsyncHwEl | inputs: PostInferEl1AsyncHwEl[0] | outputs: user
[2026-06-23 11:32:37.907] [17277] [HailoRT] [info] [pipeline.cpp:891] [print_deep_description] PushQEl2AsyncHwEl | inputs: AsyncHwEl[0] | outputs: PostInferEl2AsyncHwEl(running in thread_id: 17292)
[2026-06-23 11:32:37.907] [17277] [HailoRT] [info] [pipeline.cpp:891] [print_deep_description] PostInferEl2AsyncHwEl | inputs: PushQEl2AsyncHwEl[0] | outputs: LastAsyncEl0PostInferEl2AsyncHwEl
[2026-06-23 11:32:37.907] [17277] [HailoRT] [info] [pipeline.cpp:891] [print_deep_description] LastAsyncEl0PostInferEl2AsyncHwEl | inputs: PostInferEl2AsyncHwEl[0] | outputs: user
[2026-06-23 11:32:37.907] [17277] [HailoRT] [info] [pipeline.cpp:891] [print_deep_description] LastAsyncEl3AsyncHwEl | inputs: AsyncHwEl[0] | outputs: user
[2026-06-23 11:32:37.907] [17277] [HailoRT] [info] [pipeline.cpp:891] [print_deep_description] LastAsyncEl4AsyncHwEl | inputs: AsyncHwEl[0] | outputs: user
[2026-06-23 11:32:37.907] [17277] [HailoRT] [info] [pipeline.cpp:891] [print_deep_description] LastAsyncEl5AsyncHwEl | inputs: AsyncHwEl[0] | outputs: user
[2026-06-23 11:32:37.907] [17277] [HailoRT] [info] [pipeline.cpp:891] [print_deep_description] LastAsyncEl6AsyncHwEl | inputs: AsyncHwEl[0] | outputs: user
[2026-06-23 11:32:37.907] [17277] [HailoRT] [info] [pipeline.cpp:891] [print_deep_description] LastAsyncEl7AsyncHwEl | inputs: AsyncHwEl[0] | outputs: user
[2026-06-23 11:32:37.907] [17277] [HailoRT] [info] [pipeline.cpp:891] [print_deep_description] PushQEl8AsyncHwEl | inputs: AsyncHwEl[0] | outputs: PostInferEl8AsyncHwEl(running in thread_id: 17291)
[2026-06-23 11:32:37.907] [17277] [HailoRT] [info] [pipeline.cpp:891] [print_deep_description] PostInferEl8AsyncHwEl | inputs: PushQEl8AsyncHwEl[0] | outputs: LastAsyncEl0PostInferEl8AsyncHwEl
[2026-06-23 11:32:37.907] [17277] [HailoRT] [info] [pipeline.cpp:891] [print_deep_description] LastAsyncEl0PostInferEl8AsyncHwEl | inputs: PostInferEl8AsyncHwEl[0] | outputs: user
[2026-06-23 11:32:37.918] [17277] [HailoRT] [info] [hef.cpp:1994] [get_network_group_and_network_name] No name was given. Addressing all networks of default network_group: yolo26_landmark
[2026-06-23 11:32:37.960] [17295] [HailoRT] [info] [internal_buffer_manager.cpp:75] [print_execution_results] Default Internal buffer planner failed to meet requirements
[2026-06-23 11:32:37.960] [17295] [HailoRT] [info] [internal_buffer_manager.cpp:86] [print_execution_results] Default Internal buffer planner executed successfully
[2026-06-23 11:32:37.984] [17295] [HailoRT] [info] [device_internal.cpp:57] [configure] Configuring HEF took 26.714394 milliseconds
[2026-06-23 11:32:37.984] [17295] [HailoRT] [info] [vdevice.cpp:780] [configure] Configuring HEF on VDevice took 27.034893 milliseconds
[2026-06-23 11:32:37.984] [17295] [HailoRT] [info] [infer_model.cpp:417] [configure] Configuring network group 'arcface_mobilefacenet' with params: batch size: 0, power mode: PERFORMANCE, latency: NONE
[2026-06-23 11:32:37.984] [17295] [HailoRT] [info] [multi_io_elements.cpp:754] [create] Created (AsyncHwEl)
[2026-06-23 11:32:37.984] [17295] [HailoRT] [info] [queue_elements.cpp:450] [create] Created (EntryPushQEl0arcface_mobilefacenet/input_layer1 | timeout: 10s)
[2026-06-23 11:32:37.985] [17295] [HailoRT] [info] [filter_elements.cpp:101] [create] Created (PreInferEl1arcface_mobilefacenet/input_layer1 | Reorder - src_order: RGB4, src_shape: (112, 112, 3), dst_order: NHWC, dst_shape: (112, 112, 3))
[2026-06-23 11:32:37.989] [17295] [HailoRT] [info] [queue_elements.cpp:450] [create] Created (PushQEl1arcface_mobilefacenet/input_layer1 | timeout: 10s)
[2026-06-23 11:32:37.989] [17295] [HailoRT] [info] [edge_elements.cpp:187] [create] Created (LastAsyncEl0AsyncHwEl)
[2026-06-23 11:32:37.989] [17295] [HailoRT] [info] [pipeline.cpp:891] [print_deep_description] EntryPushQEl0arcface_mobilefacenet/input_layer1 | inputs: user | outputs: PreInferEl1arcface_mobilefacenet/input_layer1(running in thread_id: 17296)
[2026-06-23 11:32:37.989] [17295] [HailoRT] [info] [pipeline.cpp:891] [print_deep_description] PreInferEl1arcface_mobilefacenet/input_layer1 | inputs: EntryPushQEl0arcface_mobilefacenet/input_layer1[0] | outputs: PushQEl1arcface_mobilefacenet/input_layer1
[2026-06-23 11:32:37.989] [17295] [HailoRT] [info] [pipeline.cpp:891] [print_deep_description] PushQEl1arcface_mobilefacenet/input_layer1 | inputs: PreInferEl1arcface_mobilefacenet/input_layer1[0] | outputs: AsyncHwEl(running in thread_id: 17297)
[2026-06-23 11:32:37.989] [17295] [HailoRT] [info] [pipeline.cpp:891] [print_deep_description] AsyncHwEl | inputs: PushQEl1arcface_mobilefacenet/input_layer1[0] | outputs: LastAsyncEl0AsyncHwEl
[2026-06-23 11:32:37.989] [17295] [HailoRT] [info] [pipeline.cpp:891] [print_deep_description] LastAsyncEl0AsyncHwEl | inputs: AsyncHwEl[0] | outputs: user
[2026-06-23 11:33:34.656] [17260] [HailoRT] [info] [async_infer_runner.cpp:86] [shutdown] Pipeline was aborted. Shutting it down
[2026-06-23 11:33:34.656] [17260] [HailoRT] [info] [queue_elements.cpp:570] [execute_deactivate] enqueue() in element PushQEl1arcface_mobilefacenet/input_layer1 was aborted, got status = HAILO_SHUTDOWN_EVENT_SIGNALED(57)
[2026-06-23 11:33:34.656] [17260] [HailoRT] [info] [queue_elements.cpp:570] [execute_deactivate] enqueue() in element EntryPushQEl0arcface_mobilefacenet/input_layer1 was aborted, got status = HAILO_SHUTDOWN_EVENT_SIGNALED(57)
[2026-06-23 11:33:34.656] [17260] [HailoRT] [info] [queue_elements.cpp:46] [~BaseQueueElement] Queue element EntryPushQEl0arcface_mobilefacenet/input_layer1 has 0 frames in his Queue on destruction
[2026-06-23 11:33:34.656] [17260] [HailoRT] [info] [queue_elements.cpp:46] [~BaseQueueElement] Queue element PushQEl1arcface_mobilefacenet/input_layer1 has 0 frames in his Queue on destruction
[2026-06-23 11:33:34.656] [17260] [HailoRT] [info] [async_infer_runner.cpp:86] [shutdown] Pipeline was aborted. Shutting it down
[2026-06-23 11:33:34.657] [17260] [HailoRT] [info] [queue_elements.cpp:570] [execute_deactivate] enqueue() in element PushQEl0AsyncHwEl was aborted, got status = HAILO_SHUTDOWN_EVENT_SIGNALED(57)
[2026-06-23 11:33:34.657] [17260] [HailoRT] [info] [queue_elements.cpp:570] [execute_deactivate] enqueue() in element PushQEl1AsyncHwEl was aborted, got status = HAILO_SHUTDOWN_EVENT_SIGNALED(57)
[2026-06-23 11:33:34.657] [17260] [HailoRT] [info] [queue_elements.cpp:570] [execute_deactivate] enqueue() in element PushQEl2AsyncHwEl was aborted, got status = HAILO_SHUTDOWN_EVENT_SIGNALED(57)
[2026-06-23 11:33:34.657] [17260] [HailoRT] [info] [queue_elements.cpp:570] [execute_deactivate] enqueue() in element PushQEl8AsyncHwEl was aborted, got status = HAILO_SHUTDOWN_EVENT_SIGNALED(57)
[2026-06-23 11:33:34.657] [17260] [HailoRT] [info] [queue_elements.cpp:570] [execute_deactivate] enqueue() in element PushQEl3yolo26_landmark/input_layer1 was aborted, got status = HAILO_SHUTDOWN_EVENT_SIGNALED(57)
[2026-06-23 11:33:34.657] [17260] [HailoRT] [info] [queue_elements.cpp:570] [execute_deactivate] enqueue() in element EntryPushQEl0yolo26_landmark/input_layer1 was aborted, got status = HAILO_SHUTDOWN_EVENT_SIGNALED(57)
[2026-06-23 11:33:34.657] [17260] [HailoRT] [info] [queue_elements.cpp:46] [~BaseQueueElement] Queue element EntryPushQEl0yolo26_landmark/input_layer1 has 0 frames in his Queue on destruction
[2026-06-23 11:33:34.657] [17260] [HailoRT] [info] [queue_elements.cpp:46] [~BaseQueueElement] Queue element PushQEl3yolo26_landmark/input_layer1 has 0 frames in his Queue on destruction
[2026-06-23 11:33:34.657] [17260] [HailoRT] [info] [queue_elements.cpp:46] [~BaseQueueElement] Queue element PushQEl0AsyncHwEl has 0 frames in his Queue on destruction
[2026-06-23 11:33:34.657] [17260] [HailoRT] [info] [queue_elements.cpp:46] [~BaseQueueElement] Queue element PushQEl8AsyncHwEl has 0 frames in his Queue on destruction
[2026-06-23 11:33:34.657] [17260] [HailoRT] [info] [queue_elements.cpp:46] [~BaseQueueElement] Queue element PushQEl2AsyncHwEl has 0 frames in his Queue on destruction
[2026-06-23 11:33:34.657] [17260] [HailoRT] [info] [queue_elements.cpp:46] [~BaseQueueElement] Queue element PushQEl1AsyncHwEl has 0 frames in his Queue on destruction
[2026-06-23 11:38:44.665] [17900] [HailoRT] [info] [hef.cpp:1994] [get_network_group_and_network_name] No name was given. Addressing all networks of default network_group: yolo26_landmark
[2026-06-23 11:38:44.665] [17900] [HailoRT] [info] [hef.cpp:1994] [get_network_group_and_network_name] No name was given. Addressing all networks of default network_group: yolo26_landmark
[2026-06-23 11:39:31.042] [18062] [HailoRT] [info] [vdevice.cpp:535] [create] Creating vdevice with params: device_count: 1, scheduling_algorithm: ROUND_ROBIN, multi_process_service: false
[2026-06-23 11:39:31.055] [18062] [HailoRT] [info] [device.cpp:51] [Device] OS Version: Linux 6.18.33+rpt-rpi-2712 #1 SMP PREEMPT Debian 1:6.18.33-1+rpt1 (2026-06-01) aarch64
[2026-06-23 11:39:31.055] [18062] [HailoRT] [info] [control.cpp:113] [control__parse_identify_results] firmware_version is: 4.23.0
[2026-06-23 11:39:31.055] [18062] [HailoRT] [info] [vdevice.cpp:682] [create] VDevice Infos: 0001:01:00.0
[2026-06-23 11:39:31.062] [18062] [HailoRT] [info] [hef.cpp:1994] [get_network_group_and_network_name] No name was given. Addressing all networks of default network_group: yolo26_landmark
[2026-06-23 11:39:31.062] [18062] [HailoRT] [info] [hef.cpp:1994] [get_network_group_and_network_name] No name was given. Addressing all networks of default network_group: yolo26_landmark
[2026-06-23 11:39:31.073] [18062] [HailoRT] [info] [vdevice.cpp:535] [create] Creating vdevice with params: device_count: 1, scheduling_algorithm: ROUND_ROBIN, multi_process_service: false
[2026-06-23 11:39:31.075] [18062] [HailoRT] [info] [hef.cpp:1994] [get_network_group_and_network_name] No name was given. Addressing all networks of default network_group: arcface_mobilefacenet
[2026-06-23 11:39:31.075] [18062] [HailoRT] [info] [hef.cpp:1994] [get_network_group_and_network_name] No name was given. Addressing all networks of default network_group: arcface_mobilefacenet
[2026-06-23 11:39:31.190] [18062] [HailoRT] [info] [internal_buffer_manager.cpp:75] [print_execution_results] Default Internal buffer planner failed to meet requirements
[2026-06-23 11:39:31.190] [18062] [HailoRT] [info] [internal_buffer_manager.cpp:86] [print_execution_results] Default Internal buffer planner executed successfully
[2026-06-23 11:39:31.196] [18062] [HailoRT] [info] [device_internal.cpp:57] [configure] Configuring HEF took 11.358217 milliseconds
[2026-06-23 11:39:31.197] [18062] [HailoRT] [info] [vdevice.cpp:780] [configure] Configuring HEF on VDevice took 11.611976 milliseconds
[2026-06-23 11:39:31.197] [18062] [HailoRT] [info] [infer_model.cpp:417] [configure] Configuring network group 'arcface_mobilefacenet' with params: batch size: 0, power mode: PERFORMANCE, latency: NONE
[2026-06-23 11:39:31.197] [18062] [HailoRT] [info] [multi_io_elements.cpp:754] [create] Created (AsyncHwEl)
[2026-06-23 11:39:31.197] [18062] [HailoRT] [info] [queue_elements.cpp:450] [create] Created (EntryPushQEl0arcface_mobilefacenet/input_layer1 | timeout: 10s)
[2026-06-23 11:39:31.197] [18062] [HailoRT] [info] [filter_elements.cpp:101] [create] Created (PreInferEl1arcface_mobilefacenet/input_layer1 | Reorder - src_order: RGB4, src_shape: (112, 112, 3), dst_order: NHWC, dst_shape: (112, 112, 3))
[2026-06-23 11:39:31.197] [18062] [HailoRT] [info] [queue_elements.cpp:450] [create] Created (PushQEl1arcface_mobilefacenet/input_layer1 | timeout: 10s)
[2026-06-23 11:39:31.197] [18062] [HailoRT] [info] [edge_elements.cpp:187] [create] Created (LastAsyncEl0AsyncHwEl)
[2026-06-23 11:39:31.197] [18062] [HailoRT] [info] [pipeline.cpp:891] [print_deep_description] EntryPushQEl0arcface_mobilefacenet/input_layer1 | inputs: user | outputs: PreInferEl1arcface_mobilefacenet/input_layer1(running in thread_id: 18082)
[2026-06-23 11:39:31.197] [18062] [HailoRT] [info] [pipeline.cpp:891] [print_deep_description] PreInferEl1arcface_mobilefacenet/input_layer1 | inputs: EntryPushQEl0arcface_mobilefacenet/input_layer1[0] | outputs: PushQEl1arcface_mobilefacenet/input_layer1
[2026-06-23 11:39:31.197] [18062] [HailoRT] [info] [pipeline.cpp:891] [print_deep_description] PushQEl1arcface_mobilefacenet/input_layer1 | inputs: PreInferEl1arcface_mobilefacenet/input_layer1[0] | outputs: AsyncHwEl(running in thread_id: 18083)
[2026-06-23 11:39:31.197] [18062] [HailoRT] [info] [pipeline.cpp:891] [print_deep_description] AsyncHwEl | inputs: PushQEl1arcface_mobilefacenet/input_layer1[0] | outputs: LastAsyncEl0AsyncHwEl
[2026-06-23 11:39:31.197] [18062] [HailoRT] [info] [pipeline.cpp:891] [print_deep_description] LastAsyncEl0AsyncHwEl | inputs: AsyncHwEl[0] | outputs: user
[2026-06-23 11:39:31.201] [18062] [HailoRT] [info] [internal_buffer_manager.cpp:77] [print_execution_results] Planned internal buffer memory: CMA=0 CMA-Desc=655360 Pinned=1436160. memory to edge layer usage factor is 0.84007186
[2026-06-23 11:39:31.201] [18062] [HailoRT] [info] [internal_buffer_manager.cpp:86] [print_execution_results] Default Internal buffer planner executed successfully
[2026-06-23 11:39:31.222] [18062] [HailoRT] [info] [device_internal.cpp:57] [configure] Configuring HEF took 23.641583 milliseconds
[2026-06-23 11:39:31.223] [18062] [HailoRT] [info] [vdevice.cpp:780] [configure] Configuring HEF on VDevice took 23.994157 milliseconds
[2026-06-23 11:39:31.223] [18062] [HailoRT] [info] [infer_model.cpp:417] [configure] Configuring network group 'yolo26_landmark' with params: batch size: 0, power mode: PERFORMANCE, latency: NONE
[2026-06-23 11:39:31.223] [18062] [HailoRT] [info] [multi_io_elements.cpp:754] [create] Created (AsyncHwEl)
[2026-06-23 11:39:31.223] [18062] [HailoRT] [info] [queue_elements.cpp:450] [create] Created (EntryPushQEl0yolo26_landmark/input_layer1 | timeout: 10s)
[2026-06-23 11:39:31.223] [18062] [HailoRT] [info] [filter_elements.cpp:101] [create] Created (PreInferEl3yolo26_landmark/input_layer1 | Reorder - src_order: RGB4, src_shape: (640, 640, 3), dst_order: NHCW, dst_shape: (640, 640, 3))
[2026-06-23 11:39:31.223] [18062] [HailoRT] [info] [queue_elements.cpp:450] [create] Created (PushQEl3yolo26_landmark/input_layer1 | timeout: 10s)
[2026-06-23 11:39:31.223] [18062] [HailoRT] [info] [edge_elements.cpp:187] [create] Created (LastAsyncEl6AsyncHwEl)
[2026-06-23 11:39:31.223] [18062] [HailoRT] [info] [edge_elements.cpp:187] [create] Created (LastAsyncEl4AsyncHwEl)
[2026-06-23 11:39:31.223] [18062] [HailoRT] [info] [edge_elements.cpp:187] [create] Created (LastAsyncEl5AsyncHwEl)
[2026-06-23 11:39:31.223] [18062] [HailoRT] [info] [queue_elements.cpp:450] [create] Created (PushQEl0AsyncHwEl | timeout: 10s)
[2026-06-23 11:39:31.223] [18062] [HailoRT] [info] [filter_elements.cpp:372] [create] Created (PostInferEl0AsyncHwEl | Reorder - src_order: FCR, src_shape: (20, 20, 8), dst_order: FCR, dst_shape: (20, 20, 4))
[2026-06-23 11:39:31.223] [18062] [HailoRT] [info] [edge_elements.cpp:187] [create] Created (LastAsyncEl0PostInferEl0AsyncHwEl)
[2026-06-23 11:39:31.223] [18062] [HailoRT] [info] [edge_elements.cpp:187] [create] Created (LastAsyncEl7AsyncHwEl)
[2026-06-23 11:39:31.223] [18062] [HailoRT] [info] [queue_elements.cpp:450] [create] Created (PushQEl8AsyncHwEl | timeout: 10s)
[2026-06-23 11:39:31.223] [18062] [HailoRT] [info] [filter_elements.cpp:372] [create] Created (PostInferEl8AsyncHwEl | Reorder - src_order: FCR, src_shape: (80, 80, 16), dst_order: FCR, dst_shape: (80, 80, 15))
[2026-06-23 11:39:31.223] [18062] [HailoRT] [info] [edge_elements.cpp:187] [create] Created (LastAsyncEl0PostInferEl8AsyncHwEl)
[2026-06-23 11:39:31.224] [18062] [HailoRT] [info] [edge_elements.cpp:187] [create] Created (LastAsyncEl3AsyncHwEl)
[2026-06-23 11:39:31.224] [18062] [HailoRT] [info] [queue_elements.cpp:450] [create] Created (PushQEl2AsyncHwEl | timeout: 10s)
[2026-06-23 11:39:31.224] [18062] [HailoRT] [info] [filter_elements.cpp:372] [create] Created (PostInferEl2AsyncHwEl | Reorder - src_order: FCR, src_shape: (40, 40, 16), dst_order: FCR, dst_shape: (40, 40, 15))
[2026-06-23 11:39:31.224] [18062] [HailoRT] [info] [edge_elements.cpp:187] [create] Created (LastAsyncEl0PostInferEl2AsyncHwEl)
[2026-06-23 11:39:31.224] [18062] [HailoRT] [info] [queue_elements.cpp:450] [create] Created (PushQEl1AsyncHwEl | timeout: 10s)
[2026-06-23 11:39:31.224] [18062] [HailoRT] [info] [filter_elements.cpp:372] [create] Created (PostInferEl1AsyncHwEl | Reorder - src_order: FCR, src_shape: (20, 20, 16), dst_order: FCR, dst_shape: (20, 20, 15))
[2026-06-23 11:39:31.224] [18062] [HailoRT] [info] [edge_elements.cpp:187] [create] Created (LastAsyncEl0PostInferEl1AsyncHwEl)
[2026-06-23 11:39:31.224] [18062] [HailoRT] [info] [pipeline.cpp:891] [print_deep_description] EntryPushQEl0yolo26_landmark/input_layer1 | inputs: user | outputs: PreInferEl3yolo26_landmark/input_layer1(running in thread_id: 18084)
[2026-06-23 11:39:31.224] [18062] [HailoRT] [info] [pipeline.cpp:891] [print_deep_description] PreInferEl3yolo26_landmark/input_layer1 | inputs: EntryPushQEl0yolo26_landmark/input_layer1[0] | outputs: PushQEl3yolo26_landmark/input_layer1
[2026-06-23 11:39:31.224] [18062] [HailoRT] [info] [pipeline.cpp:891] [print_deep_description] PushQEl3yolo26_landmark/input_layer1 | inputs: PreInferEl3yolo26_landmark/input_layer1[0] | outputs: AsyncHwEl(running in thread_id: 18085)
[2026-06-23 11:39:31.224] [18062] [HailoRT] [info] [pipeline.cpp:891] [print_deep_description] AsyncHwEl | inputs: PushQEl3yolo26_landmark/input_layer1[0] | outputs: PushQEl0AsyncHwEl PushQEl1AsyncHwEl PushQEl2AsyncHwEl LastAsyncEl3AsyncHwEl LastAsyncEl4AsyncHwEl LastAsyncEl5AsyncHwEl LastAsyncEl6AsyncHwEl LastAsyncEl7AsyncHwEl PushQEl8AsyncHwEl
[2026-06-23 11:39:31.224] [18062] [HailoRT] [info] [pipeline.cpp:891] [print_deep_description] PushQEl0AsyncHwEl | inputs: AsyncHwEl[0] | outputs: PostInferEl0AsyncHwEl(running in thread_id: 18086)
[2026-06-23 11:39:31.224] [18062] [HailoRT] [info] [pipeline.cpp:891] [print_deep_description] PostInferEl0AsyncHwEl | inputs: PushQEl0AsyncHwEl[0] | outputs: LastAsyncEl0PostInferEl0AsyncHwEl
[2026-06-23 11:39:31.224] [18062] [HailoRT] [info] [pipeline.cpp:891] [print_deep_description] LastAsyncEl0PostInferEl0AsyncHwEl | inputs: PostInferEl0AsyncHwEl[0] | outputs: user
[2026-06-23 11:39:31.224] [18062] [HailoRT] [info] [pipeline.cpp:891] [print_deep_description] PushQEl1AsyncHwEl | inputs: AsyncHwEl[0] | outputs: PostInferEl1AsyncHwEl(running in thread_id: 18089)
[2026-06-23 11:39:31.224] [18062] [HailoRT] [info] [pipeline.cpp:891] [print_deep_description] PostInferEl1AsyncHwEl | inputs: PushQEl1AsyncHwEl[0] | outputs: LastAsyncEl0PostInferEl1AsyncHwEl
[2026-06-23 11:39:31.224] [18062] [HailoRT] [info] [pipeline.cpp:891] [print_deep_description] LastAsyncEl0PostInferEl1AsyncHwEl | inputs: PostInferEl1AsyncHwEl[0] | outputs: user
[2026-06-23 11:39:31.224] [18062] [HailoRT] [info] [pipeline.cpp:891] [print_deep_description] PushQEl2AsyncHwEl | inputs: AsyncHwEl[0] | outputs: PostInferEl2AsyncHwEl(running in thread_id: 18088)
[2026-06-23 11:39:31.224] [18062] [HailoRT] [info] [pipeline.cpp:891] [print_deep_description] PostInferEl2AsyncHwEl | inputs: PushQEl2AsyncHwEl[0] | outputs: LastAsyncEl0PostInferEl2AsyncHwEl
[2026-06-23 11:39:31.224] [18062] [HailoRT] [info] [pipeline.cpp:891] [print_deep_description] LastAsyncEl0PostInferEl2AsyncHwEl | inputs: PostInferEl2AsyncHwEl[0] | outputs: user
[2026-06-23 11:39:31.224] [18062] [HailoRT] [info] [pipeline.cpp:891] [print_deep_description] LastAsyncEl3AsyncHwEl | inputs: AsyncHwEl[0] | outputs: user
[2026-06-23 11:39:31.224] [18062] [HailoRT] [info] [pipeline.cpp:891] [print_deep_description] LastAsyncEl4AsyncHwEl | inputs: AsyncHwEl[0] | outputs: user
[2026-06-23 11:39:31.224] [18062] [HailoRT] [info] [pipeline.cpp:891] [print_deep_description] LastAsyncEl5AsyncHwEl | inputs: AsyncHwEl[0] | outputs: user
[2026-06-23 11:39:31.224] [18062] [HailoRT] [info] [pipeline.cpp:891] [print_deep_description] LastAsyncEl6AsyncHwEl | inputs: AsyncHwEl[0] | outputs: user
[2026-06-23 11:39:31.224] [18062] [HailoRT] [info] [pipeline.cpp:891] [print_deep_description] LastAsyncEl7AsyncHwEl | inputs: AsyncHwEl[0] | outputs: user
[2026-06-23 11:39:31.224] [18062] [HailoRT] [info] [pipeline.cpp:891] [print_deep_description] PushQEl8AsyncHwEl | inputs: AsyncHwEl[0] | outputs: PostInferEl8AsyncHwEl(running in thread_id: 18087)
[2026-06-23 11:39:31.224] [18062] [HailoRT] [info] [pipeline.cpp:891] [print_deep_description] PostInferEl8AsyncHwEl | inputs: PushQEl8AsyncHwEl[0] | outputs: LastAsyncEl0PostInferEl8AsyncHwEl
[2026-06-23 11:39:31.224] [18062] [HailoRT] [info] [pipeline.cpp:891] [print_deep_description] LastAsyncEl0PostInferEl8AsyncHwEl | inputs: PostInferEl8AsyncHwEl[0] | outputs: user
[2026-06-23 11:39:31.294] [18078] [HailoRT] [info] [hef.cpp:1994] [get_network_group_and_network_name] No name was given. Addressing all networks of default network_group: yolo26_landmark
[2026-06-23 11:39:49.985] [18062] [HailoRT] [info] [async_infer_runner.cpp:86] [shutdown] Pipeline was aborted. Shutting it down
[2026-06-23 11:39:49.986] [18062] [HailoRT] [info] [queue_elements.cpp:570] [execute_deactivate] enqueue() in element PushQEl1arcface_mobilefacenet/input_layer1 was aborted, got status = HAILO_SHUTDOWN_EVENT_SIGNALED(57)
[2026-06-23 11:39:49.986] [18062] [HailoRT] [info] [queue_elements.cpp:570] [execute_deactivate] enqueue() in element EntryPushQEl0arcface_mobilefacenet/input_layer1 was aborted, got status = HAILO_SHUTDOWN_EVENT_SIGNALED(57)
[2026-06-23 11:39:49.986] [18062] [HailoRT] [info] [queue_elements.cpp:46] [~BaseQueueElement] Queue element EntryPushQEl0arcface_mobilefacenet/input_layer1 has 0 frames in his Queue on destruction
[2026-06-23 11:39:49.986] [18062] [HailoRT] [info] [queue_elements.cpp:46] [~BaseQueueElement] Queue element PushQEl1arcface_mobilefacenet/input_layer1 has 0 frames in his Queue on destruction
[2026-06-23 11:39:49.986] [18062] [HailoRT] [info] [async_infer_runner.cpp:86] [shutdown] Pipeline was aborted. Shutting it down
[2026-06-23 11:39:49.987] [18062] [HailoRT] [info] [queue_elements.cpp:570] [execute_deactivate] enqueue() in element PushQEl0AsyncHwEl was aborted, got status = HAILO_SHUTDOWN_EVENT_SIGNALED(57)
[2026-06-23 11:39:49.987] [18062] [HailoRT] [info] [queue_elements.cpp:570] [execute_deactivate] enqueue() in element PushQEl1AsyncHwEl was aborted, got status = HAILO_SHUTDOWN_EVENT_SIGNALED(57)
[2026-06-23 11:39:49.987] [18062] [HailoRT] [info] [queue_elements.cpp:570] [execute_deactivate] enqueue() in element PushQEl2AsyncHwEl was aborted, got status = HAILO_SHUTDOWN_EVENT_SIGNALED(57)
[2026-06-23 11:39:49.987] [18062] [HailoRT] [info] [queue_elements.cpp:570] [execute_deactivate] enqueue() in element PushQEl8AsyncHwEl was aborted, got status = HAILO_SHUTDOWN_EVENT_SIGNALED(57)
[2026-06-23 11:39:49.987] [18062] [HailoRT] [info] [queue_elements.cpp:570] [execute_deactivate] enqueue() in element PushQEl3yolo26_landmark/input_layer1 was aborted, got status = HAILO_SHUTDOWN_EVENT_SIGNALED(57)
[2026-06-23 11:39:49.987] [18062] [HailoRT] [info] [queue_elements.cpp:570] [execute_deactivate] enqueue() in element EntryPushQEl0yolo26_landmark/input_layer1 was aborted, got status = HAILO_SHUTDOWN_EVENT_SIGNALED(57)
[2026-06-23 11:39:49.987] [18062] [HailoRT] [info] [queue_elements.cpp:46] [~BaseQueueElement] Queue element EntryPushQEl0yolo26_landmark/input_layer1 has 0 frames in his Queue on destruction
[2026-06-23 11:39:49.987] [18062] [HailoRT] [info] [queue_elements.cpp:46] [~BaseQueueElement] Queue element PushQEl3yolo26_landmark/input_layer1 has 0 frames in his Queue on destruction
[2026-06-23 11:39:49.987] [18062] [HailoRT] [info] [queue_elements.cpp:46] [~BaseQueueElement] Queue element PushQEl0AsyncHwEl has 0 frames in his Queue on destruction
[2026-06-23 11:39:49.987] [18062] [HailoRT] [info] [queue_elements.cpp:46] [~BaseQueueElement] Queue element PushQEl8AsyncHwEl has 0 frames in his Queue on destruction
[2026-06-23 11:39:49.988] [18062] [HailoRT] [info] [queue_elements.cpp:46] [~BaseQueueElement] Queue element PushQEl2AsyncHwEl has 0 frames in his Queue on destruction
[2026-06-23 11:39:49.988] [18062] [HailoRT] [info] [queue_elements.cpp:46] [~BaseQueueElement] Queue element PushQEl1AsyncHwEl has 0 frames in his Queue on destruction
[2026-06-23 11:43:30.421] [18473] [HailoRT] [info] [vdevice.cpp:535] [create] Creating vdevice with params: device_count: 1, scheduling_algorithm: ROUND_ROBIN, multi_process_service: false
[2026-06-23 11:43:30.433] [18473] [HailoRT] [info] [device.cpp:51] [Device] OS Version: Linux 6.18.33+rpt-rpi-2712 #1 SMP PREEMPT Debian 1:6.18.33-1+rpt1 (2026-06-01) aarch64
[2026-06-23 11:43:30.433] [18473] [HailoRT] [info] [control.cpp:113] [control__parse_identify_results] firmware_version is: 4.23.0
[2026-06-23 11:43:30.433] [18473] [HailoRT] [info] [vdevice.cpp:682] [create] VDevice Infos: 0001:01:00.0
[2026-06-23 11:43:30.439] [18473] [HailoRT] [info] [hef.cpp:1994] [get_network_group_and_network_name] No name was given. Addressing all networks of default network_group: yolo26_landmark
[2026-06-23 11:43:30.439] [18473] [HailoRT] [info] [hef.cpp:1994] [get_network_group_and_network_name] No name was given. Addressing all networks of default network_group: yolo26_landmark
[2026-06-23 11:43:30.449] [18473] [HailoRT] [info] [vdevice.cpp:535] [create] Creating vdevice with params: device_count: 1, scheduling_algorithm: ROUND_ROBIN, multi_process_service: false
[2026-06-23 11:43:30.451] [18473] [HailoRT] [info] [hef.cpp:1994] [get_network_group_and_network_name] No name was given. Addressing all networks of default network_group: arcface_mobilefacenet
[2026-06-23 11:43:30.451] [18473] [HailoRT] [info] [hef.cpp:1994] [get_network_group_and_network_name] No name was given. Addressing all networks of default network_group: arcface_mobilefacenet
[2026-06-23 11:43:30.642] [18490] [HailoRT] [info] [internal_buffer_manager.cpp:77] [print_execution_results] Planned internal buffer memory: CMA=0 CMA-Desc=655360 Pinned=1436160. memory to edge layer usage factor is 0.84007186
[2026-06-23 11:43:30.642] [18490] [HailoRT] [info] [internal_buffer_manager.cpp:86] [print_execution_results] Default Internal buffer planner executed successfully
[2026-06-23 11:43:30.664] [18490] [HailoRT] [info] [device_internal.cpp:57] [configure] Configuring HEF took 28.32299 milliseconds
[2026-06-23 11:43:30.664] [18490] [HailoRT] [info] [vdevice.cpp:780] [configure] Configuring HEF on VDevice took 28.719823 milliseconds
[2026-06-23 11:43:30.664] [18490] [HailoRT] [info] [infer_model.cpp:417] [configure] Configuring network group 'yolo26_landmark' with params: batch size: 0, power mode: PERFORMANCE, latency: NONE
[2026-06-23 11:43:30.664] [18490] [HailoRT] [info] [multi_io_elements.cpp:754] [create] Created (AsyncHwEl)
[2026-06-23 11:43:30.664] [18490] [HailoRT] [info] [queue_elements.cpp:450] [create] Created (EntryPushQEl0yolo26_landmark/input_layer1 | timeout: 10s)
[2026-06-23 11:43:30.664] [18490] [HailoRT] [info] [filter_elements.cpp:101] [create] Created (PreInferEl3yolo26_landmark/input_layer1 | Reorder - src_order: RGB4, src_shape: (640, 640, 3), dst_order: NHCW, dst_shape: (640, 640, 3))
[2026-06-23 11:43:30.664] [18490] [HailoRT] [info] [queue_elements.cpp:450] [create] Created (PushQEl3yolo26_landmark/input_layer1 | timeout: 10s)
[2026-06-23 11:43:30.664] [18490] [HailoRT] [info] [edge_elements.cpp:187] [create] Created (LastAsyncEl6AsyncHwEl)
[2026-06-23 11:43:30.665] [18490] [HailoRT] [info] [edge_elements.cpp:187] [create] Created (LastAsyncEl4AsyncHwEl)
[2026-06-23 11:43:30.665] [18490] [HailoRT] [info] [edge_elements.cpp:187] [create] Created (LastAsyncEl5AsyncHwEl)
[2026-06-23 11:43:30.665] [18490] [HailoRT] [info] [queue_elements.cpp:450] [create] Created (PushQEl0AsyncHwEl | timeout: 10s)
[2026-06-23 11:43:30.665] [18490] [HailoRT] [info] [filter_elements.cpp:372] [create] Created (PostInferEl0AsyncHwEl | Reorder - src_order: FCR, src_shape: (20, 20, 8), dst_order: FCR, dst_shape: (20, 20, 4))
[2026-06-23 11:43:30.665] [18490] [HailoRT] [info] [edge_elements.cpp:187] [create] Created (LastAsyncEl0PostInferEl0AsyncHwEl)
[2026-06-23 11:43:30.665] [18490] [HailoRT] [info] [edge_elements.cpp:187] [create] Created (LastAsyncEl7AsyncHwEl)
[2026-06-23 11:43:30.665] [18490] [HailoRT] [info] [queue_elements.cpp:450] [create] Created (PushQEl8AsyncHwEl | timeout: 10s)
[2026-06-23 11:43:30.665] [18490] [HailoRT] [info] [filter_elements.cpp:372] [create] Created (PostInferEl8AsyncHwEl | Reorder - src_order: FCR, src_shape: (80, 80, 16), dst_order: FCR, dst_shape: (80, 80, 15))
[2026-06-23 11:43:30.665] [18490] [HailoRT] [info] [edge_elements.cpp:187] [create] Created (LastAsyncEl0PostInferEl8AsyncHwEl)
[2026-06-23 11:43:30.665] [18490] [HailoRT] [info] [edge_elements.cpp:187] [create] Created (LastAsyncEl3AsyncHwEl)
[2026-06-23 11:43:30.665] [18490] [HailoRT] [info] [queue_elements.cpp:450] [create] Created (PushQEl2AsyncHwEl | timeout: 10s)
[2026-06-23 11:43:30.665] [18490] [HailoRT] [info] [filter_elements.cpp:372] [create] Created (PostInferEl2AsyncHwEl | Reorder - src_order: FCR, src_shape: (40, 40, 16), dst_order: FCR, dst_shape: (40, 40, 15))
[2026-06-23 11:43:30.665] [18490] [HailoRT] [info] [edge_elements.cpp:187] [create] Created (LastAsyncEl0PostInferEl2AsyncHwEl)
[2026-06-23 11:43:30.665] [18490] [HailoRT] [info] [queue_elements.cpp:450] [create] Created (PushQEl1AsyncHwEl | timeout: 10s)
[2026-06-23 11:43:30.665] [18490] [HailoRT] [info] [filter_elements.cpp:372] [create] Created (PostInferEl1AsyncHwEl | Reorder - src_order: FCR, src_shape: (20, 20, 16), dst_order: FCR, dst_shape: (20, 20, 15))
[2026-06-23 11:43:30.665] [18490] [HailoRT] [info] [edge_elements.cpp:187] [create] Created (LastAsyncEl0PostInferEl1AsyncHwEl)
[2026-06-23 11:43:30.666] [18490] [HailoRT] [info] [pipeline.cpp:891] [print_deep_description] EntryPushQEl0yolo26_landmark/input_layer1 | inputs: user | outputs: PreInferEl3yolo26_landmark/input_layer1(running in thread_id: 18497)
[2026-06-23 11:43:30.666] [18490] [HailoRT] [info] [pipeline.cpp:891] [print_deep_description] PreInferEl3yolo26_landmark/input_layer1 | inputs: EntryPushQEl0yolo26_landmark/input_layer1[0] | outputs: PushQEl3yolo26_landmark/input_layer1
[2026-06-23 11:43:30.666] [18490] [HailoRT] [info] [pipeline.cpp:891] [print_deep_description] PushQEl3yolo26_landmark/input_layer1 | inputs: PreInferEl3yolo26_landmark/input_layer1[0] | outputs: AsyncHwEl(running in thread_id: 18498)
[2026-06-23 11:43:30.666] [18490] [HailoRT] [info] [pipeline.cpp:891] [print_deep_description] AsyncHwEl | inputs: PushQEl3yolo26_landmark/input_layer1[0] | outputs: PushQEl0AsyncHwEl PushQEl1AsyncHwEl PushQEl2AsyncHwEl LastAsyncEl3AsyncHwEl LastAsyncEl4AsyncHwEl LastAsyncEl5AsyncHwEl LastAsyncEl6AsyncHwEl LastAsyncEl7AsyncHwEl PushQEl8AsyncHwEl
[2026-06-23 11:43:30.666] [18490] [HailoRT] [info] [pipeline.cpp:891] [print_deep_description] PushQEl0AsyncHwEl | inputs: AsyncHwEl[0] | outputs: PostInferEl0AsyncHwEl(running in thread_id: 18499)
[2026-06-23 11:43:30.666] [18490] [HailoRT] [info] [pipeline.cpp:891] [print_deep_description] PostInferEl0AsyncHwEl | inputs: PushQEl0AsyncHwEl[0] | outputs: LastAsyncEl0PostInferEl0AsyncHwEl
[2026-06-23 11:43:30.666] [18490] [HailoRT] [info] [pipeline.cpp:891] [print_deep_description] LastAsyncEl0PostInferEl0AsyncHwEl | inputs: PostInferEl0AsyncHwEl[0] | outputs: user
[2026-06-23 11:43:30.666] [18490] [HailoRT] [info] [pipeline.cpp:891] [print_deep_description] PushQEl1AsyncHwEl | inputs: AsyncHwEl[0] | outputs: PostInferEl1AsyncHwEl(running in thread_id: 18502)
[2026-06-23 11:43:30.666] [18490] [HailoRT] [info] [pipeline.cpp:891] [print_deep_description] PostInferEl1AsyncHwEl | inputs: PushQEl1AsyncHwEl[0] | outputs: LastAsyncEl0PostInferEl1AsyncHwEl
[2026-06-23 11:43:30.666] [18490] [HailoRT] [info] [pipeline.cpp:891] [print_deep_description] LastAsyncEl0PostInferEl1AsyncHwEl | inputs: PostInferEl1AsyncHwEl[0] | outputs: user
[2026-06-23 11:43:30.666] [18490] [HailoRT] [info] [pipeline.cpp:891] [print_deep_description] PushQEl2AsyncHwEl | inputs: AsyncHwEl[0] | outputs: PostInferEl2AsyncHwEl(running in thread_id: 18501)
[2026-06-23 11:43:30.666] [18490] [HailoRT] [info] [pipeline.cpp:891] [print_deep_description] PostInferEl2AsyncHwEl | inputs: PushQEl2AsyncHwEl[0] | outputs: LastAsyncEl0PostInferEl2AsyncHwEl
[2026-06-23 11:43:30.666] [18490] [HailoRT] [info] [pipeline.cpp:891] [print_deep_description] LastAsyncEl0PostInferEl2AsyncHwEl | inputs: PostInferEl2AsyncHwEl[0] | outputs: user
[2026-06-23 11:43:30.666] [18490] [HailoRT] [info] [pipeline.cpp:891] [print_deep_description] LastAsyncEl3AsyncHwEl | inputs: AsyncHwEl[0] | outputs: user
[2026-06-23 11:43:30.666] [18490] [HailoRT] [info] [pipeline.cpp:891] [print_deep_description] LastAsyncEl4AsyncHwEl | inputs: AsyncHwEl[0] | outputs: user
[2026-06-23 11:43:30.666] [18490] [HailoRT] [info] [pipeline.cpp:891] [print_deep_description] LastAsyncEl5AsyncHwEl | inputs: AsyncHwEl[0] | outputs: user
[2026-06-23 11:43:30.666] [18490] [HailoRT] [info] [pipeline.cpp:891] [print_deep_description] LastAsyncEl6AsyncHwEl | inputs: AsyncHwEl[0] | outputs: user
[2026-06-23 11:43:30.666] [18490] [HailoRT] [info] [pipeline.cpp:891] [print_deep_description] LastAsyncEl7AsyncHwEl | inputs: AsyncHwEl[0] | outputs: user
[2026-06-23 11:43:30.666] [18490] [HailoRT] [info] [pipeline.cpp:891] [print_deep_description] PushQEl8AsyncHwEl | inputs: AsyncHwEl[0] | outputs: PostInferEl8AsyncHwEl(running in thread_id: 18500)
[2026-06-23 11:43:30.666] [18490] [HailoRT] [info] [pipeline.cpp:891] [print_deep_description] PostInferEl8AsyncHwEl | inputs: PushQEl8AsyncHwEl[0] | outputs: LastAsyncEl0PostInferEl8AsyncHwEl
[2026-06-23 11:43:30.666] [18490] [HailoRT] [info] [pipeline.cpp:891] [print_deep_description] LastAsyncEl0PostInferEl8AsyncHwEl | inputs: PostInferEl8AsyncHwEl[0] | outputs: user
[2026-06-23 11:43:30.676] [18490] [HailoRT] [info] [hef.cpp:1994] [get_network_group_and_network_name] No name was given. Addressing all networks of default network_group: yolo26_landmark
[2026-06-23 11:43:30.713] [18504] [HailoRT] [info] [internal_buffer_manager.cpp:75] [print_execution_results] Default Internal buffer planner failed to meet requirements
[2026-06-23 11:43:30.713] [18504] [HailoRT] [info] [internal_buffer_manager.cpp:86] [print_execution_results] Default Internal buffer planner executed successfully
[2026-06-23 11:43:30.732] [18504] [HailoRT] [info] [device_internal.cpp:57] [configure] Configuring HEF took 27.734287 milliseconds
[2026-06-23 11:43:30.733] [18504] [HailoRT] [info] [vdevice.cpp:780] [configure] Configuring HEF on VDevice took 28.055749 milliseconds
[2026-06-23 11:43:30.733] [18504] [HailoRT] [info] [infer_model.cpp:417] [configure] Configuring network group 'arcface_mobilefacenet' with params: batch size: 0, power mode: PERFORMANCE, latency: NONE
[2026-06-23 11:43:30.733] [18504] [HailoRT] [info] [multi_io_elements.cpp:754] [create] Created (AsyncHwEl)
[2026-06-23 11:43:30.734] [18504] [HailoRT] [info] [queue_elements.cpp:450] [create] Created (EntryPushQEl0arcface_mobilefacenet/input_layer1 | timeout: 10s)
[2026-06-23 11:43:30.734] [18504] [HailoRT] [info] [filter_elements.cpp:101] [create] Created (PreInferEl1arcface_mobilefacenet/input_layer1 | Reorder - src_order: RGB4, src_shape: (112, 112, 3), dst_order: NHWC, dst_shape: (112, 112, 3))
[2026-06-23 11:43:30.736] [18504] [HailoRT] [info] [queue_elements.cpp:450] [create] Created (PushQEl1arcface_mobilefacenet/input_layer1 | timeout: 10s)
[2026-06-23 11:43:30.736] [18504] [HailoRT] [info] [edge_elements.cpp:187] [create] Created (LastAsyncEl0AsyncHwEl)
[2026-06-23 11:43:30.736] [18504] [HailoRT] [info] [pipeline.cpp:891] [print_deep_description] EntryPushQEl0arcface_mobilefacenet/input_layer1 | inputs: user | outputs: PreInferEl1arcface_mobilefacenet/input_layer1(running in thread_id: 18505)
[2026-06-23 11:43:30.736] [18504] [HailoRT] [info] [pipeline.cpp:891] [print_deep_description] PreInferEl1arcface_mobilefacenet/input_layer1 | inputs: EntryPushQEl0arcface_mobilefacenet/input_layer1[0] | outputs: PushQEl1arcface_mobilefacenet/input_layer1
[2026-06-23 11:43:30.736] [18504] [HailoRT] [info] [pipeline.cpp:891] [print_deep_description] PushQEl1arcface_mobilefacenet/input_layer1 | inputs: PreInferEl1arcface_mobilefacenet/input_layer1[0] | outputs: AsyncHwEl(running in thread_id: 18506)
[2026-06-23 11:43:30.736] [18504] [HailoRT] [info] [pipeline.cpp:891] [print_deep_description] AsyncHwEl | inputs: PushQEl1arcface_mobilefacenet/input_layer1[0] | [2026-06-23 11:44:48.724] [18635] [HailoRT] [info] [hef.cpp:1994] [get_network_group_and_network_name] No name was given. Addressing all networks of default network_group: arcface_mobilefacenet
[2026-06-23 11:44:48.724] [18635] [HailoRT] [info] [hef.cpp:1994] [get_network_group_and_network_name] No name was given. Addressing all networks of default network_group: arcface_mobilefacenet
[2026-06-23 11:48:57.883] [19185] [HailoRT] [info] [vdevice.cpp:535] [create] Creating vdevice with params: device_count: 1, scheduling_algorithm: ROUND_ROBIN, multi_process_service: false
[2026-06-23 11:48:57.896] [19185] [HailoRT] [info] [device.cpp:51] [Device] OS Version: Linux 6.18.33+rpt-rpi-2712 #1 SMP PREEMPT Debian 1:6.18.33-1+rpt1 (2026-06-01) aarch64
[2026-06-23 11:48:57.896] [19185] [HailoRT] [info] [control.cpp:113] [control__parse_identify_results] firmware_version is: 4.23.0
[2026-06-23 11:48:57.896] [19185] [HailoRT] [info] [vdevice.cpp:682] [create] VDevice Infos: 0001:01:00.0
[2026-06-23 11:48:57.903] [19185] [HailoRT] [info] [hef.cpp:1994] [get_network_group_and_network_name] No name was given. Addressing all networks of default network_group: yolo26_landmark
[2026-06-23 11:48:57.903] [19185] [HailoRT] [info] [hef.cpp:1994] [get_network_group_and_network_name] No name was given. Addressing all networks of default network_group: yolo26_landmark
[2026-06-23 11:48:57.914] [19185] [HailoRT] [info] [vdevice.cpp:535] [create] Creating vdevice with params: device_count: 1, scheduling_algorithm: ROUND_ROBIN, multi_process_service: false
[2026-06-23 11:48:57.917] [19185] [HailoRT] [info] [hef.cpp:1994] [get_network_group_and_network_name] No name was given. Addressing all networks of default network_group: arcface_mobilefacenet
[2026-06-23 11:48:57.917] [19185] [HailoRT] [info] [hef.cpp:1994] [get_network_group_and_network_name] No name was given. Addressing all networks of default network_group: arcface_mobilefacenet
[2026-06-23 11:48:58.231] [19220] [HailoRT] [info] [internal_buffer_manager.cpp:77] [print_execution_results] Planned internal buffer memory: CMA=0 CMA-Desc=655360 Pinned=1436160. memory to edge layer usage factor is 0.84007186
[2026-06-23 11:48:58.231] [19220] [HailoRT] [info] [internal_buffer_manager.cpp:86] [print_execution_results] Default Internal buffer planner executed successfully
[2026-06-23 11:48:58.254] [19220] [HailoRT] [info] [device_internal.cpp:57] [configure] Configuring HEF took 30.456434 milliseconds
[2026-06-23 11:48:58.254] [19220] [HailoRT] [info] [vdevice.cpp:780] [configure] Configuring HEF on VDevice took 30.869804 milliseconds
[2026-06-23 11:48:58.254] [19220] [HailoRT] [info] [infer_model.cpp:417] [configure] Configuring network group 'yolo26_landmark' with params: batch size: 0, power mode: PERFORMANCE, latency: NONE
[2026-06-23 11:48:58.254] [19220] [HailoRT] [info] [multi_io_elements.cpp:754] [create] Created (AsyncHwEl)
[2026-06-23 11:48:58.254] [19220] [HailoRT] [info] [queue_elements.cpp:450] [create] Created (EntryPushQEl0yolo26_landmark/input_layer1 | timeout: 10s)
[2026-06-23 11:48:58.254] [19220] [HailoRT] [info] [filter_elements.cpp:101] [create] Created (PreInferEl3yolo26_landmark/input_layer1 | Reorder - src_order: RGB4, src_shape: (640, 640, 3), dst_order: NHCW, dst_shape: (640, 640, 3))
[2026-06-23 11:48:58.254] [19220] [HailoRT] [info] [queue_elements.cpp:450] [create] Created (PushQEl3yolo26_landmark/input_layer1 | timeout: 10s)
[2026-06-23 11:48:58.254] [19220] [HailoRT] [info] [edge_elements.cpp:187] [create] Created (LastAsyncEl6AsyncHwEl)
[2026-06-23 11:48:58.254] [19220] [HailoRT] [info] [edge_elements.cpp:187] [create] Created (LastAsyncEl4AsyncHwEl)
[2026-06-23 11:48:58.254] [19220] [HailoRT] [info] [edge_elements.cpp:187] [create] Created (LastAsyncEl5AsyncHwEl)
[2026-06-23 11:48:58.255] [19220] [HailoRT] [info] [queue_elements.cpp:450] [create] Created (PushQEl0AsyncHwEl | timeout: 10s)
[2026-06-23 11:48:58.255] [19220] [HailoRT] [info] [filter_elements.cpp:372] [create] Created (PostInferEl0AsyncHwEl | Reorder - src_order: FCR, src_shape: (20, 20, 8), dst_order: FCR, dst_shape: (20, 20, 4))
[2026-06-23 11:48:58.255] [19220] [HailoRT] [info] [edge_elements.cpp:187] [create] Created (LastAsyncEl0PostInferEl0AsyncHwEl)
[2026-06-23 11:48:58.255] [19220] [HailoRT] [info] [edge_elements.cpp:187] [create] Created (LastAsyncEl7AsyncHwEl)
[2026-06-23 11:48:58.255] [19220] [HailoRT] [info] [queue_elements.cpp:450] [create] Created (PushQEl8AsyncHwEl | timeout: 10s)
[2026-06-23 11:48:58.255] [19220] [HailoRT] [info] [filter_elements.cpp:372] [create] Created (PostInferEl8AsyncHwEl | Reorder - src_order: FCR, src_shape: (80, 80, 16), dst_order: FCR, dst_shape: (80, 80, 15))
[2026-06-23 11:48:58.255] [19220] [HailoRT] [info] [edge_elements.cpp:187] [create] Created (LastAsyncEl0PostInferEl8AsyncHwEl)
[2026-06-23 11:48:58.255] [19220] [HailoRT] [info] [edge_elements.cpp:187] [create] Created (LastAsyncEl3AsyncHwEl)
[2026-06-23 11:48:58.256] [19220] [HailoRT] [info] [queue_elements.cpp:450] [create] Created (PushQEl2AsyncHwEl | timeout: 10s)
[2026-06-23 11:48:58.256] [19220] [HailoRT] [info] [filter_elements.cpp:372] [create] Created (PostInferEl2AsyncHwEl | Reorder - src_order: FCR, src_shape: (40, 40, 16), dst_order: FCR, dst_shape: (40, 40, 15))
[2026-06-23 11:48:58.256] [19220] [HailoRT] [info] [edge_elements.cpp:187] [create] Created (LastAsyncEl0PostInferEl2AsyncHwEl)
[2026-06-23 11:48:58.256] [19220] [HailoRT] [info] [queue_elements.cpp:450] [create] Created (PushQEl1AsyncHwEl | timeout: 10s)
[2026-06-23 11:48:58.256] [19220] [HailoRT] [info] [filter_elements.cpp:372] [create] Created (PostInferEl1AsyncHwEl | Reorder - src_order: FCR, src_shape: (20, 20, 16), dst_order: FCR, dst_shape: (20, 20, 15))
[2026-06-23 11:48:58.256] [19220] [HailoRT] [info] [edge_elements.cpp:187] [create] Created (LastAsyncEl0PostInferEl1AsyncHwEl)
[2026-06-23 11:48:58.256] [19220] [HailoRT] [info] [pipeline.cpp:891] [print_deep_description] EntryPushQEl0yolo26_landmark/input_layer1 | inputs: user | outputs: PreInferEl3yolo26_landmark/input_layer1(running in thread_id: 19228)
[2026-06-23 11:48:58.256] [19220] [HailoRT] [info] [pipeline.cpp:891] [print_deep_description] PreInferEl3yolo26_landmark/input_layer1 | inputs: EntryPushQEl0yolo26_landmark/input_layer1[0] | outputs: PushQEl3yolo26_landmark/input_layer1
[2026-06-23 11:48:58.256] [19220] [HailoRT] [info] [pipeline.cpp:891] [print_deep_description] PushQEl3yolo26_landmark/input_layer1 | inputs: PreInferEl3yolo26_landmark/input_layer1[0] | outputs: AsyncHwEl(running in thread_id: 19229)
[2026-06-23 11:48:58.256] [19220] [HailoRT] [info] [pipeline.cpp:891] [print_deep_description] AsyncHwEl | inputs: PushQEl3yolo26_landmark/input_layer1[0] | outputs: PushQEl0AsyncHwEl PushQEl1AsyncHwEl PushQEl2AsyncHwEl LastAsyncEl3AsyncHwEl LastAsyncEl4AsyncHwEl LastAsyncEl5AsyncHwEl LastAsyncEl6AsyncHwEl LastAsyncEl7AsyncHwEl PushQEl8AsyncHwEl
[2026-06-23 11:48:58.256] [19220] [HailoRT] [info] [pipeline.cpp:891] [print_deep_description] PushQEl0AsyncHwEl | inputs: AsyncHwEl[0] | outputs: PostInferEl0AsyncHwEl(running in thread_id: 19230)
[2026-06-23 11:48:58.256] [19220] [HailoRT] [info] [pipeline.cpp:891] [print_deep_description] PostInferEl0AsyncHwEl | inputs: PushQEl0AsyncHwEl[0] | outputs: LastAsyncEl0PostInferEl0AsyncHwEl
[2026-06-23 11:48:58.256] [19220] [HailoRT] [info] [pipeline.cpp:891] [print_deep_description] LastAsyncEl0PostInferEl0AsyncHwEl | inputs: PostInferEl0AsyncHwEl[0] | outputs: user
[2026-06-23 11:48:58.256] [19220] [HailoRT] [info] [pipeline.cpp:891] [print_deep_description] PushQEl1AsyncHwEl | inputs: AsyncHwEl[0] | outputs: PostInferEl1AsyncHwEl(running in thread_id: 19233)
[2026-06-23 11:48:58.256] [19220] [HailoRT] [info] [pipeline.cpp:891] [print_deep_description] PostInferEl1AsyncHwEl | inputs: PushQEl1AsyncHwEl[0] | outputs: LastAsyncEl0PostInferEl1AsyncHwEl
[2026-06-23 11:48:58.256] [19220] [HailoRT] [info] [pipeline.cpp:891] [print_deep_description] LastAsyncEl0PostInferEl1AsyncHwEl | inputs: PostInferEl1AsyncHwEl[0] | outputs: user
[2026-06-23 11:48:58.256] [19220] [HailoRT] [info] [pipeline.cpp:891] [print_deep_description] PushQEl2AsyncHwEl | inputs: AsyncHwEl[0] | outputs: PostInferEl2AsyncHwEl(running in thread_id: 19232)
[2026-06-23 11:48:58.256] [19220] [HailoRT] [info] [pipeline.cpp:891] [print_deep_description] PostInferEl2AsyncHwEl | inputs: PushQEl2AsyncHwEl[0] | outputs: LastAsyncEl0PostInferEl2AsyncHwEl
[2026-06-23 11:48:58.256] [19220] [HailoRT] [info] [pipeline.cpp:891] [print_deep_description] LastAsyncEl0PostInferEl2AsyncHwEl | inputs: PostInferEl2AsyncHwEl[0] | outputs: user
[2026-06-23 11:48:58.256] [19220] [HailoRT] [info] [pipeline.cpp:891] [print_deep_description] LastAsyncEl3AsyncHwEl | inputs: AsyncHwEl[0] | outputs: user
[2026-06-23 11:48:58.256] [19220] [HailoRT] [info] [pipeline.cpp:891] [print_deep_description] LastAsyncEl4AsyncHwEl | inputs: AsyncHwEl[0] | outputs: user
[2026-06-23 11:48:58.256] [19220] [HailoRT] [info] [pipeline.cpp:891] [print_deep_description] LastAsyncEl5AsyncHwEl | inputs: AsyncHwEl[0] | outputs: user
[2026-06-23 11:48:58.256] [19220] [HailoRT] [info] [pipeline.cpp:891] [print_deep_description] LastAsyncEl6AsyncHwEl | inputs: AsyncHwEl[0] | outputs: user
[2026-06-23 11:48:58.256] [19220] [HailoRT] [info] [pipeline.cpp:891] [print_deep_description] LastAsyncEl7AsyncHwEl | inputs: AsyncHwEl[0] | outputs: user
[2026-06-23 11:48:58.256] [19220] [HailoRT] [info] [pipeline.cpp:891] [print_deep_description] PushQEl8AsyncHwEl | inputs: AsyncHwEl[0] | outputs: PostInferEl8AsyncHwEl(running in thread_id: 19231)
[2026-06-23 11:48:58.256] [19220] [HailoRT] [info] [pipeline.cpp:891] [print_deep_description] PostInferEl8AsyncHwEl | inputs: PushQEl8AsyncHwEl[0] | outputs: LastAsyncEl0PostInferEl8AsyncHwEl
[2026-06-23 11:48:58.256] [19220] [HailoRT] [info] [pipeline.cpp:891] [print_deep_description] LastAsyncEl0PostInferEl8AsyncHwEl | inputs: PostInferEl8AsyncHwEl[0] | outputs: user
[2026-06-23 11:48:58.287] [19220] [HailoRT] [info] [hef.cpp:1994] [get_network_group_and_network_name] No name was given. Addressing all networks of default network_group: yolo26_landmark
[2026-06-23 11:48:58.334] [19235] [HailoRT] [info] [internal_buffer_manager.cpp:75] [print_execution_results] Default Internal buffer planner failed to meet requirements
[2026-06-23 11:48:58.334] [19235] [HailoRT] [info] [internal_buffer_manager.cpp:86] [print_execution_results] Default Internal buffer planner executed successfully
[2026-06-23 11:48:58.361] [19235] [HailoRT] [info] [device_internal.cpp:57] [configure] Configuring HEF took 39.235116 milliseconds
[2026-06-23 11:48:58.361] [19235] [HailoRT] [info] [vdevice.cpp:780] [configure] Configuring HEF on VDevice took 39.600616 milliseconds
[2026-06-23 11:48:58.361] [19235] [HailoRT] [info] [infer_model.cpp:417] [configure] Configuring network group 'arcface_mobilefacenet' with params: batch size: 0, power mode: PERFORMANCE, latency: NONE
[2026-06-23 11:48:58.361] [19235] [HailoRT] [info] [multi_io_elements.cpp:754] [create] Created (AsyncHwEl)
[2026-06-23 11:48:58.362] [19235] [HailoRT] [info] [queue_elements.cpp:450] [create] Created (EntryPushQEl0arcface_mobilefacenet/input_layer1 | timeout: 10s)
[2026-06-23 11:48:58.362] [19235] [HailoRT] [info] [filter_elements.cpp:101] [create] Created (PreInferEl1arcface_mobilefacenet/input_layer1 | Reorder - src_order: RGB4, src_shape: (112, 112, 3), dst_order: NHWC, dst_shape: (112, 112, 3))
[2026-06-23 11:48:58.362] [19235] [HailoRT] [info] [queue_elements.cpp:450] [create] Created (PushQEl1arcface_mobilefacenet/input_layer1 | timeout: 10s)
[2026-06-23 11:48:58.362] [19235] [HailoRT] [info] [edge_elements.cpp:187] [create] Created (LastAsyncEl0AsyncHwEl)
[2026-06-23 11:48:58.362] [19235] [HailoRT] [info] [pipeline.cpp:891] [print_deep_description] EntryPushQEl0arcface_mobilefacenet/input_layer1 | inputs: user | outputs: PreInferEl1arcface_mobilefacenet/input_layer1(running in thread_id: 19236)
[2026-06-23 11:48:58.362] [19235] [HailoRT] [info] [pipeline.cpp:891] [print_deep_description] PreInferEl1arcface_mobilefacenet/input_layer1 | inputs: EntryPushQEl0arcface_mobilefacenet/input_layer1[0] | outputs: PushQEl1arcface_mobilefacenet/input_layer1
[2026-06-23 11:48:58.362] [19235] [HailoRT] [info] [pipeline.cpp:891] [print_deep_description] PushQEl1arcface_mobilefacenet/input_layer1 | inputs: PreInferEl1arcface_mobilefacenet/input_layer1[0] | outputs: AsyncHwEl(running in thread_id: 19237)
[2026-06-23 11:48:58.362] [19235] [HailoRT] [info] [pipeline.cpp:891] [print_deep_description] AsyncHwEl | inputs: PushQEl1arcface_mobilefacenet/input_layer1[0] | outputs: LastAsyncEl0AsyncHwEl
[2026-06-23 11:48:58.363] [19235] [HailoRT] [info] [pipeline.cpp:891] [print_deep_description] LastAsyncEl0AsyncHwEl | inputs: AsyncHwEl[0] | outputs: user
[2026-06-23 11:48:58.421] [19216] [HailoRT] [info] [hef.cpp:1994] [get_network_group_and_network_name] No name was given. Addressing all networks of default network_group: arcface_mobilefacenet
[2026-06-23 11:52:32.688] [19683] [HailoRT] [info] [vdevice.cpp:535] [create] Creating vdevice with params: device_count: 1, scheduling_algorithm: ROUND_ROBIN, multi_process_service: false
[2026-06-23 11:52:32.700] [19683] [HailoRT] [info] [device.cpp:51] [Device] OS Version: Linux 6.18.33+rpt-rpi-2712 #1 SMP PREEMPT Debian 1:6.18.33-1+rpt1 (2026-06-01) aarch64
[2026-06-23 11:52:32.700] [19683] [HailoRT] [info] [control.cpp:113] [control__parse_identify_results] firmware_version is: 4.23.0
[2026-06-23 11:52:32.701] [19683] [HailoRT] [info] [vdevice.cpp:682] [create] VDevice Infos: 0001:01:00.0
[2026-06-23 11:52:32.722] [19683] [HailoRT] [info] [hef.cpp:1994] [get_network_group_and_network_name] No name was given. Addressing all networks of default network_group: yolo26_landmark
[2026-06-23 11:52:32.722] [19683] [HailoRT] [info] [hef.cpp:1994] [get_network_group_and_network_name] No name was given. Addressing all networks of default network_group: yolo26_landmark
[2026-06-23 11:52:32.733] [19683] [HailoRT] [info] [vdevice.cpp:535] [create] Creating vdevice with params: device_count: 1, scheduling_algorithm: ROUND_ROBIN, multi_process_service: false
[2026-06-23 11:52:32.735] [19683] [HailoRT] [info] [hef.cpp:1994] [get_network_group_and_network_name] No name was given. Addressing all networks of default network_group: arcface_mobilefacenet
[2026-06-23 11:52:32.735] [19683] [HailoRT] [info] [hef.cpp:1994] [get_network_group_and_network_name] No name was given. Addressing all networks of default network_group: arcface_mobilefacenet
[2026-06-23 11:52:32.937] [19705] [HailoRT] [info] [internal_buffer_manager.cpp:77] [print_execution_results] Planned internal buffer memory: CMA=0 CMA-Desc=655360 Pinned=1436160. memory to edge layer usage factor is 0.84007186
[2026-06-23 11:52:32.937] [19705] [HailoRT] [info] [internal_buffer_manager.cpp:86] [print_execution_results] Default Internal buffer planner executed successfully
[2026-06-23 11:52:32.963] [19705] [HailoRT] [info] [device_internal.cpp:57] [configure] Configuring HEF took 32.510668 milliseconds
[2026-06-23 11:52:32.963] [19705] [HailoRT] [info] [vdevice.cpp:780] [configure] Configuring HEF on VDevice took 32.932018 milliseconds
[2026-06-23 11:52:32.963] [19705] [HailoRT] [info] [infer_model.cpp:417] [configure] Configuring network group 'yolo26_landmark' with params: batch size: 0, power mode: PERFORMANCE, latency: NONE
[2026-06-23 11:52:32.963] [19705] [HailoRT] [info] [multi_io_elements.cpp:754] [create] Created (AsyncHwEl)
[2026-06-23 11:52:32.964] [19705] [HailoRT] [info] [queue_elements.cpp:450] [create] Created (EntryPushQEl0yolo26_landmark/input_layer1 | timeout: 10s)
[2026-06-23 11:52:32.964] [19705] [HailoRT] [info] [filter_elements.cpp:101] [create] Created (PreInferEl3yolo26_landmark/input_layer1 | Reorder - src_order: RGB4, src_shape: (640, 640, 3), dst_order: NHCW, dst_shape: (640, 640, 3))
[2026-06-23 11:52:32.964] [19705] [HailoRT] [info] [queue_elements.cpp:450] [create] Created (PushQEl3yolo26_landmark/input_layer1 | timeout: 10s)
[2026-06-23 11:52:32.964] [19705] [HailoRT] [info] [edge_elements.cpp:187] [create] Created (LastAsyncEl6AsyncHwEl)
[2026-06-23 11:52:32.964] [19705] [HailoRT] [info] [edge_elements.cpp:187] [create] Created (LastAsyncEl4AsyncHwEl)
[2026-06-23 11:52:32.964] [19705] [HailoRT] [info] [edge_elements.cpp:187] [create] Created (LastAsyncEl5AsyncHwEl)
[2026-06-23 11:52:32.964] [19705] [HailoRT] [info] [queue_elements.cpp:450] [create] Created (PushQEl0AsyncHwEl | timeout: 10s)
[2026-06-23 11:52:32.964] [19705] [HailoRT] [info] [filter_elements.cpp:372] [create] Created (PostInferEl0AsyncHwEl | Reorder - src_order: FCR, src_shape: (20, 20, 8), dst_order: FCR, dst_shape: (20, 20, 4))
[2026-06-23 11:52:32.964] [19705] [HailoRT] [info] [edge_elements.cpp:187] [create] Created (LastAsyncEl0PostInferEl0AsyncHwEl)
[2026-06-23 11:52:32.964] [19705] [HailoRT] [info] [edge_elements.cpp:187] [create] Created (LastAsyncEl7AsyncHwEl)
[2026-06-23 11:52:32.964] [19705] [HailoRT] [info] [queue_elements.cpp:450] [create] Created (PushQEl8AsyncHwEl | timeout: 10s)
[2026-06-23 11:52:32.964] [19705] [HailoRT] [info] [filter_elements.cpp:372] [create] Created (PostInferEl8AsyncHwEl | Reorder - src_order: FCR, src_shape: (80, 80, 16), dst_order: FCR, dst_shape: (80, 80, 15))
[2026-06-23 11:52:32.964] [19705] [HailoRT] [info] [edge_elements.cpp:187] [create] Created (LastAsyncEl0PostInferEl8AsyncHwEl)
[2026-06-23 11:52:32.964] [19705] [HailoRT] [info] [edge_elements.cpp:187] [create] Created (LastAsyncEl3AsyncHwEl)
[2026-06-23 11:52:32.965] [19705] [HailoRT] [info] [queue_elements.cpp:450] [create] Created (PushQEl2AsyncHwEl | timeout: 10s)
[2026-06-23 11:52:32.965] [19705] [HailoRT] [info] [filter_elements.cpp:372] [create] Created (PostInferEl2AsyncHwEl | Reorder - src_order: FCR, src_shape: (40, 40, 16), dst_order: FCR, dst_shape: (40, 40, 15))
[2026-06-23 11:52:32.965] [19705] [HailoRT] [info] [edge_elements.cpp:187] [create] Created (LastAsyncEl0PostInferEl2AsyncHwEl)
[2026-06-23 11:52:32.965] [19705] [HailoRT] [info] [queue_elements.cpp:450] [create] Created (PushQEl1AsyncHwEl | timeout: 10s)
[2026-06-23 11:52:32.965] [19705] [HailoRT] [info] [filter_elements.cpp:372] [create] Created (PostInferEl1AsyncHwEl | Reorder - src_order: FCR, src_shape: (20, 20, 16), dst_order: FCR, dst_shape: (20, 20, 15))
[2026-06-23 11:52:32.965] [19705] [HailoRT] [info] [edge_elements.cpp:187] [create] Created (LastAsyncEl0PostInferEl1AsyncHwEl)
[2026-06-23 11:52:32.965] [19705] [HailoRT] [info] [pipeline.cpp:891] [print_deep_description] EntryPushQEl0yolo26_landmark/input_layer1 | inputs: user | outputs: PreInferEl3yolo26_landmark/input_layer1(running in thread_id: 19712)
[2026-06-23 11:52:32.965] [19705] [HailoRT] [info] [pipeline.cpp:891] [print_deep_description] PreInferEl3yolo26_landmark/input_layer1 | inputs: EntryPushQEl0yolo26_landmark/input_layer1[0] | outputs: PushQEl3yolo26_landmark/input_layer1
[2026-06-23 11:52:32.965] [19705] [HailoRT] [info] [pipeline.cpp:891] [print_deep_description] PushQEl3yolo26_landmark/input_layer1 | inputs: PreInferEl3yolo26_landmark/input_layer1[0] | outputs: AsyncHwEl(running in thread_id: 19713)
[2026-06-23 11:52:32.965] [19705] [HailoRT] [info] [pipeline.cpp:891] [print_deep_description] AsyncHwEl | inputs: PushQEl3yolo26_landmark/input_layer1[0] | outputs: PushQEl0AsyncHwEl PushQEl1AsyncHwEl PushQEl2AsyncHwEl LastAsyncEl3AsyncHwEl LastAsyncEl4AsyncHwEl LastAsyncEl5AsyncHwEl LastAsyncEl6AsyncHwEl LastAsyncEl7AsyncHwEl PushQEl8AsyncHwEl
[2026-06-23 11:52:32.965] [19705] [HailoRT] [info] [pipeline.cpp:891] [print_deep_description] PushQEl0AsyncHwEl | inputs: AsyncHwEl[0] | outputs: PostInferEl0AsyncHwEl(running in thread_id: 19714)
[2026-06-23 11:52:32.965] [19705] [HailoRT] [info] [pipeline.cpp:891] [print_deep_description] PostInferEl0AsyncHwEl | inputs: PushQEl0AsyncHwEl[0] | outputs: LastAsyncEl0PostInferEl0AsyncHwEl
[2026-06-23 11:52:32.965] [19705] [HailoRT] [info] [pipeline.cpp:891] [print_deep_description] LastAsyncEl0PostInferEl0AsyncHwEl | inputs: PostInferEl0AsyncHwEl[0] | outputs: user
[2026-06-23 11:52:32.965] [19705] [HailoRT] [info] [pipeline.cpp:891] [print_deep_description] PushQEl1AsyncHwEl | inputs: AsyncHwEl[0] | outputs: PostInferEl1AsyncHwEl(running in thread_id: 19717)
[2026-06-23 11:52:32.965] [19705] [HailoRT] [info] [pipeline.cpp:891] [print_deep_description] PostInferEl1AsyncHwEl | inputs: PushQEl1AsyncHwEl[0] | outputs: LastAsyncEl0PostInferEl1AsyncHwEl
[2026-06-23 11:52:32.965] [19705] [HailoRT] [info] [pipeline.cpp:891] [print_deep_description] LastAsyncEl0PostInferEl1AsyncHwEl | inputs: PostInferEl1AsyncHwEl[0] | outputs: user
[2026-06-23 11:52:32.965] [19705] [HailoRT] [info] [pipeline.cpp:891] [print_deep_description] PushQEl2AsyncHwEl | inputs: AsyncHwEl[0] | outputs: PostInferEl2AsyncHwEl(running in thread_id: 19716)
[2026-06-23 11:52:32.965] [19705] [HailoRT] [info] [pipeline.cpp:891] [print_deep_description] PostInferEl2AsyncHwEl | inputs: PushQEl2AsyncHwEl[0] | outputs: LastAsyncEl0PostInferEl2AsyncHwEl
[2026-06-23 11:52:32.965] [19705] [HailoRT] [info] [pipeline.cpp:891] [print_deep_description] LastAsyncEl0PostInferEl2AsyncHwEl | inputs: PostInferEl2AsyncHwEl[0] | outputs: user
[2026-06-23 11:52:32.965] [19705] [HailoRT] [info] [pipeline.cpp:891] [print_deep_description] LastAsyncEl3AsyncHwEl | inputs: AsyncHwEl[0] | outputs: user
[2026-06-23 11:52:32.965] [19705] [HailoRT] [info] [pipeline.cpp:891] [print_deep_description] LastAsyncEl4AsyncHwEl | inputs: AsyncHwEl[0] | outputs: user
[2026-06-23 11:52:32.965] [19705] [HailoRT] [info] [pipeline.cpp:891] [print_deep_description] LastAsyncEl5AsyncHwEl | inputs: AsyncHwEl[0] | outputs: user
[2026-06-23 11:52:32.965] [19705] [HailoRT] [info] [pipeline.cpp:891] [print_deep_description] LastAsyncEl6AsyncHwEl | inputs: AsyncHwEl[0] | outputs: user
[2026-06-23 11:52:32.965] [19705] [HailoRT] [info] [pipeline.cpp:891] [print_deep_description] LastAsyncEl7AsyncHwEl | inputs: AsyncHwEl[0] | outputs: user
[2026-06-23 11:52:32.965] [19705] [HailoRT] [info] [pipeline.cpp:891] [print_deep_description] PushQEl8AsyncHwEl | inputs: AsyncHwEl[0] | outputs: PostInferEl8AsyncHwEl(running in thread_id: 19715)
[2026-06-23 11:52:32.965] [19705] [HailoRT] [info] [pipeline.cpp:891] [print_deep_description] PostInferEl8AsyncHwEl | inputs: PushQEl8AsyncHwEl[0] | outputs: LastAsyncEl0PostInferEl8AsyncHwEl
[2026-06-23 11:52:32.965] [19705] [HailoRT] [info] [pipeline.cpp:891] [print_deep_description] LastAsyncEl0PostInferEl8AsyncHwEl | inputs: PostInferEl8AsyncHwEl[0] | outputs: user
[2026-06-23 11:52:32.976] [19705] [HailoRT] [info] [hef.cpp:1994] [get_network_group_and_network_name] No name was given. Addressing all networks of default network_group: yolo26_landmark
[2026-06-23 11:52:33.006] [19719] [HailoRT] [info] [internal_buffer_manager.cpp:75] [print_execution_results] Default Internal buffer planner failed to meet requirements
[2026-06-23 11:52:33.006] [19719] [HailoRT] [info] [internal_buffer_manager.cpp:86] [print_execution_results] Default Internal buffer planner executed successfully
[2026-06-23 11:52:33.020] [19719] [HailoRT] [info] [device_internal.cpp:57] [configure] Configuring HEF took 15.728205 milliseconds
[2026-06-23 11:52:33.020] [19719] [HailoRT] [info] [vdevice.cpp:780] [configure] Configuring HEF on VDevice took 16.141408 milliseconds
[2026-06-23 11:52:33.020] [19719] [HailoRT] [info] [infer_model.cpp:417] [configure] Configuring network group 'arcface_mobilefacenet' with params: batch size: 0, power mode: PERFORMANCE, latency: NONE
[2026-06-23 11:52:33.021] [19719] [HailoRT] [info] [multi_io_elements.cpp:754] [create] Created (AsyncHwEl)
[2026-06-23 11:52:33.021] [19719] [HailoRT] [info] [queue_elements.cpp:450] [create] Created (EntryPushQEl0arcface_mobilefacenet/input_layer1 | timeout: 10s)
[2026-06-23 11:52:33.021] [19719] [HailoRT] [info] [filter_elements.cpp:101] [create] Created (PreInferEl1arcface_mobilefacenet/input_layer1 | Reorder - src_order: RGB4, src_shape: (112, 112, 3), dst_order: NHWC, dst_shape: (112, 112, 3))
[2026-06-23 11:52:33.021] [19719] [HailoRT] [info] [queue_elements.cpp:450] [create] Created (PushQEl1arcface_mobilefacenet/input_layer1 | timeout: 10s)
[2026-06-23 11:52:33.021] [19719] [HailoRT] [info] [edge_elements.cpp:187] [create] Created (LastAsyncEl0AsyncHwEl)
[2026-06-23 11:52:33.021] [19719] [HailoRT] [info] [pipeline.cpp:891] [print_deep_description] EntryPushQEl0arcface_mobilefacenet/input_layer1 | inputs: user | outputs: PreInferEl1arcface_mobilefacenet/input_layer1(running in thread_id: 19720)
[2026-06-23 11:52:33.021] [19719] [HailoRT] [info] [pipeline.cpp:891] [print_deep_description] PreInferEl1arcface_mobilefacenet/input_layer1 | inputs: EntryPushQEl0arcface_mobilefacenet/input_layer1[0] | outputs: PushQEl1arcface_mobilefacenet/input_layer1
[2026-06-23 11:52:33.021] [19719] [HailoRT] [info] [pipeline.cpp:891] [print_deep_description] PushQEl1arcface_mobilefacenet/input_layer1 | inputs: PreInferEl1arcface_mobilefacenet/input_layer1[0] | outputs: AsyncHwEl(running in thread_id: 19721)
[2026-06-23 11:52:33.021] [19719] [HailoRT] [info] [pipeline.cpp:891] [print_deep_description] AsyncHwEl | inputs: PushQEl1arcface_mobilefacenet/input_layer1[0] | outputs: LastAsyncEl0AsyncHwEl
[2026-06-23 11:52:33.021] [19719] [HailoRT] [info] [pipeline.cpp:891] [print_deep_description] LastAsyncEl0AsyncHwEl | inputs: AsyncHwEl[0] | outputs: user
[2026-06-23 11:52:33.116] [19701] [HailoRT] [info] [hef.cpp:1994] [get_network_group_and_network_name] No name was given. Addressing all networks of default network_group: arcface_mobilefacenet
[2026-06-23 11:53:03.114] [19683] [HailoRT] [info] [async_infer_runner.cpp:86] [shutdown] Pipeline was aborted. Shutting it down
[2026-06-23 11:53:03.114] [19683] [HailoRT] [info] [queue_elements.cpp:570] [execute_deactivate] enqueue() in element PushQEl1arcface_mobilefacenet/input_layer1 was aborted, got status = HAILO_SHUTDOWN_EVENT_SIGNALED(57)
[2026-06-23 11:53:03.114] [19683] [HailoRT] [info] [queue_elements.cpp:570] [execute_deactivate] enqueue() in element EntryPushQEl0arcface_mobilefacenet/input_layer1 was aborted, got status = HAILO_SHUTDOWN_EVENT_SIGNALED(57)
[2026-06-23 11:53:03.114] [19683] [HailoRT] [info] [queue_elements.cpp:46] [~BaseQueueElement] Queue element EntryPushQEl0arcface_mobilefacenet/input_layer1 has 0 frames in his Queue on destruction
[2026-06-23 11:53:03.114] [19683] [HailoRT] [info] [queue_elements.cpp:46] [~BaseQueueElement] Queue element PushQEl1arcface_mobilefacenet/input_layer1 has 0 frames in his Queue on destruction
[2026-06-23 11:53:03.115] [19683] [HailoRT] [info] [async_infer_runner.cpp:86] [shutdown] Pipeline was aborted. Shutting it down
[2026-06-23 11:53:03.115] [19683] [HailoRT] [info] [queue_elements.cpp:570] [execute_deactivate] enqueue() in element PushQEl0AsyncHwEl was aborted, got status = HAILO_SHUTDOWN_EVENT_SIGNALED(57)
[2026-06-23 11:53:03.115] [19683] [HailoRT] [info] [queue_elements.cpp:570] [execute_deactivate] enqueue() in element PushQEl1AsyncHwEl was aborted, got status = HAILO_SHUTDOWN_EVENT_SIGNALED(57)
[2026-06-23 11:53:03.115] [19683] [HailoRT] [info] [queue_elements.cpp:570] [execute_deactivate] enqueue() in element PushQEl2AsyncHwEl was aborted, got status = HAILO_SHUTDOWN_EVENT_SIGNALED(57)
[2026-06-23 11:53:03.115] [19683] [HailoRT] [info] [queue_elements.cpp:570] [execute_deactivate] enqueue() in element PushQEl8AsyncHwEl was aborted, got status = HAILO_SHUTDOWN_EVENT_SIGNALED(57)
[2026-06-23 11:53:03.115] [19683] [HailoRT] [info] [queue_elements.cpp:570] [execute_deactivate] enqueue() in element PushQEl3yolo26_landmark/input_layer1 was aborted, got status = HAILO_SHUTDOWN_EVENT_SIGNALED(57)
[2026-06-23 11:53:03.115] [19683] [HailoRT] [info] [queue_elements.cpp:570] [execute_deactivate] enqueue() in element EntryPushQEl0yolo26_landmark/input_layer1 was aborted, got status = HAILO_SHUTDOWN_EVENT_SIGNALED(57)
[2026-06-23 11:53:03.115] [19683] [HailoRT] [info] [queue_elements.cpp:46] [~BaseQueueElement] Queue element EntryPushQEl0yolo26_landmark/input_layer1 has 0 frames in his Queue on destruction
[2026-06-23 11:53:03.115] [19683] [HailoRT] [info] [queue_elements.cpp:46] [~BaseQueueElement] Queue element PushQEl3yolo26_landmark/input_layer1 has 0 frames in his Queue on destruction
[2026-06-23 11:53:03.116] [19683] [HailoRT] [info] [queue_elements.cpp:46] [~BaseQueueElement] Queue element PushQEl0AsyncHwEl has 0 frames in his Queue on destruction
[2026-06-23 11:53:03.116] [19683] [HailoRT] [info] [queue_elements.cpp:46] [~BaseQueueElement] Queue element PushQEl8AsyncHwEl has 0 frames in his Queue on destruction
[2026-06-23 11:53:03.116] [19683] [HailoRT] [info] [queue_elements.cpp:46] [~BaseQueueElement] Queue element PushQEl2AsyncHwEl has 0 frames in his Queue on destruction
[2026-06-23 11:53:03.116] [19683] [HailoRT] [info] [queue_elements.cpp:46] [~BaseQueueElement] Queue element PushQEl1AsyncHwEl has 0 frames in his Queue on destruction
[2026-06-23 11:55:56.042] [20196] [HailoRT] [info] [vdevice.cpp:535] [create] Creating vdevice with params: device_count: 1, scheduling_algorithm: ROUND_ROBIN, multi_process_service: false
[2026-06-23 11:55:56.055] [20196] [HailoRT] [info] [device.cpp:51] [Device] OS Version: Linux 6.18.33+rpt-rpi-2712 #1 SMP PREEMPT Debian 1:6.18.33-1+rpt1 (2026-06-01) aarch64
[2026-06-23 11:55:56.055] [20196] [HailoRT] [info] [control.cpp:113] [control__parse_identify_results] firmware_version is: 4.23.0
[2026-06-23 11:55:56.055] [20196] [HailoRT] [info] [vdevice.cpp:682] [create] VDevice Infos: 0001:01:00.0
[2026-06-23 11:55:56.064] [20196] [HailoRT] [info] [hef.cpp:1994] [get_network_group_and_network_name] No name was given. Addressing all networks of default network_group: yolo26_landmark
[2026-06-23 11:55:56.064] [20196] [HailoRT] [info] [hef.cpp:1994] [get_network_group_and_network_name] No name was given. Addressing all networks of default network_group: yolo26_landmark
[2026-06-23 11:55:56.074] [20196] [HailoRT] [info] [vdevice.cpp:535] [create] Creating vdevice with params: device_count: 1, scheduling_algorithm: ROUND_ROBIN, multi_process_service: false
[2026-06-23 11:55:56.076] [20196] [HailoRT] [info] [hef.cpp:1994] [get_network_group_and_network_name] No name was given. Addressing all networks of default network_group: arcface_mobilefacenet
[2026-06-23 11:55:56.076] [20196] [HailoRT] [info] [hef.cpp:1994] [get_network_group_and_network_name] No name was given. Addressing all networks of default network_group: arcface_mobilefacenet
[2026-06-23 11:55:56.282] [20213] [HailoRT] [info] [internal_buffer_manager.cpp:77] [print_execution_results] Planned internal buffer memory: CMA=0 CMA-Desc=655360 Pinned=1436160. memory to edge layer usage factor is 0.84007186
[2026-06-23 11:55:56.282] [20213] [HailoRT] [info] [internal_buffer_manager.cpp:86] [print_execution_results] Default Internal buffer planner executed successfully
[2026-06-23 11:55:56.309] [20213] [HailoRT] [info] [device_internal.cpp:57] [configure] Configuring HEF took 36.712004 milliseconds
[2026-06-23 11:55:56.309] [20213] [HailoRT] [info] [vdevice.cpp:780] [configure] Configuring HEF on VDevice took 37.12519 milliseconds
[2026-06-23 11:55:56.309] [20213] [HailoRT] [info] [infer_model.cpp:417] [configure] Configuring network group 'yolo26_landmark' with params: batch size: 0, power mode: PERFORMANCE, latency: NONE
[2026-06-23 11:55:56.309] [20213] [HailoRT] [info] [multi_io_elements.cpp:754] [create] Created (AsyncHwEl)
[2026-06-23 11:55:56.310] [20213] [HailoRT] [info] [queue_elements.cpp:450] [create] Created (EntryPushQEl0yolo26_landmark/input_layer1 | timeout: 10s)
[2026-06-23 11:55:56.310] [20213] [HailoRT] [info] [filter_elements.cpp:101] [create] Created (PreInferEl3yolo26_landmark/input_layer1 | Reorder - src_order: RGB4, src_shape: (640, 640, 3), dst_order: NHCW, dst_shape: (640, 640, 3))
[2026-06-23 11:55:56.310] [20213] [HailoRT] [info] [queue_elements.cpp:450] [create] Created (PushQEl3yolo26_landmark/input_layer1 | timeout: 10s)
[2026-06-23 11:55:56.310] [20213] [HailoRT] [info] [edge_elements.cpp:187] [create] Created (LastAsyncEl6AsyncHwEl)
[2026-06-23 11:55:56.310] [20213] [HailoRT] [info] [edge_elements.cpp:187] [create] Created (LastAsyncEl4AsyncHwEl)
[2026-06-23 11:55:56.310] [20213] [HailoRT] [info] [edge_elements.cpp:187] [create] Created (LastAsyncEl5AsyncHwEl)
[2026-06-23 11:55:56.310] [20213] [HailoRT] [info] [queue_elements.cpp:450] [create] Created (PushQEl0AsyncHwEl | timeout: 10s)
[2026-06-23 11:55:56.310] [20213] [HailoRT] [info] [filter_elements.cpp:372] [create] Created (PostInferEl0AsyncHwEl | Reorder - src_order: FCR, src_shape: (20, 20, 8), dst_order: FCR, dst_shape: (20, 20, 4))
[2026-06-23 11:55:56.310] [20213] [HailoRT] [info] [edge_elements.cpp:187] [create] Created (LastAsyncEl0PostInferEl0AsyncHwEl)
[2026-06-23 11:55:56.310] [20213] [HailoRT] [info] [edge_elements.cpp:187] [create] Created (LastAsyncEl7AsyncHwEl)
[2026-06-23 11:55:56.310] [20213] [HailoRT] [info] [queue_elements.cpp:450] [create] Created (PushQEl8AsyncHwEl | timeout: 10s)
[2026-06-23 11:55:56.310] [20213] [HailoRT] [info] [filter_elements.cpp:372] [create] Created (PostInferEl8AsyncHwEl | Reorder - src_order: FCR, src_shape: (80, 80, 16), dst_order: FCR, dst_shape: (80, 80, 15))
[2026-06-23 11:55:56.310] [20213] [HailoRT] [info] [edge_elements.cpp:187] [create] Created (LastAsyncEl0PostInferEl8AsyncHwEl)
[2026-06-23 11:55:56.310] [20213] [HailoRT] [info] [edge_elements.cpp:187] [create] Created (LastAsyncEl3AsyncHwEl)
[2026-06-23 11:55:56.311] [20213] [HailoRT] [info] [queue_elements.cpp:450] [create] Created (PushQEl2AsyncHwEl | timeout: 10s)
[2026-06-23 11:55:56.311] [20213] [HailoRT] [info] [filter_elements.cpp:372] [create] Created (PostInferEl2AsyncHwEl | Reorder - src_order: FCR, src_shape: (40, 40, 16), dst_order: FCR, dst_shape: (40, 40, 15))
[2026-06-23 11:55:56.311] [20213] [HailoRT] [info] [edge_elements.cpp:187] [create] Created (LastAsyncEl0PostInferEl2AsyncHwEl)
[2026-06-23 11:55:56.311] [20213] [HailoRT] [info] [queue_elements.cpp:450] [create] Created (PushQEl1AsyncHwEl | timeout: 10s)
[2026-06-23 11:55:56.311] [20213] [HailoRT] [info] [filter_elements.cpp:372] [create] Created (PostInferEl1AsyncHwEl | Reorder - src_order: FCR, src_shape: (20, 20, 16), dst_order: FCR, dst_shape: (20, 20, 15))
[2026-06-23 11:55:56.311] [20213] [HailoRT] [info] [edge_elements.cpp:187] [create] Created (LastAsyncEl0PostInferEl1AsyncHwEl)
[2026-06-23 11:55:56.311] [20213] [HailoRT] [info] [pipeline.cpp:891] [print_deep_description] EntryPushQEl0yolo26_landmark/input_layer1 | inputs: user | outputs: PreInferEl3yolo26_landmark/input_layer1(running in thread_id: 20221)
[2026-06-23 11:55:56.311] [20213] [HailoRT] [info] [pipeline.cpp:891] [print_deep_description] PreInferEl3yolo26_landmark/input_layer1 | inputs: EntryPushQEl0yolo26_landmark/input_layer1[0] | outputs: PushQEl3yolo26_landmark/input_layer1
[2026-06-23 11:55:56.311] [20213] [HailoRT] [info] [pipeline.cpp:891] [print_deep_description] PushQEl3yolo26_landmark/input_layer1 | inputs: PreInferEl3yolo26_landmark/input_layer1[0] | outputs: AsyncHwEl(running in thread_id: 20222)
[2026-06-23 11:55:56.311] [20213] [HailoRT] [info] [pipeline.cpp:891] [print_deep_description] AsyncHwEl | inputs: PushQEl3yolo26_landmark/input_layer1[0] | outputs: PushQEl0AsyncHwEl PushQEl1AsyncHwEl PushQEl2AsyncHwEl LastAsyncEl3AsyncHwEl LastAsyncEl4AsyncHwEl LastAsyncEl5AsyncHwEl LastAsyncEl6AsyncHwEl LastAsyncEl7AsyncHwEl PushQEl8AsyncHwEl
[2026-06-23 11:55:56.311] [20213] [HailoRT] [info] [pipeline.cpp:891] [print_deep_description] PushQEl0AsyncHwEl | inputs: AsyncHwEl[0] | outputs: PostInferEl0AsyncHwEl(running in thread_id: 20223)
[2026-06-23 11:55:56.311] [20213] [HailoRT] [info] [pipeline.cpp:891] [print_deep_description] PostInferEl0AsyncHwEl | inputs: PushQEl0AsyncHwEl[0] | outputs: LastAsyncEl0PostInferEl0AsyncHwEl
[2026-06-23 11:55:56.311] [20213] [HailoRT] [info] [pipeline.cpp:891] [print_deep_description] LastAsyncEl0PostInferEl0AsyncHwEl | inputs: PostInferEl0AsyncHwEl[0] | outputs: user
[2026-06-23 11:55:56.311] [20213] [HailoRT] [info] [pipeline.cpp:891] [print_deep_description] PushQEl1AsyncHwEl | inputs: AsyncHwEl[0] | outputs: PostInferEl1AsyncHwEl(running in thread_id: 20226)
[2026-06-23 11:55:56.311] [20213] [HailoRT] [info] [pipeline.cpp:891] [print_deep_description] PostInferEl1AsyncHwEl | inputs: PushQEl1AsyncHwEl[0] | outputs: LastAsyncEl0PostInferEl1AsyncHwEl
[2026-06-23 11:55:56.311] [20213] [HailoRT] [info] [pipeline.cpp:891] [print_deep_description] LastAsyncEl0PostInferEl1AsyncHwEl | inputs: PostInferEl1AsyncHwEl[0] | outputs: user
[2026-06-23 11:55:56.311] [20213] [HailoRT] [info] [pipeline.cpp:891] [print_deep_description] PushQEl2AsyncHwEl | inputs: AsyncHwEl[0] | outputs: PostInferEl2AsyncHwEl(running in thread_id: 20225)
[2026-06-23 11:55:56.311] [20213] [HailoRT] [info] [pipeline.cpp:891] [print_deep_description] PostInferEl2AsyncHwEl | inputs: PushQEl2AsyncHwEl[0] | outputs: LastAsyncEl0PostInferEl2AsyncHwEl
[2026-06-23 11:55:56.311] [20213] [HailoRT] [info] [pipeline.cpp:891] [print_deep_description] LastAsyncEl0PostInferEl2AsyncHwEl | inputs: PostInferEl2AsyncHwEl[0] | outputs: user
[2026-06-23 11:55:56.311] [20213] [HailoRT] [info] [pipeline.cpp:891] [print_deep_description] LastAsyncEl3AsyncHwEl | inputs: AsyncHwEl[0] | outputs: user
[2026-06-23 11:55:56.311] [20213] [HailoRT] [info] [pipeline.cpp:891] [print_deep_description] LastAsyncEl4AsyncHwEl | inputs: AsyncHwEl[0] | outputs: user
[2026-06-23 11:55:56.311] [20213] [HailoRT] [info] [pipeline.cpp:891] [print_deep_description] LastAsyncEl5AsyncHwEl | inputs: AsyncHwEl[0] | outputs: user
[2026-06-23 11:55:56.311] [20213] [HailoRT] [info] [pipeline.cpp:891] [print_deep_description] LastAsyncEl6AsyncHwEl | inputs: AsyncHwEl[0] | outputs: user
[2026-06-23 11:55:56.311] [20213] [HailoRT] [info] [pipeline.cpp:891] [print_deep_description] LastAsyncEl7AsyncHwEl | inputs: AsyncHwEl[0] | outputs: user
[2026-06-23 11:55:56.311] [20213] [HailoRT] [info] [pipeline.cpp:891] [print_deep_description] PushQEl8AsyncHwEl | inputs: AsyncHwEl[0] | outputs: PostInferEl8AsyncHwEl(running in thread_id: 20224)
[2026-06-23 11:55:56.311] [20213] [HailoRT] [info] [pipeline.cpp:891] [print_deep_description] PostInferEl8AsyncHwEl | inputs: PushQEl8AsyncHwEl[0] | outputs: LastAsyncEl0PostInferEl8AsyncHwEl
[2026-06-23 11:55:56.311] [20213] [HailoRT] [info] [pipeline.cpp:891] [print_deep_description] LastAsyncEl0PostInferEl8AsyncHwEl | inputs: PostInferEl8AsyncHwEl[0] | outputs: user
[2026-06-23 11:55:56.323] [20213] [HailoRT] [info] [hef.cpp:1994] [get_network_group_and_network_name] No name was given. Addressing all networks of default network_group: yolo26_landmark
[2026-06-23 11:55:56.356] [20228] [HailoRT] [info] [internal_buffer_manager.cpp:75] [print_execution_results] Default Internal buffer planner failed to meet requirements
[2026-06-23 11:55:56.356] [20228] [HailoRT] [info] [internal_buffer_manager.cpp:86] [print_execution_results] Default Internal buffer planner executed successfully
[2026-06-23 11:55:56.367] [20228] [HailoRT] [info] [device_internal.cpp:57] [configure] Configuring HEF took 12.1516 milliseconds
[2026-06-23 11:55:56.367] [20228] [HailoRT] [info] [vdevice.cpp:780] [configure] Configuring HEF on VDevice took 12.481155 milliseconds
[2026-06-23 11:55:56.367] [20228] [HailoRT] [info] [infer_model.cpp:417] [configure] Configuring network group 'arcface_mobilefacenet' with params: batch size: 0, power mode: PERFORMANCE, latency: NONE
[2026-06-23 11:55:56.367] [20228] [HailoRT] [info] [multi_io_elements.cpp:754] [create] Created (AsyncHwEl)
[2026-06-23 11:55:56.367] [20228] [HailoRT] [info] [queue_elements.cpp:450] [create] Created (EntryPushQEl0arcface_mobilefacenet/input_layer1 | timeout: 10s)
[2026-06-23 11:55:56.367] [20228] [HailoRT] [info] [filter_elements.cpp:101] [create] Created (PreInferEl1arcface_mobilefacenet/input_layer1 | Reorder - src_order: RGB4, src_shape: (112, 112, 3), dst_order: NHWC, dst_shape: (112, 112, 3))
[2026-06-23 11:55:56.367] [20228] [HailoRT] [info] [queue_elements.cpp:450] [create] Created (PushQEl1arcface_mobilefacenet/input_layer1 | timeout: 10s)
[2026-06-23 11:55:56.367] [20228] [HailoRT] [info] [edge_elements.cpp:187] [create] Created (LastAsyncEl0AsyncHwEl)
[2026-06-23 11:55:56.367] [20228] [HailoRT] [info] [pipeline.cpp:891] [print_deep_description] EntryPushQEl0arcface_mobilefacenet/input_layer1 | inputs: user | outputs: PreInferEl1arcface_mobilefacenet/input_layer1(running in thread_id: 20229)
[2026-06-23 11:55:56.367] [20228] [HailoRT] [info] [pipeline.cpp:891] [print_deep_description] PreInferEl1arcface_mobilefacenet/input_layer1 | inputs: EntryPushQEl0arcface_mobilefacenet/input_layer1[0] | outputs: PushQEl1arcface_mobilefacenet/input_layer1
[2026-06-23 11:55:56.367] [20228] [HailoRT] [info] [pipeline.cpp:891] [print_deep_description] PushQEl1arcface_mobilefacenet/input_layer1 | inputs: PreInferEl1arcface_mobilefacenet/input_layer1[0] | outputs: AsyncHwEl(running in thread_id: 20230)
[2026-06-23 11:55:56.367] [20228] [HailoRT] [info] [pipeline.cpp:891] [print_deep_description] AsyncHwEl | inputs: PushQEl1arcface_mobilefacenet/input_layer1[0] | outputs: LastAsyncEl0AsyncHwEl
[2026-06-23 11:55:56.367] [20228] [HailoRT] [info] [pipeline.cpp:891] [print_deep_description] LastAsyncEl0AsyncHwEl | inputs: AsyncHwEl[0] | outputs: user
[2026-06-23 11:55:56.486] [20209] [HailoRT] [info] [hef.cpp:1994] [get_network_group_and_network_name] No name was given. Addressing all networks of default network_group: arcface_mobilefacenet
[2026-06-23 12:00:31.618] [20687] [HailoRT] [info] [vdevice.cpp:535] [create] Creating vdevice with params: device_count: 1, scheduling_algorithm: ROUND_ROBIN, multi_process_service: false
[2026-06-23 12:00:31.618] [20687] [HailoRT] [info] [device.cpp:51] [Device] OS Version: Linux 6.18.33+rpt-rpi-2712 #1 SMP PREEMPT Debian 1:6.18.33-1+rpt1 (2026-06-01) aarch64
[2026-06-23 12:00:31.619] [20687] [HailoRT] [info] [control.cpp:113] [control__parse_identify_results] firmware_version is: 4.23.0
[2026-06-23 12:00:31.640] [20687] [HailoRT] [error] [vdevice.cpp:863] [create_devices] CHECK failed - Failed to create vdevice. there are not enough free devices. requested: 1, found: 0
[2026-06-23 12:00:31.641] [20687] [HailoRT] [error] [vdevice.cpp:662] [create] CHECK_SUCCESS failed with status=HAILO_OUT_OF_PHYSICAL_DEVICES(74)
[2026-06-23 12:00:31.641] [20687] [HailoRT] [error] [shared_resource_manager.hpp:81] [register_resource] CHECK_SUCCESS failed with status=HAILO_OUT_OF_PHYSICAL_DEVICES(74)
[2026-06-23 12:00:31.641] [20687] [HailoRT] [error] [vdevice.cpp:133] [create] CHECK_SUCCESS failed with status=HAILO_OUT_OF_PHYSICAL_DEVICES(74)
[2026-06-23 12:00:31.641] [20687] [HailoRT] [error] [vdevice.cpp:567] [create] CHECK_SUCCESS failed with status=HAILO_OUT_OF_PHYSICAL_DEVICES(74)
[2026-06-23 12:00:31.646] [20687] [HailoRT] [info] [vdevice.cpp:535] [create] Creating vdevice with params: device_count: 1, scheduling_algorithm: ROUND_ROBIN, multi_process_service: false
[2026-06-23 12:00:31.646] [20687] [HailoRT] [info] [device.cpp:51] [Device] OS Version: Linux 6.18.33+rpt-rpi-2712 #1 SMP PREEMPT Debian 1:6.18.33-1+rpt1 (2026-06-01) aarch64
[2026-06-23 12:00:31.647] [20687] [HailoRT] [info] [control.cpp:113] [control__parse_identify_results] firmware_version is: 4.23.0
[2026-06-23 12:00:31.656] [20687] [HailoRT] [error] [vdevice.cpp:863] [create_devices] CHECK failed - Failed to create vdevice. there are not enough free devices. requested: 1, found: 0
[2026-06-23 12:00:31.657] [20687] [HailoRT] [error] [vdevice.cpp:662] [create] CHECK_SUCCESS failed with status=HAILO_OUT_OF_PHYSICAL_DEVICES(74)
[2026-06-23 12:00:31.657] [20687] [HailoRT] [error] [shared_resource_manager.hpp:81] [register_resource] CHECK_SUCCESS failed with status=HAILO_OUT_OF_PHYSICAL_DEVICES(74)
[2026-06-23 12:00:31.657] [20687] [HailoRT] [error] [vdevice.cpp:133] [create] CHECK_SUCCESS failed with status=HAILO_OUT_OF_PHYSICAL_DEVICES(74)
[2026-06-23 12:00:31.657] [20687] [HailoRT] [error] [vdevice.cpp:567] [create] CHECK_SUCCESS failed with status=HAILO_OUT_OF_PHYSICAL_DEVICES(74)
[2026-06-23 12:01:48.876] [20891] [HailoRT] [info] [vdevice.cpp:535] [create] Creating vdevice with params: device_count: 1, scheduling_algorithm: ROUND_ROBIN, multi_process_service: false
[2026-06-23 12:01:48.889] [20891] [HailoRT] [info] [device.cpp:51] [Device] OS Version: Linux 6.18.33+rpt-rpi-2712 #1 SMP PREEMPT Debian 1:6.18.33-1+rpt1 (2026-06-01) aarch64
[2026-06-23 12:01:48.889] [20891] [HailoRT] [info] [control.cpp:113] [control__parse_identify_results] firmware_version is: 4.23.0
[2026-06-23 12:01:48.889] [20891] [HailoRT] [info] [vdevice.cpp:682] [create] VDevice Infos: 0001:01:00.0
[2026-06-23 12:01:48.898] [20891] [HailoRT] [info] [hef.cpp:1994] [get_network_group_and_network_name] No name was given. Addressing all networks of default network_group: yolo26_landmark
[2026-06-23 12:01:48.898] [20891] [HailoRT] [info] [hef.cpp:1994] [get_network_group_and_network_name] No name was given. Addressing all networks of default network_group: yolo26_landmark
[2026-06-23 12:01:48.903] [20891] [HailoRT] [info] [vdevice.cpp:535] [create] Creating vdevice with params: device_count: 1, scheduling_algorithm: ROUND_ROBIN, multi_process_service: false
[2026-06-23 12:01:48.905] [20891] [HailoRT] [info] [hef.cpp:1994] [get_network_group_and_network_name] No name was given. Addressing all networks of default network_group: arcface_mobilefacenet
[2026-06-23 12:01:48.906] [20891] [HailoRT] [info] [hef.cpp:1994] [get_network_group_and_network_name] No name was given. Addressing all networks of default network_group: arcface_mobilefacenet
[2026-06-23 12:01:49.102] [20909] [HailoRT] [info] [internal_buffer_manager.cpp:77] [print_execution_results] Planned internal buffer memory: CMA=0 CMA-Desc=655360 Pinned=1436160. memory to edge layer usage factor is 0.84007186
[2026-06-23 12:01:49.102] [20909] [HailoRT] [info] [internal_buffer_manager.cpp:86] [print_execution_results] Default Internal buffer planner executed successfully
[2026-06-23 12:01:49.124] [20909] [HailoRT] [info] [device_internal.cpp:57] [configure] Configuring HEF took 31.621387 milliseconds
[2026-06-23 12:01:49.124] [20909] [HailoRT] [info] [vdevice.cpp:780] [configure] Configuring HEF on VDevice took 32.02409 milliseconds
[2026-06-23 12:01:49.124] [20909] [HailoRT] [info] [infer_model.cpp:417] [configure] Configuring network group 'yolo26_landmark' with params: batch size: 0, power mode: PERFORMANCE, latency: NONE
[2026-06-23 12:01:49.124] [20909] [HailoRT] [info] [multi_io_elements.cpp:754] [create] Created (AsyncHwEl)
[2026-06-23 12:01:49.124] [20909] [HailoRT] [info] [queue_elements.cpp:450] [create] Created (EntryPushQEl0yolo26_landmark/input_layer1 | timeout: 10s)
[2026-06-23 12:01:49.124] [20909] [HailoRT] [info] [filter_elements.cpp:101] [create] Created (PreInferEl3yolo26_landmark/input_layer1 | Reorder - src_order: RGB4, src_shape: (640, 640, 3), dst_order: NHCW, dst_shape: (640, 640, 3))
[2026-06-23 12:01:49.125] [20909] [HailoRT] [info] [queue_elements.cpp:450] [create] Created (PushQEl3yolo26_landmark/input_layer1 | timeout: 10s)
[2026-06-23 12:01:49.125] [20909] [HailoRT] [info] [edge_elements.cpp:187] [create] Created (LastAsyncEl6AsyncHwEl)
[2026-06-23 12:01:49.125] [20909] [HailoRT] [info] [edge_elements.cpp:187] [create] Created (LastAsyncEl4AsyncHwEl)
[2026-06-23 12:01:49.125] [20909] [HailoRT] [info] [edge_elements.cpp:187] [create] Created (LastAsyncEl5AsyncHwEl)
[2026-06-23 12:01:49.125] [20909] [HailoRT] [info] [queue_elements.cpp:450] [create] Created (PushQEl0AsyncHwEl | timeout: 10s)
[2026-06-23 12:01:49.125] [20909] [HailoRT] [info] [filter_elements.cpp:372] [create] Created (PostInferEl0AsyncHwEl | Reorder - src_order: FCR, src_shape: (20, 20, 8), dst_order: FCR, dst_shape: (20, 20, 4))
[2026-06-23 12:01:49.125] [20909] [HailoRT] [info] [edge_elements.cpp:187] [create] Created (LastAsyncEl0PostInferEl0AsyncHwEl)
[2026-06-23 12:01:49.125] [20909] [HailoRT] [info] [edge_elements.cpp:187] [create] Created (LastAsyncEl7AsyncHwEl)
[2026-06-23 12:01:49.125] [20909] [HailoRT] [info] [queue_elements.cpp:450] [create] Created (PushQEl8AsyncHwEl | timeout: 10s)
[2026-06-23 12:01:49.125] [20909] [HailoRT] [info] [filter_elements.cpp:372] [create] Created (PostInferEl8AsyncHwEl | Reorder - src_order: FCR, src_shape: (80, 80, 16), dst_order: FCR, dst_shape: (80, 80, 15))
[2026-06-23 12:01:49.125] [20909] [HailoRT] [info] [edge_elements.cpp:187] [create] Created (LastAsyncEl0PostInferEl8AsyncHwEl)
[2026-06-23 12:01:49.125] [20909] [HailoRT] [info] [edge_elements.cpp:187] [create] Created (LastAsyncEl3AsyncHwEl)
[2026-06-23 12:01:49.125] [20909] [HailoRT] [info] [queue_elements.cpp:450] [create] Created (PushQEl2AsyncHwEl | timeout: 10s)
[2026-06-23 12:01:49.125] [20909] [HailoRT] [info] [filter_elements.cpp:372] [create] Created (PostInferEl2AsyncHwEl | Reorder - src_order: FCR, src_shape: (40, 40, 16), dst_order: FCR, dst_shape: (40, 40, 15))
[2026-06-23 12:01:49.125] [20909] [HailoRT] [info] [edge_elements.cpp:187] [create] Created (LastAsyncEl0PostInferEl2AsyncHwEl)
[2026-06-23 12:01:49.126] [20909] [HailoRT] [info] [queue_elements.cpp:450] [create] Created (PushQEl1AsyncHwEl | timeout: 10s)
[2026-06-23 12:01:49.126] [20909] [HailoRT] [info] [filter_elements.cpp:372] [create] Created (PostInferEl1AsyncHwEl | Reorder - src_order: FCR, src_shape: (20, 20, 16), dst_order: FCR, dst_shape: (20, 20, 15))
[2026-06-23 12:01:49.126] [20909] [HailoRT] [info] [edge_elements.cpp:187] [create] Created (LastAsyncEl0PostInferEl1AsyncHwEl)
[2026-06-23 12:01:49.126] [20909] [HailoRT] [info] [pipeline.cpp:891] [print_deep_description] EntryPushQEl0yolo26_landmark/input_layer1 | inputs: user | outputs: PreInferEl3yolo26_landmark/input_layer1(running in thread_id: 20916)
[2026-06-23 12:01:49.126] [20909] [HailoRT] [info] [pipeline.cpp:891] [print_deep_description] PreInferEl3yolo26_landmark/input_layer1 | inputs: EntryPushQEl0yolo26_landmark/input_layer1[0] | outputs: PushQEl3yolo26_landmark/input_layer1
[2026-06-23 12:01:49.126] [20909] [HailoRT] [info] [pipeline.cpp:891] [print_deep_description] PushQEl3yolo26_landmark/input_layer1 | inputs: PreInferEl3yolo26_landmark/input_layer1[0] | outputs: AsyncHwEl(running in thread_id: 20917)
[2026-06-23 12:01:49.126] [20909] [HailoRT] [info] [pipeline.cpp:891] [print_deep_description] AsyncHwEl | inputs: PushQEl3yolo26_landmark/input_layer1[0] | outputs: PushQEl0AsyncHwEl PushQEl1AsyncHwEl PushQEl2AsyncHwEl LastAsyncEl3AsyncHwEl LastAsyncEl4AsyncHwEl LastAsyncEl5AsyncHwEl LastAsyncEl6AsyncHwEl LastAsyncEl7AsyncHwEl PushQEl8AsyncHwEl
[2026-06-23 12:01:49.126] [20909] [HailoRT] [info] [pipeline.cpp:891] [print_deep_description] PushQEl0AsyncHwEl | inputs: AsyncHwEl[0] | outputs: PostInferEl0AsyncHwEl(running in thread_id: 20918)
[2026-06-23 12:01:49.126] [20909] [HailoRT] [info] [pipeline.cpp:891] [print_deep_description] PostInferEl0AsyncHwEl | inputs: PushQEl0AsyncHwEl[0] | outputs: LastAsyncEl0PostInferEl0AsyncHwEl
[2026-06-23 12:01:49.126] [20909] [HailoRT] [info] [pipeline.cpp:891] [print_deep_description] LastAsyncEl0PostInferEl0AsyncHwEl | inputs: PostInferEl0AsyncHwEl[0] | outputs: user
[2026-06-23 12:01:49.126] [20909] [HailoRT] [info] [pipeline.cpp:891] [print_deep_description] PushQEl1AsyncHwEl | inputs: AsyncHwEl[0] | outputs: PostInferEl1AsyncHwEl(running in thread_id: 20921)
[2026-06-23 12:01:49.126] [20909] [HailoRT] [info] [pipeline.cpp:891] [print_deep_description] PostInferEl1AsyncHwEl | inputs: PushQEl1AsyncHwEl[0] | outputs: LastAsyncEl0PostInferEl1AsyncHwEl
[2026-06-23 12:01:49.126] [20909] [HailoRT] [info] [pipeline.cpp:891] [print_deep_description] LastAsyncEl0PostInferEl1AsyncHwEl | inputs: PostInferEl1AsyncHwEl[0] | outputs: user
[2026-06-23 12:01:49.126] [20909] [HailoRT] [info] [pipeline.cpp:891] [print_deep_description] PushQEl2AsyncHwEl | inputs: AsyncHwEl[0] | outputs: PostInferEl2AsyncHwEl(running in thread_id: 20920)
[2026-06-23 12:01:49.126] [20909] [HailoRT] [info] [pipeline.cpp:891] [print_deep_description] PostInferEl2AsyncHwEl | inputs: PushQEl2AsyncHwEl[0] | outputs: LastAsyncEl0PostInferEl2AsyncHwEl
[2026-06-23 12:01:49.126] [20909] [HailoRT] [info] [pipeline.cpp:891] [print_deep_description] LastAsyncEl0PostInferEl2AsyncHwEl | inputs: PostInferEl2AsyncHwEl[0] | outputs: user
[2026-06-23 12:01:49.126] [20909] [HailoRT] [info] [pipeline.cpp:891] [print_deep_description] LastAsyncEl3AsyncHwEl | inputs: AsyncHwEl[0] | outputs: user
[2026-06-23 12:01:49.126] [20909] [HailoRT] [info] [pipeline.cpp:891] [print_deep_description] LastAsyncEl4AsyncHwEl | inputs: AsyncHwEl[0] | outputs: user
[2026-06-23 12:01:49.126] [20909] [HailoRT] [info] [pipeline.cpp:891] [print_deep_description] LastAsyncEl5AsyncHwEl | inputs: AsyncHwEl[0] | outputs: user
[2026-06-23 12:01:49.126] [20909] [HailoRT] [info] [pipeline.cpp:891] [print_deep_description] LastAsyncEl6AsyncHwEl | inputs: AsyncHwEl[0] | outputs: user
[2026-06-23 12:01:49.126] [20909] [HailoRT] [info] [pipeline.cpp:891] [print_deep_description] LastAsyncEl7AsyncHwEl | inputs: AsyncHwEl[0] | outputs: user
[2026-06-23 12:01:49.126] [20909] [HailoRT] [info] [pipeline.cpp:891] [print_deep_description] PushQEl8AsyncHwEl | inputs: AsyncHwEl[0] | outputs: PostInferEl8AsyncHwEl(running in thread_id: 20919)
[2026-06-23 12:01:49.126] [20909] [HailoRT] [info] [pipeline.cpp:891] [print_deep_description] PostInferEl8AsyncHwEl | inputs: PushQEl8AsyncHwEl[0] | outputs: LastAsyncEl0PostInferEl8AsyncHwEl
[2026-06-23 12:01:49.126] [20909] [HailoRT] [info] [pipeline.cpp:891] [print_deep_description] LastAsyncEl0PostInferEl8AsyncHwEl | inputs: PostInferEl8AsyncHwEl[0] | outputs: user
[2026-06-23 12:01:49.137] [20909] [HailoRT] [info] [hef.cpp:1994] [get_network_group_and_network_name] No name was given. Addressing all networks of default network_group: yolo26_landmark
[2026-06-23 12:01:49.168] [20924] [HailoRT] [info] [internal_buffer_manager.cpp:75] [print_execution_results] Default Internal buffer planner failed to meet requirements
[2026-06-23 12:01:49.168] [20924] [HailoRT] [info] [internal_buffer_manager.cpp:86] [print_execution_results] Default Internal buffer planner executed successfully
[2026-06-23 12:01:49.185] [20924] [HailoRT] [info] [device_internal.cpp:57] [configure] Configuring HEF took 19.467858 milliseconds
[2026-06-23 12:01:49.185] [20924] [HailoRT] [info] [vdevice.cpp:780] [configure] Configuring HEF on VDevice took 19.774691 milliseconds
[2026-06-23 12:01:49.185] [20924] [HailoRT] [info] [infer_model.cpp:417] [configure] Configuring network group 'arcface_mobilefacenet' with params: batch size: 0, power mode: PERFORMANCE, latency: NONE
[2026-06-23 12:01:49.185] [20924] [HailoRT] [info] [multi_io_elements.cpp:754] [create] Created (AsyncHwEl)
[2026-06-23 12:01:49.185] [20924] [HailoRT] [info] [queue_elements.cpp:450] [create] Created (EntryPushQEl0arcface_mobilefacenet/input_layer1 | timeout: 10s)
[2026-06-23 12:01:49.185] [20924] [HailoRT] [info] [filter_elements.cpp:101] [create] Created (PreInferEl1arcface_mobilefacenet/input_layer1 | Reorder - src_order: RGB4, src_shape: (112, 112, 3), dst_order: NHWC, dst_shape: (112, 112, 3))
[2026-06-23 12:01:49.186] [20924] [HailoRT] [info] [queue_elements.cpp:450] [create] Created (PushQEl1arcface_mobilefacenet/input_layer1 | timeout: 10s)
[2026-06-23 12:01:49.186] [20924] [HailoRT] [info] [edge_elements.cpp:187] [create] Created (LastAsyncEl0AsyncHwEl)
[2026-06-23 12:01:49.186] [20924] [HailoRT] [info] [pipeline.cpp:891] [print_deep_description] EntryPushQEl0arcface_mobilefacenet/input_layer1 | inputs: user | outputs: PreInferEl1arcface_mobilefacenet/input_layer1(running in thread_id: 20925)
[2026-06-23 12:01:49.186] [20924] [HailoRT] [info] [pipeline.cpp:891] [print_deep_description] PreInferEl1arcface_mobilefacenet/input_layer1 | inputs: EntryPushQEl0arcface_mobilefacenet/input_layer1[0] | outputs: PushQEl1arcface_mobilefacenet/input_layer1
[2026-06-23 12:01:49.186] [20924] [HailoRT] [info] [pipeline.cpp:891] [print_deep_description] PushQEl1arcface_mobilefacenet/input_layer1 | inputs: PreInferEl1arcface_mobilefacenet/input_layer1[0] | outputs: AsyncHwEl(running in thread_id: 20926)
[2026-06-23 12:01:49.186] [20924] [HailoRT] [info] [pipeline.cpp:891] [print_deep_description] AsyncHwEl | inputs: PushQEl1arcface_mobilefacenet/input_layer1[0] | outputs: LastAsyncEl0AsyncHwEl
[2026-06-23 12:01:49.186] [20924] [HailoRT] [info] [pipeline.cpp:891] [print_deep_description] LastAsyncEl0AsyncHwEl | inputs: AsyncHwEl[0] | outputs: user
[2026-06-23 12:01:49.283] [20905] [HailoRT] [info] [hef.cpp:1994] [get_network_group_and_network_name] No name was given. Addressing all networks of default network_group: arcface_mobilefacenet
[2026-06-23 12:02:15.722] [20891] [HailoRT] [info] [async_infer_runner.cpp:86] [shutdown] Pipeline was aborted. Shutting it down
[2026-06-23 12:02:15.722] [20891] [HailoRT] [info] [queue_elements.cpp:570] [execute_deactivate] enqueue() in element PushQEl1arcface_mobilefacenet/input_layer1 was aborted, got status = HAILO_SHUTDOWN_EVENT_SIGNALED(57)
[2026-06-23 12:02:15.722] [20891] [HailoRT] [info] [queue_elements.cpp:570] [execute_deactivate] enqueue() in element EntryPushQEl0arcface_mobilefacenet/input_layer1 was aborted, got status = HAILO_SHUTDOWN_EVENT_SIGNALED(57)
[2026-06-23 12:02:15.722] [20891] [HailoRT] [info] [queue_elements.cpp:46] [~BaseQueueElement] Queue element EntryPushQEl0arcface_mobilefacenet/input_layer1 has 0 frames in his Queue on destruction
[2026-06-23 12:02:15.722] [20891] [HailoRT] [info] [queue_elements.cpp:46] [~BaseQueueElement] Queue element PushQEl1arcface_mobilefacenet/input_layer1 has 0 frames in his Queue on destruction
[2026-06-23 12:02:15.722] [20891] [HailoRT] [info] [async_infer_runner.cpp:86] [shutdown] Pipeline was aborted. Shutting it down
[2026-06-23 12:02:15.723] [20891] [HailoRT] [info] [queue_elements.cpp:570] [execute_deactivate] enqueue() in element PushQEl0AsyncHwEl was aborted, got status = HAILO_SHUTDOWN_EVENT_SIGNALED(57)
[2026-06-23 12:02:15.723] [20891] [HailoRT] [info] [queue_elements.cpp:570] [execute_deactivate] enqueue() in element PushQEl1AsyncHwEl was aborted, got status = HAILO_SHUTDOWN_EVENT_SIGNALED(57)
[2026-06-23 12:02:15.723] [20891] [HailoRT] [info] [queue_elements.cpp:570] [execute_deactivate] enqueue() in element PushQEl2AsyncHwEl was aborted, got status = HAILO_SHUTDOWN_EVENT_SIGNALED(57)
[2026-06-23 12:02:15.723] [20891] [HailoRT] [info] [queue_elements.cpp:570] [execute_deactivate] enqueue() in element PushQEl8AsyncHwEl was aborted, got status = HAILO_SHUTDOWN_EVENT_SIGNALED(57)
[2026-06-23 12:02:15.723] [20891] [HailoRT] [info] [queue_elements.cpp:570] [execute_deactivate] enqueue() in element PushQEl3yolo26_landmark/input_layer1 was aborted, got status = HAILO_SHUTDOWN_EVENT_SIGNALED(57)
[2026-06-23 12:02:15.723] [20891] [HailoRT] [info] [queue_elements.cpp:570] [execute_deactivate] enqueue() in element EntryPushQEl0yolo26_landmark/input_layer1 was aborted, got status = HAILO_SHUTDOWN_EVENT_SIGNALED(57)
[2026-06-23 12:02:15.723] [20891] [HailoRT] [info] [queue_elements.cpp:46] [~BaseQueueElement] Queue element EntryPushQEl0yolo26_landmark/input_layer1 has 0 frames in his Queue on destruction
[2026-06-23 12:02:15.723] [20891] [HailoRT] [info] [queue_elements.cpp:46] [~BaseQueueElement] Queue element PushQEl3yolo26_landmark/input_layer1 has 0 frames in his Queue on destruction
[2026-06-23 12:02:15.723] [20891] [HailoRT] [info] [queue_elements.cpp:46] [~BaseQueueElement] Queue element PushQEl0AsyncHwEl has 0 frames in his Queue on destruction
[2026-06-23 12:02:15.723] [20891] [HailoRT] [info] [queue_elements.cpp:46] [~BaseQueueElement] Queue element PushQEl8AsyncHwEl has 0 frames in his Queue on destruction
[2026-06-23 12:02:15.723] [20891] [HailoRT] [info] [queue_elements.cpp:46] [~BaseQueueElement] Queue element PushQEl2AsyncHwEl has 0 frames in his Queue on destruction
[2026-06-23 12:02:15.724] [20891] [HailoRT] [info] [queue_elements.cpp:46] [~BaseQueueElement] Queue element PushQEl1AsyncHwEl has 0 frames in his Queue on destruction
[2026-06-23 12:05:25.548] [21344] [HailoRT] [info] [vdevice.cpp:535] [create] Creating vdevice with params: device_count: 1, scheduling_algorithm: ROUND_ROBIN, multi_process_service: false
[2026-06-23 12:05:25.561] [21344] [HailoRT] [info] [device.cpp:51] [Device] OS Version: Linux 6.18.33+rpt-rpi-2712 #1 SMP PREEMPT Debian 1:6.18.33-1+rpt1 (2026-06-01) aarch64
[2026-06-23 12:05:25.561] [21344] [HailoRT] [info] [control.cpp:113] [control__parse_identify_results] firmware_version is: 4.23.0
[2026-06-23 12:05:25.561] [21344] [HailoRT] [info] [vdevice.cpp:682] [create] VDevice Infos: 0001:01:00.0
[2026-06-23 12:05:25.568] [21344] [HailoRT] [info] [hef.cpp:1994] [get_network_group_and_network_name] No name was given. Addressing all networks of default network_group: yolo26_landmark
[2026-06-23 12:05:25.568] [21344] [HailoRT] [info] [hef.cpp:1994] [get_network_group_and_network_name] No name was given. Addressing all networks of default network_group: yolo26_landmark
[2026-06-23 12:05:25.573] [21344] [HailoRT] [info] [vdevice.cpp:535] [create] Creating vdevice with params: device_count: 1, scheduling_algorithm: ROUND_ROBIN, multi_process_service: false
[2026-06-23 12:05:25.575] [21344] [HailoRT] [info] [hef.cpp:1994] [get_network_group_and_network_name] No name was given. Addressing all networks of default network_group: arcface_mobilefacenet
[2026-06-23 12:05:25.575] [21344] [HailoRT] [info] [hef.cpp:1994] [get_network_group_and_network_name] No name was given. Addressing all networks of default network_group: arcface_mobilefacenet
[2026-06-23 12:05:25.777] [21361] [HailoRT] [info] [internal_buffer_manager.cpp:77] [print_execution_results] Planned internal buffer memory: CMA=0 CMA-Desc=655360 Pinned=1436160. memory to edge layer usage factor is 0.84007186
[2026-06-23 12:05:25.777] [21361] [HailoRT] [info] [internal_buffer_manager.cpp:86] [print_execution_results] Default Internal buffer planner executed successfully
[2026-06-23 12:05:25.800] [21361] [HailoRT] [info] [device_internal.cpp:57] [configure] Configuring HEF took 30.703075 milliseconds
[2026-06-23 12:05:25.800] [21361] [HailoRT] [info] [vdevice.cpp:780] [configure] Configuring HEF on VDevice took 31.119241 milliseconds
[2026-06-23 12:05:25.800] [21361] [HailoRT] [info] [infer_model.cpp:417] [configure] Configuring network group 'yolo26_landmark' with params: batch size: 0, power mode: PERFORMANCE, latency: NONE
[2026-06-23 12:05:25.800] [21361] [HailoRT] [info] [multi_io_elements.cpp:754] [create] Created (AsyncHwEl)
[2026-06-23 12:05:25.801] [21361] [HailoRT] [info] [queue_elements.cpp:450] [create] Created (EntryPushQEl0yolo26_landmark/input_layer1 | timeout: 10s)
[2026-06-23 12:05:25.801] [21361] [HailoRT] [info] [filter_elements.cpp:101] [create] Created (PreInferEl3yolo26_landmark/input_layer1 | Reorder - src_order: RGB4, src_shape: (640, 640, 3), dst_order: NHCW, dst_shape: (640, 640, 3))
[2026-06-23 12:05:25.801] [21361] [HailoRT] [info] [queue_elements.cpp:450] [create] Created (PushQEl3yolo26_landmark/input_layer1 | timeout: 10s)
[2026-06-23 12:05:25.801] [21361] [HailoRT] [info] [edge_elements.cpp:187] [create] Created (LastAsyncEl6AsyncHwEl)
[2026-06-23 12:05:25.801] [21361] [HailoRT] [info] [edge_elements.cpp:187] [create] Created (LastAsyncEl4AsyncHwEl)
[2026-06-23 12:05:25.801] [21361] [HailoRT] [info] [edge_elements.cpp:187] [create] Created (LastAsyncEl5AsyncHwEl)
[2026-06-23 12:05:25.801] [21361] [HailoRT] [info] [queue_elements.cpp:450] [create] Created (PushQEl0AsyncHwEl | timeout: 10s)
[2026-06-23 12:05:25.801] [21361] [HailoRT] [info] [filter_elements.cpp:372] [create] Created (PostInferEl0AsyncHwEl | Reorder - src_order: FCR, src_shape: (20, 20, 8), dst_order: FCR, dst_shape: (20, 20, 4))
[2026-06-23 12:05:25.801] [21361] [HailoRT] [info] [edge_elements.cpp:187] [create] Created (LastAsyncEl0PostInferEl0AsyncHwEl)
[2026-06-23 12:05:25.801] [21361] [HailoRT] [info] [edge_elements.cpp:187] [create] Created (LastAsyncEl7AsyncHwEl)
[2026-06-23 12:05:25.801] [21361] [HailoRT] [info] [queue_elements.cpp:450] [create] Created (PushQEl8AsyncHwEl | timeout: 10s)
[2026-06-23 12:05:25.801] [21361] [HailoRT] [info] [filter_elements.cpp:372] [create] Created (PostInferEl8AsyncHwEl | Reorder - src_order: FCR, src_shape: (80, 80, 16), dst_order: FCR, dst_shape: (80, 80, 15))
[2026-06-23 12:05:25.801] [21361] [HailoRT] [info] [edge_elements.cpp:187] [create] Created (LastAsyncEl0PostInferEl8AsyncHwEl)
[2026-06-23 12:05:25.801] [21361] [HailoRT] [info] [edge_elements.cpp:187] [create] Created (LastAsyncEl3AsyncHwEl)
[2026-06-23 12:05:25.802] [21361] [HailoRT] [info] [queue_elements.cpp:450] [create] Created (PushQEl2AsyncHwEl | timeout: 10s)
[2026-06-23 12:05:25.802] [21361] [HailoRT] [info] [filter_elements.cpp:372] [create] Created (PostInferEl2AsyncHwEl | Reorder - src_order: FCR, src_shape: (40, 40, 16), dst_order: FCR, dst_shape: (40, 40, 15))
[2026-06-23 12:05:25.802] [21361] [HailoRT] [info] [edge_elements.cpp:187] [create] Created (LastAsyncEl0PostInferEl2AsyncHwEl)
[2026-06-23 12:05:25.802] [21361] [HailoRT] [info] [queue_elements.cpp:450] [create] Created (PushQEl1AsyncHwEl | timeout: 10s)
[2026-06-23 12:05:25.802] [21361] [HailoRT] [info] [filter_elements.cpp:372] [create] Created (PostInferEl1AsyncHwEl | Reorder - src_order: FCR, src_shape: (20, 20, 16), dst_order: FCR, dst_shape: (20, 20, 15))
[2026-06-23 12:05:25.802] [21361] [HailoRT] [info] [edge_elements.cpp:187] [create] Created (LastAsyncEl0PostInferEl1AsyncHwEl)
[2026-06-23 12:05:25.802] [21361] [HailoRT] [info] [pipeline.cpp:891] [print_deep_description] EntryPushQEl0yolo26_landmark/input_layer1 | inputs: user | outputs: PreInferEl3yolo26_landmark/input_layer1(running in thread_id: 21368)
[2026-06-23 12:05:25.802] [21361] [HailoRT] [info] [pipeline.cpp:891] [print_deep_description] PreInferEl3yolo26_landmark/input_layer1 | inputs: EntryPushQEl0yolo26_landmark/input_layer1[0] | outputs: PushQEl3yolo26_landmark/input_layer1
[2026-06-23 12:05:25.802] [21361] [HailoRT] [info] [pipeline.cpp:891] [print_deep_description] PushQEl3yolo26_landmark/input_layer1 | inputs: PreInferEl3yolo26_landmark/input_layer1[0] | outputs: AsyncHwEl(running in thread_id: 21369)
[2026-06-23 12:05:25.802] [21361] [HailoRT] [info] [pipeline.cpp:891] [print_deep_description] AsyncHwEl | inputs: PushQEl3yolo26_landmark/input_layer1[0] | outputs: PushQEl0AsyncHwEl PushQEl1AsyncHwEl PushQEl2AsyncHwEl LastAsyncEl3AsyncHwEl LastAsyncEl4AsyncHwEl LastAsyncEl5AsyncHwEl LastAsyncEl6AsyncHwEl LastAsyncEl7AsyncHwEl PushQEl8AsyncHwEl
[2026-06-23 12:05:25.802] [21361] [HailoRT] [info] [pipeline.cpp:891] [print_deep_description] PushQEl0AsyncHwEl | inputs: AsyncHwEl[0] | outputs: PostInferEl0AsyncHwEl(running in thread_id: 21370)
[2026-06-23 12:05:25.802] [21361] [HailoRT] [info] [pipeline.cpp:891] [print_deep_description] PostInferEl0AsyncHwEl | inputs: PushQEl0AsyncHwEl[0] | outputs: LastAsyncEl0PostInferEl0AsyncHwEl
[2026-06-23 12:05:25.802] [21361] [HailoRT] [info] [pipeline.cpp:891] [print_deep_description] LastAsyncEl0PostInferEl0AsyncHwEl | inputs: PostInferEl0AsyncHwEl[0] | outputs: user
[2026-06-23 12:05:25.802] [21361] [HailoRT] [info] [pipeline.cpp:891] [print_deep_description] PushQEl1AsyncHwEl | inputs: AsyncHwEl[0] | outputs: PostInferEl1AsyncHwEl(running in thread_id: 21373)
[2026-06-23 12:05:25.802] [21361] [HailoRT] [info] [pipeline.cpp:891] [print_deep_description] PostInferEl1AsyncHwEl | inputs: PushQEl1AsyncHwEl[0] | outputs: LastAsyncEl0PostInferEl1AsyncHwEl
[2026-06-23 12:05:25.802] [21361] [HailoRT] [info] [pipeline.cpp:891] [print_deep_description] LastAsyncEl0PostInferEl1AsyncHwEl | inputs: PostInferEl1AsyncHwEl[0] | outputs: user
[2026-06-23 12:05:25.802] [21361] [HailoRT] [info] [pipeline.cpp:891] [print_deep_description] PushQEl2AsyncHwEl | inputs: AsyncHwEl[0] | outputs: PostInferEl2AsyncHwEl(running in thread_id: 21372)
[2026-06-23 12:05:25.802] [21361] [HailoRT] [info] [pipeline.cpp:891] [print_deep_description] PostInferEl2AsyncHwEl | inputs: PushQEl2AsyncHwEl[0] | outputs: LastAsyncEl0PostInferEl2AsyncHwEl
[2026-06-23 12:05:25.802] [21361] [HailoRT] [info] [pipeline.cpp:891] [print_deep_description] LastAsyncEl0PostInferEl2AsyncHwEl | inputs: PostInferEl2AsyncHwEl[0] | outputs: user
[2026-06-23 12:05:25.802] [21361] [HailoRT] [info] [pipeline.cpp:891] [print_deep_description] LastAsyncEl3AsyncHwEl | inputs: AsyncHwEl[0] | outputs: user
[2026-06-23 12:05:25.802] [21361] [HailoRT] [info] [pipeline.cpp:891] [print_deep_description] LastAsyncEl4AsyncHwEl | inputs: AsyncHwEl[0] | outputs: user
[2026-06-23 12:05:25.802] [21361] [HailoRT] [info] [pipeline.cpp:891] [print_deep_description] LastAsyncEl5AsyncHwEl | inputs: AsyncHwEl[0] | outputs: user
[2026-06-23 12:05:25.802] [21361] [HailoRT] [info] [pipeline.cpp:891] [print_deep_description] LastAsyncEl6AsyncHwEl | inputs: AsyncHwEl[0] | outputs: user
[2026-06-23 12:05:25.802] [21361] [HailoRT] [info] [pipeline.cpp:891] [print_deep_description] LastAsyncEl7AsyncHwEl | inputs: AsyncHwEl[0] | outputs: user
[2026-06-23 12:05:25.802] [21361] [HailoRT] [info] [pipeline.cpp:891] [print_deep_description] PushQEl8AsyncHwEl | inputs: AsyncHwEl[0] | outputs: PostInferEl8AsyncHwEl(running in thread_id: 21371)
[2026-06-23 12:05:25.802] [21361] [HailoRT] [info] [pipeline.cpp:891] [print_deep_description] PostInferEl8AsyncHwEl | inputs: PushQEl8AsyncHwEl[0] | outputs: LastAsyncEl0PostInferEl8AsyncHwEl
[2026-06-23 12:05:25.802] [21361] [HailoRT] [info] [pipeline.cpp:891] [print_deep_description] LastAsyncEl0PostInferEl8AsyncHwEl | inputs: PostInferEl8AsyncHwEl[0] | outputs: user
[2026-06-23 12:05:25.813] [21361] [HailoRT] [info] [hef.cpp:1994] [get_network_group_and_network_name] No name was given. Addressing all networks of default network_group: yolo26_landmark
[2026-06-23 12:05:25.845] [21375] [HailoRT] [info] [internal_buffer_manager.cpp:75] [print_execution_results] Default Internal buffer planner failed to meet requirements
[2026-06-23 12:05:25.845] [21375] [HailoRT] [info] [internal_buffer_manager.cpp:86] [print_execution_results] Default Internal buffer planner executed successfully
[2026-06-23 12:05:25.883] [21375] [HailoRT] [info] [device_internal.cpp:57] [configure] Configuring HEF took 39.711885 milliseconds
[2026-06-23 12:05:25.883] [21375] [HailoRT] [info] [vdevice.cpp:780] [configure] Configuring HEF on VDevice took 40.041866 milliseconds
[2026-06-23 12:05:25.883] [21375] [HailoRT] [info] [infer_model.cpp:417] [configure] Configuring network group 'arcface_mobilefacenet' with params: batch size: 0, power mode: PERFORMANCE, latency: NONE
[2026-06-23 12:05:25.883] [21375] [HailoRT] [info] [multi_io_elements.cpp:754] [create] Created (AsyncHwEl)
[2026-06-23 12:05:25.884] [21375] [HailoRT] [info] [queue_elements.cpp:450] [create] Created (EntryPushQEl0arcface_mobilefacenet/input_layer1 | timeout: 10s)
[2026-06-23 12:05:25.885] [21375] [HailoRT] [info] [filter_elements.cpp:101] [create] Created (PreInferEl1arcface_mobilefacenet/input_layer1 | Reorder - src_order: RGB4, src_shape: (112, 112, 3), dst_order: NHWC, dst_shape: (112, 112, 3))
[2026-06-23 12:05:25.888] [21375] [HailoRT] [info] [queue_elements.cpp:450] [create] Created (PushQEl1arcface_mobilefacenet/input_layer1 | timeout: 10s)
[2026-06-23 12:05:25.889] [21375] [HailoRT] [info] [edge_elements.cpp:187] [create] Created (LastAsyncEl0AsyncHwEl)
[2026-06-23 12:05:25.889] [21375] [HailoRT] [info] [pipeline.cpp:891] [print_deep_description] EntryPushQEl0arcface_mobilefacenet/input_layer1 | inputs: user | outputs: PreInferEl1arcface_mobilefacenet/input_layer1(running in thread_id: 21376)
[2026-06-23 12:05:25.889] [21375] [HailoRT] [info] [pipeline.cpp:891] [print_deep_description] PreInferEl1arcface_mobilefacenet/input_layer1 | inputs: EntryPushQEl0arcface_mobilefacenet/input_layer1[0] | outputs: PushQEl1arcface_mobilefacenet/input_layer1
[2026-06-23 12:05:25.889] [21375] [HailoRT] [info] [pipeline.cpp:891] [print_deep_description] PushQEl1arcface_mobilefacenet/input_layer1 | inputs: PreInferEl1arcface_mobilefacenet/input_layer1[0] | outputs: AsyncHwEl(running in thread_id: 21377)
[2026-06-23 12:05:25.889] [21375] [HailoRT] [info] [pipeline.cpp:891] [print_deep_description] AsyncHwEl | inputs: PushQEl1arcface_mobilefacenet/input_layer1[0] | outputs: LastAsyncEl0AsyncHwEl
[2026-06-23 12:05:25.889] [21375] [HailoRT] [info] [pipeline.cpp:891] [print_deep_description] LastAsyncEl0AsyncHwEl | inputs: AsyncHwEl[0] | outputs: user
[2026-06-23 12:05:25.963] [21357] [HailoRT] [info] [hef.cpp:1994] [get_network_group_and_network_name] No name was given. Addressing all networks of default network_group: arcface_mobilefacenet
[2026-06-23 12:08:28.051] [21793] [HailoRT] [info] [vdevice.cpp:535] [create] Creating vdevice with params: device_count: 1, scheduling_algorithm: ROUND_ROBIN, multi_process_service: false
[2026-06-23 12:08:28.064] [21793] [HailoRT] [info] [device.cpp:51] [Device] OS Version: Linux 6.18.33+rpt-rpi-2712 #1 SMP PREEMPT Debian 1:6.18.33-1+rpt1 (2026-06-01) aarch64
[2026-06-23 12:08:28.064] [21793] [HailoRT] [info] [control.cpp:113] [control__parse_identify_results] firmware_version is: 4.23.0
[2026-06-23 12:08:28.064] [21793] [HailoRT] [info] [vdevice.cpp:682] [create] VDevice Infos: 0001:01:00.0
[2026-06-23 12:08:28.070] [21793] [HailoRT] [info] [hef.cpp:1994] [get_network_group_and_network_name] No name was given. Addressing all networks of default network_group: yolo26_landmark
[2026-06-23 12:08:28.070] [21793] [HailoRT] [info] [hef.cpp:1994] [get_network_group_and_network_name] No name was given. Addressing all networks of default network_group: yolo26_landmark
[2026-06-23 12:08:28.076] [21793] [HailoRT] [info] [vdevice.cpp:535] [create] Creating vdevice with params: device_count: 1, scheduling_algorithm: ROUND_ROBIN, multi_process_service: false
[2026-06-23 12:08:28.079] [21793] [HailoRT] [info] [hef.cpp:1994] [get_network_group_and_network_name] No name was given. Addressing all networks of default network_group: arcface_mobilefacenet
[2026-06-23 12:08:28.079] [21793] [HailoRT] [info] [hef.cpp:1994] [get_network_group_and_network_name] No name was given. Addressing all networks of default network_group: arcface_mobilefacenet
[2026-06-23 12:08:28.246] [21793] [HailoRT] [info] [internal_buffer_manager.cpp:75] [print_execution_results] Default Internal buffer planner failed to meet requirements
[2026-06-23 12:08:28.246] [21793] [HailoRT] [info] [internal_buffer_manager.cpp:86] [print_execution_results] Default Internal buffer planner executed successfully
[2026-06-23 12:08:28.252] [21793] [HailoRT] [info] [device_internal.cpp:57] [configure] Configuring HEF took 10.965272 milliseconds
[2026-06-23 12:08:28.252] [21793] [HailoRT] [info] [vdevice.cpp:780] [configure] Configuring HEF on VDevice took 11.211328 milliseconds
[2026-06-23 12:08:28.252] [21793] [HailoRT] [info] [infer_model.cpp:417] [configure] Configuring network group 'arcface_mobilefacenet' with params: batch size: 0, power mode: PERFORMANCE, latency: NONE
[2026-06-23 12:08:28.252] [21793] [HailoRT] [info] [multi_io_elements.cpp:754] [create] Created (AsyncHwEl)
[2026-06-23 12:08:28.252] [21793] [HailoRT] [info] [queue_elements.cpp:450] [create] Created (EntryPushQEl0arcface_mobilefacenet/input_layer1 | timeout: 10s)
[2026-06-23 12:08:28.252] [21793] [HailoRT] [info] [filter_elements.cpp:101] [create] Created (PreInferEl1arcface_mobilefacenet/input_layer1 | Reorder - src_order: RGB4, src_shape: (112, 112, 3), dst_order: NHWC, dst_shape: (112, 112, 3))
[2026-06-23 12:08:28.252] [21793] [HailoRT] [info] [queue_elements.cpp:450] [create] Created (PushQEl1arcface_mobilefacenet/input_layer1 | timeout: 10s)
[2026-06-23 12:08:28.252] [21793] [HailoRT] [info] [edge_elements.cpp:187] [create] Created (LastAsyncEl0AsyncHwEl)
[2026-06-23 12:08:28.252] [21793] [HailoRT] [info] [pipeline.cpp:891] [print_deep_description] EntryPushQEl0arcface_mobilefacenet/input_layer1 | inputs: user | outputs: PreInferEl1arcface_mobilefacenet/input_layer1(running in thread_id: 21814)
[2026-06-23 12:08:28.252] [21793] [HailoRT] [info] [pipeline.cpp:891] [print_deep_description] PreInferEl1arcface_mobilefacenet/input_layer1 | inputs: EntryPushQEl0arcface_mobilefacenet/input_layer1[0] | outputs: PushQEl1arcface_mobilefacenet/input_layer1
[2026-06-23 12:08:28.252] [21793] [HailoRT] [info] [pipeline.cpp:891] [print_deep_description] PushQEl1arcface_mobilefacenet/input_layer1 | inputs: PreInferEl1arcface_mobilefacenet/input_layer1[0] | outputs: AsyncHwEl(running in thread_id: 21815)
[2026-06-23 12:08:28.252] [21793] [HailoRT] [info] [pipeline.cpp:891] [print_deep_description] AsyncHwEl | inputs: PushQEl1arcface_mobilefacenet/input_layer1[0] | outputs: LastAsyncEl0AsyncHwEl
[2026-06-23 12:08:28.252] [21793] [HailoRT] [info] [pipeline.cpp:891] [print_deep_description] LastAsyncEl0AsyncHwEl | inputs: AsyncHwEl[0] | outputs: user
[2026-06-23 12:08:28.256] [21793] [HailoRT] [info] [internal_buffer_manager.cpp:77] [print_execution_results] Planned internal buffer memory: CMA=0 CMA-Desc=655360 Pinned=1436160. memory to edge layer usage factor is 0.84007186
[2026-06-23 12:08:28.256] [21793] [HailoRT] [info] [internal_buffer_manager.cpp:86] [print_execution_results] Default Internal buffer planner executed successfully
[2026-06-23 12:08:28.278] [21793] [HailoRT] [info] [device_internal.cpp:57] [configure] Configuring HEF took 24.41982 milliseconds
[2026-06-23 12:08:28.279] [21793] [HailoRT] [info] [vdevice.cpp:780] [configure] Configuring HEF on VDevice took 24.787839 milliseconds
[2026-06-23 12:08:28.279] [21793] [HailoRT] [info] [infer_model.cpp:417] [configure] Configuring network group 'yolo26_landmark' with params: batch size: 0, power mode: PERFORMANCE, latency: NONE
[2026-06-23 12:08:28.279] [21793] [HailoRT] [info] [multi_io_elements.cpp:754] [create] Created (AsyncHwEl)
[2026-06-23 12:08:28.279] [21793] [HailoRT] [info] [queue_elements.cpp:450] [create] Created (EntryPushQEl0yolo26_landmark/input_layer1 | timeout: 10s)
[2026-06-23 12:08:28.279] [21793] [HailoRT] [info] [filter_elements.cpp:101] [create] Created (PreInferEl3yolo26_landmark/input_layer1 | Reorder - src_order: RGB4, src_shape: (640, 640, 3), dst_order: NHCW, dst_shape: (640, 640, 3))
[2026-06-23 12:08:28.279] [21793] [HailoRT] [info] [queue_elements.cpp:450] [create] Created (PushQEl3yolo26_landmark/input_layer1 | timeout: 10s)
[2026-06-23 12:08:28.279] [21793] [HailoRT] [info] [edge_elements.cpp:187] [create] Created (LastAsyncEl6AsyncHwEl)
[2026-06-23 12:08:28.279] [21793] [HailoRT] [info] [edge_elements.cpp:187] [create] Created (LastAsyncEl4AsyncHwEl)
[2026-06-23 12:08:28.279] [21793] [HailoRT] [info] [edge_elements.cpp:187] [create] Created (LastAsyncEl5AsyncHwEl)
[2026-06-23 12:08:28.280] [21793] [HailoRT] [info] [queue_elements.cpp:450] [create] Created (PushQEl0AsyncHwEl | timeout: 10s)
[2026-06-23 12:08:28.280] [21793] [HailoRT] [info] [filter_elements.cpp:372] [create] Created (PostInferEl0AsyncHwEl | Reorder - src_order: FCR, src_shape: (20, 20, 8), dst_order: FCR, dst_shape: (20, 20, 4))
[2026-06-23 12:08:28.280] [21793] [HailoRT] [info] [edge_elements.cpp:187] [create] Created (LastAsyncEl0PostInferEl0AsyncHwEl)
[2026-06-23 12:08:28.280] [21793] [HailoRT] [info] [edge_elements.cpp:187] [create] Created (LastAsyncEl7AsyncHwEl)
[2026-06-23 12:08:28.280] [21793] [HailoRT] [info] [queue_elements.cpp:450] [create] Created (PushQEl8AsyncHwEl | timeout: 10s)
[2026-06-23 12:08:28.280] [21793] [HailoRT] [info] [filter_elements.cpp:372] [create] Created (PostInferEl8AsyncHwEl | Reorder - src_order: FCR, src_shape: (80, 80, 16), dst_order: FCR, dst_shape: (80, 80, 15))
[2026-06-23 12:08:28.280] [21793] [HailoRT] [info] [edge_elements.cpp:187] [create] Created (LastAsyncEl0PostInferEl8AsyncHwEl)
[2026-06-23 12:08:28.280] [21793] [HailoRT] [info] [edge_elements.cpp:187] [create] Created (LastAsyncEl3AsyncHwEl)
[2026-06-23 12:08:28.280] [21793] [HailoRT] [info] [queue_elements.cpp:450] [create] Created (PushQEl2AsyncHwEl | timeout: 10s)
[2026-06-23 12:08:28.280] [21793] [HailoRT] [info] [filter_elements.cpp:372] [create] Created (PostInferEl2AsyncHwEl | Reorder - src_order: FCR, src_shape: (40, 40, 16), dst_order: FCR, dst_shape: (40, 40, 15))
[2026-06-23 12:08:28.280] [21793] [HailoRT] [info] [edge_elements.cpp:187] [create] Created (LastAsyncEl0PostInferEl2AsyncHwEl)
[2026-06-23 12:08:28.280] [21793] [HailoRT] [info] [queue_elements.cpp:450] [create] Created (PushQEl1AsyncHwEl | timeout: 10s)
[2026-06-23 12:08:28.280] [21793] [HailoRT] [info] [filter_elements.cpp:372] [create] Created (PostInferEl1AsyncHwEl | Reorder - src_order: FCR, src_shape: (20, 20, 16), dst_order: FCR, dst_shape: (20, 20, 15))
[2026-06-23 12:08:28.280] [21793] [HailoRT] [info] [edge_elements.cpp:187] [create] Created (LastAsyncEl0PostInferEl1AsyncHwEl)
[2026-06-23 12:08:28.280] [21793] [HailoRT] [info] [pipeline.cpp:891] [print_deep_description] EntryPushQEl0yolo26_landmark/input_layer1 | inputs: user | outputs: PreInferEl3yolo26_landmark/input_layer1(running in thread_id: 21816)
[2026-06-23 12:08:28.280] [21793] [HailoRT] [info] [pipeline.cpp:891] [print_deep_description] PreInferEl3yolo26_landmark/input_layer1 | inputs: EntryPushQEl0yolo26_landmark/input_layer1[0] | outputs: PushQEl3yolo26_landmark/input_layer1
[2026-06-23 12:08:28.280] [21793] [HailoRT] [info] [pipeline.cpp:891] [print_deep_description] PushQEl3yolo26_landmark/input_layer1 | inputs: PreInferEl3yolo26_landmark/input_layer1[0] | outputs: AsyncHwEl(running in thread_id: 21817)
[2026-06-23 12:08:28.280] [21793] [HailoRT] [info] [pipeline.cpp:891] [print_deep_description] AsyncHwEl | inputs: PushQEl3yolo26_landmark/input_layer1[0] | outputs: PushQEl0AsyncHwEl PushQEl1AsyncHwEl PushQEl2AsyncHwEl LastAsyncEl3AsyncHwEl LastAsyncEl4AsyncHwEl LastAsyncEl5AsyncHwEl LastAsyncEl6AsyncHwEl LastAsyncEl7AsyncHwEl PushQEl8AsyncHwEl
[2026-06-23 12:08:28.280] [21793] [HailoRT] [info] [pipeline.cpp:891] [print_deep_description] PushQEl0AsyncHwEl | inputs: AsyncHwEl[0] | outputs: PostInferEl0AsyncHwEl(running in thread_id: 21818)
[2026-06-23 12:08:28.280] [21793] [HailoRT] [info] [pipeline.cpp:891] [print_deep_description] PostInferEl0AsyncHwEl | inputs: PushQEl0AsyncHwEl[0] | outputs: LastAsyncEl0PostInferEl0AsyncHwEl
[2026-06-23 12:08:28.280] [21793] [HailoRT] [info] [pipeline.cpp:891] [print_deep_description] LastAsyncEl0PostInferEl0AsyncHwEl | inputs: PostInferEl0AsyncHwEl[0] | outputs: user
[2026-06-23 12:08:28.280] [21793] [HailoRT] [info] [pipeline.cpp:891] [print_deep_description] PushQEl1AsyncHwEl | inputs: AsyncHwEl[0] | outputs: PostInferEl1AsyncHwEl(running in thread_id: 21821)
[2026-06-23 12:08:28.280] [21793] [HailoRT] [info] [pipeline.cpp:891] [print_deep_description] PostInferEl1AsyncHwEl | inputs: PushQEl1AsyncHwEl[0] | outputs: LastAsyncEl0PostInferEl1AsyncHwEl
[2026-06-23 12:08:28.280] [21793] [HailoRT] [info] [pipeline.cpp:891] [print_deep_description] LastAsyncEl0PostInferEl1AsyncHwEl | inputs: PostInferEl1AsyncHwEl[0] | outputs: user
[2026-06-23 12:08:28.280] [21793] [HailoRT] [info] [pipeline.cpp:891] [print_deep_description] PushQEl2AsyncHwEl | inputs: AsyncHwEl[0] | outputs: PostInferEl2AsyncHwEl(running in thread_id: 21820)
[2026-06-23 12:08:28.280] [21793] [HailoRT] [info] [pipeline.cpp:891] [print_deep_description] PostInferEl2AsyncHwEl | inputs: PushQEl2AsyncHwEl[0] | outputs: LastAsyncEl0PostInferEl2AsyncHwEl
[2026-06-23 12:08:28.280] [21793] [HailoRT] [info] [pipeline.cpp:891] [print_deep_description] LastAsyncEl0PostInferEl2AsyncHwEl | inputs: PostInferEl2AsyncHwEl[0] | outputs: user
[2026-06-23 12:08:28.280] [21793] [HailoRT] [info] [pipeline.cpp:891] [print_deep_description] LastAsyncEl3AsyncHwEl | inputs: AsyncHwEl[0] | outputs: user
[2026-06-23 12:08:28.280] [21793] [HailoRT] [info] [pipeline.cpp:891] [print_deep_description] LastAsyncEl4AsyncHwEl | inputs: AsyncHwEl[0] | outputs: user
[2026-06-23 12:08:28.280] [21793] [HailoRT] [info] [pipeline.cpp:891] [print_deep_description] LastAsyncEl5AsyncHwEl | inputs: AsyncHwEl[0] | outputs: user
[2026-06-23 12:08:28.280] [21793] [HailoRT] [info] [pipeline.cpp:891] [print_deep_description] LastAsyncEl6AsyncHwEl | inputs: AsyncHwEl[0] | outputs: user
[2026-06-23 12:08:28.280] [21793] [HailoRT] [info] [pipeline.cpp:891] [print_deep_description] LastAsyncEl7AsyncHwEl | inputs: AsyncHwEl[0] | outputs: user
[2026-06-23 12:08:28.280] [21793] [HailoRT] [info] [pipeline.cpp:891] [print_deep_description] PushQEl8AsyncHwEl | inputs: AsyncHwEl[0] | outputs: PostInferEl8AsyncHwEl(running in thread_id: 21819)
[2026-06-23 12:08:28.281] [21793] [HailoRT] [info] [pipeline.cpp:891] [print_deep_description] PostInferEl8AsyncHwEl | inputs: PushQEl8AsyncHwEl[0] | outputs: LastAsyncEl0PostInferEl8AsyncHwEl
[2026-06-23 12:08:28.281] [21793] [HailoRT] [info] [pipeline.cpp:891] [print_deep_description] LastAsyncEl0PostInferEl8AsyncHwEl | inputs: PostInferEl8AsyncHwEl[0] | outputs: user
[2026-06-23 12:09:59.366] [22088] [HailoRT] [info] [vdevice.cpp:535] [create] Creating vdevice with params: device_count: 1, scheduling_algorithm: ROUND_ROBIN, multi_process_service: false
[2026-06-23 12:09:59.377] [22088] [HailoRT] [info] [device.cpp:51] [Device] OS Version: Linux 6.18.33+rpt-rpi-2712 #1 SMP PREEMPT Debian 1:6.18.33-1+rpt1 (2026-06-01) aarch64
[2026-06-23 12:09:59.377] [22088] [HailoRT] [info] [control.cpp:113] [control__parse_identify_results] firmware_version is: 4.23.0
[2026-06-23 12:09:59.377] [22088] [HailoRT] [info] [vdevice.cpp:682] [create] VDevice Infos: 0001:01:00.0
[2026-06-23 12:09:59.386] [22088] [HailoRT] [info] [hef.cpp:1994] [get_network_group_and_network_name] No name was given. Addressing all networks of default network_group: yolo26_landmark
[2026-06-23 12:09:59.386] [22088] [HailoRT] [info] [hef.cpp:1994] [get_network_group_and_network_name] No name was given. Addressing all networks of default network_group: yolo26_landmark
[2026-06-23 12:09:59.392] [22088] [HailoRT] [info] [vdevice.cpp:535] [create] Creating vdevice with params: device_count: 1, scheduling_algorithm: ROUND_ROBIN, multi_process_service: false
[2026-06-23 12:09:59.394] [22088] [HailoRT] [info] [hef.cpp:1994] [get_network_group_and_network_name] No name was given. Addressing all networks of default network_group: arcface_mobilefacenet
[2026-06-23 12:09:59.394] [22088] [HailoRT] [info] [hef.cpp:1994] [get_network_group_and_network_name] No name was given. Addressing all networks of default network_group: arcface_mobilefacenet
[2026-06-23 12:09:59.562] [22088] [HailoRT] [info] [internal_buffer_manager.cpp:75] [print_execution_results] Default Internal buffer planner failed to meet requirements
[2026-06-23 12:09:59.562] [22088] [HailoRT] [info] [internal_buffer_manager.cpp:86] [print_execution_results] Default Internal buffer planner executed successfully
[2026-06-23 12:09:59.568] [22088] [HailoRT] [info] [device_internal.cpp:57] [configure] Configuring HEF took 10.914068 milliseconds
[2026-06-23 12:09:59.568] [22088] [HailoRT] [info] [vdevice.cpp:780] [configure] Configuring HEF on VDevice took 11.159569 milliseconds
[2026-06-23 12:09:59.568] [22088] [HailoRT] [info] [infer_model.cpp:417] [configure] Configuring network group 'arcface_mobilefacenet' with params: batch size: 0, power mode: PERFORMANCE, latency: NONE
[2026-06-23 12:09:59.568] [22088] [HailoRT] [info] [multi_io_elements.cpp:754] [create] Created (AsyncHwEl)
[2026-06-23 12:09:59.568] [22088] [HailoRT] [info] [queue_elements.cpp:450] [create] Created (EntryPushQEl0arcface_mobilefacenet/input_layer1 | timeout: 10s)
[2026-06-23 12:09:59.568] [22088] [HailoRT] [info] [filter_elements.cpp:101] [create] Created (PreInferEl1arcface_mobilefacenet/input_layer1 | Reorder - src_order: RGB4, src_shape: (112, 112, 3), dst_order: NHWC, dst_shape: (112, 112, 3))
[2026-06-23 12:09:59.568] [22088] [HailoRT] [info] [queue_elements.cpp:450] [create] Created (PushQEl1arcface_mobilefacenet/input_layer1 | timeout: 10s)
[2026-06-23 12:09:59.568] [22088] [HailoRT] [info] [edge_elements.cpp:187] [create] Created (LastAsyncEl0AsyncHwEl)
[2026-06-23 12:09:59.568] [22088] [HailoRT] [info] [pipeline.cpp:891] [print_deep_description] EntryPushQEl0arcface_mobilefacenet/input_layer1 | inputs: user | outputs: PreInferEl1arcface_mobilefacenet/input_layer1(running in thread_id: 22110)
[2026-06-23 12:09:59.568] [22088] [HailoRT] [info] [pipeline.cpp:891] [print_deep_description] PreInferEl1arcface_mobilefacenet/input_layer1 | inputs: EntryPushQEl0arcface_mobilefacenet/input_layer1[0] | outputs: PushQEl1arcface_mobilefacenet/input_layer1
[2026-06-23 12:09:59.568] [22088] [HailoRT] [info] [pipeline.cpp:891] [print_deep_description] PushQEl1arcface_mobilefacenet/input_layer1 | inputs: PreInferEl1arcface_mobilefacenet/input_layer1[0] | outputs: AsyncHwEl(running in thread_id: 22111)
[2026-06-23 12:09:59.568] [22088] [HailoRT] [info] [pipeline.cpp:891] [print_deep_description] AsyncHwEl | inputs: PushQEl1arcface_mobilefacenet/input_layer1[0] | outputs: LastAsyncEl0AsyncHwEl
[2026-06-23 12:09:59.568] [22088] [HailoRT] [info] [pipeline.cpp:891] [print_deep_description] LastAsyncEl0AsyncHwEl | inputs: AsyncHwEl[0] | outputs: user
[2026-06-23 12:09:59.572] [22088] [HailoRT] [info] [internal_buffer_manager.cpp:77] [print_execution_results] Planned internal buffer memory: CMA=0 CMA-Desc=655360 Pinned=1436160. memory to edge layer usage factor is 0.84007186
[2026-06-23 12:09:59.572] [22088] [HailoRT] [info] [internal_buffer_manager.cpp:86] [print_execution_results] Default Internal buffer planner executed successfully
[2026-06-23 12:09:59.593] [22088] [HailoRT] [info] [device_internal.cpp:57] [configure] Configuring HEF took 22.405026 milliseconds
[2026-06-23 12:09:59.593] [22088] [HailoRT] [info] [vdevice.cpp:780] [configure] Configuring HEF on VDevice took 22.809025 milliseconds
[2026-06-23 12:09:59.593] [22088] [HailoRT] [info] [infer_model.cpp:417] [configure] Configuring network group 'yolo26_landmark' with params: batch size: 0, power mode: PERFORMANCE, latency: NONE
[2026-06-23 12:09:59.593] [22088] [HailoRT] [info] [multi_io_elements.cpp:754] [create] Created (AsyncHwEl)
[2026-06-23 12:09:59.593] [22088] [HailoRT] [info] [queue_elements.cpp:450] [create] Created (EntryPushQEl0yolo26_landmark/input_layer1 | timeout: 10s)
[2026-06-23 12:09:59.593] [22088] [HailoRT] [info] [filter_elements.cpp:101] [create] Created (PreInferEl3yolo26_landmark/input_layer1 | Reorder - src_order: RGB4, src_shape: (640, 640, 3), dst_order: NHCW, dst_shape: (640, 640, 3))
[2026-06-23 12:09:59.593] [22088] [HailoRT] [info] [queue_elements.cpp:450] [create] Created (PushQEl3yolo26_landmark/input_layer1 | timeout: 10s)
[2026-06-23 12:09:59.594] [22088] [HailoRT] [info] [edge_elements.cpp:187] [create] Created (LastAsyncEl6AsyncHwEl)
[2026-06-23 12:09:59.594] [22088] [HailoRT] [info] [edge_elements.cpp:187] [create] Created (LastAsyncEl4AsyncHwEl)
[2026-06-23 12:09:59.594] [22088] [HailoRT] [info] [edge_elements.cpp:187] [create] Created (LastAsyncEl5AsyncHwEl)
[2026-06-23 12:09:59.594] [22088] [HailoRT] [info] [queue_elements.cpp:450] [create] Created (PushQEl0AsyncHwEl | timeout: 10s)
[2026-06-23 12:09:59.594] [22088] [HailoRT] [info] [filter_elements.cpp:372] [create] Created (PostInferEl0AsyncHwEl | Reorder - src_order: FCR, src_shape: (20, 20, 8), dst_order: FCR, dst_shape: (20, 20, 4))
[2026-06-23 12:09:59.594] [22088] [HailoRT] [info] [edge_elements.cpp:187] [create] Created (LastAsyncEl0PostInferEl0AsyncHwEl)
[2026-06-23 12:09:59.594] [22088] [HailoRT] [info] [edge_elements.cpp:187] [create] Created (LastAsyncEl7AsyncHwEl)
[2026-06-23 12:09:59.594] [22088] [HailoRT] [info] [queue_elements.cpp:450] [create] Created (PushQEl8AsyncHwEl | timeout: 10s)
[2026-06-23 12:09:59.594] [22088] [HailoRT] [info] [filter_elements.cpp:372] [create] Created (PostInferEl8AsyncHwEl | Reorder - src_order: FCR, src_shape: (80, 80, 16), dst_order: FCR, dst_shape: (80, 80, 15))
[2026-06-23 12:09:59.594] [22088] [HailoRT] [info] [edge_elements.cpp:187] [create] Created (LastAsyncEl0PostInferEl8AsyncHwEl)
[2026-06-23 12:09:59.594] [22088] [HailoRT] [info] [edge_elements.cpp:187] [create] Created (LastAsyncEl3AsyncHwEl)
[2026-06-23 12:09:59.594] [22088] [HailoRT] [info] [queue_elements.cpp:450] [create] Created (PushQEl2AsyncHwEl | timeout: 10s)
[2026-06-23 12:09:59.594] [22088] [HailoRT] [info] [filter_elements.cpp:372] [create] Created (PostInferEl2AsyncHwEl | Reorder - src_order: FCR, src_shape: (40, 40, 16), dst_order: FCR, dst_shape: (40, 40, 15))
[2026-06-23 12:09:59.594] [22088] [HailoRT] [info] [edge_elements.cpp:187] [create] Created (LastAsyncEl0PostInferEl2AsyncHwEl)
[2026-06-23 12:09:59.594] [22088] [HailoRT] [info] [queue_elements.cpp:450] [create] Created (PushQEl1AsyncHwEl | timeout: 10s)
[2026-06-23 12:09:59.594] [22088] [HailoRT] [info] [filter_elements.cpp:372] [create] Created (PostInferEl1AsyncHwEl | Reorder - src_order: FCR, src_shape: (20, 20, 16), dst_order: FCR, dst_shape: (20, 20, 15))
[2026-06-23 12:09:59.594] [22088] [HailoRT] [info] [edge_elements.cpp:187] [create] Created (LastAsyncEl0PostInferEl1AsyncHwEl)
[2026-06-23 12:09:59.594] [22088] [HailoRT] [info] [pipeline.cpp:891] [print_deep_description] EntryPushQEl0yolo26_landmark/input_layer1 | inputs: user | outputs: PreInferEl3yolo26_landmark/input_layer1(running in thread_id: 22112)
[2026-06-23 12:09:59.594] [22088] [HailoRT] [info] [pipeline.cpp:891] [print_deep_description] PreInferEl3yolo26_landmark/input_layer1 | inputs: EntryPushQEl0yolo26_landmark/input_layer1[0] | outputs: PushQEl3yolo26_landmark/input_layer1
[2026-06-23 12:09:59.594] [22088] [HailoRT] [info] [pipeline.cpp:891] [print_deep_description] PushQEl3yolo26_landmark/input_layer1 | inputs: PreInferEl3yolo26_landmark/input_layer1[0] | outputs: AsyncHwEl(running in thread_id: 22113)
[2026-06-23 12:09:59.594] [22088] [HailoRT] [info] [pipeline.cpp:891] [print_deep_description] AsyncHwEl | inputs: PushQEl3yolo26_landmark/input_layer1[0] | outputs: PushQEl0AsyncHwEl PushQEl1AsyncHwEl PushQEl2AsyncHwEl LastAsyncEl3AsyncHwEl LastAsyncEl4AsyncHwEl LastAsyncEl5AsyncHwEl LastAsyncEl6AsyncHwEl LastAsyncEl7AsyncHwEl PushQEl8AsyncHwEl
[2026-06-23 12:09:59.594] [22088] [HailoRT] [info] [pipeline.cpp:891] [print_deep_description] PushQEl0AsyncHwEl | inputs: AsyncHwEl[0] | outputs: PostInferEl0AsyncHwEl(running in thread_id: 22114)
[2026-06-23 12:09:59.594] [22088] [HailoRT] [info] [pipeline.cpp:891] [print_deep_description] PostInferEl0AsyncHwEl | inputs: PushQEl0AsyncHwEl[0] | outputs: LastAsyncEl0PostInferEl0AsyncHwEl
[2026-06-23 12:09:59.594] [22088] [HailoRT] [info] [pipeline.cpp:891] [print_deep_description] LastAsyncEl0PostInferEl0AsyncHwEl | inputs: PostInferEl0AsyncHwEl[0] | outputs: user
[2026-06-23 12:09:59.594] [22088] [HailoRT] [info] [pipeline.cpp:891] [print_deep_description] PushQEl1AsyncHwEl | inputs: AsyncHwEl[0] | outputs: PostInferEl1AsyncHwEl(running in thread_id: 22117)
[2026-06-23 12:09:59.594] [22088] [HailoRT] [info] [pipeline.cpp:891] [print_deep_description] PostInferEl1AsyncHwEl | inputs: PushQEl1AsyncHwEl[0] | outputs: LastAsyncEl0PostInferEl1AsyncHwEl
[2026-06-23 12:09:59.594] [22088] [HailoRT] [info] [pipeline.cpp:891] [print_deep_description] LastAsyncEl0PostInferEl1AsyncHwEl | inputs: PostInferEl1AsyncHwEl[0] | outputs: user
[2026-06-23 12:09:59.594] [22088] [HailoRT] [info] [pipeline.cpp:891] [print_deep_description] PushQEl2AsyncHwEl | inputs: AsyncHwEl[0] | outputs: PostInferEl2AsyncHwEl(running in thread_id: 22116)
[2026-06-23 12:09:59.594] [22088] [HailoRT] [info] [pipeline.cpp:891] [print_deep_description] PostInferEl2AsyncHwEl | inputs: PushQEl2AsyncHwEl[0] | outputs: LastAsyncEl0PostInferEl2AsyncHwEl
[2026-06-23 12:09:59.594] [22088] [HailoRT] [info] [pipeline.cpp:891] [print_deep_description] LastAsyncEl0PostInferEl2AsyncHwEl | inputs: PostInferEl2AsyncHwEl[0] | outputs: user
[2026-06-23 12:09:59.594] [22088] [HailoRT] [info] [pipeline.cpp:891] [print_deep_description] LastAsyncEl3AsyncHwEl | inputs: AsyncHwEl[0] | outputs: user
[2026-06-23 12:09:59.594] [22088] [HailoRT] [info] [pipeline.cpp:891] [print_deep_description] LastAsyncEl4AsyncHwEl | inputs: AsyncHwEl[0] | outputs: user
[2026-06-23 12:09:59.594] [22088] [HailoRT] [info] [pipeline.cpp:891] [print_deep_description] LastAsyncEl5AsyncHwEl | inputs: AsyncHwEl[0] | outputs: user
[2026-06-23 12:09:59.594] [22088] [HailoRT] [info] [pipeline.cpp:891] [print_deep_description] LastAsyncEl6AsyncHwEl | inputs: AsyncHwEl[0] | outputs: user
[2026-06-23 12:09:59.594] [22088] [HailoRT] [info] [pipeline.cpp:891] [print_deep_description] LastAsyncEl7AsyncHwEl | inputs: AsyncHwEl[0] | outputs: user
[2026-06-23 12:09:59.594] [22088] [HailoRT] [info] [pipeline.cpp:891] [print_deep_description] PushQEl8AsyncHwEl | inputs: AsyncHwEl[0] | outputs: PostInferEl8AsyncHwEl(running in thread_id: 22115)
[2026-06-23 12:09:59.594] [22088] [HailoRT] [info] [pipeline.cpp:891] [print_deep_description] PostInferEl8AsyncHwEl | inputs: PushQEl8AsyncHwEl[0] | outputs: LastAsyncEl0PostInferEl8AsyncHwEl
[2026-06-23 12:09:59.594] [22088] [HailoRT] [info] [pipeline.cpp:891] [print_deep_description] LastAsyncEl0PostInferEl8AsyncHwEl | inputs: PostInferEl8AsyncHwEl[0] | outputs: user
[2026-06-23 12:10:16.181] [22170] [HailoRT] [info] [vdevice.cpp:535] [create] Creating vdevice with params: device_count: 1, scheduling_algorithm: ROUND_ROBIN, multi_process_service: false
[2026-06-23 12:10:16.193] [22170] [HailoRT] [info] [device.cpp:51] [Device] OS Version: Linux 6.18.33+rpt-rpi-2712 #1 SMP PREEMPT Debian 1:6.18.33-1+rpt1 (2026-06-01) aarch64
[2026-06-23 12:10:16.193] [22170] [HailoRT] [info] [control.cpp:113] [control__parse_identify_results] firmware_version is: 4.23.0
[2026-06-23 12:10:16.193] [22170] [HailoRT] [info] [vdevice.cpp:682] [create] VDevice Infos: 0001:01:00.0
[2026-06-23 12:10:16.200] [22170] [HailoRT] [info] [hef.cpp:1994] [get_network_group_and_network_name] No name was given. Addressing all networks of default network_group: yolo26_landmark
[2026-06-23 12:10:16.200] [22170] [HailoRT] [info] [hef.cpp:1994] [get_network_group_and_network_name] No name was given. Addressing all networks of default network_group: yolo26_landmark
[2026-06-23 12:10:16.205] [22170] [HailoRT] [info] [vdevice.cpp:535] [create] Creating vdevice with params: device_count: 1, scheduling_algorithm: ROUND_ROBIN, multi_process_service: false
[2026-06-23 12:10:16.208] [22170] [HailoRT] [info] [hef.cpp:1994] [get_network_group_and_network_name] No name was given. Addressing all networks of default network_group: arcface_mobilefacenet
[2026-06-23 12:10:16.209] [22170] [HailoRT] [info] [hef.cpp:1994] [get_network_group_and_network_name] No name was given. Addressing all networks of default network_group: arcface_mobilefacenet
[2026-06-23 12:10:16.379] [22170] [HailoRT] [info] [internal_buffer_manager.cpp:75] [print_execution_results] Default Internal buffer planner failed to meet requirements
[2026-06-23 12:10:16.379] [22170] [HailoRT] [info] [internal_buffer_manager.cpp:86] [print_execution_results] Default Internal buffer planner executed successfully
[2026-06-23 12:10:16.387] [22170] [HailoRT] [info] [device_internal.cpp:57] [configure] Configuring HEF took 13.231308 milliseconds
[2026-06-23 12:10:16.387] [22170] [HailoRT] [info] [vdevice.cpp:780] [configure] Configuring HEF on VDevice took 13.527919 milliseconds
[2026-06-23 12:10:16.387] [22170] [HailoRT] [info] [infer_model.cpp:417] [configure] Configuring network group 'arcface_mobilefacenet' with params: batch size: 0, power mode: PERFORMANCE, latency: NONE
[2026-06-23 12:10:16.387] [22170] [HailoRT] [info] [multi_io_elements.cpp:754] [create] Created (AsyncHwEl)
[2026-06-23 12:10:16.389] [22170] [HailoRT] [info] [queue_elements.cpp:450] [create] Created (EntryPushQEl0arcface_mobilefacenet/input_layer1 | timeout: 10s)
[2026-06-23 12:10:16.389] [22170] [HailoRT] [info] [filter_elements.cpp:101] [create] Created (PreInferEl1arcface_mobilefacenet/input_layer1 | Reorder - src_order: RGB4, src_shape: (112, 112, 3), dst_order: NHWC, dst_shape: (112, 112, 3))
[2026-06-23 12:10:16.389] [22170] [HailoRT] [info] [queue_elements.cpp:450] [create] Created (PushQEl1arcface_mobilefacenet/input_layer1 | timeout: 10s)
[2026-06-23 12:10:16.389] [22170] [HailoRT] [info] [edge_elements.cpp:187] [create] Created (LastAsyncEl0AsyncHwEl)
[2026-06-23 12:10:16.389] [22170] [HailoRT] [info] [pipeline.cpp:891] [print_deep_description] EntryPushQEl0arcface_mobilefacenet/input_layer1 | inputs: user | outputs: PreInferEl1arcface_mobilefacenet/input_layer1(running in thread_id: 22191)
[2026-06-23 12:10:16.389] [22170] [HailoRT] [info] [pipeline.cpp:891] [print_deep_description] PreInferEl1arcface_mobilefacenet/input_layer1 | inputs: EntryPushQEl0arcface_mobilefacenet/input_layer1[0] | outputs: PushQEl1arcface_mobilefacenet/input_layer1
[2026-06-23 12:10:16.389] [22170] [HailoRT] [info] [pipeline.cpp:891] [print_deep_description] PushQEl1arcface_mobilefacenet/input_layer1 | inputs: PreInferEl1arcface_mobilefacenet/input_layer1[0] | outputs: AsyncHwEl(running in thread_id: 22192)
[2026-06-23 12:10:16.390] [22170] [HailoRT] [info] [pipeline.cpp:891] [print_deep_description] AsyncHwEl | inputs: PushQEl1arcface_mobilefacenet/input_layer1[0] | outputs: LastAsyncEl0AsyncHwEl
[2026-06-23 12:10:16.390] [22170] [HailoRT] [info] [pipeline.cpp:891] [print_deep_description] LastAsyncEl0AsyncHwEl | inputs: AsyncHwEl[0] | outputs: user
[2026-06-23 12:10:16.394] [22170] [HailoRT] [info] [internal_buffer_manager.cpp:77] [print_execution_results] Planned internal buffer memory: CMA=0 CMA-Desc=655360 Pinned=1436160. memory to edge layer usage factor is 0.84007186
[2026-06-23 12:10:16.394] [22170] [HailoRT] [info] [internal_buffer_manager.cpp:86] [print_execution_results] Default Internal buffer planner executed successfully
[2026-06-23 12:10:16.421] [22170] [HailoRT] [info] [device_internal.cpp:57] [configure] Configuring HEF took 28.043041 milliseconds
[2026-06-23 12:10:16.421] [22170] [HailoRT] [info] [vdevice.cpp:780] [configure] Configuring HEF on VDevice took 28.461985 milliseconds
[2026-06-23 12:10:16.421] [22170] [HailoRT] [info] [infer_model.cpp:417] [configure] Configuring network group 'yolo26_landmark' with params: batch size: 0, power mode: PERFORMANCE, latency: NONE
[2026-06-23 12:10:16.423] [22170] [HailoRT] [info] [multi_io_elements.cpp:754] [create] Created (AsyncHwEl)
[2026-06-23 12:10:16.423] [22170] [HailoRT] [info] [queue_elements.cpp:450] [create] Created (EntryPushQEl0yolo26_landmark/input_layer1 | timeout: 10s)
[2026-06-23 12:10:16.423] [22170] [HailoRT] [info] [filter_elements.cpp:101] [create] Created (PreInferEl3yolo26_landmark/input_layer1 | Reorder - src_order: RGB4, src_shape: (640, 640, 3), dst_order: NHCW, dst_shape: (640, 640, 3))
[2026-06-23 12:10:16.423] [22170] [HailoRT] [info] [queue_elements.cpp:450] [create] Created (PushQEl3yolo26_landmark/input_layer1 | timeout: 10s)
[2026-06-23 12:10:16.423] [22170] [HailoRT] [info] [edge_elements.cpp:187] [create] Created (LastAsyncEl6AsyncHwEl)
[2026-06-23 12:10:16.423] [22170] [HailoRT] [info] [edge_elements.cpp:187] [create] Created (LastAsyncEl4AsyncHwEl)
[2026-06-23 12:10:16.423] [22170] [HailoRT] [info] [edge_elements.cpp:187] [create] Created (LastAsyncEl5AsyncHwEl)
[2026-06-23 12:10:16.424] [22170] [HailoRT] [info] [queue_elements.cpp:450] [create] Created (PushQEl0AsyncHwEl | timeout: 10s)
[2026-06-23 12:10:16.424] [22170] [HailoRT] [info] [filter_elements.cpp:372] [create] Created (PostInferEl0AsyncHwEl | Reorder - src_order: FCR, src_shape: (20, 20, 8), dst_order: FCR, dst_shape: (20, 20, 4))
[2026-06-23 12:10:16.424] [22170] [HailoRT] [info] [edge_elements.cpp:187] [create] Created (LastAsyncEl0PostInferEl0AsyncHwEl)
[2026-06-23 12:10:16.424] [22170] [HailoRT] [info] [edge_elements.cpp:187] [create] Created (LastAsyncEl7AsyncHwEl)
[2026-06-23 12:10:16.424] [22170] [HailoRT] [info] [queue_elements.cpp:450] [create] Created (PushQEl8AsyncHwEl | timeout: 10s)
[2026-06-23 12:10:16.424] [22170] [HailoRT] [info] [filter_elements.cpp:372] [create] Created (PostInferEl8AsyncHwEl | Reorder - src_order: FCR, src_shape: (80, 80, 16), dst_order: FCR, dst_shape: (80, 80, 15))
[2026-06-23 12:10:16.424] [22170] [HailoRT] [info] [edge_elements.cpp:187] [create] Created (LastAsyncEl0PostInferEl8AsyncHwEl)
[2026-06-23 12:10:16.424] [22170] [HailoRT] [info] [edge_elements.cpp:187] [create] Created (LastAsyncEl3AsyncHwEl)
[2026-06-23 12:10:16.424] [22170] [HailoRT] [info] [queue_elements.cpp:450] [create] Created (PushQEl2AsyncHwEl | timeout: 10s)
[2026-06-23 12:10:16.424] [22170] [HailoRT] [info] [filter_elements.cpp:372] [create] Created (PostInferEl2AsyncHwEl | Reorder - src_order: FCR, src_shape: (40, 40, 16), dst_order: FCR, dst_shape: (40, 40, 15))
[2026-06-23 12:10:16.424] [22170] [HailoRT] [info] [edge_elements.cpp:187] [create] Created (LastAsyncEl0PostInferEl2AsyncHwEl)
[2026-06-23 12:10:16.424] [22170] [HailoRT] [info] [queue_elements.cpp:450] [create] Created (PushQEl1AsyncHwEl | timeout: 10s)
[2026-06-23 12:10:16.424] [22170] [HailoRT] [info] [filter_elements.cpp:372] [create] Created (PostInferEl1AsyncHwEl | Reorder - src_order: FCR, src_shape: (20, 20, 16), dst_order: FCR, dst_shape: (20, 20, 15))
[2026-06-23 12:10:16.424] [22170] [HailoRT] [info] [edge_elements.cpp:187] [create] Created (LastAsyncEl0PostInferEl1AsyncHwEl)
[2026-06-23 12:10:16.424] [22170] [HailoRT] [info] [pipeline.cpp:891] [print_deep_description] EntryPushQEl0yolo26_landmark/input_layer1 | inputs: user | outputs: PreInferEl3yolo26_landmark/input_layer1(running in thread_id: 22194)
[2026-06-23 12:10:16.425] [22170] [HailoRT] [info] [pipeline.cpp:891] [print_deep_description] PreInferEl3yolo26_landmark/input_layer1 | inputs: EntryPushQEl0yolo26_landmark/input_layer1[0] | outputs: PushQEl3yolo26_landmark/input_layer1
[2026-06-23 12:10:16.425] [22170] [HailoRT] [info] [pipeline.cpp:891] [print_deep_description] PushQEl3yolo26_landmark/input_layer1 | inputs: PreInferEl3yolo26_landmark/input_layer1[0] | outputs: AsyncHwEl(running in thread_id: 22195)
[2026-06-23 12:10:16.425] [22170] [HailoRT] [info] [pipeline.cpp:891] [print_deep_description] AsyncHwEl | inputs: PushQEl3yolo26_landmark/input_layer1[0] | outputs: PushQEl0AsyncHwEl PushQEl1AsyncHwEl PushQEl2AsyncHwEl LastAsyncEl3AsyncHwEl LastAsyncEl4AsyncHwEl LastAsyncEl5AsyncHwEl LastAsyncEl6AsyncHwEl LastAsyncEl7AsyncHwEl PushQEl8AsyncHwEl
[2026-06-23 12:10:16.425] [22170] [HailoRT] [info] [pipeline.cpp:891] [print_deep_description] PushQEl0AsyncHwEl | inputs: AsyncHwEl[0] | outputs: PostInferEl0AsyncHwEl(running in thread_id: 22196)
[2026-06-23 12:10:16.425] [22170] [HailoRT] [info] [pipeline.cpp:891] [print_deep_description] PostInferEl0AsyncHwEl | inputs: PushQEl0AsyncHwEl[0] | outputs: LastAsyncEl0PostInferEl0AsyncHwEl
[2026-06-23 12:10:16.425] [22170] [HailoRT] [info] [pipeline.cpp:891] [print_deep_description] LastAsyncEl0PostInferEl0AsyncHwEl | inputs: PostInferEl0AsyncHwEl[0] | outputs: user
[2026-06-23 12:10:16.425] [22170] [HailoRT] [info] [pipeline.cpp:891] [print_deep_description] PushQEl1AsyncHwEl | inputs: AsyncHwEl[0] | outputs: PostInferEl1AsyncHwEl(running in thread_id: 22199)
[2026-06-23 12:10:16.425] [22170] [HailoRT] [info] [pipeline.cpp:891] [print_deep_description] PostInferEl1AsyncHwEl | inputs: PushQEl1AsyncHwEl[0] | outputs: LastAsyncEl0PostInferEl1AsyncHwEl
[2026-06-23 12:10:16.425] [22170] [HailoRT] [info] [pipeline.cpp:891] [print_deep_description] LastAsyncEl0PostInferEl1AsyncHwEl | inputs: PostInferEl1AsyncHwEl[0] | outputs: user
[2026-06-23 12:10:16.425] [22170] [HailoRT] [info] [pipeline.cpp:891] [print_deep_description] PushQEl2AsyncHwEl | inputs: AsyncHwEl[0] | outputs: PostInferEl2AsyncHwEl(running in thread_id: 22198)
[2026-06-23 12:10:16.425] [22170] [HailoRT] [info] [pipeline.cpp:891] [print_deep_description] PostInferEl2AsyncHwEl | inputs: PushQEl2AsyncHwEl[0] | outputs: LastAsyncEl0PostInferEl2AsyncHwEl
[2026-06-23 12:10:16.425] [22170] [HailoRT] [info] [pipeline.cpp:891] [print_deep_description] LastAsyncEl0PostInferEl2AsyncHwEl | inputs: PostInferEl2AsyncHwEl[0] | outputs: user
[2026-06-23 12:10:16.425] [22170] [HailoRT] [info] [pipeline.cpp:891] [print_deep_description] LastAsyncEl3AsyncHwEl | inputs: AsyncHwEl[0] | outputs: user
[2026-06-23 12:10:16.425] [22170] [HailoRT] [info] [pipeline.cpp:891] [print_deep_description] LastAsyncEl4AsyncHwEl | inputs: AsyncHwEl[0] | outputs: user
[2026-06-23 12:10:16.425] [22170] [HailoRT] [info] [pipeline.cpp:891] [print_deep_description] LastAsyncEl5AsyncHwEl | inputs: AsyncHwEl[0] | outputs: user
[2026-06-23 12:10:16.425] [22170] [HailoRT] [info] [pipeline.cpp:891] [print_deep_description] LastAsyncEl6AsyncHwEl | inputs: AsyncHwEl[0] | outputs: user
[2026-06-23 12:10:16.425] [22170] [HailoRT] [info] [pipeline.cpp:891] [print_deep_description] LastAsyncEl7AsyncHwEl | inputs: AsyncHwEl[0] | outputs: user
[2026-06-23 12:10:16.425] [22170] [HailoRT] [info] [pipeline.cpp:891] [print_deep_description] PushQEl8AsyncHwEl | inputs: AsyncHwEl[0] | outputs: PostInferEl8AsyncHwEl(running in thread_id: 22197)
[2026-06-23 12:10:16.425] [22170] [HailoRT] [info] [pipeline.cpp:891] [print_deep_description] PostInferEl8AsyncHwEl | inputs: PushQEl8AsyncHwEl[0] | outputs: LastAsyncEl0PostInferEl8AsyncHwEl
[2026-06-23 12:10:16.425] [22170] [HailoRT] [info] [pipeline.cpp:891] [print_deep_description] LastAsyncEl0PostInferEl8AsyncHwEl | inputs: PostInferEl8AsyncHwEl[0] | outputs: user
[2026-06-23 12:10:55.095] [22341] [HailoRT] [info] [vdevice.cpp:535] [create] Creating vdevice with params: device_count: 1, scheduling_algorithm: ROUND_ROBIN, multi_process_service: false
[2026-06-23 12:10:55.108] [22341] [HailoRT] [info] [device.cpp:51] [Device] OS Version: Linux 6.18.33+rpt-rpi-2712 #1 SMP PREEMPT Debian 1:6.18.33-1+rpt1 (2026-06-01) aarch64
[2026-06-23 12:10:55.108] [22341] [HailoRT] [info] [control.cpp:113] [control__parse_identify_results] firmware_version is: 4.23.0
[2026-06-23 12:10:55.109] [22341] [HailoRT] [info] [vdevice.cpp:682] [create] VDevice Infos: 0001:01:00.0
[2026-06-23 12:10:55.116] [22341] [HailoRT] [info] [hef.cpp:1994] [get_network_group_and_network_name] No name was given. Addressing all networks of default network_group: yolo26_landmark
[2026-06-23 12:10:55.116] [22341] [HailoRT] [info] [hef.cpp:1994] [get_network_group_and_network_name] No name was given. Addressing all networks of default network_group: yolo26_landmark
[2026-06-23 12:10:55.122] [22341] [HailoRT] [info] [vdevice.cpp:535] [create] Creating vdevice with params: device_count: 1, scheduling_algorithm: ROUND_ROBIN, multi_process_service: false
[2026-06-23 12:10:55.125] [22341] [HailoRT] [info] [hef.cpp:1994] [get_network_group_and_network_name] No name was given. Addressing all networks of default network_group: arcface_mobilefacenet
[2026-06-23 12:10:55.125] [22341] [HailoRT] [info] [hef.cpp:1994] [get_network_group_and_network_name] No name was given. Addressing all networks of default network_group: arcface_mobilefacenet
[2026-06-23 12:10:55.302] [22341] [HailoRT] [info] [internal_buffer_manager.cpp:75] [print_execution_results] Default Internal buffer planner failed to meet requirements
[2026-06-23 12:10:55.302] [22341] [HailoRT] [info] [internal_buffer_manager.cpp:86] [print_execution_results] Default Internal buffer planner executed successfully
[2026-06-23 12:10:55.308] [22341] [HailoRT] [info] [device_internal.cpp:57] [configure] Configuring HEF took 10.804643 milliseconds
[2026-06-23 12:10:55.308] [22341] [HailoRT] [info] [vdevice.cpp:780] [configure] Configuring HEF on VDevice took 11.052587 milliseconds
[2026-06-23 12:10:55.308] [22341] [HailoRT] [info] [infer_model.cpp:417] [configure] Configuring network group 'arcface_mobilefacenet' with params: batch size: 0, power mode: PERFORMANCE, latency: NONE
[2026-06-23 12:10:55.308] [22341] [HailoRT] [info] [multi_io_elements.cpp:754] [create] Created (AsyncHwEl)
[2026-06-23 12:10:55.308] [22341] [HailoRT] [info] [queue_elements.cpp:450] [create] Created (EntryPushQEl0arcface_mobilefacenet/input_layer1 | timeout: 10s)
[2026-06-23 12:10:55.308] [22341] [HailoRT] [info] [filter_elements.cpp:101] [create] Created (PreInferEl1arcface_mobilefacenet/input_layer1 | Reorder - src_order: RGB4, src_shape: (112, 112, 3), dst_order: NHWC, dst_shape: (112, 112, 3))
[2026-06-23 12:10:55.308] [22341] [HailoRT] [info] [queue_elements.cpp:450] [create] Created (PushQEl1arcface_mobilefacenet/input_layer1 | timeout: 10s)
[2026-06-23 12:10:55.308] [22341] [HailoRT] [info] [edge_elements.cpp:187] [create] Created (LastAsyncEl0AsyncHwEl)
[2026-06-23 12:10:55.308] [22341] [HailoRT] [info] [pipeline.cpp:891] [print_deep_description] EntryPushQEl0arcface_mobilefacenet/input_layer1 | inputs: user | outputs: PreInferEl1arcface_mobilefacenet/input_layer1(running in thread_id: 22363)
[2026-06-23 12:10:55.308] [22341] [HailoRT] [info] [pipeline.cpp:891] [print_deep_description] PreInferEl1arcface_mobilefacenet/input_layer1 | inputs: EntryPushQEl0arcface_mobilefacenet/input_layer1[0] | outputs: PushQEl1arcface_mobilefacenet/input_layer1
[2026-06-23 12:10:55.308] [22341] [HailoRT] [info] [pipeline.cpp:891] [print_deep_description] PushQEl1arcface_mobilefacenet/input_layer1 | inputs: PreInferEl1arcface_mobilefacenet/input_layer1[0] | outputs: AsyncHwEl(running in thread_id: 22364)
[2026-06-23 12:10:55.308] [22341] [HailoRT] [info] [pipeline.cpp:891] [print_deep_description] AsyncHwEl | inputs: PushQEl1arcface_mobilefacenet/input_layer1[0] | outputs: LastAsyncEl0AsyncHwEl
[2026-06-23 12:10:55.308] [22341] [HailoRT] [info] [pipeline.cpp:891] [print_deep_description] LastAsyncEl0AsyncHwEl | inputs: AsyncHwEl[0] | outputs: user
[2026-06-23 12:10:55.311] [22341] [HailoRT] [info] [internal_buffer_manager.cpp:77] [print_execution_results] Planned internal buffer memory: CMA=0 CMA-Desc=655360 Pinned=1436160. memory to edge layer usage factor is 0.84007186
[2026-06-23 12:10:55.311] [22341] [HailoRT] [info] [internal_buffer_manager.cpp:86] [print_execution_results] Default Internal buffer planner executed successfully
[2026-06-23 12:10:55.332] [22341] [HailoRT] [info] [device_internal.cpp:57] [configure] Configuring HEF took 21.896563 milliseconds
[2026-06-23 12:10:55.332] [22341] [HailoRT] [info] [vdevice.cpp:780] [configure] Configuring HEF on VDevice took 22.251118 milliseconds
[2026-06-23 12:10:55.332] [22341] [HailoRT] [info] [infer_model.cpp:417] [configure] Configuring network group 'yolo26_landmark' with params: batch size: 0, power mode: PERFORMANCE, latency: NONE
[2026-06-23 12:10:55.332] [22341] [HailoRT] [info] [multi_io_elements.cpp:754] [create] Created (AsyncHwEl)
[2026-06-23 12:10:55.332] [22341] [HailoRT] [info] [queue_elements.cpp:450] [create] Created (EntryPushQEl0yolo26_landmark/input_layer1 | timeout: 10s)
[2026-06-23 12:10:55.332] [22341] [HailoRT] [info] [filter_elements.cpp:101] [create] Created (PreInferEl3yolo26_landmark/input_layer1 | Reorder - src_order: RGB4, src_shape: (640, 640, 3), dst_order: NHCW, dst_shape: (640, 640, 3))
[2026-06-23 12:10:55.332] [22341] [HailoRT] [info] [queue_elements.cpp:450] [create] Created (PushQEl3yolo26_landmark/input_layer1 | timeout: 10s)
[2026-06-23 12:10:55.333] [22341] [HailoRT] [info] [edge_elements.cpp:187] [create] Created (LastAsyncEl6AsyncHwEl)
[2026-06-23 12:10:55.333] [22341] [HailoRT] [info] [edge_elements.cpp:187] [create] Created (LastAsyncEl4AsyncHwEl)
[2026-06-23 12:10:55.333] [22341] [HailoRT] [info] [edge_elements.cpp:187] [create] Created (LastAsyncEl5AsyncHwEl)
[2026-06-23 12:10:55.333] [22341] [HailoRT] [info] [queue_elements.cpp:450] [create] Created (PushQEl0AsyncHwEl | timeout: 10s)
[2026-06-23 12:10:55.333] [22341] [HailoRT] [info] [filter_elements.cpp:372] [create] Created (PostInferEl0AsyncHwEl | Reorder - src_order: FCR, src_shape: (20, 20, 8), dst_order: FCR, dst_shape: (20, 20, 4))
[2026-06-23 12:10:55.333] [22341] [HailoRT] [info] [edge_elements.cpp:187] [create] Created (LastAsyncEl0PostInferEl0AsyncHwEl)
[2026-06-23 12:10:55.333] [22341] [HailoRT] [info] [edge_elements.cpp:187] [create] Created (LastAsyncEl7AsyncHwEl)
[2026-06-23 12:10:55.333] [22341] [HailoRT] [info] [queue_elements.cpp:450] [create] Created (PushQEl8AsyncHwEl | timeout: 10s)
[2026-06-23 12:10:55.333] [22341] [HailoRT] [info] [filter_elements.cpp:372] [create] Created (PostInferEl8AsyncHwEl | Reorder - src_order: FCR, src_shape: (80, 80, 16), dst_order: FCR, dst_shape: (80, 80, 15))
[2026-06-23 12:10:55.333] [22341] [HailoRT] [info] [edge_elements.cpp:187] [create] Created (LastAsyncEl0PostInferEl8AsyncHwEl)
[2026-06-23 12:10:55.333] [22341] [HailoRT] [info] [edge_elements.cpp:187] [create] Created (LastAsyncEl3AsyncHwEl)
[2026-06-23 12:10:55.333] [22341] [HailoRT] [info] [queue_elements.cpp:450] [create] Created (PushQEl2AsyncHwEl | timeout: 10s)
[2026-06-23 12:10:55.333] [22341] [HailoRT] [info] [filter_elements.cpp:372] [create] Created (PostInferEl2AsyncHwEl | Reorder - src_order: FCR, src_shape: (40, 40, 16), dst_order: FCR, dst_shape: (40, 40, 15))
[2026-06-23 12:10:55.333] [22341] [HailoRT] [info] [edge_elements.cpp:187] [create] Created (LastAsyncEl0PostInferEl2AsyncHwEl)
[2026-06-23 12:10:55.333] [22341] [HailoRT] [info] [queue_elements.cpp:450] [create] Created (PushQEl1AsyncHwEl | timeout: 10s)
[2026-06-23 12:10:55.333] [22341] [HailoRT] [info] [filter_elements.cpp:372] [create] Created (PostInferEl1AsyncHwEl | Reorder - src_order: FCR, src_shape: (20, 20, 16), dst_order: FCR, dst_shape: (20, 20, 15))
[2026-06-23 12:10:55.333] [22341] [HailoRT] [info] [edge_elements.cpp:187] [create] Created (LastAsyncEl0PostInferEl1AsyncHwEl)
[2026-06-23 12:10:55.333] [22341] [HailoRT] [info] [pipeline.cpp:891] [print_deep_description] EntryPushQEl0yolo26_landmark/input_layer1 | inputs: user | outputs: PreInferEl3yolo26_landmark/input_layer1(running in thread_id: 22365)
[2026-06-23 12:10:55.333] [22341] [HailoRT] [info] [pipeline.cpp:891] [print_deep_description] PreInferEl3yolo26_landmark/input_layer1 | inputs: EntryPushQEl0yolo26_landmark/input_layer1[0] | outputs: PushQEl3yolo26_landmark/input_layer1
[2026-06-23 12:10:55.333] [22341] [HailoRT] [info] [pipeline.cpp:891] [print_deep_description] PushQEl3yolo26_landmark/input_layer1 | inputs: PreInferEl3yolo26_landmark/input_layer1[0] | outputs: AsyncHwEl(running in thread_id: 22366)
[2026-06-23 12:10:55.333] [22341] [HailoRT] [info] [pipeline.cpp:891] [print_deep_description] AsyncHwEl | inputs: PushQEl3yolo26_landmark/input_layer1[0] | outputs: PushQEl0AsyncHwEl PushQEl1AsyncHwEl PushQEl2AsyncHwEl LastAsyncEl3AsyncHwEl LastAsyncEl4AsyncHwEl LastAsyncEl5AsyncHwEl LastAsyncEl6AsyncHwEl LastAsyncEl7AsyncHwEl PushQEl8AsyncHwEl
[2026-06-23 12:10:55.333] [22341] [HailoRT] [info] [pipeline.cpp:891] [print_deep_description] PushQEl0AsyncHwEl | inputs: AsyncHwEl[0] | outputs: PostInferEl0AsyncHwEl(running in thread_id: 22367)
[2026-06-23 12:10:55.333] [22341] [HailoRT] [info] [pipeline.cpp:891] [print_deep_description] PostInferEl0AsyncHwEl | inputs: PushQEl0AsyncHwEl[0] | outputs: LastAsyncEl0PostInferEl0AsyncHwEl
[2026-06-23 12:10:55.333] [22341] [HailoRT] [info] [pipeline.cpp:891] [print_deep_description] LastAsyncEl0PostInferEl0AsyncHwEl | inputs: PostInferEl0AsyncHwEl[0] | outputs: user
[2026-06-23 12:10:55.333] [22341] [HailoRT] [info] [pipeline.cpp:891] [print_deep_description] PushQEl1AsyncHwEl | inputs: AsyncHwEl[0] | outputs: PostInferEl1AsyncHwEl(running in thread_id: 22370)
[2026-06-23 12:10:55.333] [22341] [HailoRT] [info] [pipeline.cpp:891] [print_deep_description] PostInferEl1AsyncHwEl | inputs: PushQEl1AsyncHwEl[0] | outputs: LastAsyncEl0PostInferEl1AsyncHwEl
[2026-06-23 12:10:55.333] [22341] [HailoRT] [info] [pipeline.cpp:891] [print_deep_description] LastAsyncEl0PostInferEl1AsyncHwEl | inputs: PostInferEl1AsyncHwEl[0] | outputs: user
[2026-06-23 12:10:55.333] [22341] [HailoRT] [info] [pipeline.cpp:891] [print_deep_description] PushQEl2AsyncHwEl | inputs: AsyncHwEl[0] | outputs: PostInferEl2AsyncHwEl(running in thread_id: 22369)
[2026-06-23 12:10:55.333] [22341] [HailoRT] [info] [pipeline.cpp:891] [print_deep_description] PostInferEl2AsyncHwEl | inputs: PushQEl2AsyncHwEl[0] | outputs: LastAsyncEl0PostInferEl2AsyncHwEl
[2026-06-23 12:10:55.333] [22341] [HailoRT] [info] [pipeline.cpp:891] [print_deep_description] LastAsyncEl0PostInferEl2AsyncHwEl | inputs: PostInferEl2AsyncHwEl[0] | outputs: user
[2026-06-23 12:10:55.333] [22341] [HailoRT] [info] [pipeline.cpp:891] [print_deep_description] LastAsyncEl3AsyncHwEl | inputs: AsyncHwEl[0] | outputs: user
[2026-06-23 12:10:55.333] [22341] [HailoRT] [info] [pipeline.cpp:891] [print_deep_description] LastAsyncEl4AsyncHwEl | inputs: AsyncHwEl[0] | outputs: user
[2026-06-23 12:10:55.333] [22341] [HailoRT] [info] [pipeline.cpp:891] [print_deep_description] LastAsyncEl5AsyncHwEl | inputs: AsyncHwEl[0] | outputs: user
[2026-06-23 12:10:55.333] [22341] [HailoRT] [info] [pipeline.cpp:891] [print_deep_description] LastAsyncEl6AsyncHwEl | inputs: AsyncHwEl[0] | outputs: user
[2026-06-23 12:10:55.333] [22341] [HailoRT] [info] [pipeline.cpp:891] [print_deep_description] LastAsyncEl7AsyncHwEl | inputs: AsyncHwEl[0] | outputs: user
[2026-06-23 12:10:55.333] [22341] [HailoRT] [info] [pipeline.cpp:891] [print_deep_description] PushQEl8AsyncHwEl | inputs: AsyncHwEl[0] | outputs: PostInferEl8AsyncHwEl(running in thread_id: 22368)
[2026-06-23 12:10:55.333] [22341] [HailoRT] [info] [pipeline.cpp:891] [print_deep_description] PostInferEl8AsyncHwEl | inputs: PushQEl8AsyncHwEl[0] | outputs: LastAsyncEl0PostInferEl8AsyncHwEl
[2026-06-23 12:10:55.333] [22341] [HailoRT] [info] [pipeline.cpp:891] [print_deep_description] LastAsyncEl0PostInferEl8AsyncHwEl | inputs: PostInferEl8AsyncHwEl[0] | outputs: user
[2026-06-23 12:13:19.705] [22724] [HailoRT] [info] [vdevice.cpp:535] [create] Creating vdevice with params: device_count: 1, scheduling_algorithm: ROUND_ROBIN, multi_process_service: false
[2026-06-23 12:13:19.717] [22724] [HailoRT] [info] [device.cpp:51] [Device] OS Version: Linux 6.18.33+rpt-rpi-2712 #1 SMP PREEMPT Debian 1:6.18.33-1+rpt1 (2026-06-01) aarch64
[2026-06-23 12:13:19.717] [22724] [HailoRT] [info] [control.cpp:113] [control__parse_identify_results] firmware_version is: 4.23.0
[2026-06-23 12:13:19.717] [22724] [HailoRT] [info] [vdevice.cpp:682] [create] VDevice Infos: 0001:01:00.0
[2026-06-23 12:13:19.727] [22724] [HailoRT] [info] [hef.cpp:1994] [get_network_group_and_network_name] No name was given. Addressing all networks of default network_group: yolo26_landmark
[2026-06-23 12:13:19.727] [22724] [HailoRT] [info] [hef.cpp:1994] [get_network_group_and_network_name] No name was given. Addressing all networks of default network_group: yolo26_landmark
[2026-06-23 12:13:19.731] [22724] [HailoRT] [info] [vdevice.cpp:535] [create] Creating vdevice with params: device_count: 1, scheduling_algorithm: ROUND_ROBIN, multi_process_service: false
[2026-06-23 12:13:19.734] [22724] [HailoRT] [info] [hef.cpp:1994] [get_network_group_and_network_name] No name was given. Addressing all networks of default network_group: arcface_mobilefacenet
[2026-06-23 12:13:19.734] [22724] [HailoRT] [info] [hef.cpp:1994] [get_network_group_and_network_name] No name was given. Addressing all networks of default network_group: arcface_mobilefacenet
[2026-06-23 12:13:19.906] [22724] [HailoRT] [info] [internal_buffer_manager.cpp:75] [print_execution_results] Default Internal buffer planner failed to meet requirements
[2026-06-23 12:13:19.906] [22724] [HailoRT] [info] [internal_buffer_manager.cpp:86] [print_execution_results] Default Internal buffer planner executed successfully
[2026-06-23 12:13:19.915] [22724] [HailoRT] [info] [device_internal.cpp:57] [configure] Configuring HEF took 13.842104 milliseconds
[2026-06-23 12:13:19.915] [22724] [HailoRT] [info] [vdevice.cpp:780] [configure] Configuring HEF on VDevice took 14.099364 milliseconds
[2026-06-23 12:13:19.915] [22724] [HailoRT] [info] [infer_model.cpp:417] [configure] Configuring network group 'arcface_mobilefacenet' with params: batch size: 0, power mode: PERFORMANCE, latency: NONE
[2026-06-23 12:13:19.915] [22724] [HailoRT] [info] [multi_io_elements.cpp:754] [create] Created (AsyncHwEl)
[2026-06-23 12:13:19.915] [22724] [HailoRT] [info] [queue_elements.cpp:450] [create] Created (EntryPushQEl0arcface_mobilefacenet/input_layer1 | timeout: 10s)
[2026-06-23 12:13:19.915] [22724] [HailoRT] [info] [filter_elements.cpp:101] [create] Created (PreInferEl1arcface_mobilefacenet/input_layer1 | Reorder - src_order: RGB4, src_shape: (112, 112, 3), dst_order: NHWC, dst_shape: (112, 112, 3))
[2026-06-23 12:13:19.915] [22724] [HailoRT] [info] [queue_elements.cpp:450] [create] Created (PushQEl1arcface_mobilefacenet/input_layer1 | timeout: 10s)
[2026-06-23 12:13:19.915] [22724] [HailoRT] [info] [edge_elements.cpp:187] [create] Created (LastAsyncEl0AsyncHwEl)
[2026-06-23 12:13:19.915] [22724] [HailoRT] [info] [pipeline.cpp:891] [print_deep_description] EntryPushQEl0arcface_mobilefacenet/input_layer1 | inputs: user | outputs: PreInferEl1arcface_mobilefacenet/input_layer1(running in thread_id: 22745)
[2026-06-23 12:13:19.915] [22724] [HailoRT] [info] [pipeline.cpp:891] [print_deep_description] PreInferEl1arcface_mobilefacenet/input_layer1 | inputs: EntryPushQEl0arcface_mobilefacenet/input_layer1[0] | outputs: PushQEl1arcface_mobilefacenet/input_layer1
[2026-06-23 12:13:19.915] [22724] [HailoRT] [info] [pipeline.cpp:891] [print_deep_description] PushQEl1arcface_mobilefacenet/input_layer1 | inputs: PreInferEl1arcface_mobilefacenet/input_layer1[0] | outputs: AsyncHwEl(running in thread_id: 22746)
[2026-06-23 12:13:19.915] [22724] [HailoRT] [info] [pipeline.cpp:891] [print_deep_description] AsyncHwEl | inputs: PushQEl1arcface_mobilefacenet/input_layer1[0] | outputs: LastAsyncEl0AsyncHwEl
[2026-06-23 12:13:19.915] [22724] [HailoRT] [info] [pipeline.cpp:891] [print_deep_description] LastAsyncEl0AsyncHwEl | inputs: AsyncHwEl[0] | outputs: user
[2026-06-23 12:13:19.918] [22724] [HailoRT] [info] [internal_buffer_manager.cpp:77] [print_execution_results] Planned internal buffer memory: CMA=0 CMA-Desc=655360 Pinned=1436160. memory to edge layer usage factor is 0.84007186
[2026-06-23 12:13:19.918] [22724] [HailoRT] [info] [internal_buffer_manager.cpp:86] [print_execution_results] Default Internal buffer planner executed successfully
[2026-06-23 12:13:19.941] [22724] [HailoRT] [info] [device_internal.cpp:57] [configure] Configuring HEF took 24.342581 milliseconds
[2026-06-23 12:13:19.941] [22724] [HailoRT] [info] [vdevice.cpp:780] [configure] Configuring HEF on VDevice took 24.698025 milliseconds
[2026-06-23 12:13:19.942] [22724] [HailoRT] [info] [infer_model.cpp:417] [configure] Configuring network group 'yolo26_landmark' with params: batch size: 0, power mode: PERFORMANCE, latency: NONE
[2026-06-23 12:13:19.942] [22724] [HailoRT] [info] [multi_io_elements.cpp:754] [create] Created (AsyncHwEl)
[2026-06-23 12:13:19.942] [22724] [HailoRT] [info] [queue_elements.cpp:450] [create] Created (EntryPushQEl0yolo26_landmark/input_layer1 | timeout: 10s)
[2026-06-23 12:13:19.942] [22724] [HailoRT] [info] [filter_elements.cpp:101] [create] Created (PreInferEl3yolo26_landmark/input_layer1 | Reorder - src_order: RGB4, src_shape: (640, 640, 3), dst_order: NHCW, dst_shape: (640, 640, 3))
[2026-06-23 12:13:19.942] [22724] [HailoRT] [info] [queue_elements.cpp:450] [create] Created (PushQEl3yolo26_landmark/input_layer1 | timeout: 10s)
[2026-06-23 12:13:19.942] [22724] [HailoRT] [info] [edge_elements.cpp:187] [create] Created (LastAsyncEl6AsyncHwEl)
[2026-06-23 12:13:19.942] [22724] [HailoRT] [info] [edge_elements.cpp:187] [create] Created (LastAsyncEl4AsyncHwEl)
[2026-06-23 12:13:19.942] [22724] [HailoRT] [info] [edge_elements.cpp:187] [create] Created (LastAsyncEl5AsyncHwEl)
[2026-06-23 12:13:19.942] [22724] [HailoRT] [info] [queue_elements.cpp:450] [create] Created (PushQEl0AsyncHwEl | timeout: 10s)
[2026-06-23 12:13:19.942] [22724] [HailoRT] [info] [filter_elements.cpp:372] [create] Created (PostInferEl0AsyncHwEl | Reorder - src_order: FCR, src_shape: (20, 20, 8), dst_order: FCR, dst_shape: (20, 20, 4))
[2026-06-23 12:13:19.942] [22724] [HailoRT] [info] [edge_elements.cpp:187] [create] Created (LastAsyncEl0PostInferEl0AsyncHwEl)
[2026-06-23 12:13:19.942] [22724] [HailoRT] [info] [edge_elements.cpp:187] [create] Created (LastAsyncEl7AsyncHwEl)
[2026-06-23 12:13:19.942] [22724] [HailoRT] [info] [queue_elements.cpp:450] [create] Created (PushQEl8AsyncHwEl | timeout: 10s)
[2026-06-23 12:13:19.942] [22724] [HailoRT] [info] [filter_elements.cpp:372] [create] Created (PostInferEl8AsyncHwEl | Reorder - src_order: FCR, src_shape: (80, 80, 16), dst_order: FCR, dst_shape: (80, 80, 15))
[2026-06-23 12:13:19.942] [22724] [HailoRT] [info] [edge_elements.cpp:187] [create] Created (LastAsyncEl0PostInferEl8AsyncHwEl)
[2026-06-23 12:13:19.942] [22724] [HailoRT] [info] [edge_elements.cpp:187] [create] Created (LastAsyncEl3AsyncHwEl)
[2026-06-23 12:13:19.942] [22724] [HailoRT] [info] [queue_elements.cpp:450] [create] Created (PushQEl2AsyncHwEl | timeout: 10s)
[2026-06-23 12:13:19.943] [22724] [HailoRT] [info] [filter_elements.cpp:372] [create] Created (PostInferEl2AsyncHwEl | Reorder - src_order: FCR, src_shape: (40, 40, 16), dst_order: FCR, dst_shape: (40, 40, 15))
[2026-06-23 12:13:19.943] [22724] [HailoRT] [info] [edge_elements.cpp:187] [create] Created (LastAsyncEl0PostInferEl2AsyncHwEl)
[2026-06-23 12:13:19.943] [22724] [HailoRT] [info] [queue_elements.cpp:450] [create] Created (PushQEl1AsyncHwEl | timeout: 10s)
[2026-06-23 12:13:19.943] [22724] [HailoRT] [info] [filter_elements.cpp:372] [create] Created (PostInferEl1AsyncHwEl | Reorder - src_order: FCR, src_shape: (20, 20, 16), dst_order: FCR, dst_shape: (20, 20, 15))
[2026-06-23 12:13:19.943] [22724] [HailoRT] [info] [edge_elements.cpp:187] [create] Created (LastAsyncEl0PostInferEl1AsyncHwEl)
[2026-06-23 12:13:19.943] [22724] [HailoRT] [info] [pipeline.cpp:891] [print_deep_description] EntryPushQEl0yolo26_landmark/input_layer1 | inputs: user | outputs: PreInferEl3yolo26_landmark/input_layer1(running in thread_id: 22747)
[2026-06-23 12:13:19.943] [22724] [HailoRT] [info] [pipeline.cpp:891] [print_deep_description] PreInferEl3yolo26_landmark/input_layer1 | inputs: EntryPushQEl0yolo26_landmark/input_layer1[0] | outputs: PushQEl3yolo26_landmark/input_layer1
[2026-06-23 12:13:19.943] [22724] [HailoRT] [info] [pipeline.cpp:891] [print_deep_description] PushQEl3yolo26_landmark/input_layer1 | inputs: PreInferEl3yolo26_landmark/input_layer1[0] | outputs: AsyncHwEl(running in thread_id: 22748)
[2026-06-23 12:13:19.943] [22724] [HailoRT] [info] [pipeline.cpp:891] [print_deep_description] AsyncHwEl | inputs: PushQEl3yolo26_landmark/input_layer1[0] | outputs: PushQEl0AsyncHwEl PushQEl1AsyncHwEl PushQEl2AsyncHwEl LastAsyncEl3AsyncHwEl LastAsyncEl4AsyncHwEl LastAsyncEl5AsyncHwEl LastAsyncEl6AsyncHwEl LastAsyncEl7AsyncHwEl PushQEl8AsyncHwEl
[2026-06-23 12:13:19.943] [22724] [HailoRT] [info] [pipeline.cpp:891] [print_deep_description] PushQEl0AsyncHwEl | inputs: AsyncHwEl[0] | outputs: PostInferEl0AsyncHwEl(running in thread_id: 22749)
[2026-06-23 12:13:19.943] [22724] [HailoRT] [info] [pipeline.cpp:891] [print_deep_description] PostInferEl0AsyncHwEl | inputs: PushQEl0AsyncHwEl[0] | outputs: LastAsyncEl0PostInferEl0AsyncHwEl
[2026-06-23 12:13:19.943] [22724] [HailoRT] [info] [pipeline.cpp:891] [print_deep_description] LastAsyncEl0PostInferEl0AsyncHwEl | inputs: PostInferEl0AsyncHwEl[0] | outputs: user
[2026-06-23 12:13:19.943] [22724] [HailoRT] [info] [pipeline.cpp:891] [print_deep_description] PushQEl1AsyncHwEl | inputs: AsyncHwEl[0] | outputs: PostInferEl1AsyncHwEl(running in thread_id: 22752)
[2026-06-23 12:13:19.943] [22724] [HailoRT] [info] [pipeline.cpp:891] [print_deep_description] PostInferEl1AsyncHwEl | inputs: PushQEl1AsyncHwEl[0] | outputs: LastAsyncEl0PostInferEl1AsyncHwEl
[2026-06-23 12:13:19.943] [22724] [HailoRT] [info] [pipeline.cpp:891] [print_deep_description] LastAsyncEl0PostInferEl1AsyncHwEl | inputs: PostInferEl1AsyncHwEl[0] | outputs: user
[2026-06-23 12:13:19.943] [22724] [HailoRT] [info] [pipeline.cpp:891] [print_deep_description] PushQEl2AsyncHwEl | inputs: AsyncHwEl[0] | outputs: PostInferEl2AsyncHwEl(running in thread_id: 22751)
[2026-06-23 12:13:19.943] [22724] [HailoRT] [info] [pipeline.cpp:891] [print_deep_description] PostInferEl2AsyncHwEl | inputs: PushQEl2AsyncHwEl[0] | outputs: LastAsyncEl0PostInferEl2AsyncHwEl
[2026-06-23 12:13:19.943] [22724] [HailoRT] [info] [pipeline.cpp:891] [print_deep_description] LastAsyncEl0PostInferEl2AsyncHwEl | inputs: PostInferEl2AsyncHwEl[0] | outputs: user
[2026-06-23 12:13:19.943] [22724] [HailoRT] [info] [pipeline.cpp:891] [print_deep_description] LastAsyncEl3AsyncHwEl | inputs: AsyncHwEl[0] | outputs: user
[2026-06-23 12:13:19.943] [22724] [HailoRT] [info] [pipeline.cpp:891] [print_deep_description] LastAsyncEl4AsyncHwEl | inputs: AsyncHwEl[0] | outputs: user
[2026-06-23 12:13:19.943] [22724] [HailoRT] [info] [pipeline.cpp:891] [print_deep_description] LastAsyncEl5AsyncHwEl | inputs: AsyncHwEl[0] | outputs: user
[2026-06-23 12:13:19.943] [22724] [HailoRT] [info] [pipeline.cpp:891] [print_deep_description] LastAsyncEl6AsyncHwEl | inputs: AsyncHwEl[0] | outputs: user
[2026-06-23 12:13:19.943] [22724] [HailoRT] [info] [pipeline.cpp:891] [print_deep_description] LastAsyncEl7AsyncHwEl | inputs: AsyncHwEl[0] | outputs: user
[2026-06-23 12:13:19.943] [22724] [HailoRT] [info] [pipeline.cpp:891] [print_deep_description] PushQEl8AsyncHwEl | inputs: AsyncHwEl[0] | outputs: PostInferEl8AsyncHwEl(running in thread_id: 22750)
[2026-06-23 12:13:19.943] [22724] [HailoRT] [info] [pipeline.cpp:891] [print_deep_description] PostInferEl8AsyncHwEl | inputs: PushQEl8AsyncHwEl[0] | outputs: LastAsyncEl0PostInferEl8AsyncHwEl
[2026-06-23 12:13:19.943] [22724] [HailoRT] [info] [pipeline.cpp:891] [print_deep_description] LastAsyncEl0PostInferEl8AsyncHwEl | inputs: PostInferEl8AsyncHwEl[0] | outputs: user
[2026-06-23 12:13:20.003] [22741] [HailoRT] [info] [hef.cpp:1994] [get_network_group_and_network_name] No name was given. Addressing all networks of default network_group: yolo26_landmark
[2026-06-23 12:13:20.077] [22737] [HailoRT] [info] [hef.cpp:1994] [get_network_group_and_network_name] No name was given. Addressing all networks of default network_group: arcface_mobilefacenet
[2026-06-23 12:18:20.215] [23730] [HailoRT] [info] [vdevice.cpp:535] [create] Creating vdevice with params: device_count: 1, scheduling_algorithm: ROUND_ROBIN, multi_process_service: false
[2026-06-23 12:18:20.228] [23730] [HailoRT] [info] [device.cpp:51] [Device] OS Version: Linux 6.18.33+rpt-rpi-2712 #1 SMP PREEMPT Debian 1:6.18.33-1+rpt1 (2026-06-01) aarch64
[2026-06-23 12:18:20.228] [23730] [HailoRT] [info] [control.cpp:113] [control__parse_identify_results] firmware_version is: 4.23.0
[2026-06-23 12:18:20.228] [23730] [HailoRT] [info] [vdevice.cpp:682] [create] VDevice Infos: 0001:01:00.0
[2026-06-23 12:18:20.235] [23730] [HailoRT] [info] [hef.cpp:1994] [get_network_group_and_network_name] No name was given. Addressing all networks of default network_group: yolo26_landmark
[2026-06-23 12:18:20.235] [23730] [HailoRT] [info] [hef.cpp:1994] [get_network_group_and_network_name] No name was given. Addressing all networks of default network_group: yolo26_landmark
[2026-06-23 12:18:20.240] [23730] [HailoRT] [info] [vdevice.cpp:535] [create] Creating vdevice with params: device_count: 1, scheduling_algorithm: ROUND_ROBIN, multi_process_service: false
[2026-06-23 12:18:20.243] [23730] [HailoRT] [info] [hef.cpp:1994] [get_network_group_and_network_name] No name was given. Addressing all networks of default network_group: arcface_mobilefacenet
[2026-06-23 12:18:20.243] [23730] [HailoRT] [info] [hef.cpp:1994] [get_network_group_and_network_name] No name was given. Addressing all networks of default network_group: arcface_mobilefacenet
[2026-06-23 12:18:20.414] [23730] [HailoRT] [info] [internal_buffer_manager.cpp:75] [print_execution_results] Default Internal buffer planner failed to meet requirements
[2026-06-23 12:18:20.414] [23730] [HailoRT] [info] [internal_buffer_manager.cpp:86] [print_execution_results] Default Internal buffer planner executed successfully
[2026-06-23 12:18:20.423] [23730] [HailoRT] [info] [device_internal.cpp:57] [configure] Configuring HEF took 14.550438 milliseconds
[2026-06-23 12:18:20.424] [23730] [HailoRT] [info] [vdevice.cpp:780] [configure] Configuring HEF on VDevice took 14.803493 milliseconds
[2026-06-23 12:18:20.424] [23730] [HailoRT] [info] [infer_model.cpp:417] [configure] Configuring network group 'arcface_mobilefacenet' with params: batch size: 0, power mode: PERFORMANCE, latency: NONE
[2026-06-23 12:18:20.424] [23730] [HailoRT] [info] [multi_io_elements.cpp:754] [create] Created (AsyncHwEl)
[2026-06-23 12:18:20.424] [23730] [HailoRT] [info] [queue_elements.cpp:450] [create] Created (EntryPushQEl0arcface_mobilefacenet/input_layer1 | timeout: 10s)
[2026-06-23 12:18:20.424] [23730] [HailoRT] [info] [filter_elements.cpp:101] [create] Created (PreInferEl1arcface_mobilefacenet/input_layer1 | Reorder - src_order: RGB4, src_shape: (112, 112, 3), dst_order: NHWC, dst_shape: (112, 112, 3))
[2026-06-23 12:18:20.424] [23730] [HailoRT] [info] [queue_elements.cpp:450] [create] Created (PushQEl1arcface_mobilefacenet/input_layer1 | timeout: 10s)
[2026-06-23 12:18:20.424] [23730] [HailoRT] [info] [edge_elements.cpp:187] [create] Created (LastAsyncEl0AsyncHwEl)
[2026-06-23 12:18:20.424] [23730] [HailoRT] [info] [pipeline.cpp:891] [print_deep_description] EntryPushQEl0arcface_mobilefacenet/input_layer1 | inputs: user | outputs: PreInferEl1arcface_mobilefacenet/input_layer1(running in thread_id: 23751)
[2026-06-23 12:18:20.424] [23730] [HailoRT] [info] [pipeline.cpp:891] [print_deep_description] PreInferEl1arcface_mobilefacenet/input_layer1 | inputs: EntryPushQEl0arcface_mobilefacenet/input_layer1[0] | outputs: PushQEl1arcface_mobilefacenet/input_layer1
[2026-06-23 12:18:20.424] [23730] [HailoRT] [info] [pipeline.cpp:891] [print_deep_description] PushQEl1arcface_mobilefacenet/input_layer1 | inputs: PreInferEl1arcface_mobilefacenet/input_layer1[0] | outputs: AsyncHwEl(running in thread_id: 23752)
[2026-06-23 12:18:20.424] [23730] [HailoRT] [info] [pipeline.cpp:891] [print_deep_description] AsyncHwEl | inputs: PushQEl1arcface_mobilefacenet/input_layer1[0] | outputs: LastAsyncEl0AsyncHwEl
[2026-06-23 12:18:20.424] [23730] [HailoRT] [info] [pipeline.cpp:891] [print_deep_description] LastAsyncEl0AsyncHwEl | inputs: AsyncHwEl[0] | outputs: user
[2026-06-23 12:18:20.428] [23730] [HailoRT] [info] [internal_buffer_manager.cpp:77] [print_execution_results] Planned internal buffer memory: CMA=0 CMA-Desc=655360 Pinned=1436160. memory to edge layer usage factor is 0.84007186
[2026-06-23 12:18:20.428] [23730] [HailoRT] [info] [internal_buffer_manager.cpp:86] [print_execution_results] Default Internal buffer planner executed successfully
[2026-06-23 12:18:20.449] [23730] [HailoRT] [info] [device_internal.cpp:57] [configure] Configuring HEF took 23.421453 milliseconds
[2026-06-23 12:18:20.449] [23730] [HailoRT] [info] [vdevice.cpp:780] [configure] Configuring HEF on VDevice took 23.774416 milliseconds
[2026-06-23 12:18:20.449] [23730] [HailoRT] [info] [infer_model.cpp:417] [configure] Configuring network group 'yolo26_landmark' with params: batch size: 0, power mode: PERFORMANCE, latency: NONE
[2026-06-23 12:18:20.450] [23730] [HailoRT] [info] [multi_io_elements.cpp:754] [create] Created (AsyncHwEl)
[2026-06-23 12:18:20.450] [23730] [HailoRT] [info] [queue_elements.cpp:450] [create] Created (EntryPushQEl0yolo26_landmark/input_layer1 | timeout: 10s)
[2026-06-23 12:18:20.450] [23730] [HailoRT] [info] [filter_elements.cpp:101] [create] Created (PreInferEl3yolo26_landmark/input_layer1 | Reorder - src_order: RGB4, src_shape: (640, 640, 3), dst_order: NHCW, dst_shape: (640, 640, 3))
[2026-06-23 12:18:20.450] [23730] [HailoRT] [info] [queue_elements.cpp:450] [create] Created (PushQEl3yolo26_landmark/input_layer1 | timeout: 10s)
[2026-06-23 12:18:20.450] [23730] [HailoRT] [info] [edge_elements.cpp:187] [create] Created (LastAsyncEl6AsyncHwEl)
[2026-06-23 12:18:20.450] [23730] [HailoRT] [info] [edge_elements.cpp:187] [create] Created (LastAsyncEl4AsyncHwEl)
[2026-06-23 12:18:20.450] [23730] [HailoRT] [info] [edge_elements.cpp:187] [create] Created (LastAsyncEl5AsyncHwEl)
[2026-06-23 12:18:20.450] [23730] [HailoRT] [info] [queue_elements.cpp:450] [create] Created (PushQEl0AsyncHwEl | timeout: 10s)
[2026-06-23 12:18:20.450] [23730] [HailoRT] [info] [filter_elements.cpp:372] [create] Created (PostInferEl0AsyncHwEl | Reorder - src_order: FCR, src_shape: (20, 20, 8), dst_order: FCR, dst_shape: (20, 20, 4))
[2026-06-23 12:18:20.450] [23730] [HailoRT] [info] [edge_elements.cpp:187] [create] Created (LastAsyncEl0PostInferEl0AsyncHwEl)
[2026-06-23 12:18:20.450] [23730] [HailoRT] [info] [edge_elements.cpp:187] [create] Created (LastAsyncEl7AsyncHwEl)
[2026-06-23 12:18:20.450] [23730] [HailoRT] [info] [queue_elements.cpp:450] [create] Created (PushQEl8AsyncHwEl | timeout: 10s)
[2026-06-23 12:18:20.450] [23730] [HailoRT] [info] [filter_elements.cpp:372] [create] Created (PostInferEl8AsyncHwEl | Reorder - src_order: FCR, src_shape: (80, 80, 16), dst_order: FCR, dst_shape: (80, 80, 15))
[2026-06-23 12:18:20.450] [23730] [HailoRT] [info] [edge_elements.cpp:187] [create] Created (LastAsyncEl0PostInferEl8AsyncHwEl)
[2026-06-23 12:18:20.450] [23730] [HailoRT] [info] [edge_elements.cpp:187] [create] Created (LastAsyncEl3AsyncHwEl)
[2026-06-23 12:18:20.450] [23730] [HailoRT] [info] [queue_elements.cpp:450] [create] Created (PushQEl2AsyncHwEl | timeout: 10s)
[2026-06-23 12:18:20.450] [23730] [HailoRT] [info] [filter_elements.cpp:372] [create] Created (PostInferEl2AsyncHwEl | Reorder - src_order: FCR, src_shape: (40, 40, 16), dst_order: FCR, dst_shape: (40, 40, 15))
[2026-06-23 12:18:20.450] [23730] [HailoRT] [info] [edge_elements.cpp:187] [create] Created (LastAsyncEl0PostInferEl2AsyncHwEl)
[2026-06-23 12:18:20.451] [23730] [HailoRT] [info] [queue_elements.cpp:450] [create] Created (PushQEl1AsyncHwEl | timeout: 10s)
[2026-06-23 12:18:20.451] [23730] [HailoRT] [info] [filter_elements.cpp:372] [create] Created (PostInferEl1AsyncHwEl | Reorder - src_order: FCR, src_shape: (20, 20, 16), dst_order: FCR, dst_shape: (20, 20, 15))
[2026-06-23 12:18:20.451] [23730] [HailoRT] [info] [edge_elements.cpp:187] [create] Created (LastAsyncEl0PostInferEl1AsyncHwEl)
[2026-06-23 12:18:20.451] [23730] [HailoRT] [info] [pipeline.cpp:891] [print_deep_description] EntryPushQEl0yolo26_landmark/input_layer1 | inputs: user | outputs: PreInferEl3yolo26_landmark/input_layer1(running in thread_id: 23753)
[2026-06-23 12:18:20.451] [23730] [HailoRT] [info] [pipeline.cpp:891] [print_deep_description] PreInferEl3yolo26_landmark/input_layer1 | inputs: EntryPushQEl0yolo26_landmark/input_layer1[0] | outputs: PushQEl3yolo26_landmark/input_layer1
[2026-06-23 12:18:20.451] [23730] [HailoRT] [info] [pipeline.cpp:891] [print_deep_description] PushQEl3yolo26_landmark/input_layer1 | inputs: PreInferEl3yolo26_landmark/input_layer1[0] | outputs: AsyncHwEl(running in thread_id: 23754)
[2026-06-23 12:18:20.451] [23730] [HailoRT] [info] [pipeline.cpp:891] [print_deep_description] AsyncHwEl | inputs: PushQEl3yolo26_landmark/input_layer1[0] | outputs: PushQEl0AsyncHwEl PushQEl1AsyncHwEl PushQEl2AsyncHwEl LastAsyncEl3AsyncHwEl LastAsyncEl4AsyncHwEl LastAsyncEl5AsyncHwEl LastAsyncEl6AsyncHwEl LastAsyncEl7AsyncHwEl PushQEl8AsyncHwEl
[2026-06-23 12:18:20.451] [23730] [HailoRT] [info] [pipeline.cpp:891] [print_deep_description] PushQEl0AsyncHwEl | inputs: AsyncHwEl[0] | outputs: PostInferEl0AsyncHwEl(running in thread_id: 23755)
[2026-06-23 12:18:20.451] [23730] [HailoRT] [info] [pipeline.cpp:891] [print_deep_description] PostInferEl0AsyncHwEl | inputs: PushQEl0AsyncHwEl[0] | outputs: LastAsyncEl0PostInferEl0AsyncHwEl
[2026-06-23 12:18:20.451] [23730] [HailoRT] [info] [pipeline.cpp:891] [print_deep_description] LastAsyncEl0PostInferEl0AsyncHwEl | inputs: PostInferEl0AsyncHwEl[0] | outputs: user
[2026-06-23 12:18:20.451] [23730] [HailoRT] [info] [pipeline.cpp:891] [print_deep_description] PushQEl1AsyncHwEl | inputs: AsyncHwEl[0] | outputs: PostInferEl1AsyncHwEl(running in thread_id: 23758)
[2026-06-23 12:18:20.451] [23730] [HailoRT] [info] [pipeline.cpp:891] [print_deep_description] PostInferEl1AsyncHwEl | inputs: PushQEl1AsyncHwEl[0] | outputs: LastAsyncEl0PostInferEl1AsyncHwEl
[2026-06-23 12:18:20.451] [23730] [HailoRT] [info] [pipeline.cpp:891] [print_deep_description] LastAsyncEl0PostInferEl1AsyncHwEl | inputs: PostInferEl1AsyncHwEl[0] | outputs: user
[2026-06-23 12:18:20.451] [23730] [HailoRT] [info] [pipeline.cpp:891] [print_deep_description] PushQEl2AsyncHwEl | inputs: AsyncHwEl[0] | outputs: PostInferEl2AsyncHwEl(running in thread_id: 23757)
[2026-06-23 12:18:20.451] [23730] [HailoRT] [info] [pipeline.cpp:891] [print_deep_description] PostInferEl2AsyncHwEl | inputs: PushQEl2AsyncHwEl[0] | outputs: LastAsyncEl0PostInferEl2AsyncHwEl
[2026-06-23 12:18:20.451] [23730] [HailoRT] [info] [pipeline.cpp:891] [print_deep_description] LastAsyncEl0PostInferEl2AsyncHwEl | inputs: PostInferEl2AsyncHwEl[0] | outputs: user
[2026-06-23 12:18:20.451] [23730] [HailoRT] [info] [pipeline.cpp:891] [print_deep_description] LastAsyncEl3AsyncHwEl | inputs: AsyncHwEl[0] | outputs: user
[2026-06-23 12:18:20.451] [23730] [HailoRT] [info] [pipeline.cpp:891] [print_deep_description] LastAsyncEl4AsyncHwEl | inputs: AsyncHwEl[0] | outputs: user
[2026-06-23 12:18:20.451] [23730] [HailoRT] [info] [pipeline.cpp:891] [print_deep_description] LastAsyncEl5AsyncHwEl | inputs: AsyncHwEl[0] | outputs: user
[2026-06-23 12:18:20.451] [23730] [HailoRT] [info] [pipeline.cpp:891] [print_deep_description] LastAsyncEl6AsyncHwEl | inputs: AsyncHwEl[0] | outputs: user
[2026-06-23 12:18:20.451] [23730] [HailoRT] [info] [pipeline.cpp:891] [print_deep_description] LastAsyncEl7AsyncHwEl | inputs: AsyncHwEl[0] | outputs: user
[2026-06-23 12:18:20.451] [23730] [HailoRT] [info] [pipeline.cpp:891] [print_deep_description] PushQEl8AsyncHwEl | inputs: AsyncHwEl[0] | outputs: PostInferEl8AsyncHwEl(running in thread_id: 23756)
[2026-06-23 12:18:20.451] [23730] [HailoRT] [info] [pipeline.cpp:891] [print_deep_description] PostInferEl8AsyncHwEl | inputs: PushQEl8AsyncHwEl[0] | outputs: LastAsyncEl0PostInferEl8AsyncHwEl
[2026-06-23 12:18:20.451] [23730] [HailoRT] [info] [pipeline.cpp:891] [print_deep_description] LastAsyncEl0PostInferEl8AsyncHwEl | inputs: PostInferEl8AsyncHwEl[0] | outputs: user
[2026-06-23 12:18:20.497] [23747] [HailoRT] [info] [hef.cpp:1994] [get_network_group_and_network_name] No name was given. Addressing all networks of default network_group: yolo26_landmark
[2026-06-23 12:18:20.574] [23743] [HailoRT] [info] [hef.cpp:1994] [get_network_group_and_network_name] No name was given. Addressing all networks of default network_group: arcface_mobilefacenet
[2026-06-23 12:19:30.653] [23730] [HailoRT] [info] [async_infer_runner.cpp:86] [shutdown] Pipeline was aborted. Shutting it down
[2026-06-23 12:19:30.653] [23730] [HailoRT] [info] [queue_elements.cpp:570] [execute_deactivate] enqueue() in element PushQEl1arcface_mobilefacenet/input_layer1 was aborted, got status = HAILO_SHUTDOWN_EVENT_SIGNALED(57)
[2026-06-23 12:19:30.653] [23730] [HailoRT] [info] [queue_elements.cpp:570] [execute_deactivate] enqueue() in element EntryPushQEl0arcface_mobilefacenet/input_layer1 was aborted, got status = HAILO_SHUTDOWN_EVENT_SIGNALED(57)
[2026-06-23 12:19:30.653] [23730] [HailoRT] [info] [queue_elements.cpp:46] [~BaseQueueElement] Queue element EntryPushQEl0arcface_mobilefacenet/input_layer1 has 0 frames in his Queue on destruction
[2026-06-23 12:19:30.653] [23730] [HailoRT] [info] [queue_elements.cpp:46] [~BaseQueueElement] Queue element PushQEl1arcface_mobilefacenet/input_layer1 has 0 frames in his Queue on destruction
[2026-06-23 12:19:30.653] [23730] [HailoRT] [info] [async_infer_runner.cpp:86] [shutdown] Pipeline was aborted. Shutting it down
[2026-06-23 12:19:30.653] [23730] [HailoRT] [info] [queue_elements.cpp:570] [execute_deactivate] enqueue() in element PushQEl0AsyncHwEl was aborted, got status = HAILO_SHUTDOWN_EVENT_SIGNALED(57)
[2026-06-23 12:19:30.653] [23730] [HailoRT] [info] [queue_elements.cpp:570] [execute_deactivate] enqueue() in element PushQEl1AsyncHwEl was aborted, got status = HAILO_SHUTDOWN_EVENT_SIGNALED(57)
[2026-06-23 12:19:30.653] [23730] [HailoRT] [info] [queue_elements.cpp:570] [execute_deactivate] enqueue() in element PushQEl2AsyncHwEl was aborted, got status = HAILO_SHUTDOWN_EVENT_SIGNALED(57)
[2026-06-23 12:19:30.654] [23730] [HailoRT] [info] [queue_elements.cpp:570] [execute_deactivate] enqueue() in element PushQEl8AsyncHwEl was aborted, got status = HAILO_SHUTDOWN_EVENT_SIGNALED(57)
[2026-06-23 12:19:30.654] [23730] [HailoRT] [info] [queue_elements.cpp:570] [execute_deactivate] enqueue() in element PushQEl3yolo26_landmark/input_layer1 was aborted, got status = HAILO_SHUTDOWN_EVENT_SIGNALED(57)
[2026-06-23 12:19:30.654] [23730] [HailoRT] [info] [queue_elements.cpp:570] [execute_deactivate] enqueue() in element EntryPushQEl0yolo26_landmark/input_layer1 was aborted, got status = HAILO_SHUTDOWN_EVENT_SIGNALED(57)
[2026-06-23 12:19:30.654] [23730] [HailoRT] [info] [queue_elements.cpp:46] [~BaseQueueElement] Queue element EntryPushQEl0yolo26_landmark/input_layer1 has 0 frames in his Queue on destruction
[2026-06-23 12:19:30.654] [23730] [HailoRT] [info] [queue_elements.cpp:46] [~BaseQueueElement] Queue element PushQEl3yolo26_landmark/input_layer1 has 0 frames in his Queue on destruction
[2026-06-23 12:19:30.654] [23730] [HailoRT] [info] [queue_elements.cpp:46] [~BaseQueueElement] Queue element PushQEl0AsyncHwEl has 0 frames in his Queue on destruction
[2026-06-23 12:19:30.654] [23730] [HailoRT] [info] [queue_elements.cpp:46] [~BaseQueueElement] Queue element PushQEl8AsyncHwEl has 0 frames in his Queue on destruction
[2026-06-23 12:19:30.655] [23730] [HailoRT] [info] [queue_elements.cpp:46] [~BaseQueueElement] Queue element PushQEl2AsyncHwEl has 0 frames in his Queue on destruction
[2026-06-23 12:19:30.655] [23730] [HailoRT] [info] [queue_elements.cpp:46] [~BaseQueueElement] Queue element PushQEl1AsyncHwEl has 0 frames in his Queue on destruction
